job_id,window_idx,material,spindle_speed_rpm,axis_speed_mm_min,feed_per_tooth_mm,axial_depth_mm,radial_width_mm,tool_diameter_mm,n_flutes,coolant_mode,tool_age_min,machine_on_min,ambient_temp_c,spindle_load_pct,feed_axes_load_pct,voltage_v,current_a,power_factor,power_kw,job_mrr_cm3_min,gt_state,gt_job_anomaly,gt_extra_kw,gt_power_true_kw,gt_power_nominal_kw,gt_is_inefficient,gt_is_glitch,gt_wear_vb,energy_wh,split,engaged,pred,resid,z,flag
5,0,Ti6Al4V,3367.6842,24021.1142,0.0,0.0,0.0,6.0,5,1,53.2538,90.3818,23.4955,5.9729,22.122,402.7186,11.944,0.7439,16.35,7.2879,rapid,none,0.0,6.1918,6.1918,False,True,0.2313064759638851,45.417,test,False,6.218685549541459,10.131314450458543,96.26946380013912,True
9,6,C45,2749.1829,796.8542,0.0578146791762936,7.748004493081838,6.091881222883197,16.0,5,1,215.3633,147.7159,26.0948,29.2624,0.6552,403.7759,17.3691,0.8241,10.14,37.416,cutting,none,0.0,10.0267,10.0267,False,False,0.3076409977374254,28.167,train,True,9.267499428975205,0.872500571024796,3.6341178823625735,True
9,7,C45,2734.9415,802.8147,0.0578146791762936,7.748004493081838,6.091881222883197,16.0,5,1,215.53,147.8826,26.0948,27.4135,0.7419,399.8598,17.7098,0.8124,10.39,37.416,cutting,none,0.0,9.9172,9.9172,False,False,0.3076409977374254,28.861,train,True,9.223157397626515,1.1668426023734852,4.860104059539296,True
18,9,Ti6Al4V,1681.9992,424.3652,0.0628797135745852,8.422616311856565,6.445996972513475,12.0,4,1,18.6264,591.906,22.3581,10.6006,0.8829,397.1592,12.633,0.7564,17.03,22.9512,cutting,none,0.0,6.5702,6.5702,False,True,0.1460123731371823,47.306,test,True,6.492808024235213,10.537191975764788,76.30495381878951,True
20,0,SS316L,0.0,0.0,0.0,0.0,0.0,8.0,3,0,37.2094,356.2049,21.7504,0.0,0.0,399.2324,8.2949,0.6525,3.82,35.2154,standby,aux_leak,1.0228,3.7378,2.715,True,False,0.1489017683848378,10.611,val,False,2.729916872639677,1.0900831273603226,16.30509412911439,True
20,1,SS316L,4042.9281,24133.902,0.0,0.0,0.0,8.0,3,2,37.2094,356.3716,21.7504,6.5138,22.5055,403.5408,17.2419,0.8331,9.94,35.2154,rapid,aux_leak,1.0228,10.049,9.0262,True,False,0.1489017683848378,27.611,val,False,9.038427629329838,0.901572370670161,3.7552070259944124,True
20,2,SS316L,4026.373,764.7405,0.0632387762727497,0.0,0.0,8.0,3,2,37.2094,356.5382,21.7504,7.5376,0.5712,405.4117,15.8903,0.8267,9.26,35.2154,aircut,aux_leak,1.0228,9.1777,8.1549,True,False,0.1489017683848378,25.722,val,False,8.156738779069919,1.1032612209300812,6.722422000684732,True
20,10,SS316L,4037.5998,767.4587,0.0632387762727497,9.233692238012075,4.985441513996119,8.0,3,2,38.876,357.8716,21.7504,22.2204,1.013,398.7917,21.1568,0.8535,34.62,35.2154,cutting,aux_leak,1.0228,12.479,11.4562,False,True,0.1489017683848378,96.167,val,True,11.686702406374062,22.933297593625937,40.057541609159905,True
35,8,Al6061,7983.2506,982.1947,0.0611432116823701,16.97721729065337,6.3032874003864965,12.0,2,1,51.0857,575.1457,23.9827,31.5365,0.7665,398.5624,18.3878,0.8309,28.64,104.6892,cutting,none,0.0,10.5603,10.5603,False,True,0.0740389195342144,79.556,train,True,10.349720979098963,18.29027902090104,56.08318631748159,True
39,2,SS316L,2888.1822,387.7136,0.0338952134580551,13.817238539026745,7.418455728470731,12.0,4,2,5.4737,49.1432,25.6983,32.7027,1.1542,396.6945,23.6088,0.863,14.02,40.1542,cutting,excess_tool_wear,1.9146,14.0059,12.0914,True,False,0.0276711630891944,38.944,train,True,11.814517876415021,2.2054821235849786,3.8523108843413123,True
39,3,SS316L,2879.1659,391.8115,0.0338952134580551,13.817238539026745,7.418455728470731,12.0,4,2,5.6404,49.3099,25.6983,34.9848,0.4944,410.0079,22.6366,0.886,14.33,40.1542,cutting,excess_tool_wear,1.9826,14.2078,12.2252,True,False,0.0276711630891944,39.806,train,True,11.802287485377876,2.5277125146221238,4.4151500156964945,True
39,5,SS316L,2892.6773,389.0661,0.0338952134580551,13.817238539026745,7.418455728470731,12.0,4,2,5.9737,49.6432,25.6983,34.4908,1.069,400.1512,23.4326,0.8649,14.24,40.1542,cutting,excess_tool_wear,1.961,14.1429,12.1819,True,False,0.0276711630891944,39.556,train,True,11.828869482294788,2.411130517705212,4.211516492287453,True
39,7,SS316L,2883.6932,387.5732,0.0338952134580551,13.817238539026745,7.418455728470731,12.0,4,2,6.307,49.9765,25.6983,32.8308,0.7505,403.1488,22.181,0.8757,13.88,40.1542,cutting,excess_tool_wear,1.7857,13.6212,11.8355,True,False,0.0276711630891944,38.556,train,True,11.818667229390439,2.061332770609562,3.6005255193639214,True
39,9,SS316L,2889.4916,384.3229,0.0338952134580551,13.817238539026745,7.418455728470731,12.0,4,2,6.6404,50.3099,25.6983,33.4813,1.1531,394.87,23.3809,0.8742,13.93,40.1542,cutting,excess_tool_wear,1.9553,14.1245,12.1692,True,False,0.0276711630891944,38.694,train,True,11.832745174560563,2.097254825439437,3.6632704953168864,True
39,10,SS316L,2880.7055,392.7592,0.0338952134580551,13.817238539026745,7.418455728470731,12.0,4,2,6.807,50.4765,25.6983,37.342,0.3903,400.3915,23.6324,0.8645,14.14,40.1542,cutting,excess_tool_wear,1.9597,14.1374,12.1777,True,False,0.0276711630891944,39.278,train,True,11.820790483225975,2.319209516774025,4.050958277555174,True
40,3,C45,4042.9583,1651.3425,0.0679472517461454,0.0,0.0,12.0,6,1,130.3327,363.8749,29.7957,6.7154,1.2714,411.3963,10.4402,0.7532,15.47,115.2827,aircut,none,0.0,5.6492,5.6492,False,True,0.2491986706130719,42.972,val,False,5.6749554745203845,9.795044525479616,93.07417008695572,True
44,5,Ti6Al4V,1129.6413,367.169,0.0646716639996451,7.530325327455982,3.910118312365544,12.0,5,2,112.7362,287.7962,25.5954,6.9078,1.6673,397.4832,15.6558,0.797,13.87,10.7262,cutting,none,0.0,8.5719,8.5719,False,True,0.1420201384326257,38.528,test,True,8.477612053351443,5.392387946648556,29.407527188060516,True
46,1,C45,0.0,0.0,0.0,0.0,0.0,25.0,5,0,91.9544,171.8264,25.1451,0.0,0.0,404.8774,6.3531,0.6193,7.58,186.592,standby,none,0.0,2.7829,2.7829,False,True,0.1316074913608794,21.056,train,False,2.8007612116455762,4.779238788354424,71.48623472260697,True
46,2,C45,1569.2029,24239.192,0.0,0.0,0.0,25.0,5,1,91.9544,171.993,25.1451,3.4192,22.6902,398.2601,11.1272,0.7384,15.78,186.592,rapid,none,0.0,5.6768,5.6768,False,True,0.1316074913608794,43.833,train,False,5.737841475420218,10.042158524579781,95.42228911012988,True
67,3,C45,7454.5418,2652.5153,0.0709105597021661,2.0660245377947897,4.791550101517757,8.0,5,1,20.0957,217.2427,26.3268,30.1448,3.41,399.0698,17.8021,0.8388,10.4,26.1722,cutting,excess_tool_wear,1.1932,10.4028,9.2095,True,False,0.1463031576024787,28.889,val,True,9.238765541043405,1.1612344589565957,4.836745158748854,True
67,4,C45,7419.2538,2621.5354,0.0709105597021661,2.0660245377947897,4.791550101517757,8.0,5,1,20.2623,217.4094,26.3268,30.1986,2.6031,407.3617,18.1267,0.8156,10.59,26.1722,cutting,excess_tool_wear,1.2101,10.4481,9.2379,True,False,0.1463031576024787,29.417,val,True,9.210462078480019,1.3795379215199812,5.746017362607069,True
67,5,C45,7420.3989,2591.6916,0.0709105597021661,2.0660245377947897,4.791550101517757,8.0,5,1,20.429,217.576,26.3268,30.4132,2.6895,396.0085,18.4918,0.8373,10.49,26.1722,cutting,excess_tool_wear,1.2722,10.6147,9.3425,True,False,0.1463031576024787,29.139,val,True,9.212963683181359,1.2770363168186414,5.319080204069196,True
67,6,C45,7434.9394,2628.3935,0.0709105597021661,2.0660245377947897,4.791550101517757,8.0,5,1,20.5957,217.7427,26.3268,30.2979,2.8583,400.2404,18.3924,0.8225,10.82,26.1722,cutting,excess_tool_wear,1.2424,10.5346,9.2922,True,False,0.1463031576024787,30.056,val,True,9.229330667084533,1.5906693329154677,6.6254167156408235,True
68,4,Al6061,7982.8549,937.0466,0.0579223925450342,14.610427704520164,4.484912696968788,16.0,2,1,26.011,517.2007,20.4007,32.8465,1.4765,398.1069,18.8534,0.822,10.41,60.7272,cutting,excess_tool_wear,1.4561,10.6507,9.1945,True,False,0.1261019777255131,28.917,train,True,9.19805184599142,1.2119481540085797,5.047976591930185,True
68,5,Al6061,7952.3104,923.3559,0.0579223925450342,14.610427704520164,4.484912696968788,16.0,2,1,26.1777,517.3673,20.4007,34.3728,0.9984,400.579,18.6111,0.8454,10.65,60.7272,cutting,excess_tool_wear,1.5534,10.879,9.3256,True,False,0.1261019777255131,29.583,train,True,9.175216696471594,1.4747833035284064,6.142731081158247,True
68,6,Al6061,8014.5371,909.359,0.0579223925450342,14.610427704520164,4.484912696968788,16.0,2,1,26.3443,517.534,20.4007,33.3404,1.1729,406.2476,18.7999,0.8174,10.88,60.7272,cutting,excess_tool_wear,1.5167,10.7928,9.2761,True,False,0.1261019777255131,30.222,train,True,9.225033614471352,1.654966385528649,6.893225215078617,True
68,7,Al6061,8005.9869,938.6136,0.0579223925450342,14.610427704520164,4.484912696968788,16.0,2,1,26.511,517.7007,20.4007,31.4985,0.5531,400.8545,18.5426,0.843,10.81,60.7272,cutting,excess_tool_wear,1.5425,10.8533,9.3108,True,False,0.1261019777255131,30.028,train,True,9.220981147613914,1.5890188523860864,6.618542174803251,True
68,8,Al6061,8015.0118,924.9854,0.0579223925450342,14.610427704520164,4.484912696968788,16.0,2,1,26.6777,517.8673,20.4007,35.7745,0.496,400.0029,18.6839,0.846,10.81,60.7272,cutting,excess_tool_wear,1.5916,10.9685,9.377,True,False,0.1261019777255131,30.028,train,True,9.22917456856432,1.5808254314356809,6.5844151397245,True
68,9,Al6061,8002.4384,926.3046,0.0579223925450342,14.610427704520164,4.484912696968788,16.0,2,1,26.8443,518.034,20.4007,32.4993,0.8362,402.4072,18.654,0.8226,10.85,60.7272,cutting,excess_tool_wear,1.4702,10.6837,9.2135,True,False,0.1261019777255131,30.139,train,True,9.220880412992885,1.6291195870071142,6.785568766672394,True
68,10,Al6061,8037.891,913.7887,0.0579223925450342,14.610427704520164,4.484912696968788,16.0,2,1,27.011,518.2007,20.4007,31.7626,1.5094,402.608,18.3286,0.8336,10.62,60.7272,cutting,excess_tool_wear,1.4514,10.6395,9.1882,True,False,0.1261019777255131,29.5,train,True,9.250075886396768,1.369924113603231,5.705974166730619,True
68,11,Al6061,8005.462,937.1851,0.0579223925450342,14.610427704520164,4.484912696968788,16.0,2,1,27.1777,518.3673,20.4007,32.6186,0.6233,400.0359,18.9274,0.8339,10.77,60.7272,cutting,excess_tool_wear,1.5832,10.9489,9.3657,True,False,0.1261019777255131,29.917,train,True,9.226837828508453,1.5431621714915469,6.427541057326728,True
68,12,Al6061,7984.9874,925.4684,0.0579223925450342,14.610427704520164,4.484912696968788,16.0,2,1,27.3443,518.534,20.4007,34.8239,1.0777,399.1172,19.4219,0.8249,10.77,60.7272,cutting,excess_tool_wear,1.6129,11.0186,9.4057,True,False,0.1261019777255131,29.917,train,True,9.211772137816098,1.5582278621839016,6.490292301020382,True
85,0,Al6061,0.0,0.0,0.0,0.0,0.0,12.0,3,0,1.6923,241.6047,24.7407,0.0,0.0,394.6302,8.97,0.6769,4.14,20.3153,standby,aux_leak,1.4067,4.1815,2.7748,True,False,0.0072238146973895,11.5,test,False,2.790810063985702,1.3491899360142976,20.180725994757434,True
85,1,Al6061,8011.2495,24220.0136,0.0,0.0,0.0,12.0,3,0,1.6923,241.7714,24.7407,13.8869,22.5928,402.7017,14.3581,0.7749,7.73,20.3153,rapid,aux_leak,1.4067,7.7433,6.3367,True,False,0.0072238146973895,21.472,test,False,6.361280980814383,1.3687190191856171,9.911562946757183,True
85,2,Al6061,7978.2943,1384.8333,0.0580371024666784,0.0,0.0,12.0,3,0,1.6923,241.938,24.7407,14.8552,1.6978,397.7134,13.3074,0.7546,6.83,20.3153,aircut,aux_leak,1.4067,6.8956,5.4889,True,False,0.0072238146973895,18.972,test,False,5.491393164686426,1.3386068353135743,12.719668598284047,True
85,3,Al6061,8021.3462,1394.457,0.0580371024666784,0.0,0.0,12.0,3,0,1.6923,242.1047,24.7407,14.6357,1.0522,402.2204,12.8556,0.7673,6.83,20.3153,aircut,aux_leak,1.4067,6.8956,5.4889,True,False,0.0072238146973895,18.972,test,False,5.509813895047301,1.3201861049526995,12.544631702201121,True
85,4,Al6061,8001.2619,1379.9005,0.0580371024666784,4.667104210794783,3.1250691393216856,12.0,3,0,2.359,242.2714,24.7407,18.7096,1.0504,402.4996,14.2486,0.8015,8.24,20.3153,cutting,aux_leak,1.4067,7.8987,6.492,True,False,0.0072238146973895,22.889,test,True,6.444841990237853,1.7951580097621473,12.999615964801553,True
85,5,Al6061,7985.245,1380.579,0.0580371024666784,4.667104210794783,3.1250691393216856,12.0,3,0,2.5256,242.438,24.7407,17.6029,1.2312,400.7226,14.587,0.7849,7.86,20.3153,cutting,aux_leak,1.4067,7.8911,6.4844,True,False,0.0072238146973895,21.833,test,True,6.43716391173338,1.42283608826662,10.303451076586427,True
85,6,Al6061,8002.4479,1401.8026,0.0580371024666784,4.667104210794783,3.1250691393216856,12.0,3,0,2.6923,242.6047,24.7407,16.2198,0.8864,392.5901,14.5889,0.7879,7.95,20.3153,cutting,aux_leak,1.4067,7.8628,6.4561,True,False,0.0072238146973895,22.083,test,True,6.446616702868084,1.5033832971319159,10.886732757971254,True
85,7,Al6061,8005.9968,1393.5134,0.0580371024666784,4.667104210794783,3.1250691393216856,12.0,3,0,2.859,242.7714,24.7407,16.8489,1.2963,393.5552,14.8483,0.7742,7.58,20.3153,cutting,aux_leak,1.4067,7.8601,6.4534,True,False,0.0072238146973895,21.056,test,True,6.448240441252667,1.1317595587473335,8.195623754678813,True
85,8,Al6061,8012.4328,1398.3619,0.0580371024666784,4.667104210794783,3.1250691393216856,12.0,3,0,3.0256,242.938,24.7407,17.7962,1.9115,401.0716,14.6366,0.7797,7.89,20.3153,cutting,aux_leak,1.4067,7.8584,6.4518,True,False,0.0072238146973895,21.917,test,True,6.4517820620350905,1.4382179379649092,10.414838563269313,True
85,9,Al6061,7957.2917,1409.0814,0.0580371024666784,4.667104210794783,3.1250691393216856,12.0,3,0,3.1923,243.1047,24.7407,18.3162,1.5368,399.0934,14.2013,0.7985,7.74,20.3153,cutting,aux_leak,1.4067,7.8344,6.4278,True,False,0.0072238146973895,21.5,test,True,6.425200271038128,1.314799728961872,9.521107030235253,True
89,0,C45,4548.4256,23442.2016,0.0,0.0,0.0,10.0,4,1,198.1797,24.5562,20.1037,8.9609,23.2224,402.2255,16.4048,0.815,9.54,40.5225,rapid,coolant_stuck_hp,2.7,9.3939,6.6939,True,False,0.2141922001861773,26.5,train,False,6.6885447321369,2.8514552678630993,20.648780342150495,True
89,1,C45,4526.7475,574.552,0.0319413780399442,0.0,0.0,10.0,4,1,198.1797,24.7229,20.1037,8.7085,0.0268,397.656,15.381,0.8013,8.42,40.5225,aircut,coolant_stuck_hp,2.7,8.5147,5.8147,True,False,0.2141922001861773,23.389,train,False,5.817670756407912,2.602329243592088,24.72777270284935,True
89,2,C45,4514.1384,590.373,0.0319413780399442,14.314150488285474,4.883662987183245,10.0,4,1,198.513,24.8896,20.1037,29.3925,0.7203,400.6411,20.8067,0.8671,13.25,40.5225,cutting,coolant_stuck_hp,2.7,12.6201,9.9201,True,False,0.2141922001861773,36.806,train,True,10.582255394408648,2.667744605591352,8.180062075152842,True
89,3,C45,4548.3183,583.7907,0.0319413780399442,14.314150488285474,4.883662987183245,10.0,4,1,198.6797,25.0562,20.1037,27.6011,0.0295,404.7785,20.4051,0.8688,12.62,40.5225,cutting,coolant_stuck_hp,2.7,12.4923,9.7923,True,False,0.2141922001861773,35.056,train,True,10.665366287470974,1.9546337125290254,5.993461693882663,True
89,4,C45,4533.9819,573.3348,0.0319413780399442,14.314150488285474,4.883662987183245,10.0,4,1,198.8464,25.2229,20.1037,27.5327,0.6073,412.0777,20.418,0.8598,12.62,40.5225,cutting,coolant_stuck_hp,2.7,12.611,9.911,True,False,0.2141922001861773,35.056,train,True,10.630030849373258,1.9899691506267416,6.101810175400056,True
89,5,C45,4537.5667,580.6931,0.0319413780399442,14.314150488285474,4.883662987183245,10.0,4,1,199.013,25.3896,20.1037,27.7626,1.1351,399.7855,20.9959,0.8668,12.56,40.5225,cutting,coolant_stuck_hp,2.7,12.4892,9.7892,True,False,0.2141922001861773,34.889,train,True,10.639210981233132,1.9207890187668681,5.889684257576081,True
89,6,C45,4533.2532,585.8505,0.0319413780399442,14.314150488285474,4.883662987183245,10.0,4,1,199.1797,25.5562,20.1037,26.9377,0.5082,392.9538,21.4076,0.8629,12.8,40.5225,cutting,coolant_stuck_hp,2.7,12.6079,9.9079,True,False,0.2141922001861773,35.556,train,True,10.629021813701325,2.170978186298676,6.656835249710632,True
89,7,C45,4540.728,584.2149,0.0319413780399442,14.314150488285474,4.883662987183245,10.0,4,1,199.3464,25.7229,20.1037,28.1061,1.3008,404.5464,21.0861,0.8426,12.76,40.5225,cutting,coolant_stuck_hp,2.7,12.4446,9.7446,True,False,0.2141922001861773,35.444,train,True,10.647396498440708,2.112603501559292,6.477841899378361,True
89,8,C45,4523.9077,584.5171,0.0319413780399442,14.314150488285474,4.883662987183245,10.0,4,1,199.513,25.8896,20.1037,27.136,0.7735,398.1093,20.6353,0.868,12.24,40.5225,cutting,coolant_stuck_hp,2.7,12.3627,9.6627,True,False,0.2141922001861773,34.0,train,True,10.606510407864146,1.633489592135854,5.00874267903372,True
89,9,C45,4531.6307,576.5166,0.0319413780399442,14.314150488285474,4.883662987183245,10.0,4,1,199.6797,26.0562,20.1037,28.0211,0.0,390.0436,21.8282,0.8543,12.55,40.5225,cutting,coolant_stuck_hp,2.7,12.6614,9.9614,True,False,0.2141922001861773,34.861,train,True,10.625178458707964,1.9248215412920366,5.902049116080975,True
89,10,C45,4544.6241,584.7496,0.0319413780399442,14.314150488285474,4.883662987183245,10.0,4,1,199.8464,26.2229,20.1037,26.684,0.0,398.4267,21.369,0.842,12.19,40.5225,cutting,coolant_stuck_hp,2.7,12.3707,9.6707,True,False,0.2141922001861773,33.861,train,True,10.657486162623874,1.5325138373761256,4.699122357699814,True
89,11,C45,4540.411,589.8795,0.0319413780399442,14.314150488285474,4.883662987183245,10.0,4,1,200.013,26.3896,20.1037,26.8377,0.4868,402.37,20.548,0.8636,12.09,40.5225,cutting,coolant_stuck_hp,2.7,12.4296,9.7296,True,False,0.2141922001861773,33.583,train,True,10.647507410663872,1.442492589336128,4.423091662892475,True
96,7,C45,7304.8034,821.4108,0.0282546552617907,8.348123344361918,4.1286990852107595,8.0,4,2,22.4688,181.8698,15.6961,27.9313,0.7647,403.1271,20.3229,0.8468,25.99,28.5817,cutting,none,0.0,12.142,12.142,False,True,0.1126036100359683,72.194,train,True,12.160365376778016,13.829634623221983,24.156193068072604,True
108,5,Al6061,8018.8839,2912.6325,0.1214737893503436,12.573772024524043,3.2148523248026946,16.0,3,1,6.0486,476.1934,23.5144,40.9773,3.055,402.6006,20.8929,0.8687,12.33,117.8475,cutting,excess_tool_wear,1.6816,12.6323,10.9507,True,False,0.0556260574242374,34.25,train,True,10.488688622154715,1.841311377845285,5.645983254503058,True
108,6,Al6061,7973.4897,2924.8348,0.1214737893503436,12.573772024524043,3.2148523248026946,16.0,3,1,6.2153,476.36,23.5144,41.1583,4.0958,392.8496,21.3126,0.8474,12.39,117.8475,cutting,excess_tool_wear,1.5907,12.3481,10.7574,True,False,0.0556260574242374,34.417,train,True,10.453461036153335,1.9365389638466652,5.93797805907528,True
108,7,Al6061,7986.6212,2914.8292,0.1214737893503436,12.573772024524043,3.2148523248026946,16.0,3,1,6.382,476.5267,23.5144,37.3572,3.1909,401.8094,20.0517,0.8595,11.95,117.8475,cutting,excess_tool_wear,1.4829,12.0106,10.5277,True,False,0.0556260574242374,33.194,train,True,10.468284198824493,1.4817158011755058,4.543361162064364,True
108,8,Al6061,7993.9548,2957.928,0.1214737893503436,12.573772024524043,3.2148523248026946,16.0,3,1,6.5486,476.6934,23.5144,38.9158,2.9319,399.4394,20.7627,0.8674,12.55,117.8475,cutting,excess_tool_wear,1.6082,12.4028,10.7946,True,False,0.0556260574242374,34.861,train,True,10.480092443856032,2.069907556143969,6.346924013489782,True
108,9,Al6061,7988.7101,2898.3333,0.1214737893503436,12.573772024524043,3.2148523248026946,16.0,3,1,6.7153,476.86,23.5144,40.174,3.6424,404.6534,20.2538,0.8674,11.93,117.8475,cutting,excess_tool_wear,1.541,12.1923,10.6514,True,False,0.0556260574242374,33.139,train,True,10.477048234487887,1.452951765512113,4.4551624653955315,True
108,10,Al6061,7980.253,2940.0298,0.1214737893503436,12.573772024524043,3.2148523248026946,16.0,3,1,6.882,477.0267,23.5144,40.222,3.1819,403.8003,20.5078,0.8713,12.39,117.8475,cutting,excess_tool_wear,1.6628,12.5735,10.9107,True,False,0.0556260574242374,34.417,train,True,10.474953138918654,1.915046861081347,5.872077172469646,True
108,11,Al6061,7958.9182,2951.3604,0.1214737893503436,12.573772024524043,3.2148523248026946,16.0,3,1,7.0486,477.1934,23.5144,43.5283,2.6699,401.7037,21.0667,0.8549,12.24,117.8475,cutting,excess_tool_wear,1.6662,12.5842,10.918,True,False,0.0556260574242374,34.0,train,True,10.460344218990524,1.7796557810094757,5.456929696549852,True
108,12,Al6061,8032.6322,2940.0003,0.1214737893503436,12.573772024524043,3.2148523248026946,16.0,3,1,7.2153,477.36,23.5144,39.7816,3.6342,396.5056,20.8161,0.8751,12.68,117.8475,cutting,excess_tool_wear,1.6617,12.5701,10.9084,True,False,0.0556260574242374,35.222,train,True,10.528881119929139,2.151118880070861,6.595940980681837,True
108,13,Al6061,7981.1762,2940.0261,0.1214737893503436,12.573772024524043,3.2148523248026946,16.0,3,1,7.382,477.5267,23.5144,40.6187,3.0769,393.6609,21.2313,0.8697,12.68,117.8475,cutting,excess_tool_wear,1.6431,12.512,10.8689,True,False,0.0556260574242374,35.222,train,True,10.48705153894295,2.1929484610570498,6.724202347353708,True
108,14,Al6061,7992.0696,2914.6076,0.1214737893503436,12.573772024524043,3.2148523248026946,16.0,3,1,7.5486,477.6934,23.5144,41.7084,3.1945,394.1316,21.3128,0.8458,12.38,117.8475,cutting,excess_tool_wear,1.5893,12.3436,10.7543,True,False,0.0556260574242374,34.389,train,True,10.499546044696137,1.8804539553038637,5.766005505779123,True
129,0,C45,6074.1811,24041.7036,0.0,0.0,0.0,10.0,6,1,54.0671,98.5544,32.0303,11.1947,21.8654,398.3968,17.4447,0.8216,9.97,25.6537,rapid,coolant_stuck_hp,2.7,9.9766,7.2766,True,False,0.2353654517137657,27.694,train,False,7.321548939998326,2.6484510600016744,17.492934177276982,True
129,1,C45,6059.3473,2002.3024,0.0546369809283439,0.0,0.0,10.0,6,1,54.0671,98.7211,32.0303,11.5887,1.6667,400.1211,16.3505,0.8084,9.09,25.6537,aircut,coolant_stuck_hp,2.7,9.1509,6.4509,True,False,0.2353654517137657,25.25,train,False,6.489500905889277,2.600499094110723,18.831484112494834,True
129,2,C45,6053.6242,1987.3539,0.0546369809283439,4.235365673559573,3.050789266332247,10.0,6,1,54.4004,98.8877,32.0303,26.3783,1.4879,402.4949,20.7985,0.8408,12.38,25.6537,cutting,coolant_stuck_hp,2.7,12.2056,9.5056,True,False,0.2353654517137657,34.389,train,True,9.554929114079119,2.8250708859208817,11.766915651881197,True
129,3,C45,6060.2705,1978.096,0.0546369809283439,4.235365673559573,3.050789266332247,10.0,6,1,54.5671,99.0544,32.0303,23.5531,2.2154,397.7139,20.9414,0.8546,12.04,25.6537,cutting,coolant_stuck_hp,2.7,12.2495,9.5495,True,False,0.2353654517137657,33.444,train,True,9.566011566672087,2.4739884333279125,10.304595670069334,True
129,4,C45,6051.0801,1987.3642,0.0546369809283439,4.235365673559573,3.050789266332247,10.0,6,1,54.7337,99.2211,32.0303,23.1329,1.1848,407.1983,20.0447,0.8567,12.51,25.6537,cutting,coolant_stuck_hp,2.7,12.104,9.404,True,False,0.2353654517137657,34.75,train,True,9.556047887054868,2.9539521129451316,12.303728563395437,True
129,5,C45,6036.5809,1967.426,0.0546369809283439,4.235365673559573,3.050789266332247,10.0,6,1,54.9004,99.3877,32.0303,23.9653,2.9842,396.7718,21.0575,0.8478,12.3,25.6537,cutting,coolant_stuck_hp,2.7,12.1633,9.4633,True,False,0.2353654517137657,34.167,train,True,9.53773043754752,2.762269562452481,11.505337126626495,True
146,2,C45,3064.1652,1759.9939,0.1930856454692416,0.0,0.0,16.0,3,1,5.0921,505.1899,20.7631,5.1139,1.8231,403.5075,10.4491,0.7092,14.01,83.1736,aircut,none,0.0,5.1749,5.1749,False,True,0.0356892292187594,38.917,train,False,5.194947281902674,8.815052718097327,131.85257226183367,True
148,2,C45,4032.2873,23914.2664,0.0,0.0,0.0,16.0,4,1,17.3091,441.2405,24.8753,6.5384,75.4508,405.7013,15.1409,0.8033,8.53,173.8227,rapid,axis_drag,2.1201,8.5071,6.387,True,False,0.1467933672651233,23.694,train,False,6.4074927135570965,2.122507286442903,15.37011196574646,True
165,4,C45,3033.8231,2820.5703,0.2325184884341827,13.56009738501985,2.946206226362542,20.0,4,1,31.0156,507.7799,23.6105,73.7586,5.4625,404.744,29.6433,0.8968,18.73,112.6573,cutting,excess_tool_wear,5.6388,18.7211,13.0822,True,False,0.2116202344986769,52.028,train,True,14.381413542711805,4.348586457288196,3.7832002409365013,True
165,5,C45,3036.7544,2863.2437,0.2325184884341827,13.56009738501985,2.946206226362542,20.0,4,1,31.1823,507.9466,23.6105,70.2797,5.1947,402.6838,29.8143,0.8994,18.76,112.6573,cutting,excess_tool_wear,5.604,18.6404,13.0364,True,False,0.2116202344986769,52.111,train,True,14.413911578208433,4.346088421791569,3.7810269902525078,True
165,6,C45,3027.3061,2804.7661,0.2325184884341827,13.56009738501985,2.946206226362542,20.0,4,1,31.349,508.1132,23.6105,73.8863,5.1142,391.8992,32.5485,0.8845,18.97,112.6573,cutting,excess_tool_wear,5.988,19.529,13.541,True,False,0.2116202344986769,52.694,train,True,14.3651963933813,4.604803606618699,4.006105037840022,True
165,7,C45,3023.3182,2793.834,0.2325184884341827,13.56009738501985,2.946206226362542,20.0,4,1,31.5156,508.2799,23.6105,70.177,4.0719,393.7056,31.3204,0.89,18.73,112.6573,cutting,excess_tool_wear,5.7143,18.8958,13.1815,True,False,0.2116202344986769,52.028,train,True,14.352298545072134,4.377701454927866,3.8085298203681486,True
165,8,C45,3027.1456,2787.8923,0.2325184884341827,13.56009738501985,2.946206226362542,20.0,4,1,31.6823,508.4466,23.6105,72.1313,5.314,398.5391,30.9036,0.8953,18.91,112.6573,cutting,excess_tool_wear,5.764,19.0107,13.2468,True,False,0.2116202344986769,52.528,train,True,14.38839301280446,4.52160698719554,3.9337253177313682,True
165,9,C45,3031.4471,2826.3901,0.2325184884341827,13.56009738501985,2.946206226362542,20.0,4,1,31.849,508.6132,23.6105,74.2329,4.2881,402.5604,31.1641,0.8999,19.41,112.6573,cutting,excess_tool_wear,5.9582,19.4601,13.5019,True,False,0.2116202344986769,53.917,train,True,14.429389265560749,4.980610734439251,4.333051191603049,True
165,10,C45,3048.2548,2804.2544,0.2325184884341827,13.56009738501985,2.946206226362542,20.0,4,1,32.0156,508.7799,23.6105,76.6839,4.9539,396.851,31.1314,0.908,19.71,112.6573,cutting,excess_tool_wear,5.9758,19.5009,13.525,True,False,0.2116202344986769,54.75,train,True,14.54832473979748,5.1616752602025215,4.490574415349607,True
165,11,C45,3041.952,2825.2372,0.2325184884341827,13.56009738501985,2.946206226362542,20.0,4,1,32.1823,508.9466,23.6105,73.0378,4.7318,398.0147,30.6815,0.89,19.18,112.6573,cutting,excess_tool_wear,5.6396,18.723,13.0833,True,False,0.2116202344986769,53.278,train,True,14.521443622809535,4.658556377190465,4.05286908325466,True
165,12,C45,3029.8183,2802.4104,0.2325184884341827,13.56009738501985,2.946206226362542,20.0,4,1,32.349,509.1132,23.6105,76.9178,4.9373,407.5853,30.7496,0.9062,19.93,112.6573,cutting,excess_tool_wear,6.0656,19.7086,13.643,True,False,0.2116202344986769,55.361,train,True,14.455624250174179,5.474375749825821,4.762618809385079,True
170,0,Al6061,7950.0951,24179.1664,0.0,0.0,0.0,12.0,3,1,126.1676,437.113,26.3676,13.6596,21.8691,401.2424,18.365,0.8312,10.7,25.6329,rapid,coolant_stuck_hp,2.7,10.5673,7.8673,True,False,0.3090236780508072,29.722,train,False,7.885308434033675,2.8146915659663243,17.150557047806295,True
170,1,Al6061,8028.4422,23865.8898,0.0,0.0,0.0,12.0,3,1,126.1676,437.2796,26.3676,14.978,22.1015,398.3404,18.2372,0.8375,10.73,25.6329,rapid,coolant_stuck_hp,2.7,10.5673,7.8673,True,False,0.3090236780508072,29.806,train,False,7.906294850179181,2.823705149820819,17.205478868005315,True
170,2,Al6061,7983.4078,3126.4725,0.1303628215779383,0.0,0.0,12.0,3,1,126.1676,437.4463,26.3676,12.9734,3.0038,395.9181,17.3053,0.8262,9.57,25.6329,aircut,coolant_stuck_hp,2.7,9.7846,7.0846,True,False,0.3090236780508072,26.583,train,False,7.109604354487739,2.4603956455122615,17.816926609912862,True
170,3,Al6061,7960.8314,3163.5753,0.1303628215779383,0.0,0.0,12.0,3,1,126.1676,437.613,26.3676,14.3644,3.3093,393.7181,17.6288,0.8129,9.69,25.6329,aircut,coolant_stuck_hp,2.7,9.7846,7.0846,True,False,0.3090236780508072,26.917,train,False,7.101572772107793,2.5884272278922067,18.744065832897284,True
170,4,Al6061,7985.5122,3141.9742,0.1303628215779383,3.464717785881166,2.364637374789072,12.0,3,1,126.8343,437.7796,26.3676,19.361,2.1254,407.576,18.9323,0.836,10.89,25.6329,cutting,coolant_stuck_hp,2.7,11.1147,8.4147,True,False,0.3090236780508072,30.25,train,True,8.348953788234835,2.541046211765165,15.483173553699398,True
170,5,Al6061,8016.4747,3099.736,0.1303628215779383,3.464717785881166,2.364637374789072,12.0,3,1,127.001,437.9463,26.3676,19.9162,2.7989,395.9232,19.2944,0.8387,11.15,25.6329,cutting,coolant_stuck_hp,2.7,11.1303,8.4303,True,False,0.3090236780508072,30.972,train,True,8.367663759706073,2.782336240293928,15.17354267576817,True
170,6,Al6061,7986.8758,3106.6342,0.1303628215779383,3.464717785881166,2.364637374789072,12.0,3,1,127.1676,438.113,26.3676,20.1624,2.4002,402.5325,19.3126,0.8277,11.45,25.6329,cutting,coolant_stuck_hp,2.7,11.1112,8.4112,True,False,0.3090236780508072,31.806,train,True,8.349127948546874,3.100872051453125,18.894319953005905,True
170,7,Al6061,8005.9882,3085.906,0.1303628215779383,3.464717785881166,2.364637374789072,12.0,3,1,127.3343,438.2796,26.3676,19.3648,3.3881,399.7195,18.9515,0.8454,11.03,25.6329,cutting,coolant_stuck_hp,2.7,11.1115,8.4115,True,False,0.3090236780508072,30.639,train,True,8.360995480884059,2.6690045191159406,16.262852676092614,True
172,7,Al6061,7999.8023,2022.5485,0.0846240487140186,9.62744643512152,2.8448102899245957,10.0,3,1,85.6595,56.8081,20.2264,24.1989,2.4583,400.436,16.3795,0.7923,26.96,55.6249,cutting,none,0.0,8.9934,8.9934,False,True,0.1108883171771568,74.889,test,True,9.125986600499576,17.834013399500424,74.28179322942397,True
174,1,Al6061,7969.5134,23527.7039,0.0,0.0,0.0,12.0,2,1,92.9955,453.1477,23.2372,13.8957,22.9269,400.3752,14.9462,0.7563,22.37,67.9706,rapid,none,0.0,7.8047,7.8047,False,True,0.1630855109745186,62.139,train,False,7.8166110030828575,14.553388996917143,96.12466683798858,True
188,2,SS316L,3292.4991,1293.7871,0.0987586564689701,11.821937919079785,6.408714231081289,10.0,4,1,58.8063,382.7168,21.713,81.7864,3.4142,398.4661,33.2996,0.9079,20.42,99.002,cutting,excess_tool_wear,4.5349,20.6866,16.1517,True,False,0.3416454156299825,56.722,val,True,14.842781497828527,5.577218502171474,4.852090348993212,True
188,3,SS316L,3290.2045,1310.5932,0.0987586564689701,11.821937919079785,6.408714231081289,10.0,4,1,58.973,382.8834,21.713,87.4837,2.5082,405.933,33.0177,0.8991,21.3,99.002,cutting,excess_tool_wear,4.5938,20.8815,16.2877,True,False,0.3416454156299825,59.167,val,True,14.836498204205363,6.463501795794638,5.623142552486502,True
188,4,SS316L,3313.2183,1296.0995,0.0987586564689701,11.821937919079785,6.408714231081289,10.0,4,1,59.1397,383.0501,21.713,77.9282,2.8703,391.6637,32.269,0.9114,20.64,99.002,cutting,excess_tool_wear,4.3349,20.0248,15.6898,True,False,0.3416454156299825,57.333,val,True,14.992636703931652,5.647363296068349,4.913115190922325,True
188,5,SS316L,3307.7332,1300.4427,0.0987586564689701,11.821937919079785,6.408714231081289,10.0,4,1,59.3063,383.2168,21.713,84.1586,3.4192,402.2933,31.7382,0.9167,20.31,99.002,cutting,excess_tool_wear,4.4088,20.2692,15.8604,True,False,0.3416454156299825,56.417,val,True,14.965017272636478,5.34498272736352,4.650048962019058,True
188,6,SS316L,3304.2896,1297.9227,0.0987586564689701,11.821937919079785,6.408714231081289,10.0,4,1,59.473,383.3834,21.713,76.9554,3.2307,412.1096,30.7919,0.8963,19.48,99.002,cutting,excess_tool_wear,4.2161,19.6314,15.4153,True,False,0.3416454156299825,54.111,val,True,14.950444366122337,4.5295556338776635,3.940640512436197,True
188,7,SS316L,3311.0965,1309.0438,0.0987586564689701,11.821937919079785,6.408714231081289,10.0,4,1,59.6397,383.5501,21.713,83.9863,2.5215,404.0377,33.4307,0.8934,21.06,99.002,cutting,excess_tool_wear,4.6489,21.0637,16.4148,True,False,0.3416454156299825,58.5,val,True,15.003292457595226,6.056707542404773,5.269238098119085,True
188,8,SS316L,3304.2311,1323.5726,0.0987586564689701,11.821937919079785,6.408714231081289,10.0,4,1,59.8063,383.7168,21.713,78.5186,2.7893,404.2131,31.7817,0.9033,20.01,99.002,cutting,excess_tool_wear,4.3985,20.2351,15.8366,True,False,0.3416454156299825,55.583,val,True,14.96687239758908,5.043127602410921,4.387439860724856,True
189,3,Al6061,8003.4477,3097.4105,0.1291997580938297,10.841436459297125,2.798288874447384,12.0,3,1,93.9291,125.0983,17.0271,35.4575,3.6991,397.9768,19.5582,0.8409,11.42,94.0703,cutting,excess_tool_wear,1.3284,11.4236,10.0952,True,False,0.1430258047694473,31.722,test,True,10.234786455758067,1.1852135442419325,3.634201094021826,True
189,4,Al6061,8039.0447,3099.1689,0.1291997580938297,10.841436459297125,2.798288874447384,12.0,3,1,94.0957,125.2649,17.0271,37.5708,3.0574,389.3586,20.4866,0.8381,11.61,94.0703,cutting,excess_tool_wear,1.3906,11.6172,10.2266,True,False,0.1430258047694473,32.25,test,True,10.275586233503379,1.3344137664966205,4.091691318952638,True
189,5,Al6061,8015.1132,3082.5181,0.1291997580938297,10.841436459297125,2.798288874447384,12.0,3,1,94.2624,125.4316,17.0271,37.4137,3.7119,399.3058,19.6742,0.8515,11.65,94.0703,cutting,excess_tool_wear,1.3556,11.508,10.1524,True,False,0.1430258047694473,32.361,test,True,10.249199621587694,1.4008003784123062,4.295251511817882,True
189,6,Al6061,7981.1752,3095.3408,0.1291997580938297,10.841436459297125,2.798288874447384,12.0,3,1,94.4291,125.5983,17.0271,37.8381,3.0973,397.8735,19.7444,0.8493,11.67,94.0703,cutting,excess_tool_wear,1.3991,11.6435,10.2444,True,False,0.1430258047694473,32.417,test,True,10.212916720688076,1.4570832793119237,4.467830859242517,True
189,7,Al6061,7985.0522,3087.379,0.1291997580938297,10.841436459297125,2.798288874447384,12.0,3,1,94.5957,125.7649,17.0271,39.8168,3.3053,397.073,20.5137,0.8362,11.87,94.0703,cutting,excess_tool_wear,1.4329,11.7485,10.3156,True,False,0.1430258047694473,32.972,test,True,10.217892173505831,1.6521078264941682,5.065831469490479,True
189,8,Al6061,8022.264,3071.9623,0.1291997580938297,10.841436459297125,2.798288874447384,12.0,3,1,94.7624,125.9316,17.0271,36.1681,2.9147,401.6433,19.6831,0.8292,11.46,94.0703,cutting,excess_tool_wear,1.3279,11.4214,10.0934,True,False,0.1430258047694473,31.833,test,True,10.259790751296842,1.2002092487031586,3.6801821797285985,True
189,9,Al6061,7972.1392,3165.8745,0.1291997580938297,10.841436459297125,2.798288874447384,12.0,3,1,94.9291,126.0983,17.0271,34.9638,3.3126,401.1441,19.6352,0.8392,11.56,94.0703,cutting,excess_tool_wear,1.3458,11.4769,10.1311,True,False,0.1430258047694473,32.111,test,True,10.208466949174625,1.3515330508253758,4.14418390321198,True
189,10,Al6061,7995.1176,3107.837,0.1291997580938297,10.841436459297125,2.798288874447384,12.0,3,1,95.0957,126.2649,17.0271,37.1399,2.8254,400.397,19.9805,0.8478,11.79,94.0703,cutting,excess_tool_wear,1.4397,11.7693,10.3296,True,False,0.1430258047694473,32.75,test,True,10.232801829982089,1.5571981700179105,4.7748115270716935,True
189,11,Al6061,7980.6739,3056.0723,0.1291997580938297,10.841436459297125,2.798288874447384,12.0,3,1,95.2624,126.4316,17.0271,38.8874,3.7275,402.9825,19.8332,0.8509,11.93,94.0703,cutting,excess_tool_wear,1.4458,11.7882,10.3424,True,False,0.1430258047694473,33.139,test,True,10.215749428202423,1.7142505717975762,5.256378762899628,True
189,12,Al6061,7987.2734,3111.2976,0.1291997580938297,10.841436459297125,2.798288874447384,12.0,3,1,95.4291,126.5983,17.0271,36.4618,3.5888,398.3218,19.4129,0.8476,11.45,94.0703,cutting,excess_tool_wear,1.3166,11.3856,10.0689,True,False,0.1430258047694473,31.806,test,True,10.226155233619952,1.2238447663800471,3.7526553847610806,True
212,9,Al6061,8012.1942,1626.0875,0.0678008578410395,10.277160597998874,1.014652763648524,10.0,3,1,311.2681,549.7664,25.3803,16.5279,2.4051,400.1452,14.5647,0.7843,13.0,16.9682,cutting,none,0.0,7.9242,7.9242,False,True,0.1773563065731422,36.111,train,True,8.129328986035546,4.870671013964454,29.67810828587722,True
219,0,C45,0.0,0.0,0.0,0.0,0.0,12.0,4,0,34.7089,368.2261,20.3249,0.0,0.9344,404.9425,6.4337,0.5935,5.59,75.4891,standby,none,0.0,2.6865,2.6865,False,True,0.2060169662946035,15.528,test,False,2.703338678724219,2.886661321275781,43.17770212281932,True
227,1,C45,6803.9562,24042.1672,0.0,0.0,0.0,8.0,4,1,68.6757,373.0424,29.1217,28.1091,22.0427,390.5741,18.9763,0.8272,10.4,23.4618,rapid,spindle_bearing_friction,3.1641,10.6102,7.4461,True,False,0.1791798326860877,28.889,train,False,7.484809965356744,2.915190034643256,19.254736536546027,True
227,2,C45,6827.6178,23986.7959,0.0,0.0,0.0,8.0,4,1,68.6757,373.2091,29.1217,29.4391,22.1371,399.7654,18.3105,0.8396,10.78,23.4618,rapid,spindle_bearing_friction,3.1641,10.6102,7.4461,True,False,0.1791798326860877,29.944,train,False,7.492006611067486,3.287993388932513,21.717090716368368,True
227,3,C45,6806.868,1106.0119,0.0411741822311571,0.0,0.0,8.0,4,1,68.6757,373.3757,29.1217,29.2069,0.96,396.4902,17.2837,0.816,9.41,23.4618,aircut,spindle_bearing_friction,3.1641,9.7522,6.5881,True,False,0.1791798326860877,26.139,train,False,6.621749779867476,2.7882502201325243,20.19108172004241,True
227,4,C45,6821.7524,1120.8346,0.0411741822311571,0.0,0.0,8.0,4,1,68.6757,373.5424,29.1217,27.1415,0.717,399.3473,17.6552,0.7956,9.66,23.4618,aircut,spindle_bearing_friction,3.1641,9.7522,6.5881,True,False,0.1791798326860877,26.833,train,False,6.628147038255048,3.031852961744952,21.955128155906806,True
227,5,C45,6813.3356,1108.8631,0.0411741822311571,6.467544971327891,3.2394202220159705,8.0,4,1,69.5091,373.7091,29.1217,42.1852,1.4789,399.1183,21.1179,0.8574,12.61,23.4618,cutting,spindle_bearing_friction,3.1641,12.4576,9.2936,True,False,0.1791798326860877,35.028,train,True,9.421942205051113,3.188057794948886,13.278819782342445,True
227,6,C45,6803.314,1134.6641,0.0411741822311571,6.467544971327891,3.2394202220159705,8.0,4,1,69.6757,373.8757,29.1217,39.9538,1.2509,398.7106,20.7202,0.8816,12.34,23.4618,cutting,spindle_bearing_friction,3.1641,12.5898,9.4257,True,False,0.1791798326860877,34.278,train,True,9.413227412960211,2.926772587039789,12.190521071724998,True
227,7,C45,6823.4507,1115.9778,0.0411741822311571,6.467544971327891,3.2394202220159705,8.0,4,1,69.8424,374.0424,29.1217,43.1413,1.8731,394.003,21.652,0.8549,12.32,23.4618,cutting,spindle_bearing_friction,3.1641,12.5984,9.4344,True,False,0.1791798326860877,34.222,train,True,9.4365722926969,2.8834277073031007,12.009982046547126,True
227,8,C45,6812.4235,1124.1181,0.0411741822311571,6.467544971327891,3.2394202220159705,8.0,4,1,70.0091,374.2091,29.1217,40.7966,1.4327,404.6529,20.9894,0.8481,12.36,23.4618,cutting,spindle_bearing_friction,3.1641,12.4783,9.3143,True,False,0.1791798326860877,34.333,train,True,9.426024645824889,2.933975354175111,12.22052185994021,True
227,9,C45,6801.3617,1120.2644,0.0411741822311571,6.467544971327891,3.2394202220159705,8.0,4,1,70.1757,374.3757,29.1217,43.2987,1.1125,395.4296,21.4888,0.8611,12.29,23.4618,cutting,spindle_bearing_friction,3.1641,12.5609,9.3969,True,False,0.1791798326860877,34.139,train,True,9.414997444177812,2.875002555822187,11.974889813171918,True
263,5,Al6061,7992.9208,1794.2129,0.0747598430030434,9.30059763591504,2.3034138423547605,10.0,3,1,260.1331,47.7051,26.5645,25.779,1.7013,402.6187,16.8994,0.8137,9.92,38.4381,cutting,none,0.0,9.6175,9.6175,False,False,0.2603313664510445,27.556,train,True,9.072524314224207,0.8474756857757928,3.529884846869363,True
269,1,Al6061,6017.3262,23975.2261,0.0,0.0,0.0,25.0,3,1,28.783,500.9337,17.4909,9.9794,22.3134,399.3431,16.5895,0.831,9.65,115.6853,rapid,coolant_stuck_hp,2.7,9.6234,6.9234,True,False,0.1892139004605467,26.806,train,False,6.937533995925115,2.7124660040748854,19.642291195985205,True
269,2,Al6061,6029.4217,23778.8796,0.0,0.0,0.0,25.0,3,1,28.783,501.1004,17.4909,9.7847,22.6235,401.2575,16.7185,0.8229,9.45,115.6853,rapid,coolant_stuck_hp,2.7,9.6234,6.9234,True,False,0.1892139004605467,26.25,train,False,6.934651550565155,2.5153484494348444,18.214866703931254,True
269,3,Al6061,6030.136,1586.6389,0.0886067241193108,0.0,0.0,25.0,3,1,28.783,501.2671,17.4909,9.2659,2.293,403.3344,15.7094,0.8013,8.76,115.6853,aircut,coolant_stuck_hp,2.7,8.7835,6.0835,True,False,0.1892139004605467,24.333,train,False,6.1030430603874395,2.6569569396125603,25.246854311681446,True
269,4,Al6061,5996.6555,1585.3393,0.0886067241193108,0.0,0.0,25.0,3,1,28.783,501.4337,17.4909,10.8002,2.3105,401.0794,15.6867,0.8076,8.72,115.6853,aircut,coolant_stuck_hp,2.7,8.7835,6.0835,True,False,0.1892139004605467,24.222,train,False,6.0906090706387666,2.629390929361234,24.984917418992836,True
269,5,Al6061,6005.7373,1576.6993,0.0886067241193108,13.186514958894325,5.4784176107317,25.0,3,1,29.6164,501.6004,17.4909,27.8352,2.2464,410.0791,20.4234,0.8621,12.49,115.6853,cutting,coolant_stuck_hp,2.7,12.5986,9.8986,True,False,0.1892139004605467,34.694,train,True,10.377182822013282,2.1128171779867184,6.478497091946901,True
269,6,Al6061,6016.4609,1596.765,0.0886067241193108,13.186514958894325,5.4784176107317,25.0,3,1,29.783,501.7671,17.4909,27.0151,1.1806,405.3289,21.0131,0.8348,12.32,115.6853,cutting,coolant_stuck_hp,2.7,12.2422,9.5422,True,False,0.1892139004605467,34.222,train,True,10.400484302081615,1.919515697918385,5.885779894482122,True
269,7,Al6061,6018.6212,1613.8253,0.0886067241193108,13.186514958894325,5.4784176107317,25.0,3,1,29.9497,501.9337,17.4909,28.9669,1.1558,400.8497,21.9574,0.8342,12.48,115.6853,cutting,coolant_stuck_hp,2.7,12.7721,10.0721,True,False,0.1892139004605467,34.667,train,True,10.40980248441409,2.0701975155859103,6.347813111430187,True
269,8,Al6061,6046.149,1585.0925,0.0886067241193108,13.186514958894325,5.4784176107317,25.0,3,1,30.1164,502.1004,17.4909,29.8628,1.5697,398.2701,21.5773,0.8556,12.96,115.6853,cutting,coolant_stuck_hp,2.7,12.7002,10.0002,True,False,0.1892139004605467,36.0,train,True,10.459232268397525,2.500767731602476,7.668063590934668,True
302,0,C45,8003.8472,24277.7318,0.0,0.0,0.0,6.0,4,1,11.074,511.0765,27.3789,14.1751,22.4425,398.7679,18.2532,0.8412,10.61,31.8499,rapid,coolant_stuck_hp,2.7,10.5875,7.8875,True,False,0.0589980921450039,29.472,train,False,7.932539496152828,2.677460503847171,16.31437691778286,True
302,1,C45,7992.9808,23806.7059,0.0,0.0,0.0,6.0,4,1,11.074,511.2432,27.3789,14.3589,23.7979,396.7545,18.1674,0.8423,10.59,31.8499,rapid,coolant_stuck_hp,2.7,10.5875,7.8875,True,False,0.0589980921450039,29.417,train,False,7.910330206248573,2.679669793751427,16.32783862456318,True
302,2,C45,7982.9914,2027.7204,0.0652676632149085,0.0,0.0,6.0,4,1,11.074,511.4099,27.3789,13.93,2.2414,400.4203,17.4253,0.8084,9.47,31.8499,aircut,coolant_stuck_hp,2.7,9.7658,7.0658,True,False,0.0589980921450039,26.306,train,False,7.08931271902488,2.3806872809751205,17.23971941002825,True
302,3,C45,7987.0196,2095.9597,0.0652676632149085,0.0,0.0,6.0,4,1,11.074,511.5765,27.3789,14.5172,2.0972,399.2938,17.146,0.8218,10.04,31.8499,aircut,coolant_stuck_hp,2.7,9.7658,7.0658,True,False,0.0589980921450039,27.889,train,False,7.0935547662439244,2.9464452337560747,21.33664908150558,True
302,4,C45,7987.1677,2090.0961,0.0652676632149085,4.4941286365162165,3.393244940988575,6.0,4,1,11.7406,511.7432,27.3789,23.8652,1.3494,404.2885,20.0074,0.8433,11.88,31.8499,cutting,coolant_stuck_hp,2.7,11.8299,9.1299,True,False,0.0589980921450039,33.0,train,True,9.650586086633169,2.229413913366832,6.836015773146925,True
302,5,C45,8010.7062,2089.2768,0.0652676632149085,4.4941286365162165,3.393244940988575,6.0,4,1,11.9073,511.9099,27.3789,24.4952,2.3876,399.6502,20.4219,0.851,11.9,31.8499,cutting,coolant_stuck_hp,2.7,11.9632,9.2632,True,False,0.0589980921450039,33.056,train,True,9.66973139794071,2.23026860205929,6.838636491241372,True
302,6,C45,8003.8069,2094.4492,0.0652676632149085,4.4941286365162165,3.393244940988575,6.0,4,1,12.074,512.0765,27.3789,25.2051,2.0947,403.9736,20.1741,0.8642,11.94,31.8499,cutting,coolant_stuck_hp,2.7,12.1159,9.4159,True,False,0.0589980921450039,33.167,train,True,9.666357078574308,2.273642921425692,6.971634464188645,True
302,7,C45,7998.5499,2060.3889,0.0652676632149085,4.4941286365162165,3.393244940988575,6.0,4,1,12.2406,512.2432,27.3789,21.8663,2.0712,401.4571,20.6574,0.8415,11.93,31.8499,cutting,coolant_stuck_hp,2.7,11.9984,9.2984,True,False,0.0589980921450039,33.139,train,True,9.662730597541145,2.2672694024588544,6.952091446211353,True
302,8,C45,7945.9279,2070.7229,0.0652676632149085,4.4941286365162165,3.393244940988575,6.0,4,1,12.4073,512.4099,27.3789,25.4013,1.912,400.8094,20.853,0.8367,12.39,31.8499,cutting,coolant_stuck_hp,2.7,12.179,9.479,True,False,0.0589980921450039,34.417,train,True,9.625294511943336,2.7647054880566646,11.515483183938379,True
303,1,C45,5125.3761,23608.4482,0.0,0.0,0.0,12.0,4,1,40.4353,18.758,18.2864,10.0789,23.1564,402.2964,16.6311,0.8236,9.61,31.7439,rapid,coolant_stuck_hp,2.7,9.6417,6.9417,True,False,0.2619457684708817,26.694,train,False,6.934441828254656,2.675558171745344,19.37502355504874,True
303,2,C45,5186.4844,23750.9208,0.0,0.0,0.0,12.0,4,1,40.4353,18.9247,18.2864,10.3171,23.0505,393.312,17.3169,0.8244,9.84,31.7439,rapid,coolant_stuck_hp,2.7,9.6404,6.9404,True,False,0.2619457684708817,27.333,train,False,6.96347453952753,2.87652546047247,20.830325851968098,True
303,3,C45,5141.2035,1632.8936,0.079033052975226,0.0,0.0,12.0,4,1,40.4353,19.0914,18.2864,10.9842,2.0043,400.0947,15.502,0.816,8.88,31.7439,aircut,coolant_stuck_hp,2.7,8.8002,6.1002,True,False,0.2619457684708817,24.667,train,False,6.114096885186179,2.7659031148138213,26.282079298625437,True
303,4,C45,5172.5643,1650.8422,0.079033052975226,0.0,0.0,12.0,4,1,40.4353,19.258,18.2864,10.4472,1.8486,410.7814,15.5569,0.8063,8.78,31.7439,aircut,coolant_stuck_hp,2.7,8.7989,6.0989,True,False,0.2619457684708817,24.389,train,False,6.126288318695156,2.653711681304843,25.216017318248404,True
303,5,C45,5144.0005,1614.8984,0.079033052975226,5.445084456373417,3.579319835598202,12.0,4,1,41.2686,19.4247,18.2864,23.4678,1.4855,395.0288,20.3759,0.8375,11.96,31.7439,cutting,coolant_stuck_hp,2.7,11.7322,9.0322,True,False,0.2619457684708817,33.222,train,True,9.482396055305353,2.477603944694648,10.319654908937574,True
303,6,C45,5139.202,1601.506,0.079033052975226,5.445084456373417,3.579319835598202,12.0,4,1,41.4353,19.5914,18.2864,24.5014,2.397,408.2612,19.2151,0.8607,11.97,31.7439,cutting,coolant_stuck_hp,2.7,11.7687,9.0687,True,False,0.2619457684708817,33.25,train,True,9.47613058063707,2.4938694193629303,10.387403463288308,True
303,7,C45,5159.5966,1623.5373,0.079033052975226,5.445084456373417,3.579319835598202,12.0,4,1,41.602,19.758,18.2864,24.3832,1.3383,408.5007,20.2666,0.833,12.21,31.7439,cutting,coolant_stuck_hp,2.7,11.916,9.216,True,False,0.2619457684708817,33.917,train,True,9.513190653454485,2.696809346545516,11.23268384809465,True
303,8,C45,5165.5967,1628.2276,0.079033052975226,5.445084456373417,3.579319835598202,12.0,4,1,41.7686,19.9247,18.2864,23.7096,2.1775,401.1181,19.919,0.8561,11.87,31.7439,cutting,coolant_stuck_hp,2.7,11.7389,9.0389,True,False,0.2619457684708817,32.972,train,True,9.52571647636144,2.344283523638559,9.764351975811733,True
303,9,C45,5163.3334,1623.3725,0.079033052975226,5.445084456373417,3.579319835598202,12.0,4,1,41.9353,20.0914,18.2864,23.3212,2.2285,401.8835,19.4774,0.8567,11.7,31.7439,cutting,coolant_stuck_hp,2.7,11.6268,8.9268,True,False,0.2619457684708817,32.5,train,True,9.524007569163398,2.175992430836601,9.063390062313394,True
303,10,C45,5173.5892,1638.7147,0.079033052975226,5.445084456373417,3.579319835598202,12.0,4,1,42.102,20.258,18.2864,24.2217,1.9081,397.0166,20.1143,0.8586,11.73,31.7439,cutting,coolant_stuck_hp,2.7,11.8783,9.1783,True,False,0.2619457684708817,32.583,train,True,9.544220565929635,2.1857794340703656,9.104154647057205,True
303,11,C45,5172.0289,1608.2049,0.079033052975226,5.445084456373417,3.579319835598202,12.0,4,1,42.2686,20.4247,18.2864,24.2845,1.369,405.7601,19.9623,0.8374,11.27,31.7439,cutting,coolant_stuck_hp,2.7,11.8064,9.1064,True,False,0.2619457684708817,31.306,train,True,9.542749277152556,1.7272507228474439,7.194302155986998,True
314,0,C45,8024.2326,24142.2259,0.0,0.0,0.0,6.0,5,1,141.0743,575.5474,22.5982,13.8098,22.1007,408.0589,14.1103,0.7775,17.79,17.2514,rapid,none,0.0,7.7919,7.7919,False,True,0.3700632312213522,49.417,test,False,7.844693333328164,9.945306666671836,60.59901958960298,True
324,1,Ti6Al4V,818.4796,24462.2413,0.0,0.0,0.0,25.0,6,1,39.4777,409.4156,25.9466,1.765,22.8558,402.4018,10.9569,0.7195,13.14,66.89,rapid,none,0.0,5.4992,5.4992,False,True,0.2195313920633121,36.5,train,False,5.568904533972551,7.571095466027449,71.94182990353622,True
331,0,Al6061,0.0,0.0,0.0,0.0,0.0,12.0,3,0,233.6159,39.6646,28.2255,0.0,0.0,403.7186,9.1397,0.6809,4.4,68.6289,standby,aux_leak,1.5583,4.4028,2.8445,True,False,0.1357949068448913,12.222,test,False,2.861286115652119,1.5387138843478811,23.01556100847198,True
331,1,Al6061,7062.0872,24301.0267,0.0,0.0,0.0,12.0,3,1,233.6159,39.8313,28.2255,14.2223,23.2006,400.0311,16.4892,0.8129,9.55,68.6289,rapid,aux_leak,1.5583,9.35,7.7917,True,False,0.1357949068448913,26.528,test,False,7.838740568210371,1.71125943178963,10.427093633766823,True
331,2,Al6061,7047.5455,23840.1142,0.0,0.0,0.0,12.0,3,1,233.6159,39.998,28.2255,13.1306,23.3068,402.4956,16.1972,0.8308,9.39,68.6289,rapid,aux_leak,1.5583,9.3489,7.7906,True,False,0.1357949068448913,26.083,test,False,7.813913365441173,1.5760866345588278,10.410001593915105,True
331,3,Al6061,7053.3892,765.9077,0.0360844521981225,0.0,0.0,12.0,3,1,233.6159,40.1646,28.2255,13.1732,0.0,395.1627,15.5942,0.7938,8.32,68.6289,aircut,aux_leak,1.5583,8.4765,6.9182,True,False,0.1357949068448913,23.111,test,False,6.946078404167204,1.3739215958327966,9.949237345374462,True
331,4,Al6061,7035.2258,751.7384,0.0360844521981225,14.401599649663837,6.233331509195742,12.0,3,1,234.2825,40.3313,28.2255,27.0217,1.3585,404.1529,19.2972,0.8431,11.25,68.6289,cutting,aux_leak,1.5583,11.3764,9.8181,True,False,0.1357949068448913,31.25,test,True,9.721918329426893,1.5280816705731066,4.6855320764187125,True
331,5,Al6061,7054.1609,759.0067,0.0360844521981225,14.401599649663837,6.233331509195742,12.0,3,1,234.4492,40.498,28.2255,26.9388,0.9886,390.6271,20.0541,0.8361,11.16,68.6289,cutting,aux_leak,1.5583,11.3041,9.7458,True,False,0.1357949068448913,31.0,test,True,9.740941485311431,1.4190585146885688,4.351236139358089,True
331,6,Al6061,7057.7276,764.8181,0.0360844521981225,14.401599649663837,6.233331509195742,12.0,3,1,234.6159,40.6646,28.2255,27.9819,1.0386,394.3792,20.0571,0.8407,11.74,68.6289,cutting,aux_leak,1.5583,11.3971,9.8388,True,False,0.1357949068448913,32.611,test,True,9.74413299592222,1.9958670040777804,6.119894667910521,True
331,7,Al6061,7050.2645,775.5698,0.0360844521981225,14.401599649663837,6.233331509195742,12.0,3,1,234.7825,40.8313,28.2255,27.2727,0.0,395.8252,19.6532,0.8498,11.46,68.6289,cutting,aux_leak,1.5583,11.4191,9.8608,True,False,0.1357949068448913,31.833,test,True,9.73615839824921,1.7238416017507916,5.285787582701012,True
331,8,Al6061,7058.6991,773.577,0.0360844521981225,14.401599649663837,6.233331509195742,12.0,3,1,234.9492,40.998,28.2255,25.9558,0.0191,404.5402,18.8404,0.8419,11.29,68.6289,cutting,aux_leak,1.5583,11.1505,9.5922,True,False,0.1357949068448913,31.361,test,True,9.744074099293337,1.5459259007066617,4.7402475502574974,True
335,1,SS316L,2650.8652,24302.6442,0.0,0.0,0.0,16.0,4,1,23.585,328.2069,20.4998,4.5737,64.4399,396.8494,13.7517,0.7955,7.74,33.1085,rapid,axis_drag,1.7085,7.586,5.8775,True,False,0.2162040077099174,21.5,train,False,5.908191343030373,1.8318086569696268,17.40615574151264,True
335,4,SS316L,2626.9267,1079.3796,0.1020078841869015,3.806289072390656,8.078868801146083,16.0,4,1,24.2517,328.7069,20.4998,23.0149,3.9311,396.564,15.9055,0.8137,9.16,33.1085,cutting,axis_drag,0.0766,8.8757,8.7991,False,False,0.2162040077099174,25.444,train,True,8.4338213667252,0.7261786332748006,3.960233965490155,True
339,0,Ti6Al4V,3740.4562,24144.4563,0.0,0.0,0.0,6.0,4,1,14.0819,25.3413,23.2601,6.733,21.8474,399.9634,16.043,0.8203,9.38,5.5523,rapid,coolant_stuck_hp,2.7,9.157,6.457,True,False,0.1569918484552118,26.056,train,False,6.473639411281701,2.9063605887183,21.04637658808563,True
339,1,Ti6Al4V,3746.5515,614.0246,0.0415744292823631,0.0,0.0,6.0,4,1,14.0819,25.508,23.2601,6.7842,0.356,400.0163,15.0232,0.7957,8.4,5.5523,aircut,coolant_stuck_hp,2.7,8.2795,5.5795,True,False,0.1569918484552118,23.333,train,False,5.593107334003647,2.8068926659963536,26.671568948072863,True
339,2,Ti6Al4V,3726.7394,614.911,0.0415744292823631,2.8022890825536315,3.180263532352651,6.0,4,1,14.4152,25.6747,23.2601,9.1726,1.2471,402.1088,16.0405,0.8043,8.8,5.5523,cutting,coolant_stuck_hp,2.7,9.0054,6.3054,True,False,0.1569918484552118,24.444,train,True,6.340841212960834,2.4591587870391667,17.807969913585513,True
339,3,Ti6Al4V,3743.5871,626.8831,0.0415744292823631,2.8022890825536315,3.180263532352651,6.0,4,1,14.5819,25.8413,23.2601,9.2428,0.5568,403.6904,15.8656,0.815,8.9,5.5523,cutting,coolant_stuck_hp,2.7,9.0207,6.3207,True,False,0.1569918484552118,24.722,train,True,6.350091988478988,2.549908011521012,18.46512937306054,True
339,4,Ti6Al4V,3763.1534,616.5875,0.0415744292823631,2.8022890825536315,3.180263532352651,6.0,4,1,14.7486,26.008,23.2601,9.8563,0.0,404.247,15.8884,0.8134,8.97,5.5523,cutting,coolant_stuck_hp,2.7,9.0398,6.3398,True,False,0.1569918484552118,24.917,train,True,6.359997561141274,2.610002438858727,18.900302473571326,True
339,5,Ti6Al4V,3761.8502,619.2964,0.0415744292823631,2.8022890825536315,3.180263532352651,6.0,4,1,14.9152,26.1747,23.2601,9.3908,0.4973,404.3226,15.7376,0.8181,9.12,5.5523,cutting,coolant_stuck_hp,2.7,9.0344,6.3344,True,False,0.1569918484552118,25.333,train,True,6.359469918575702,2.760530081424297,19.990346656199346,True
344,0,SS316L,3967.0033,23818.4396,0.0,0.0,0.0,8.0,3,2,59.8922,481.8057,17.9898,7.3131,22.7142,413.8664,17.7557,0.8039,10.34,21.8214,rapid,aux_leak,1.3061,10.2414,8.9353,True,False,0.1435512573956427,28.722,train,False,8.924259723411211,1.4157402765887888,5.896806520010903,True
344,1,SS316L,3993.9548,23748.7319,0.0,0.0,0.0,8.0,3,2,59.8922,481.9723,17.9898,6.3048,22.7717,399.7713,17.5602,0.8351,10.39,21.8214,rapid,aux_leak,1.3061,10.2414,8.9353,True,False,0.1435512573956427,28.861,train,False,8.930077912758774,1.4599220872412264,6.080831509219326,True
344,2,SS316L,3983.58,445.1059,0.0361105995678797,0.0,0.0,8.0,3,2,59.8922,482.139,17.9898,6.9523,0.4714,394.3954,17.0717,0.8059,9.52,21.8214,aircut,aux_leak,1.3061,9.3576,8.0515,True,False,0.1435512573956427,26.444,train,False,8.052802400235722,1.4671975997642779,8.939969280976193,True
344,3,SS316L,3995.4884,424.0212,0.0361105995678797,0.0,0.0,8.0,3,2,59.8922,482.3057,17.9898,7.4077,0.7409,410.9732,16.0174,0.8123,9.38,21.8214,aircut,aux_leak,1.3061,9.3576,8.0515,True,False,0.1435512573956427,26.056,train,False,8.055740342905844,1.3242596570941565,8.069015827424929,True
344,5,SS316L,3986.437,438.4087,0.0361105995678797,9.748442863416438,5.187415135756798,8.0,3,2,60.7255,482.639,17.9898,17.6566,0.4275,399.8915,20.0294,0.8477,12.02,21.8214,cutting,aux_leak,1.3061,11.7952,10.4891,True,False,0.1435512573956427,33.389,train,True,10.684050732899749,1.3359492671002506,4.096399599583326,True
344,6,SS316L,3967.1052,424.5451,0.0361105995678797,9.748442863416438,5.187415135756798,8.0,3,2,60.8922,482.8057,17.9898,17.4033,0.9481,401.1433,20.2748,0.8381,11.94,21.8214,cutting,aux_leak,1.3061,11.8288,10.5227,True,False,0.1435512573956427,33.167,train,True,10.659109725505882,1.2808902744941175,3.9275731023355833,True
344,7,SS316L,3980.9259,426.24,0.0361105995678797,9.748442863416438,5.187415135756798,8.0,3,2,61.0588,482.9723,17.9898,17.7744,0.9019,403.1313,19.8987,0.854,11.92,21.8214,cutting,aux_leak,1.3061,11.9126,10.6064,True,False,0.1435512573956427,33.111,train,True,10.678734214948287,1.2412657850517128,3.806073172148953,True
350,4,SS316L,3191.3004,1251.4493,0.0774934632349024,5.907261916110963,4.697879406415919,10.0,5,1,81.1834,15.8744,23.8237,31.0461,2.2179,399.3109,17.5796,0.8356,10.31,34.4007,cutting,none,0.0,10.1752,10.1752,False,False,0.3700632312213522,28.639,train,True,9.441296444745205,0.868703555254795,3.6183026458256324,True
370,4,SS316L,2424.7273,959.3006,0.1325265319676364,10.092146275637326,5.107740312660332,12.0,3,1,33.0067,90.384,20.8229,40.0103,1.9355,398.4844,20.6685,0.8544,12.01,49.6651,cutting,excess_tool_wear,2.9118,12.2413,9.3295,True,False,0.1473006809702073,33.361,train,True,9.073278895395228,2.9367211046047714,12.23195839198192,True
370,5,SS316L,2418.2531,949.2935,0.1325265319676364,10.092146275637326,5.107740312660332,12.0,3,1,33.1734,90.5507,20.8229,38.7425,1.3019,398.8605,20.5799,0.8609,12.17,49.6651,cutting,excess_tool_wear,2.9252,12.2729,9.3477,True,False,0.1473006809702073,33.806,train,True,9.058462195102779,3.111537804897221,12.960100605026218,True
370,6,SS316L,2422.8476,973.3598,0.1325265319676364,10.092146275637326,5.107740312660332,12.0,3,1,33.3401,90.7174,20.8229,41.7565,1.6978,398.0339,21.2839,0.8481,12.47,49.6651,cutting,excess_tool_wear,3.0331,12.5276,9.4945,True,False,0.1473006809702073,34.639,train,True,9.073635857400546,3.396364142599454,14.146452249467847,True
370,7,SS316L,2432.5094,960.4589,0.1325265319676364,10.092146275637326,5.107740312660332,12.0,3,1,33.5067,90.884,20.8229,39.6356,0.4844,398.7604,21.0617,0.8476,12.2,49.6651,cutting,excess_tool_wear,2.9693,12.3769,9.4076,True,False,0.1473006809702073,33.889,train,True,9.100771212434024,3.099228787565975,12.908831389299229,True
370,8,SS316L,2426.764,970.6767,0.1325265319676364,10.092146275637326,5.107740312660332,12.0,3,1,33.6734,91.0507,20.8229,39.0705,2.2935,395.3732,20.7567,0.8705,12.58,49.6651,cutting,excess_tool_wear,2.9566,12.3467,9.3901,True,False,0.1473006809702073,34.944,train,True,9.088481825713153,3.4915181742868473,14.542785477912489,True
370,9,SS316L,2427.2008,967.1517,0.1325265319676364,10.092146275637326,5.107740312660332,12.0,3,1,33.8401,91.2174,20.8229,37.7491,2.0133,403.1806,20.7081,0.8451,12.18,49.6651,cutting,excess_tool_wear,2.8594,12.117,9.2576,True,False,0.1473006809702073,33.833,train,True,9.09186804063531,3.0881319593646896,12.862611153871267,True
370,10,SS316L,2426.5485,972.9841,0.1325265319676364,10.092146275637326,5.107740312660332,12.0,3,1,34.0067,91.384,20.8229,45.1562,1.7884,399.9101,21.709,0.8744,13.24,49.6651,cutting,excess_tool_wear,3.2804,13.1112,9.8308,True,False,0.1473006809702073,36.778,train,True,9.092746632319612,4.147253367680388,17.274037549881875,True
378,12,C45,5365.2192,1232.6033,0.038758437089568,9.52720082216821,3.662469084015884,12.0,6,1,14.1804,33.8349,24.5438,32.2592,2.1614,404.3481,18.2314,0.8433,21.18,43.6821,cutting,none,0.0,10.7225,10.7225,False,True,0.0949405419421081,58.833,train,True,10.469287965721858,10.710712034278142,32.84208283126133,True
381,3,Ti6Al4V,3317.1872,745.4543,0.0744733335557367,0.0,0.0,8.0,3,2,2.8646,353.1051,15.6985,5.5827,0.5579,402.5076,14.1753,0.7872,19.96,6.238,aircut,none,0.0,7.8111,7.8111,False,True,0.0865762577064767,55.444,train,False,7.827021921772477,12.132978078227524,80.1379304689302,True
385,0,Ti6Al4V,1323.8885,23666.8591,0.0,0.0,0.0,10.0,4,2,150.9468,16.0524,21.9481,3.789,22.5068,403.2206,16.8504,0.8353,9.87,0.7015,rapid,aux_leak,1.4619,9.8111,8.3492,True,False,0.128889608252219,27.417,train,False,8.373432901362765,1.4965670986372341,8.161567394142022,True
385,1,Ti6Al4V,1321.0543,24102.2746,0.0,0.0,0.0,10.0,4,2,150.9468,16.2191,21.9481,3.3623,23.0497,394.6043,17.9069,0.8052,9.66,0.7015,rapid,aux_leak,1.4619,9.8107,8.3488,True,False,0.128889608252219,26.833,train,False,8.388490893196032,1.2715091068039683,6.934207812596987,True
385,2,Ti6Al4V,1327.7822,425.6663,0.0809981798714362,0.0,0.0,10.0,4,2,150.9468,16.3857,21.9481,2.8355,0.4704,408.6305,15.7184,0.8016,25.19,0.7015,aircut,aux_leak,1.4619,8.9264,7.4644,True,True,0.128889608252219,69.972,train,False,7.502002142437513,17.687997857562486,116.82865767206634,True
385,3,Ti6Al4V,1323.6381,424.4141,0.0809981798714362,0.0,0.0,10.0,4,2,150.9468,16.5524,21.9481,3.027,0.3838,402.6543,16.0891,0.7965,8.96,0.7015,aircut,aux_leak,1.4619,8.926,7.464,True,False,0.128889608252219,24.889,train,False,7.500303231183475,1.459696768816526,9.641250269383963,True
385,4,Ti6Al4V,1326.5696,422.0486,0.0809981798714362,1.8980674495884284,0.8619333019956472,10.0,4,2,151.6135,16.7191,21.9481,3.6835,1.0602,397.9486,16.481,0.8138,9.31,0.7015,cutting,aux_leak,1.4619,9.3259,7.8639,True,False,0.128889608252219,25.861,train,True,7.933025255985496,1.3769747440145048,8.390220863329853,True
385,5,Ti6Al4V,1322.7635,426.8075,0.0809981798714362,1.8980674495884284,0.8619333019956472,10.0,4,2,151.7802,16.8857,21.9481,3.3881,0.4432,392.8869,16.6293,0.818,9.46,0.7015,cutting,aux_leak,1.4619,9.3251,7.8632,True,False,0.128889608252219,26.278,train,True,7.931384731132425,1.5286152688675756,9.314201133032697,True
385,6,Ti6Al4V,1328.7106,430.8148,0.0809981798714362,1.8980674495884284,0.8619333019956472,10.0,4,2,151.9468,17.0524,21.9481,3.3555,0.0,401.6827,16.8026,0.7985,9.28,0.7015,cutting,aux_leak,1.4619,9.328,7.866,True,False,0.128889608252219,25.778,train,True,7.933294623252239,1.3467053767477601,8.205782711602534,True
385,7,Ti6Al4V,1318.5484,421.1379,0.0809981798714362,1.8980674495884284,0.8619333019956472,10.0,4,2,152.1135,17.2191,21.9481,3.4975,0.5796,399.6471,16.3828,0.8192,9.38,0.7015,cutting,aux_leak,1.4619,9.3269,7.865,True,False,0.128889608252219,26.056,train,True,7.92878983374353,1.4512101662564705,8.842554205825845,True
385,8,Ti6Al4V,1323.1052,424.2238,0.0809981798714362,1.8980674495884284,0.8619333019956472,10.0,4,2,152.2802,17.3857,21.9481,3.0025,0.4048,400.5079,16.2547,0.8267,9.15,0.7015,cutting,aux_leak,1.4619,9.3256,7.8637,True,False,0.128889608252219,25.417,train,True,7.930154784393485,1.2198452156065152,7.432794844280075,True
385,9,Ti6Al4V,1326.7648,432.2136,0.0809981798714362,1.8980674495884284,0.8619333019956472,10.0,4,2,152.4468,17.5524,21.9481,2.9837,0.3315,404.6055,16.0242,0.8288,9.36,0.7015,cutting,aux_leak,1.4619,9.3288,7.8669,True,False,0.128889608252219,26.0,train,True,7.931378379446126,1.4286216205538738,8.704917049988358,True
385,10,Ti6Al4V,1320.9939,439.9147,0.0809981798714362,1.8980674495884284,0.8619333019956472,10.0,4,2,152.6135,17.7191,21.9481,3.5777,0.5676,395.8204,16.6522,0.8196,9.38,0.7015,cutting,aux_leak,1.4619,9.3246,7.8626,True,False,0.128889608252219,26.056,train,True,7.929141548929868,1.4508584510701326,8.84041112505607,True
385,11,Ti6Al4V,1325.0777,424.797,0.0809981798714362,1.8980674495884284,0.8619333019956472,10.0,4,2,152.7802,17.8857,21.9481,3.7576,0.6725,393.7716,16.9125,0.8089,9.39,0.7015,cutting,aux_leak,1.4619,9.3244,7.8625,True,False,0.128889608252219,26.083,train,True,7.929655411534709,1.4603445884652917,8.898212321651176,True
385,12,Ti6Al4V,1322.2918,428.3114,0.0809981798714362,1.8980674495884284,0.8619333019956472,10.0,4,2,152.9468,18.0524,21.9481,3.5299,1.0364,400.4344,16.4572,0.8122,9.41,0.7015,cutting,aux_leak,1.4619,9.3227,7.8607,True,False,0.128889608252219,26.139,train,True,7.928358159521701,1.4816418404782992,9.027981330812644,True
395,1,C45,7365.0177,24344.2235,0.0,0.0,0.0,8.0,5,1,11.9458,391.6521,22.6356,12.265,22.5662,395.435,17.8494,0.8351,10.13,81.4443,rapid,coolant_stuck_hp,2.7,10.2292,7.5292,True,False,0.1210045242512058,28.139,train,False,7.568770180102335,2.561229819897666,16.916840688126793,True
395,2,C45,7307.2017,3763.1479,0.1032870664778449,0.0,0.0,8.0,5,1,11.9458,391.8187,22.6356,13.1218,3.0161,405.5895,16.1909,0.8271,9.12,81.4443,aircut,coolant_stuck_hp,2.7,9.4715,6.7715,True,False,0.1210045242512058,25.333,train,False,6.773967325242273,2.3460326747577263,16.98876847992197,True
395,3,C45,7342.807,3820.7589,0.1032870664778449,5.606082026524993,3.829316415947324,8.0,5,1,12.4458,391.9854,22.6356,40.4587,4.7398,399.5525,24.6443,0.8771,15.09,81.4443,cutting,coolant_stuck_hp,2.7,14.9939,12.2939,True,False,0.1210045242512058,41.917,train,True,12.708277001690947,2.381722998309053,4.1601504413728545,True
395,4,C45,7345.6938,3728.359,0.1032870664778449,5.606082026524993,3.829316415947324,8.0,5,1,12.6125,392.1521,22.6356,41.4886,5.6866,400.6592,24.5515,0.8929,15.01,81.4443,cutting,coolant_stuck_hp,2.7,15.229,12.529,True,False,0.1210045242512058,41.694,train,True,12.71851401017041,2.2914859898295905,4.002533652636077,True
395,5,C45,7329.4194,3821.3472,0.1032870664778449,5.606082026524993,3.829316415947324,8.0,5,1,12.7792,392.3187,22.6356,39.6325,4.6541,403.0101,24.866,0.8657,15.3,81.4443,cutting,coolant_stuck_hp,2.7,15.0911,12.3911,True,False,0.1210045242512058,42.5,train,True,12.706138874890831,2.5938611251091697,4.530691651440558,True
395,6,C45,7313.4382,3785.4322,0.1032870664778449,5.606082026524993,3.829316415947324,8.0,5,1,12.9458,392.4854,22.6356,41.7611,3.5738,403.7484,25.4001,0.8708,15.45,81.4443,cutting,coolant_stuck_hp,2.7,15.3965,12.6965,True,False,0.1210045242512058,42.917,train,True,12.689251097974664,2.7607489020253357,4.822194172636532,True
395,7,C45,7334.4309,3756.2961,0.1032870664778449,5.606082026524993,3.829316415947324,8.0,5,1,13.1125,392.6521,22.6356,40.0756,4.841,392.6222,25.7616,0.8657,45.74,81.4443,cutting,coolant_stuck_hp,2.7,15.1833,12.4833,True,True,0.1210045242512058,127.056,train,True,12.72983149779803,33.01016850220197,57.65879036383568,True
395,8,C45,7357.8042,3761.5119,0.1032870664778449,5.606082026524993,3.829316415947324,8.0,5,1,13.2792,392.8187,22.6356,40.8709,5.0128,400.5337,25.4005,0.8744,15.65,81.4443,cutting,coolant_stuck_hp,2.7,15.273,12.573,True,False,0.1210045242512058,43.472,train,True,12.775828096441604,2.8741719035583966,5.0203098855992065,True
395,9,C45,7318.3596,3761.8698,0.1032870664778449,5.606082026524993,3.829316415947324,8.0,5,1,13.4458,392.9854,22.6356,41.4629,4.9668,394.8696,25.1842,0.8757,15.22,81.4443,cutting,coolant_stuck_hp,2.7,15.0596,12.3596,True,False,0.1210045242512058,42.278,train,True,12.723269605893538,2.4967303941064625,4.361033612391239,True
395,10,C45,7350.206,3787.2316,0.1032870664778449,5.606082026524993,3.829316415947324,8.0,5,1,13.6125,393.1521,22.6356,44.1857,4.8706,402.7692,24.5929,0.9022,15.66,81.4443,cutting,coolant_stuck_hp,2.7,15.3988,12.6988,True,False,0.1210045242512058,43.5,train,True,12.783475311963404,2.8765246880365964,5.024419489189712,True
395,11,C45,7351.2366,3836.7818,0.1032870664778449,5.606082026524993,3.829316415947324,8.0,5,1,13.7792,393.3187,22.6356,40.5072,4.1459,409.1954,24.7855,0.8711,15.11,81.4443,cutting,coolant_stuck_hp,2.7,15.2762,12.5762,True,False,0.1210045242512058,41.972,train,True,12.796269636680416,2.313730363319584,4.041387851994339,True
395,12,C45,7373.2759,3727.8358,0.1032870664778449,5.606082026524993,3.829316415947324,8.0,5,1,13.9458,393.4854,22.6356,41.1448,4.8038,403.522,25.3409,0.8646,15.61,81.4443,cutting,coolant_stuck_hp,2.7,15.3507,12.6507,True,False,0.1210045242512058,43.361,train,True,12.836666242808128,2.773333757191871,4.8441761121033995,True
403,8,Al6061,2789.5548,1161.0235,0.2078714812755778,26.473476516592942,5.638854716015442,25.0,2,1,217.6008,193.5646,25.8701,26.4545,1.2532,397.2707,16.6166,0.8391,18.05,174.2721,cutting,none,0.0,9.5904,9.5904,False,True,0.1444680517151858,50.139,train,True,9.965507200632748,8.084492799367252,24.789349327647148,True
414,6,Al6061,7969.3747,1845.8648,0.0762452941199513,7.284753444915039,3.5880246108082803,12.0,3,0,193.1614,290.9304,22.0923,25.9589,1.072,399.0919,14.1581,0.7739,15.17,47.8294,cutting,none,0.0,7.622,7.622,False,True,0.283408258291088,42.139,train,True,7.61355969048993,7.55644030951007,49.91004551494284,True
431,8,SS316L,5567.7207,1593.0205,0.0575965444150172,2.968428418225791,4.076775543335149,8.0,5,1,15.8624,443.8139,19.5572,18.9757,2.0469,391.7447,15.1944,0.7941,15.74,19.4187,cutting,none,0.0,8.1841,8.1841,False,True,0.1796852802778456,43.722,val,True,8.307170767072716,7.4328292329272845,45.289922109869586,True
444,7,Al6061,8039.6976,902.5267,0.0378458709982049,12.865834743051728,2.13024706982043,10.0,3,1,304.6374,501.2521,25.594,19.4828,1.6877,399.8572,15.2931,0.788,13.91,24.8942,cutting,none,0.0,8.3492,8.3492,False,True,0.1739366397244569,38.639,val,True,8.388178427958,5.5218215720420005,30.11339681307009,True
457,0,C45,6822.6711,23889.8679,0.0,0.0,0.0,6.0,4,1,145.5369,232.4782,28.349,30.0176,22.7534,399.3278,18.4824,0.8545,10.92,55.3927,rapid,spindle_bearing_friction,3.489,10.9278,7.4388,True,False,0.1707576613874633,30.333,test,False,7.464597352714007,3.455402647285993,22.82282349024199,True
457,1,C45,6780.5645,23945.5275,0.0,0.0,0.0,6.0,4,1,145.5369,232.6448,28.349,30.2273,22.5913,397.4245,18.5904,0.8459,10.99,55.3927,rapid,spindle_bearing_friction,3.489,10.9277,7.4388,True,False,0.1707576613874633,30.528,test,False,7.4503769694606365,3.5396230305393637,23.379096416287798,True
457,2,C45,6821.3177,2126.7348,0.077136633610769,0.0,0.0,6.0,4,1,145.5369,232.8115,28.349,30.3298,1.7687,381.8314,18.2303,0.8373,10.21,55.3927,aircut,spindle_bearing_friction,3.489,10.1066,6.6176,True,False,0.1707576613874633,28.361,test,False,6.647806137077693,3.5621938629223076,25.79558565783214,True
457,3,C45,6806.352,2088.7702,0.077136633610769,0.0,0.0,6.0,4,1,145.5369,232.9782,28.349,32.0815,1.787,403.153,17.1994,0.8389,10.2,55.3927,aircut,spindle_bearing_friction,3.489,10.1066,6.6176,True,False,0.1707576613874633,28.333,test,False,6.640575743184551,3.559424256815448,25.775529587242726,True
457,4,C45,6817.5929,2084.4007,0.077136633610769,8.394778202798765,3.137874661092866,6.0,4,1,146.2035,233.1448,28.349,52.4398,2.0716,398.2258,24.6674,0.871,14.84,55.3927,cutting,spindle_bearing_friction,3.4889,14.6961,11.2071,True,False,0.1707576613874633,41.222,test,True,11.859312368628284,2.9806876313717154,5.206360678403547,True
457,5,C45,6811.3945,2112.2001,0.077136633610769,8.394778202798765,3.137874661092866,6.0,4,1,146.3702,233.3115,28.349,53.4289,3.2565,400.7421,23.9301,0.8851,14.48,55.3927,cutting,spindle_bearing_friction,3.4889,14.6768,11.1878,True,False,0.1707576613874633,40.222,test,True,11.850191797140786,2.6298082028592145,4.593480334874394,True
457,7,C45,6829.172,2100.0451,0.077136633610769,8.394778202798765,3.137874661092866,6.0,4,1,146.7035,233.6448,28.349,50.5351,3.2494,403.8703,24.9074,0.8503,14.69,55.3927,cutting,spindle_bearing_friction,3.4889,14.7843,11.2954,True,False,0.1707576613874633,40.806,test,True,11.886413878951727,2.803586121048273,4.897017851020618,True
469,0,C45,6983.417,23993.4437,0.0,0.0,0.0,8.0,3,1,50.4171,3.7484,28.0862,14.8977,22.0681,399.1399,17.2171,0.806,9.93,17.6483,rapid,aux_leak,1.4487,9.5736,8.1249,True,False,0.2343898517256168,27.583,train,False,8.114009268727068,1.8159907312729313,11.065245304876331,True
469,1,C45,6996.6147,1302.0769,0.0627417471294092,0.0,0.0,8.0,3,1,50.4171,3.9151,28.0862,14.4858,0.7913,399.7618,16.0003,0.7915,8.64,17.6483,aircut,aux_leak,1.4487,8.7201,7.2714,True,False,0.2343898517256168,24.0,train,False,7.267800040947023,1.3721999590529776,9.06333665148441,True
469,2,C45,6976.5901,1313.12,0.0627417471294092,0.0,0.0,8.0,3,1,50.4171,4.0818,28.0862,15.7681,1.3059,405.1071,15.4232,0.8101,8.59,17.6483,aircut,aux_leak,1.4487,8.7175,7.2688,True,False,0.2343898517256168,23.861,train,False,7.25613880973181,1.3338611902681903,8.8101103151859,True
469,3,C45,6986.9394,1315.1932,0.0627417471294092,11.413366441604657,1.179462221259098,8.0,3,1,50.9171,4.2484,28.0862,25.1225,1.416,401.4113,18.5142,0.8493,10.88,17.6483,cutting,aux_leak,1.4487,10.9411,9.4924,True,False,0.2343898517256168,30.222,train,True,9.488668139519252,1.391331860480749,5.79514118659549,True
469,4,C45,7006.0059,1295.7675,0.0627417471294092,11.413366441604657,1.179462221259098,8.0,3,1,51.0838,4.4151,28.0862,26.6479,0.8185,397.995,19.7152,0.814,10.94,17.6483,cutting,aux_leak,1.4487,11.1003,9.6516,True,False,0.2343898517256168,30.389,train,True,9.507235349822013,1.4327646501779867,5.967716021449805,True
469,5,C45,6977.2981,1326.5123,0.0627417471294092,11.413366441604657,1.179462221259098,8.0,3,1,51.2504,4.5818,28.0862,25.7319,1.2878,403.4757,18.5627,0.8581,11.26,17.6483,cutting,aux_leak,1.4487,11.1511,9.7025,True,False,0.2343898517256168,31.278,train,True,9.478011338549848,1.7819886614501517,7.422295269259255,True
469,6,C45,6980.6941,1306.0224,0.0627417471294092,11.413366441604657,1.179462221259098,8.0,3,1,51.4171,4.7484,28.0862,27.3281,1.2442,399.5674,19.404,0.8398,11.2,17.6483,cutting,aux_leak,1.4487,11.2584,9.8098,True,False,0.2343898517256168,31.111,train,True,9.480236172356607,1.7197638276433924,7.163117924540066,True
469,7,C45,6990.1416,1310.675,0.0627417471294092,11.413366441604657,1.179462221259098,8.0,3,1,51.5838,4.9151,28.0862,28.5374,1.0057,402.5587,18.8608,0.8627,11.5,17.6483,cutting,aux_leak,1.4487,11.3407,9.892,True,False,0.2343898517256168,31.944,train,True,9.489714886817636,2.0102851131823645,8.373190025403066,True
469,8,C45,6964.0846,1314.8391,0.0627417471294092,11.413366441604657,1.179462221259098,8.0,3,1,51.7504,5.0818,28.0862,27.7459,1.2308,399.4123,19.2438,0.8448,11.7,17.6483,cutting,aux_leak,1.4487,11.2882,9.8395,True,False,0.2343898517256168,32.5,train,True,9.462290376103724,2.2377096238962757,9.32045299429973,True
469,9,C45,6983.0402,1319.8243,0.0627417471294092,11.413366441604657,1.179462221259098,8.0,3,1,51.9171,5.2484,28.0862,25.562,0.6117,394.2273,19.3759,0.8368,11.06,17.6483,cutting,aux_leak,1.4487,11.0579,9.6092,True,False,0.2343898517256168,30.722,train,True,9.481651887629068,1.5783481123709322,6.574096671390495,True
478,2,SS316L,1959.276,23736.4123,0.0,0.0,0.0,16.0,6,2,48.4433,521.3886,21.228,3.4623,22.7498,400.589,15.0646,0.8117,18.63,175.5876,rapid,none,0.0,8.4006,8.4006,False,True,0.1533568014463421,51.75,train,False,8.414052007200308,10.215947992799691,55.712936703077524,True
481,7,Al6061,8008.3196,542.6387,0.0338908880321243,2.7993392045726684,4.305941011996924,10.0,2,1,41.3227,286.5489,17.1712,15.1916,0.8019,392.9234,13.9425,0.7699,11.45,6.5362,cutting,none,0.0,7.3438,7.3438,False,True,0.0373890988337631,31.806,test,True,7.394973835981598,4.055026164018401,26.783317557042203,True
483,5,C45,4976.4627,3287.504,0.108776318328194,4.683592670199666,5.684382850436158,12.0,6,1,22.0682,532.9386,24.5548,35.074,4.3237,398.0832,19.5805,0.8543,28.98,86.8195,cutting,none,0.0,11.5168,11.5168,False,True,0.1529820295119916,80.5,train,True,12.567048789383078,16.412951210616924,28.668466598154357,True
506,4,C45,4411.7164,2857.2047,0.1295533394459409,14.168919818449526,2.825705392108451,12.0,5,1,55.0091,368.5088,18.8967,84.7417,5.718,398.2517,33.5665,0.9104,21.12,114.8366,cutting,excess_tool_wear,4.4057,21.1228,16.7171,True,False,0.254541828022082,58.667,train,True,15.704115975814451,5.41588402418555,4.711731949319507,True
506,5,C45,4403.1482,2869.9069,0.1295533394459409,14.168919818449526,2.825705392108451,12.0,5,1,55.1758,368.6754,18.8967,88.9921,5.5076,394.9698,35.4138,0.8988,20.99,114.8366,cutting,excess_tool_wear,4.5228,21.5246,17.0019,True,False,0.254541828022082,58.306,train,True,15.67028255319345,5.319717446806548,4.628068574500197,True
506,6,C45,4442.885,2849.0072,0.1295533394459409,14.168919818449526,2.825705392108451,12.0,5,1,55.3424,368.8421,18.8967,82.9799,5.3198,400.5173,32.7429,0.9033,20.42,114.8366,cutting,excess_tool_wear,4.2839,20.7047,16.4209,True,False,0.254541828022082,56.722,train,True,15.876534313076883,4.543465686923119,3.952742034746926,True
506,7,C45,4443.137,2889.4685,0.1295533394459409,14.168919818449526,2.825705392108451,12.0,5,1,55.5091,369.0088,18.8967,91.8375,5.6498,405.1571,34.1421,0.9186,21.39,114.8366,cutting,excess_tool_wear,4.6181,21.8519,17.2338,True,False,0.254541828022082,59.417,train,True,15.887762062643649,5.502237937356352,4.786858464181837,True
506,8,C45,4439.8493,2882.1813,0.1295533394459409,14.168919818449526,2.825705392108451,12.0,5,1,55.6758,369.1754,18.8967,76.7304,5.7349,395.8013,32.8901,0.8916,20.15,114.8366,cutting,excess_tool_wear,4.1399,20.2105,16.0706,True,False,0.254541828022082,55.972,train,True,15.879226595232527,4.270773404767471,3.715504137401288,True
506,9,C45,4416.7885,2894.1649,0.1295533394459409,14.168919818449526,2.825705392108451,12.0,5,1,55.8424,369.3421,18.8967,84.128,4.9175,399.852,34.1376,0.9006,21.07,114.8366,cutting,excess_tool_wear,4.4496,21.2735,16.8239,True,False,0.254541828022082,58.528,train,True,15.771608281301308,5.298391718698692,4.609515534217286,True
506,10,C45,4425.0328,2939.3814,0.1295533394459409,14.168919818449526,2.825705392108451,12.0,5,1,56.0091,369.5088,18.8967,83.0803,5.2257,402.3292,33.2699,0.8924,20.54,114.8366,cutting,excess_tool_wear,4.2561,20.6094,16.3533,True,False,0.254541828022082,57.056,train,True,15.823030605961184,4.716969394038815,4.103687467937832,True
506,11,C45,4438.6061,2843.5008,0.1295533394459409,14.168919818449526,2.825705392108451,12.0,5,1,56.1758,369.6754,18.8967,81.8534,5.2999,397.1408,34.3423,0.9007,21.37,114.8366,cutting,excess_tool_wear,4.4444,21.2556,16.8113,True,False,0.254541828022082,59.361,train,True,15.896641949316766,5.473358050683235,4.761733427507715,True
506,12,C45,4449.5409,2881.2851,0.1295533394459409,14.168919818449526,2.825705392108451,12.0,5,1,56.3424,369.8421,18.8967,84.9713,5.2254,393.942,34.1738,0.9097,21.44,114.8366,cutting,excess_tool_wear,4.369,20.9969,16.6279,True,False,0.254541828022082,59.556,train,True,15.962476522155766,5.477523477844235,4.7653572821082575,True
506,13,C45,4434.6825,2881.1958,0.1295533394459409,14.168919818449526,2.825705392108451,12.0,5,1,56.5091,370.0088,18.8967,88.9956,5.2381,394.1543,33.71,0.9197,21.54,114.8366,cutting,excess_tool_wear,4.4956,21.4313,16.9357,True,False,0.254541828022082,59.833,train,True,15.894777230088682,5.645222769911317,4.911252967610785,True
518,5,Al6061,7974.8216,1092.376,0.0692110458014706,0.0,0.0,10.0,2,1,124.4789,8.4608,23.5114,18.0993,0.3974,394.6884,14.4465,0.7755,19.28,17.0946,aircut,none,0.0,7.6169,7.6169,False,True,0.1490942894697932,53.556,val,False,7.659153046343943,11.62084695365606,76.75532084190624,True
527,0,Ti6Al4V,1009.9652,23955.7491,0.0,0.0,0.0,20.0,5,1,8.0453,182.3161,21.9053,4.6404,22.6976,398.2129,11.9236,0.721,5.95,36.6105,rapid,spindle_bearing_friction,0.4315,5.8983,5.4668,False,False,0.0642069496147764,16.528,train,False,5.514093436395664,0.4359065636043358,4.1420579087100915,True
527,1,Ti6Al4V,1010.2666,23990.8654,0.0,0.0,0.0,20.0,5,1,8.0453,182.4828,21.9053,4.5447,22.5722,396.3686,12.0304,0.7181,5.93,36.6105,rapid,spindle_bearing_friction,0.4315,5.8983,5.4668,False,False,0.0642069496147764,16.472,train,False,5.515482130589214,0.41451786941078606,3.938818918205263,True
527,3,Ti6Al4V,1005.4255,605.8247,0.1205158772339654,11.737092070328584,5.146633710309619,20.0,5,1,8.5453,182.8161,21.9053,16.7635,0.4067,397.4826,14.3713,0.7725,7.79,36.6105,cutting,spindle_bearing_friction,0.4315,7.6679,7.2364,False,False,0.0642069496147764,21.639,train,True,6.866369538927765,0.9236304610722348,6.68845930109657,True
527,4,Ti6Al4V,1006.1668,607.4598,0.1205158772339654,11.737092070328584,5.146633710309619,20.0,5,1,8.7119,182.9828,21.9053,14.9224,0.5326,395.3543,14.2172,0.7826,7.63,36.6105,cutting,spindle_bearing_friction,0.4315,7.5976,7.1661,False,False,0.0642069496147764,21.194,train,True,6.8708933685633795,0.7591066314366204,5.497061891681451,True
527,5,Ti6Al4V,1007.7178,617.6089,0.1205158772339654,11.737092070328584,5.146633710309619,20.0,5,1,8.8786,183.1495,21.9053,16.0269,0.1978,399.3947,14.1876,0.7712,7.77,36.6105,cutting,spindle_bearing_friction,0.4315,7.5822,7.1507,False,False,0.0642069496147764,21.583,train,True,6.877858668344884,0.8921413316551154,6.460431134627411,True
527,6,Ti6Al4V,1005.6484,616.8822,0.1205158772339654,11.737092070328584,5.146633710309619,20.0,5,1,9.0453,183.3161,21.9053,15.4593,0.2756,383.5219,14.4983,0.7825,7.62,36.6105,cutting,spindle_bearing_friction,0.4315,7.5114,7.0799,False,False,0.0642069496147764,21.167,train,True,6.875029158385052,0.7449708416149479,5.394697733183091,True
527,7,Ti6Al4V,1004.3721,608.3859,0.1205158772339654,11.737092070328584,5.146633710309619,20.0,5,1,9.2119,183.4828,21.9053,16.6141,0.4852,396.109,14.3527,0.7796,7.74,36.6105,cutting,spindle_bearing_friction,0.4315,7.668,7.2365,False,False,0.0642069496147764,21.5,train,True,6.873933198115438,0.8660668018845623,6.27161272887332,True
527,8,Ti6Al4V,1004.7053,599.5153,0.1205158772339654,11.737092070328584,5.146633710309619,20.0,5,1,9.3786,183.6495,21.9053,17.0823,1.5311,403.676,14.1552,0.7692,7.86,36.6105,cutting,spindle_bearing_friction,0.4315,7.6034,7.1719,False,False,0.0642069496147764,21.833,train,True,6.877014760397523,0.9829852396024776,7.118276243322864,True
527,9,Ti6Al4V,1005.8575,602.8683,0.1205158772339654,11.737092070328584,5.146633710309619,20.0,5,1,9.5453,183.8161,21.9053,16.0174,1.2108,402.994,13.939,0.7711,7.64,36.6105,cutting,spindle_bearing_friction,0.4315,7.4975,7.066,False,False,0.0642069496147764,21.222,train,True,6.882725985336608,0.7572740146633921,5.483791018514259,True
561,6,Al6061,8021.6819,1348.9255,0.0559834041012694,13.079412919263136,2.9333042253797523,12.0,3,1,170.1091,31.5108,28.3699,27.997,1.4582,399.2498,18.0072,0.7902,17.84,51.5485,cutting,none,0.0,9.8672,9.8672,False,True,0.1967205450654546,49.556,train,True,9.82209469566743,8.01790530433257,24.585173170127792,True
561,10,Al6061,8018.5376,1336.314,0.0559834041012694,13.079412919263136,2.9333042253797523,12.0,3,1,170.7757,32.1774,28.3699,28.2878,0.881,406.494,17.4688,0.813,24.39,51.5485,cutting,none,0.0,10.0485,10.0485,False,True,0.1967205450654546,67.75,train,True,9.81468287540058,14.57531712459942,44.69205882541097,True
580,0,C45,0.0,0.0,0.0,0.0,0.0,10.0,4,0,10.7047,332.8857,20.2699,0.0,0.0,394.3849,6.5218,0.6025,5.36,23.5951,standby,none,0.0,2.6854,2.6854,False,True,0.0538852567694252,14.889,train,False,2.697324213385654,2.6626757866143462,39.82740237544279,True
584,2,Ti6Al4V,1144.0356,23811.8407,0.0,0.0,0.0,16.0,3,1,14.6493,196.8757,17.1105,2.4988,22.8561,398.9574,14.4575,0.8078,8.01,1.5754,rapid,coolant_stuck_hp,2.7,8.1065,5.4065,True,False,0.056861199271401,22.25,val,False,5.422706787280271,2.587293212719729,24.58489779388837,True
584,3,Ti6Al4V,1143.3632,23968.2449,0.0,0.0,0.0,16.0,3,1,14.6493,197.0424,17.1105,2.1257,21.9838,402.2092,14.6519,0.7891,8.02,1.5754,rapid,coolant_stuck_hp,2.7,8.1064,5.4064,True,False,0.056861199271401,22.278,val,False,5.42840191010961,2.5915980898903896,24.625803465010463,True
584,4,Ti6Al4V,1149.6974,331.7862,0.0963842497741675,0.0,0.0,16.0,3,1,14.6493,197.209,17.1105,2.4044,0.7312,397.1658,13.2161,0.7951,7.35,1.5754,aircut,coolant_stuck_hp,2.7,7.2189,4.5189,True,False,0.056861199271401,20.417,val,False,4.5438465696459565,2.806153430354043,41.97349236425335,True
584,5,Ti6Al4V,1146.7222,327.8622,0.0963842497741675,3.326642210209003,1.4268573357294885,16.0,3,1,15.4826,197.3757,17.1105,2.9113,0.0,396.8094,14.1744,0.7894,7.54,1.5754,cutting,coolant_stuck_hp,2.7,7.6597,4.9597,True,False,0.056861199271401,20.944,val,True,5.011536067537023,2.5284639324629774,37.81990692830182,True
584,6,Ti6Al4V,1145.0213,334.3925,0.0963842497741675,3.326642210209003,1.4268573357294885,16.0,3,1,15.6493,197.5424,17.1105,2.9802,0.3272,402.0304,14.0707,0.7848,7.76,1.5754,cutting,coolant_stuck_hp,2.7,7.6633,4.9633,True,False,0.056861199271401,21.556,val,True,5.0112593675589805,2.7487406324410193,41.11473118293452,True
584,7,Ti6Al4V,1141.6547,333.7314,0.0963842497741675,3.326642210209003,1.4268573357294885,16.0,3,1,15.8159,197.709,17.1105,2.9311,0.3539,399.8172,14.0208,0.7848,7.67,1.5754,cutting,coolant_stuck_hp,2.7,7.6624,4.9624,True,False,0.056861199271401,21.306,val,True,5.010119882103744,2.6598801178962557,39.78558570985264,True
584,8,Ti6Al4V,1146.3008,334.3514,0.0963842497741675,3.326642210209003,1.4268573357294885,16.0,3,1,15.9826,197.8757,17.1105,3.1163,0.6568,396.2418,14.1911,0.7817,7.79,1.5754,cutting,coolant_stuck_hp,2.7,7.6585,4.9585,True,False,0.056861199271401,21.639,val,True,5.011879709023512,2.7781202909764877,41.55418216229429,True
584,9,Ti6Al4V,1147.2117,329.0454,0.0963842497741675,3.326642210209003,1.4268573357294885,16.0,3,1,16.1493,198.0424,17.1105,2.5757,1.2901,395.9589,14.2443,0.7816,7.75,1.5754,cutting,coolant_stuck_hp,2.7,7.66,4.96,True,False,0.056861199271401,21.528,val,True,5.012089435812621,2.737910564187379,40.95273869092343,True
584,10,Ti6Al4V,1147.3561,334.1383,0.0963842497741675,3.326642210209003,1.4268573357294885,16.0,3,1,16.3159,198.209,17.1105,2.8522,0.8998,398.8272,14.2186,0.7818,7.76,1.5754,cutting,coolant_stuck_hp,2.7,7.6578,4.9578,True,False,0.056861199271401,21.556,val,True,5.012415737791277,2.747584262208723,41.097434588746005,True
584,11,Ti6Al4V,1145.9881,330.5849,0.0963842497741675,3.326642210209003,1.4268573357294885,16.0,3,1,16.4826,198.3757,17.1105,3.0665,0.0,402.0486,13.4677,0.8125,7.59,1.5754,cutting,coolant_stuck_hp,2.7,7.6626,4.9626,True,False,0.056861199271401,21.083,val,True,5.011876995230351,2.5781230047696493,38.5626905087481,True
584,12,Ti6Al4V,1145.723,330.2836,0.0963842497741675,3.326642210209003,1.4268573357294885,16.0,3,1,16.6493,198.5424,17.1105,3.4287,0.8958,404.5328,13.7297,0.7952,7.76,1.5754,cutting,coolant_stuck_hp,2.7,7.658,4.958,True,False,0.056861199271401,21.556,val,True,5.011854170586703,2.748145829413297,41.10583432074863,True
584,13,Ti6Al4V,1150.1866,327.8417,0.0963842497741675,3.326642210209003,1.4268573357294885,16.0,3,1,16.8159,198.709,17.1105,2.8088,0.0,408.4182,13.7268,0.7883,7.89,1.5754,cutting,coolant_stuck_hp,2.7,7.6621,4.9621,True,False,0.056861199271401,21.917,val,True,5.013447117608194,2.876552882391806,43.02650351845166,True
584,14,Ti6Al4V,1144.4751,331.4285,0.0963842497741675,3.326642210209003,1.4268573357294885,16.0,3,1,16.9826,198.8757,17.1105,2.5443,0.3678,393.3404,14.3771,0.7799,7.7,1.5754,cutting,coolant_stuck_hp,2.7,7.6633,4.9633,True,False,0.056861199271401,21.389,val,True,5.011616092512927,2.688383907487073,40.21193573825843,True
594,0,Al6061,6445.6018,24320.1528,0.0,0.0,0.0,12.0,3,0,316.0818,133.3481,24.0796,28.5437,23.1693,399.5294,16.3518,0.812,8.94,147.5093,rapid,spindle_bearing_friction,3.3721,9.1099,5.7378,True,False,0.2504443587853784,24.833,train,False,5.752305794390478,3.187694205609522,30.290009596824806,True
594,1,Al6061,6439.5796,1321.9266,0.0683786029507729,0.0,0.0,12.0,3,0,316.0818,133.5148,24.0796,29.2605,1.4229,400.3038,15.1369,0.7899,8.26,147.5093,aircut,spindle_bearing_friction,3.3719,8.2593,4.8874,True,False,0.2504443587853784,22.944,train,False,4.887779803109685,3.372220196890315,50.44052729037644,True
594,2,Al6061,6468.7762,1316.1877,0.0683786029507729,15.435133817820264,7.2163181771685085,12.0,3,0,316.4152,133.6815,24.0796,56.3499,2.2204,396.8879,22.4405,0.8786,13.8,147.5093,cutting,spindle_bearing_friction,3.3718,13.6385,10.2667,True,False,0.2504443587853784,38.333,train,True,9.997449839771924,3.8025501602280762,11.659697967097214,True
594,3,Al6061,6436.7459,1327.4279,0.0683786029507729,15.435133817820264,7.2163181771685085,12.0,3,0,316.5818,133.8481,24.0796,57.1023,2.2344,394.4353,23.1631,0.8595,13.59,147.5093,cutting,spindle_bearing_friction,3.3716,13.7656,10.394,True,False,0.2504443587853784,37.75,train,True,9.941729440921348,3.648270559078652,11.186632924931244,True
594,4,Al6061,6471.0125,1314.1296,0.0683786029507729,15.435133817820264,7.2163181771685085,12.0,3,0,316.7485,134.0148,24.0796,54.6355,1.3627,398.6589,23.0399,0.8704,13.6,147.5093,cutting,spindle_bearing_friction,3.3715,13.8515,10.48,True,False,0.2504443587853784,37.778,train,True,10.002248849365955,3.5977511506340445,11.031726081071172,True
594,5,Al6061,6483.9735,1322.1877,0.0683786029507729,15.435133817820264,7.2163181771685085,12.0,3,0,316.9152,134.1815,24.0796,53.2409,1.0316,401.9731,22.2413,0.8751,13.87,147.5093,cutting,spindle_bearing_friction,3.3713,13.5008,10.1295,True,False,0.2504443587853784,38.528,train,True,10.026087461744096,3.8439125382559034,11.786526756905062,True
594,6,Al6061,6448.3181,1323.9364,0.0683786029507729,15.435133817820264,7.2163181771685085,12.0,3,0,317.0818,134.3481,24.0796,53.7987,1.5869,400.609,22.0412,0.869,13.28,147.5093,cutting,spindle_bearing_friction,3.3712,13.2946,9.9234,True,False,0.2504443587853784,36.889,train,True,9.963313749454818,3.3166862505451817,10.169901330285521,True
594,7,Al6061,6445.0728,1308.4335,0.0683786029507729,15.435133817820264,7.2163181771685085,12.0,3,0,317.2485,134.5148,24.0796,55.2757,1.539,406.516,22.2109,0.8758,13.89,147.5093,cutting,spindle_bearing_friction,3.371,13.6833,10.3122,True,False,0.2504443587853784,38.583,train,True,9.957448699356965,3.932551300643036,12.058318358346888,True
615,6,SS316L,3833.8405,1844.2855,0.0796624674097349,11.220165027845946,3.2892075780563816,12.0,6,2,1.663,261.0896,25.4931,32.4454,2.6672,399.34,24.1077,0.8427,37.92,67.7801,cutting,none,0.0,13.9637,13.9637,False,True,0.0241215426991206,105.333,train,True,13.936529828818175,23.98347017118183,20.86523310995429,True
617,0,C45,4621.1349,24215.0157,0.0,0.0,0.0,16.0,4,1,16.5696,7.0099,22.4267,9.1051,22.6565,396.0393,15.346,0.7965,8.41,57.026,rapid,aux_leak,1.4512,8.3607,6.9095,True,False,0.2402920380423953,23.361,train,False,6.93466078507851,1.4753392149214903,10.683651861003773,True
617,1,C45,4593.4421,1996.1274,0.1063664043613382,0.0,0.0,16.0,4,1,16.5696,7.1766,22.4267,10.3099,2.9577,400.7722,13.9524,0.7743,7.59,57.026,aircut,aux_leak,1.4512,7.533,6.0818,True,False,0.2402920380423953,21.083,train,False,6.088581858255733,1.5014181417442671,14.26672917441428,True
622,0,Ti6Al4V,1717.3311,23986.1197,0.0,0.0,0.0,10.0,5,2,64.9743,233.2595,26.428,3.5631,22.7517,400.8853,17.7524,0.8404,10.32,7.6716,rapid,aux_leak,1.9254,10.3647,8.4393,True,False,0.2473529792855517,28.667,train,False,8.4713136067864,1.848686393213601,10.081859077742227,True
622,1,Ti6Al4V,1712.3994,743.9439,0.0867016357389802,0.0,0.0,10.0,5,2,64.9743,233.4261,26.428,3.1519,1.0256,400.5022,16.8974,0.8117,9.58,7.6716,aircut,aux_leak,1.9254,9.4925,7.5671,True,False,0.2473529792855517,26.611,train,False,7.594151164436823,1.9858488355631767,13.11646776909173,True
622,2,Ti6Al4V,1711.3033,742.1175,0.0867016357389802,1.926850774275347,5.364956219402536,10.0,5,2,65.3076,233.5928,26.428,5.7044,1.216,401.8772,17.7545,0.8325,10.32,7.6716,cutting,aux_leak,1.9254,10.3249,8.3996,True,False,0.2473529792855517,28.667,train,True,8.457561289007904,1.8624387109920963,10.156857698570555,True
622,3,Ti6Al4V,1711.3139,749.5134,0.0867016357389802,1.926850774275347,5.364956219402536,10.0,5,2,65.4743,233.7595,26.428,5.3507,0.9417,406.8954,17.5193,0.8329,10.54,7.6716,cutting,aux_leak,1.9254,10.3324,8.407,True,False,0.2473529792855517,29.278,train,True,8.458169456720281,2.081830543279718,11.353316732428926,True
622,4,Ti6Al4V,1720.5944,738.3951,0.0867016357389802,1.926850774275347,5.364956219402536,10.0,5,2,65.6409,233.9261,26.428,5.8731,1.8864,401.5837,17.9751,0.8203,10.28,7.6716,cutting,aux_leak,1.9254,10.3214,8.396,True,False,0.2473529792855517,28.556,train,True,8.46582401656928,1.8141759834307187,9.893655665079386,True
622,5,Ti6Al4V,1706.9536,744.1927,0.0867016357389802,1.926850774275347,5.364956219402536,10.0,5,2,65.8076,234.0928,26.428,6.2626,0.9415,407.4842,17.6854,0.8261,10.33,7.6716,cutting,aux_leak,1.9254,10.3195,8.3942,True,False,0.2473529792855517,28.694,train,True,8.454990033263526,1.8750099667364744,10.225415367037385,True
622,6,Ti6Al4V,1708.72,758.0523,0.0867016357389802,1.926850774275347,5.364956219402536,10.0,5,2,65.9743,234.2595,26.428,5.9196,1.1231,398.7634,18.108,0.8268,10.18,7.6716,cutting,aux_leak,1.9254,10.3288,8.4034,True,False,0.2473529792855517,28.278,train,True,8.457295067210056,1.7227049327899433,9.394815923715656,True
622,7,Ti6Al4V,1720.2543,742.0718,0.0867016357389802,1.926850774275347,5.364956219402536,10.0,5,2,66.1409,234.4261,26.428,5.5811,0.3402,397.5525,18.5594,0.8114,10.41,7.6716,cutting,aux_leak,1.9254,10.3472,8.4218,True,False,0.2473529792855517,28.917,train,True,8.466664507779102,1.943335492220898,10.598030388100643,True
622,8,Ti6Al4V,1703.3917,742.0127,0.0867016357389802,1.926850774275347,5.364956219402536,10.0,5,2,66.3076,234.5928,26.428,5.6742,0.6136,407.0645,17.9691,0.8157,10.3,7.6716,cutting,aux_leak,1.9254,10.33,8.4047,True,False,0.2473529792855517,28.611,train,True,8.452902949897997,1.847097050102004,10.07319155396095,True
625,4,C45,7053.5379,1756.0289,0.0630799417971166,6.377636955146402,2.1204047372748183,8.0,4,1,6.7542,521.8905,19.0891,24.8045,1.956,391.8571,16.6252,0.8222,9.43,24.1067,cutting,none,0.0,9.2354,9.2354,False,False,0.048114574989308,26.194,val,True,8.700125682237614,0.7298743177623859,3.9803884764642223,True
641,1,SS316L,5066.2206,24010.3678,0.0,0.0,0.0,8.0,4,1,14.4574,55.0222,29.8547,20.6082,22.8637,395.2066,16.3861,0.8294,9.13,29.9403,rapid,spindle_bearing_friction,2.3166,9.2711,6.9545,True,False,0.1688229480059262,25.361,val,False,6.980748320830022,2.1492516791699785,15.563781176352538,True
641,2,SS316L,5059.7656,1059.3544,0.0520077901539637,0.0,0.0,8.0,4,1,14.4574,55.1888,29.8547,21.0572,0.7397,401.4613,15.0362,0.8031,8.28,29.9403,aircut,spindle_bearing_friction,2.3159,8.4094,6.0935,True,False,0.1688229480059262,23.0,val,False,6.113089428979705,2.1669105710202947,20.590350817265918,True
641,3,SS316L,5077.9449,1064.6578,0.0520077901539637,7.791543087256587,3.6471153990604046,8.0,4,1,14.9574,55.3555,29.8547,35.62,0.6444,401.5323,19.8006,0.8471,11.4,29.9403,cutting,spindle_bearing_friction,2.3152,11.5492,9.234,True,False,0.1688229480059262,31.667,val,True,9.327142822567538,2.0728571774324624,8.633813645810024,True
641,4,SS316L,5075.7825,1048.0138,0.0520077901539637,7.791543087256587,3.6471153990604046,8.0,4,1,15.1241,55.5222,29.8547,33.0865,0.901,397.9303,19.4414,0.8395,11.35,29.9403,cutting,spindle_bearing_friction,2.3145,11.2689,8.9544,True,False,0.1688229480059262,31.528,val,True,9.328240470759864,2.0217595292401356,8.42098298046811,True
641,5,SS316L,5073.2901,1046.7104,0.0520077901539637,7.791543087256587,3.6471153990604046,8.0,4,1,15.2908,55.6888,29.8547,36.7816,1.0842,389.8095,20.3107,0.8445,11.71,29.9403,cutting,spindle_bearing_friction,2.3139,11.5645,9.2506,True,False,0.1688229480059262,32.528,val,True,9.329472905199209,2.380527094800792,9.915312805472448,True
641,6,SS316L,5061.3486,1047.3894,0.0520077901539637,7.791543087256587,3.6471153990604046,8.0,4,1,15.4574,55.8555,29.8547,36.1195,1.3369,398.4015,19.7188,0.8459,11.66,29.9403,cutting,spindle_bearing_friction,2.3132,11.5615,9.2483,True,False,0.1688229480059262,32.389,val,True,9.318528571805073,2.341471428194927,9.752639105152394,True
641,7,SS316L,5060.6873,1069.7112,0.0520077901539637,7.791543087256587,3.6471153990604046,8.0,4,1,15.6241,56.0222,29.8547,33.9118,1.5704,391.252,20.1122,0.829,11.41,29.9403,cutting,spindle_bearing_friction,2.3125,11.2917,8.9792,True,False,0.1688229480059262,31.694,val,True,9.322949752338529,2.0870502476614714,8.692930272248775,True
647,3,C45,3490.741,1101.4011,0.0779463979002267,8.30677369612935,9.246061437166594,16.0,4,1,27.7942,357.6142,19.5409,59.9988,2.2862,397.8891,26.0924,0.8955,16.41,83.5691,cutting,excess_tool_wear,3.8808,16.139,12.2582,True,False,0.1556129320593642,45.583,train,True,11.67390055967212,4.73609944032788,8.27253471165798,True
647,4,C45,3493.6002,1107.1649,0.0779463979002267,8.30677369612935,9.246061437166594,16.0,4,1,27.9608,357.7809,19.5409,61.8085,1.5624,401.113,26.4696,0.8719,16.2,83.5691,cutting,excess_tool_wear,3.8309,16.004,12.1731,True,False,0.1556129320593642,45.0,train,True,11.687507616534395,4.512492383465604,7.881960746104419,True
647,5,C45,3479.9025,1082.5308,0.0779463979002267,8.30677369612935,9.246061437166594,16.0,4,1,28.1275,357.9476,19.5409,56.845,1.1071,400.6675,26.509,0.8665,16.02,83.5691,cutting,excess_tool_wear,3.7984,15.9159,12.1175,True,False,0.1556129320593642,44.5,train,True,11.65091755962382,4.369082440376179,7.631466906785447,True
647,6,C45,3482.9024,1077.4215,0.0779463979002267,8.30677369612935,9.246061437166594,16.0,4,1,28.2942,358.1142,19.5409,59.6433,1.264,399.8738,26.4628,0.8804,15.9,83.5691,cutting,excess_tool_wear,3.8726,16.1168,12.2442,True,False,0.1556129320593642,44.167,train,True,11.664458600283448,4.235541399716553,7.398211058126322,True
647,7,C45,3478.8671,1082.908,0.0779463979002267,8.30677369612935,9.246061437166594,16.0,4,1,28.4608,358.2809,19.5409,60.4619,1.1193,401.7146,25.0151,0.9039,16.18,83.5691,cutting,excess_tool_wear,3.7454,15.7725,12.0271,True,False,0.1556129320593642,44.944,train,True,11.657538626346248,4.522461373653751,7.899373559836624,True
647,8,C45,3490.7557,1109.3221,0.0779463979002267,8.30677369612935,9.246061437166594,16.0,4,1,28.6275,358.4476,19.5409,56.4751,1.5939,410.0723,24.3006,0.8825,15.38,83.5691,cutting,excess_tool_wear,3.5443,15.228,11.6837,True,False,0.1556129320593642,42.722,train,True,11.698821923794636,3.6811780762053647,6.429905832613807,True
647,9,C45,3488.2744,1090.8823,0.0779463979002267,8.30677369612935,9.246061437166594,16.0,4,1,28.7942,358.6142,19.5409,62.4388,2.1115,405.5144,26.815,0.8884,16.79,83.5691,cutting,excess_tool_wear,4.0781,16.6729,12.5948,True,False,0.1556129320593642,46.639,train,True,11.695613354502262,5.094386645497737,8.898354202750712,True
647,10,C45,3497.6687,1099.5941,0.0779463979002267,8.30677369612935,9.246061437166594,16.0,4,1,28.9608,358.7809,19.5409,58.7309,1.6276,388.6448,26.2093,0.9043,16.12,83.5691,cutting,excess_tool_wear,3.7761,15.8557,12.0796,True,False,0.1556129320593642,44.778,train,True,11.729096500491321,4.3909034995086795,7.669581703865438,True
647,11,C45,3489.7284,1070.8044,0.0779463979002267,8.30677369612935,9.246061437166594,16.0,4,1,29.1275,358.9476,19.5409,62.1272,2.5616,403.1061,26.03,0.871,15.83,83.5691,cutting,excess_tool_wear,3.7809,15.8687,12.0878,True,False,0.1556129320593642,43.972,train,True,11.709033289198496,4.120966710801504,7.198083695289207,True
666,10,SS316L,4944.1315,2108.596,0.0868229522402577,4.706312100396279,3.866295880188126,8.0,5,1,9.3523,414.3604,25.5678,25.1679,3.1343,401.0759,16.4693,0.821,16.48,38.9711,cutting,none,0.0,9.4126,9.4126,False,True,0.0893131954290678,45.778,test,True,9.395545992428719,7.084454007571281,29.507993290423087,True
667,1,Ti6Al4V,3031.0296,23904.2095,0.0,0.0,0.0,8.0,6,2,14.4477,36.355,30.7472,10.6811,22.558,392.8456,17.9676,0.8277,10.06,21.2941,rapid,spindle_bearing_friction,1.0885,10.1006,9.0122,True,False,0.1549220722924938,27.944,train,False,9.039106437341317,1.0208935626586833,4.252200715111417,True
667,2,Ti6Al4V,3027.5458,952.9193,0.0528332429924381,0.0,0.0,8.0,6,2,14.4477,36.5217,30.7472,10.5906,1.173,399.1489,16.4811,0.8166,9.02,21.2941,aircut,spindle_bearing_friction,1.088,9.2355,8.1476,True,False,0.1549220722924938,25.056,train,False,8.177204541524368,0.8427954584756314,5.135344762102191,True
667,3,Ti6Al4V,3029.9453,970.5766,0.0528332429924381,0.0,0.0,8.0,6,2,14.4477,36.6883,30.7472,10.9533,0.2454,390.1734,16.5963,0.8221,9.26,21.2941,aircut,spindle_bearing_friction,1.0875,9.2346,8.1471,True,False,0.1549220722924938,25.722,train,False,8.178214720984135,1.0817852790158646,6.591564193240138,True
667,4,Ti6Al4V,3036.4759,952.0985,0.0528332429924381,5.043041774897986,4.411210909136713,8.0,6,2,15.1144,36.855,30.7472,17.9876,1.025,406.5871,18.5606,0.8503,11.15,21.2941,cutting,spindle_bearing_friction,1.087,11.1075,10.0205,True,False,0.1549220722924938,30.972,train,True,9.980744913451343,1.1692550865486577,3.585267933673161,True
667,5,Ti6Al4V,3005.0401,951.3753,0.0528332429924381,5.043041774897986,4.411210909136713,8.0,6,2,15.281,37.0217,30.7472,19.7438,1.6818,411.6799,18.4368,0.8493,11.09,21.2941,cutting,spindle_bearing_friction,1.0865,11.0888,10.0023,True,False,0.1549220722924938,30.806,train,True,9.946117605007512,1.1438823949924881,3.507468060511327,True
667,6,Ti6Al4V,3013.826,956.9661,0.0528332429924381,5.043041774897986,4.411210909136713,8.0,6,2,15.4477,37.1883,30.7472,19.4475,0.3847,404.3962,19.165,0.8328,11.32,21.2941,cutting,spindle_bearing_friction,1.086,11.1326,10.0465,True,False,0.1549220722924938,31.444,train,True,9.959672018613942,1.3603279813860585,4.171151656340318,True
667,7,Ti6Al4V,2996.5548,948.6095,0.0528332429924381,5.043041774897986,4.411210909136713,8.0,6,2,15.6144,37.355,30.7472,20.7014,1.2806,404.43,19.1876,0.8283,11.4,21.2941,cutting,spindle_bearing_friction,1.0856,11.1343,10.0488,True,False,0.1549220722924938,31.667,train,True,9.941595863189225,1.4584041368107759,4.47188098319756,True
677,1,C45,5699.3022,24131.4884,0.0,0.0,0.0,10.0,5,1,42.7671,95.0924,26.378,9.6902,50.2551,394.2205,15.4864,0.7689,7.97,20.3904,rapid,axis_drag,1.1122,8.1467,7.0344,True,False,0.153517444155267,22.139,train,False,7.070215777922899,0.8997842220771011,6.515777037220151,True
677,2,C45,5708.3611,23902.863,0.0,0.0,0.0,10.0,5,1,42.7671,95.2591,26.378,10.4702,50.505,400.575,15.0902,0.7829,8.01,20.3904,rapid,axis_drag,1.1122,8.1464,7.0342,True,False,0.153517444155267,22.25,train,False,7.0647751666258145,0.9452248333741853,6.84483469835951,True
678,0,Al6061,8034.3652,24066.7146,0.0,0.0,0.0,6.0,3,1,1274.6345,456.8074,23.9562,14.7832,22.1674,399.2687,16.3639,0.817,9.31,4.0103,rapid,aux_leak,1.3942,9.2132,7.819,True,False,0.1480417975926731,25.861,train,False,7.862611565799527,1.447388434200474,8.819267521614924,True
678,1,Al6061,7978.6374,24309.363,0.0,0.0,0.0,6.0,3,1,1274.6345,456.974,23.9562,14.0308,23.1098,400.4653,16.524,0.7989,9.24,4.0103,rapid,aux_leak,1.3942,9.2132,7.819,True,False,0.1480417975926731,25.667,train,False,7.848328666341965,1.391671333658035,8.479770532692305,True
678,2,Al6061,8050.2175,512.3478,0.0212418954890137,0.0,0.0,6.0,3,1,1274.6345,457.1407,23.9562,14.0229,0.7705,402.6263,14.72,0.8096,8.08,4.0103,aircut,aux_leak,1.3942,8.3323,6.9381,True,False,0.1480417975926731,22.444,train,False,6.986264922075565,1.0937350779244355,7.920269916592924,True
678,3,Al6061,7975.1581,510.4734,0.0212418954890137,0.0,0.0,6.0,3,1,1274.6345,457.3074,23.9562,14.4996,0.0,394.879,15.6337,0.7854,8.09,4.0103,aircut,aux_leak,1.3942,8.3323,6.9381,True,False,0.1480417975926731,22.472,train,False,6.954693173576437,1.1353068264235633,8.221311252528348,True
678,4,Al6061,8056.9289,506.2283,0.0212418954890137,6.023609499369795,1.3059241816440017,6.0,3,1,1275.3012,457.474,23.9562,15.0765,0.0571,391.4409,16.7099,0.7884,8.81,4.0103,cutting,aux_leak,1.3942,8.8657,7.4715,True,False,0.1480417975926731,24.472,train,True,7.520085956870764,1.2899140431292366,8.519840820011488,True
678,5,Al6061,7997.8297,503.1219,0.0212418954890137,6.023609499369795,1.3059241816440017,6.0,3,1,1275.4678,457.6407,23.9562,15.4751,0.2111,394.7004,16.2736,0.7976,9.05,4.0103,cutting,aux_leak,1.3942,8.8677,7.4735,True,False,0.1480417975926731,25.139,train,True,7.493405864009245,1.556594135990756,10.28125426701463,True
678,6,Al6061,8035.6432,506.4635,0.0212418954890137,6.023609499369795,1.3059241816440017,6.0,3,1,1275.6345,457.8074,23.9562,15.9339,0.2526,399.1885,16.0799,0.7973,8.8,4.0103,cutting,aux_leak,1.3942,8.8712,7.477,True,False,0.1480417975926731,24.444,train,True,7.510518684421736,1.2894813155782643,8.51698266843747,True
678,7,Al6061,8005.4052,508.2544,0.0212418954890137,6.023609499369795,1.3059241816440017,6.0,3,1,1275.8012,457.974,23.9562,15.8519,0.7443,396.8183,16.0363,0.8023,9.14,4.0103,cutting,aux_leak,1.3942,8.8673,7.4731,True,False,0.1480417975926731,25.389,train,True,7.497002324335759,1.6429976756642413,10.85194687108754,True
697,4,C45,7676.7516,1457.4561,0.0475395322475192,9.539386251715092,1.8200299086108145,8.0,4,1,29.1261,417.8555,22.9453,30.3115,1.1486,394.2214,17.5665,0.8217,18.73,25.4323,cutting,none,0.0,9.8496,9.8496,False,True,0.1585724547911483,52.028,train,True,9.764437409835491,8.96556259016451,27.490959356642367,True
712,1,SS316L,2595.6866,24136.8715,0.0,0.0,0.0,16.0,5,1,24.0427,488.2355,30.6691,11.5565,22.3009,405.1745,13.9717,0.7794,7.59,73.3054,rapid,spindle_bearing_friction,1.5095,7.5753,6.0657,True,False,0.2495671429547778,21.083,val,False,6.10807960441816,1.4819203955818399,14.081458291988639,True
712,2,SS316L,2575.0404,1439.4162,0.1091584283203908,0.0,0.0,16.0,5,1,24.0427,488.4021,30.6691,12.7633,1.417,409.1579,12.3106,0.7645,6.79,73.3054,aircut,spindle_bearing_friction,1.5095,6.7282,5.2187,True,False,0.2495671429547778,18.861,val,False,5.251422106347171,1.5385778936528292,23.013526905725268,True
712,3,SS316L,2584.9508,1434.1416,0.1091584283203908,8.18958116302337,6.341452184687997,16.0,5,1,24.5427,488.5688,30.6691,53.9283,2.0816,398.2819,25.8767,0.873,15.43,73.3054,cutting,spindle_bearing_friction,1.5095,15.5892,14.0797,True,False,0.2495671429547778,42.861,val,True,12.445634670281116,2.9843653297188837,5.212784506200932,True
712,4,SS316L,2583.8279,1403.676,0.1091584283203908,8.18958116302337,6.341452184687997,16.0,5,1,24.7094,488.7355,30.6691,50.4396,2.4202,399.5314,24.1195,0.8795,14.94,73.3054,cutting,spindle_bearing_friction,1.5095,14.6954,13.1858,True,False,0.2495671429547778,41.5,val,True,12.450413548562338,2.4895864514376616,4.348555303088329,True
712,5,SS316L,2580.6461,1429.2839,0.1091584283203908,8.18958116302337,6.341452184687997,16.0,5,1,24.876,488.9021,30.6691,55.103,1.0196,396.6952,25.0437,0.8734,14.84,73.3054,cutting,spindle_bearing_friction,1.5095,14.9854,13.4759,True,False,0.2495671429547778,41.222,val,True,12.445429014284262,2.3945709857157382,4.182591993357961,True
712,6,SS316L,2576.6129,1413.3646,0.1091584283203908,8.18958116302337,6.341452184687997,16.0,5,1,25.0427,489.0688,30.6691,54.7184,1.7882,402.5877,24.1676,0.8928,15.42,73.3054,cutting,spindle_bearing_friction,1.5095,15.0119,13.5023,True,False,0.2495671429547778,42.833,val,True,12.43391716729539,2.9860828327046107,5.215784464974141,True
712,7,SS316L,2600.6841,1425.1812,0.1091584283203908,8.18958116302337,6.341452184687997,16.0,5,1,25.2094,489.2355,30.6691,54.0204,1.7181,400.7714,24.0062,0.8961,14.79,73.3054,cutting,spindle_bearing_friction,1.5095,14.9807,13.4711,True,False,0.2495671429547778,41.083,val,True,12.586700994591444,2.203299005408555,3.8484976365154036,True
712,8,SS316L,2585.769,1398.0552,0.1091584283203908,8.18958116302337,6.341452184687997,16.0,5,1,25.376,489.4021,30.6691,52.2247,2.6252,407.4767,23.9242,0.8892,29.17,73.3054,cutting,spindle_bearing_friction,1.5095,15.0369,13.5273,True,True,0.2495671429547778,81.028,val,True,12.510805602732704,16.6591943972673,29.098579042949957,True
712,9,SS316L,2577.8877,1409.0748,0.1091584283203908,8.18958116302337,6.341452184687997,16.0,5,1,25.5427,489.5688,30.6691,56.3591,3.3292,397.0232,25.726,0.8855,15.59,73.3054,cutting,spindle_bearing_friction,1.5095,15.5752,14.0656,True,False,0.2495671429547778,43.306,val,True,12.477621932457472,3.1123780675425277,5.436384080180137,True
712,10,SS316L,2589.3042,1414.2379,0.1091584283203908,8.18958116302337,6.341452184687997,16.0,5,1,25.7094,489.7355,30.6691,52.9091,2.3312,398.3758,24.5455,0.8854,15.1,73.3054,cutting,spindle_bearing_friction,1.5095,15.0256,13.5161,True,False,0.2495671429547778,41.944,val,True,12.556981954634665,2.5430180453653346,4.441884153344752,True
716,5,C45,5236.7993,1639.6327,0.052753393320403,11.644704736709354,5.97416402415211,10.0,6,1,26.2192,329.2453,19.5378,54.9788,2.3864,395.4751,24.5979,0.8806,39.98,114.9424,cutting,none,0.0,14.7534,14.7534,False,True,0.0964283449377385,111.056,train,True,14.934789798285884,25.045210201714113,21.788929851130856,True
730,0,C45,0.0,0.0,0.0,0.0,0.0,12.0,4,0,96.3781,445.0502,20.6128,0.0,0.0,402.3456,8.4234,0.6379,3.71,159.8183,standby,aux_leak,1.0408,3.7331,2.6923,True,False,0.1995335426649294,10.306,train,False,2.7061761827250717,1.0038238172749283,15.014856591119806,True
730,1,C45,3692.2769,24049.5728,0.0,0.0,0.0,12.0,4,2,96.3781,445.2168,20.6128,6.4384,22.092,405.9871,17.5486,0.8096,9.96,159.8183,rapid,aux_leak,1.0408,9.9374,8.8965,True,False,0.1995335426649294,27.667,train,False,8.902799239484962,1.0572007605150393,4.403426561110903,True
730,2,C45,3691.6803,1827.9084,0.123935042464759,0.0,0.0,12.0,4,2,96.3781,445.3835,20.6128,6.778,1.3493,402.9535,15.86,0.8215,9.05,159.8183,aircut,aux_leak,1.0408,9.106,8.0652,True,False,0.1995335426649294,25.139,train,False,8.06917001632355,0.9808299836764505,5.976420575753819,True
766,8,Al6061,7985.5312,2059.5987,0.0840642880454031,2.0018965351824427,2.1213788156202167,8.0,3,1,39.3815,310.4713,26.6048,15.8973,1.4687,390.2251,14.5474,0.7715,15.08,8.5681,cutting,none,0.0,7.6458,7.6458,False,True,0.0360018577827285,41.889,train,True,7.689815741520713,7.390184258479287,48.811929638392094,True
782,12,C45,6677.9104,2364.2877,0.0916218083382024,7.777473708674467,1.2604126453445603,10.0,4,1,23.1141,33.9435,25.357,27.1906,2.7591,394.377,17.0547,0.8256,18.39,23.9032,cutting,none,0.0,9.6923,9.6923,False,True,0.2440074249281867,51.083,train,True,9.555249078430483,8.834750921569517,36.79828687399513,True
808,0,C45,0.0,0.0,0.0,0.0,0.0,12.0,4,0,51.312,260.2591,27.4078,0.0,0.6183,396.0992,6.9144,0.5953,5.79,27.7109,standby,none,0.0,2.8282,2.8282,False,True,0.2527945332601854,16.083,test,False,2.8479817277055073,2.9420182722944928,44.00571264275696,True
826,6,C45,7759.2499,2938.8337,0.0756636451015264,8.095183029835818,2.3787079097255917,10.0,5,1,14.691,405.4826,25.2813,41.4336,3.6436,398.6608,20.9897,0.862,28.49,56.7804,cutting,none,0.0,12.5161,12.5161,False,True,0.1976034010072185,79.139,test,True,12.814519587409961,15.675480412590037,27.38032794051477,True
859,0,C45,0.0,0.0,0.0,0.0,0.0,16.0,4,0,65.3602,62.8229,22.0423,0.0,0.4271,398.9277,9.4574,0.691,4.44,67.8259,standby,aux_leak,1.8276,4.5485,2.7208,True,False,0.1363375929770461,12.333,train,False,2.7358726048486863,1.704127395151314,25.48976026555831,True
859,1,C45,2729.0468,24449.0359,0.0,0.0,0.0,16.0,4,2,65.3602,62.9895,22.0423,4.8943,22.136,399.6129,18.5461,0.8221,10.29,67.8259,rapid,aux_leak,1.8276,10.5175,8.6899,True,False,0.1363375929770461,28.583,train,False,8.73485384779764,1.5551461522023597,8.481029778416126,True
859,2,C45,2731.4895,1935.2681,0.179466919942211,0.0,0.0,16.0,4,2,65.3602,63.1562,22.0423,5.2576,1.6697,393.5747,17.1638,0.8282,9.82,67.8259,aircut,aux_leak,1.8276,9.6908,7.8631,True,False,0.1363375929770461,27.278,train,False,7.887092222122221,1.9329077778777792,11.777647509758435,True
859,3,C45,2737.1104,1965.9597,0.179466919942211,0.0,0.0,16.0,4,2,65.3602,63.3229,22.0423,5.1778,1.3572,391.2915,17.1168,0.8329,9.61,67.8259,aircut,aux_leak,1.8276,9.6905,7.8629,True,False,0.1363375929770461,26.694,train,False,7.889740096469325,1.7202599035306747,10.481935558870955,True
862,5,SS316L,2137.1309,810.7778,0.0924767067543167,5.126453027113978,6.018351858566927,12.0,4,2,58.5983,494.4357,21.6096,14.1417,1.967,390.1256,17.8263,0.8364,28.51,24.4769,cutting,none,0.0,10.0182,10.0182,False,True,0.1167476152064124,79.194,train,True,9.885349817107313,18.624650182892687,57.108463195747966,True
873,0,C45,0.0,0.0,0.0,0.0,0.0,8.0,4,0,17.4781,74.3954,24.8065,0.0,0.7581,402.9165,8.7065,0.6751,4.11,12.8605,standby,aux_leak,1.3453,4.1214,2.7761,True,False,0.1277772975955692,11.417,train,False,2.7922443536803634,1.317755646319637,19.710542538570543,True
873,1,C45,0.0,0.0,0.0,0.0,0.0,8.0,4,0,17.4781,74.5621,24.8065,0.0,0.0,401.1127,8.8743,0.6694,4.17,12.8605,standby,aux_leak,1.3453,4.1214,2.7761,True,False,0.1277772975955692,11.583,train,False,2.7922443536803634,1.3777556463196365,20.60800221223402,True
873,2,C45,7196.3575,24161.0953,0.0,0.0,0.0,8.0,4,1,17.4781,74.7288,24.8065,13.1411,22.1942,396.6588,16.1337,0.8075,9.22,12.8605,rapid,aux_leak,1.3453,8.9748,7.6295,True,False,0.1277772975955692,25.611,train,False,7.663107068451447,1.5568929315485533,10.283227802075915,True
873,3,C45,7196.6824,2549.7432,0.088002023242032,0.0,0.0,8.0,4,1,17.4781,74.8954,24.8065,14.0516,1.9678,393.0097,15.1382,0.7879,8.28,12.8605,aircut,aux_leak,1.3453,8.1695,6.8242,True,False,0.1277772975955692,23.0,train,False,6.852580603825821,1.4274193961741783,10.336641047788232,True
873,4,C45,7236.303,2520.6707,0.088002023242032,0.0,0.0,8.0,4,1,17.4781,75.0621,24.8065,12.5383,2.5592,400.8805,15.2799,0.7787,7.92,12.8605,aircut,aux_leak,1.3453,8.169,6.8237,True,False,0.1277772975955692,22.0,train,False,6.867606608680022,1.0523933913199777,7.6208945712068425,True
873,5,C45,7215.5662,2511.0311,0.088002023242032,6.995094216780352,0.7247979040616194,8.0,4,1,18.3115,75.2288,24.8065,20.7593,2.1353,401.7501,17.0664,0.8263,9.76,12.8605,cutting,aux_leak,1.3453,9.7976,8.4523,True,False,0.1277772975955692,27.111,train,True,8.367658331867592,1.3923416681324081,7.593171312186731,True
873,6,C45,7218.4829,2533.4748,0.088002023242032,6.995094216780352,0.7247979040616194,8.0,4,1,18.4781,75.3954,24.8065,20.2779,2.4947,405.9849,16.3765,0.8527,9.86,12.8605,cutting,aux_leak,1.3453,9.7808,8.4355,True,False,0.1277772975955692,27.389,train,True,8.37155801485064,1.4884419851493593,8.117256877509172,True
873,7,C45,7193.2891,2532.1824,0.088002023242032,6.995094216780352,0.7247979040616194,8.0,4,1,18.6448,75.5621,24.8065,19.6186,2.6623,412.0542,16.592,0.8146,9.69,12.8605,cutting,aux_leak,1.3453,9.6781,8.3328,True,False,0.1277772975955692,26.917,train,True,8.355629061765756,1.334370938234244,8.130626167298862,True
873,8,C45,7180.5037,2490.5875,0.088002023242032,6.995094216780352,0.7247979040616194,8.0,4,1,18.8115,75.7288,24.8065,20.365,1.921,403.0599,17.0457,0.8176,9.5,12.8605,cutting,aux_leak,1.3453,9.7161,8.3709,True,False,0.1277772975955692,26.389,train,True,8.346538247157778,1.1534617528422224,7.028305279975341,True
873,9,C45,7216.6247,2552.2159,0.088002023242032,6.995094216780352,0.7247979040616194,8.0,4,1,18.9781,75.8954,24.8065,19.6479,3.549,401.1609,17.1828,0.8159,9.81,12.8605,cutting,aux_leak,1.3453,9.7575,8.4122,True,False,0.1277772975955692,27.25,train,True,8.374302136616038,1.4356978633839628,7.829615444776149,True
873,10,C45,7200.3191,2503.3477,0.088002023242032,6.995094216780352,0.7247979040616194,8.0,4,1,19.1448,76.0621,24.8065,19.1186,2.1702,398.8089,17.0582,0.8333,10.23,12.8605,cutting,aux_leak,1.3453,9.8422,8.4969,True,False,0.1277772975955692,28.417,train,True,8.362530134784574,1.8674698652154262,10.184295228302046,True
873,11,C45,7217.1437,2553.2081,0.088002023242032,6.995094216780352,0.7247979040616194,8.0,4,1,19.3115,76.2288,24.8065,19.66,3.0388,395.8687,16.9946,0.8346,9.85,12.8605,cutting,aux_leak,1.3453,9.8273,8.482,True,False,0.1277772975955692,27.361,train,True,8.376897929815549,1.473102070184451,8.03360025434773,True
873,12,C45,7200.2445,2546.1819,0.088002023242032,6.995094216780352,0.7247979040616194,8.0,4,1,19.4781,76.3954,24.8065,18.6709,2.5319,399.7072,17.0055,0.8293,9.82,12.8605,cutting,aux_leak,1.3453,9.7258,8.3805,True,False,0.1277772975955692,27.278,train,True,8.366261697435041,1.4537383025649593,7.9279994466225725,True
875,6,Ti6Al4V,1632.1475,278.5327,0.034446084234462,4.768713087638615,1.7203212272492965,12.0,5,1,46.9879,258.8182,21.7152,3.6297,0.161,394.8384,10.7641,0.7161,9.38,2.3076,cutting,none,0.0,5.2712,5.2712,False,True,0.1495732305624571,26.056,train,True,5.355476198292148,4.024523801707852,38.24170598354855,True
890,3,C45,7040.7001,1905.9359,0.0547087459473259,0.0,0.0,8.0,5,1,17.219,33.9827,31.0067,13.4539,1.3276,401.725,12.9677,0.7742,20.21,52.1559,aircut,none,0.0,7.0411,7.0411,False,True,0.0826241194981534,56.139,val,False,7.080343976688106,13.129656023311895,95.0782522345277,True
897,0,Al6061,8000.6307,24064.0154,0.0,0.0,0.0,8.0,3,0,540.313,24.8639,28.2373,16.0789,23.0748,405.7792,18.3727,0.8624,10.96,73.8836,rapid,coolant_stuck_hp,4.2,11.0461,6.8461,True,False,0.3070371625475513,30.444,train,False,6.875727152376284,4.0842728476237165,29.576214587154666,True
897,1,Al6061,8022.5342,23903.1823,0.0,0.0,0.0,8.0,3,0,540.313,25.0305,28.2373,16.508,23.1296,402.2601,19.0531,0.8342,11.29,73.8836,rapid,coolant_stuck_hp,4.2,11.0443,6.8443,True,False,0.3070371625475513,31.361,train,False,6.878646360815089,4.41135363918491,31.94476635621158,True
897,2,Al6061,8028.4643,2051.7517,0.0841237249714249,0.0,0.0,8.0,3,0,540.313,25.1972,28.2373,16.929,1.8829,399.5372,17.986,0.8266,10.58,73.8836,aircut,coolant_stuck_hp,4.2,10.2182,6.0182,True,False,0.3070371625475513,29.389,train,False,6.056238063831169,4.523761936168831,42.98555119219913,True
897,3,Al6061,7976.3283,2004.3702,0.0841237249714249,8.078810832752485,4.5297175681436785,8.0,3,0,540.813,25.3639,28.2373,29.3762,2.5334,399.9278,22.1038,0.8675,13.3,73.8836,cutting,coolant_stuck_hp,4.2,13.2196,9.0196,True,False,0.3070371625475513,36.944,train,True,8.710375426157023,4.589624573842977,25.029636364008905,True
897,4,Al6061,8015.9945,2007.2499,0.0841237249714249,8.078810832752485,4.5297175681436785,8.0,3,0,540.9796,25.5305,28.2373,31.2099,2.1523,404.3396,21.6116,0.8696,13.63,73.8836,cutting,coolant_stuck_hp,4.2,13.2829,9.0829,True,False,0.3070371625475513,37.861,train,True,8.751090652903175,4.878909347096826,26.607258359815383,True
897,5,Al6061,7984.4069,2038.6694,0.0841237249714249,8.078810832752485,4.5297175681436785,8.0,3,0,541.1463,25.6972,28.2373,30.7876,2.252,398.4565,22.1399,0.8583,13.04,73.8836,cutting,coolant_stuck_hp,4.2,13.0624,8.8624,True,False,0.3070371625475513,36.222,train,True,8.716948426873845,4.323051573126154,23.575873607370625,True
897,6,Al6061,8003.3755,2012.6073,0.0841237249714249,8.078810832752485,4.5297175681436785,8.0,3,0,541.313,25.8639,28.2373,32.1191,2.8516,396.9195,22.651,0.8678,13.32,73.8836,cutting,coolant_stuck_hp,4.2,13.4721,9.2721,True,False,0.3070371625475513,37.0,train,True,8.734519161162842,4.585480838837158,25.007038397940928,True
897,7,Al6061,8000.87,1995.2598,0.0841237249714249,8.078810832752485,4.5297175681436785,8.0,3,0,541.4796,26.0305,28.2373,31.5306,2.7291,397.7704,22.3022,0.8581,13.04,73.8836,cutting,coolant_stuck_hp,4.2,13.1953,8.9953,True,False,0.3070371625475513,36.222,train,True,8.72955940152727,4.310440598472729,23.50709933080563,True
897,8,Al6061,8000.8595,2015.0122,0.0841237249714249,8.078810832752485,4.5297175681436785,8.0,3,0,541.6463,26.1972,28.2373,30.8782,2.5283,392.4159,22.684,0.8698,13.76,73.8836,cutting,coolant_stuck_hp,4.2,13.4456,9.2456,True,False,0.3070371625475513,38.222,train,True,8.728664453270467,5.031335546729533,27.438518583341676,True
897,9,Al6061,7992.2624,2015.6282,0.0841237249714249,8.078810832752485,4.5297175681436785,8.0,3,0,541.813,26.3639,28.2373,29.392,1.8861,397.5806,21.8698,0.8758,13.3,73.8836,cutting,coolant_stuck_hp,4.2,13.1664,8.9664,True,False,0.3070371625475513,36.944,train,True,8.717914470678044,4.582085529321956,24.98852198965056,True
897,10,Al6061,8000.485,1997.4629,0.0841237249714249,8.078810832752485,4.5297175681436785,8.0,3,0,541.9796,26.5305,28.2373,29.7559,1.6592,403.4364,21.7653,0.8624,13.29,73.8836,cutting,coolant_stuck_hp,4.2,13.1722,8.9722,True,False,0.3070371625475513,36.917,train,True,8.724370706766894,4.565629293233105,24.898777480356344,True
897,11,Al6061,8008.382,2016.0515,0.0841237249714249,8.078810832752485,4.5297175681436785,8.0,3,0,542.1463,26.6972,28.2373,31.7643,2.0466,395.3571,22.3934,0.8741,13.17,73.8836,cutting,coolant_stuck_hp,4.2,13.3671,9.1671,True,False,0.3070371625475513,36.583,train,True,8.731882350173137,4.438117649826863,24.20338943384276,True
897,12,Al6061,7977.04,2047.436,0.0841237249714249,8.078810832752485,4.5297175681436785,8.0,3,0,542.313,26.8639,28.2373,30.8418,1.7637,406.4198,21.7667,0.8589,13.06,73.8836,cutting,coolant_stuck_hp,4.2,13.1063,8.9063,True,False,0.3070371625475513,36.278,train,True,8.698139293373032,4.361860706626969,23.787520221053082,True
911,3,Ti6Al4V,2754.3225,875.9822,0.0644525855714547,0.0,0.0,8.0,5,2,16.9306,7.9377,29.0198,5.1373,1.2967,393.7759,15.0921,0.7901,23.49,17.5519,aircut,none,0.0,8.1338,8.1338,False,True,0.1811561513896057,65.25,train,False,8.15310004535162,15.336899954648379,93.45122598482317,True
932,4,C45,2159.1914,2755.2701,0.2105766039320689,15.621492473115634,3.612895641259284,25.0,6,1,66.4648,86.4536,24.1625,124.42,6.1146,397.3992,46.8996,0.9176,29.46,153.3906,cutting,excess_tool_wear,10.5787,29.3493,18.7706,True,False,0.3700632312213522,81.833,val,True,18.30608207198708,11.15391792801292,9.703729109932208,True
932,5,C45,2161.8051,2747.3101,0.2105766039320689,15.621492473115634,3.612895641259284,25.0,6,1,66.6315,86.6203,24.1625,111.5327,5.9111,396.9048,43.9065,0.9147,27.0,153.3906,cutting,excess_tool_wear,9.7466,27.4902,17.7436,True,False,0.3700632312213522,75.0,val,True,18.350554463656014,8.649445536343986,7.524878430833755,True
932,6,C45,2169.9546,2705.4419,0.2105766039320689,15.621492473115634,3.612895641259284,25.0,6,1,66.7982,86.7869,24.1625,127.4468,6.5409,396.9941,48.2975,0.895,30.06,153.3906,cutting,excess_tool_wear,10.7781,29.7939,19.0158,True,False,0.3700632312213522,83.5,val,True,18.468994960888036,11.591005039111963,10.08398786303777,True
932,7,C45,2153.3196,2677.351,0.2105766039320689,15.621492473115634,3.612895641259284,25.0,6,1,66.9648,86.9536,24.1625,123.8206,7.1799,404.5901,46.508,0.9293,30.82,153.3906,cutting,excess_tool_wear,11.087,30.4825,19.3955,True,False,0.3700632312213522,85.611,val,True,18.25369192996586,12.56630807003414,10.932485805486829,True
932,8,C45,2155.3816,2703.3947,0.2105766039320689,15.621492473115634,3.612895641259284,25.0,6,1,67.1315,87.1203,24.1625,130.4901,6.7817,404.6664,48.1318,0.9026,30.04,153.3906,cutting,excess_tool_wear,11.0686,30.4413,19.3728,True,False,0.3700632312213522,83.444,val,True,18.291835526917797,11.748164473082202,10.22071404160211,True
934,3,SS316L,6368.7196,1367.8464,0.04269920118847,6.264696512525036,1.2859353992132934,6.0,5,1,19.2337,458.6065,22.0774,16.511,1.8876,391.3013,14.591,0.7834,23.13,11.002,cutting,none,0.0,7.7935,7.7935,False,True,0.1804371392262093,64.25,val,True,7.892912573485854,15.237087426514144,92.84304550830113,True
936,1,Ti6Al4V,2053.6621,24118.7855,0.0,0.0,0.0,10.0,4,2,31.8432,252.7764,31.9115,7.9579,22.6561,394.4916,17.3345,0.8186,9.48,8.8862,rapid,spindle_bearing_friction,1.0498,9.6894,8.6396,True,False,0.1565025160952704,26.333,train,False,8.680671171616732,0.7993288283832687,4.35916044718018,True
936,2,Ti6Al4V,2049.3723,610.6927,0.0748857438942252,0.0,0.0,10.0,4,2,31.8432,252.9431,31.9115,8.2119,0.0,397.6726,15.4221,0.8276,8.88,8.8862,aircut,spindle_bearing_friction,1.0498,8.8124,7.7626,True,False,0.1565025160952704,24.667,train,False,7.7937679824814365,1.0862320175185642,7.1745275835646405,True
936,3,Ti6Al4V,2056.8182,606.3161,0.0748857438942252,3.1926736786392613,4.539060101434719,10.0,4,2,32.3432,253.1097,31.9115,12.1854,0.8137,401.1511,16.6103,0.8325,9.63,8.8862,cutting,spindle_bearing_friction,1.0498,9.7011,8.6513,True,False,0.1565025160952704,26.75,train,True,8.753260871678714,0.8767391283212866,4.781319520782818,True
936,4,Ti6Al4V,2043.0206,622.1522,0.0748857438942252,3.1926736786392613,4.539060101434719,10.0,4,2,32.5099,253.2764,31.9115,11.4586,1.8437,390.5113,17.6435,0.8173,9.78,8.8862,cutting,spindle_bearing_friction,1.0498,9.7356,8.6858,True,False,0.1565025160952704,27.167,train,True,8.74318910642941,1.036810893570589,5.654275034218264,True
936,5,Ti6Al4V,2051.2348,614.6967,0.0748857438942252,3.1926736786392613,4.539060101434719,10.0,4,2,32.6766,253.4431,31.9115,11.185,1.1988,391.4069,17.553,0.8128,9.62,8.8862,cutting,spindle_bearing_friction,1.0498,9.7116,8.6618,True,False,0.1565025160952704,26.722,train,True,8.750404959207703,0.8695950407922961,4.74235905459951,True
936,6,Ti6Al4V,2035.7608,606.2373,0.0748857438942252,3.1926736786392613,4.539060101434719,10.0,4,2,32.8432,253.6097,31.9115,12.5134,0.308,405.3151,16.7206,0.8311,9.73,8.8862,cutting,spindle_bearing_friction,1.0498,9.6958,8.646,True,False,0.1565025160952704,27.028,train,True,8.73803706453781,0.9919629354621904,5.409695534291625,True
936,7,Ti6Al4V,2051.5915,614.5931,0.0748857438942252,3.1926736786392613,4.539060101434719,10.0,4,2,33.0099,253.7764,31.9115,12.2282,1.368,399.9118,17.3507,0.8172,9.77,8.8862,cutting,spindle_bearing_friction,1.0498,9.7223,8.6725,True,False,0.1565025160952704,27.139,train,True,8.752146376349572,1.0178536236504279,5.550891072214004,True
936,8,Ti6Al4V,2053.8573,616.7363,0.0748857438942252,3.1926736786392613,4.539060101434719,10.0,4,2,33.1766,253.9431,31.9115,12.3424,0.37,401.3441,17.429,0.8096,9.66,8.8862,cutting,spindle_bearing_friction,1.0498,9.7183,8.6685,True,False,0.1565025160952704,26.833,train,True,8.754845153154433,0.9051548468455675,4.936285376974678,True
955,3,Ti6Al4V,1335.1958,393.7076,0.0976152035091307,11.170394225302884,10.195495104180289,16.0,3,1,13.4714,137.7065,20.9622,16.3099,0.0,400.7701,14.6072,0.7626,7.85,44.509,cutting,none,0.0,7.683,7.683,False,False,0.1155783206834542,21.806,train,True,7.293430195104017,0.5565698048959824,3.6761256830999014,True
959,5,C45,4093.0614,1435.9811,0.0684136470102388,10.603054953234906,3.124714153117652,16.0,5,2,15.3184,301.3503,21.97,27.787,0.8619,405.7097,20.5632,0.8532,25.34,46.2978,cutting,none,0.0,12.3123,12.3123,False,True,0.1190195812028891,70.389,test,True,12.524352335757603,12.815647664242396,22.385064226498613,True
962,2,Al6061,8012.3021,997.3741,0.0425334270088702,0.0,0.0,6.0,3,0,362.8409,435.3503,16.393,13.6642,0.7536,396.8979,10.9764,0.7006,8.42,19.2736,aircut,none,0.0,5.3061,5.3061,False,True,0.0565692402930196,23.389,train,False,5.313007163726061,3.106992836273939,29.523171533327336,True
963,0,Al6061,7983.7246,24129.4251,0.0,0.0,0.0,10.0,3,1,148.1863,493.9467,22.236,15.014,22.2196,390.7832,18.51,0.8342,10.75,32.4236,rapid,coolant_stuck_hp,2.7,10.4846,7.7846,True,False,0.172503698155023,29.861,train,False,7.8289931089179685,2.9210068910820315,19.293156686474,True
963,1,Al6061,7995.1045,1855.0022,0.0768442453193311,0.0,0.0,10.0,3,1,148.1863,494.1134,22.236,15.6069,2.0521,400.6893,17.0581,0.8184,9.77,32.4236,aircut,coolant_stuck_hp,2.7,9.6538,6.9538,True,False,0.172503698155023,27.139,train,False,6.994538273089168,2.775461726910832,20.0984739942899,True
963,2,Al6061,7990.0779,1881.8661,0.0768442453193311,0.0,0.0,10.0,3,1,148.1863,494.2801,22.236,14.3609,1.172,405.7079,16.576,0.8298,9.77,32.4236,aircut,coolant_stuck_hp,2.7,9.6538,6.9538,True,False,0.172503698155023,27.139,train,False,6.993424019357721,2.7765759806422787,20.106542849798657,True
963,3,Al6061,7978.1618,1868.7289,0.0768442453193311,7.562502671931278,2.3247365899093526,10.0,3,1,148.6863,494.4467,22.236,20.1069,2.087,396.3635,19.0554,0.8373,10.98,32.4236,cutting,coolant_stuck_hp,2.7,11.0463,8.3463,True,False,0.172503698155023,30.5,train,True,8.385653959703703,2.5943460402962977,14.148333256079594,True
963,4,Al6061,7969.2677,1828.1805,0.0768442453193311,7.562502671931278,2.3247365899093526,10.0,3,1,148.8529,494.6134,22.236,20.3853,1.6453,401.9606,19.3053,0.8303,11.16,32.4236,cutting,coolant_stuck_hp,2.7,11.1564,8.4564,True,False,0.172503698155023,31.0,train,True,8.378724578643773,2.781275421356227,15.167757472244112,True
963,5,Al6061,7993.6062,1849.6478,0.0768442453193311,7.562502671931278,2.3247365899093526,10.0,3,1,149.0196,494.7801,22.236,19.6143,1.8373,401.6254,19.0311,0.8487,11.07,32.4236,cutting,coolant_stuck_hp,2.7,11.1702,8.4702,True,False,0.172503698155023,30.75,train,True,8.3949613327307,2.6750386672693,14.588392585093453,True
963,6,Al6061,8020.6008,1819.2094,0.0768442453193311,7.562502671931278,2.3247365899093526,10.0,3,1,149.1863,494.9467,22.236,20.241,1.4065,405.4889,18.5111,0.844,11.13,32.4236,cutting,coolant_stuck_hp,2.7,11.0554,8.3554,True,False,0.172503698155023,30.917,train,True,8.41096434494276,2.7190356550572403,14.828331296359723,True
963,7,Al6061,8006.861,1850.1601,0.0768442453193311,7.562502671931278,2.3247365899093526,10.0,3,1,149.3529,495.1134,22.236,19.6226,1.5699,399.9893,18.8974,0.8411,11.24,32.4236,cutting,coolant_stuck_hp,2.7,11.1145,8.4145,True,False,0.172503698155023,31.222,train,True,8.403653560440484,2.8363464395595166,15.468088694906596,True
963,8,Al6061,7973.2966,1839.2613,0.0768442453193311,7.562502671931278,2.3247365899093526,10.0,3,1,149.5196,495.2801,22.236,20.6803,1.3463,395.9663,19.3968,0.8429,10.89,32.4236,cutting,coolant_stuck_hp,2.7,11.1893,8.4893,True,False,0.172503698155023,30.25,train,True,8.382338500368993,2.5076614996310074,13.67559687071188,True
963,9,Al6061,7984.0853,1809.153,0.0768442453193311,7.562502671931278,2.3247365899093526,10.0,3,1,149.6863,495.4467,22.236,20.2839,2.2755,407.1441,18.8333,0.8382,11.37,32.4236,cutting,coolant_stuck_hp,2.7,11.1544,8.4544,True,False,0.172503698155023,31.583,train,True,8.388139266018275,2.9818607339817245,16.26165466453089,True
963,10,Al6061,8015.6876,1862.3957,0.0768442453193311,7.562502671931278,2.3247365899093526,10.0,3,1,149.8529,495.6134,22.236,19.6275,1.8055,400.4678,19.2673,0.8356,11.39,32.4236,cutting,coolant_stuck_hp,2.7,11.1545,8.4545,True,False,0.172503698155023,31.639,train,True,8.410188972617624,2.979811027382377,16.250476536557862,True
972,10,Al6061,8006.6872,1921.353,0.0810525423905534,5.214644449589043,5.62894334990659,12.0,3,0,94.6365,399.5387,22.3078,23.043,2.0633,399.5779,14.3705,0.7722,18.23,57.0991,cutting,none,0.0,7.6353,7.6353,False,True,0.2049456398132864,50.639,test,True,7.566529086871114,10.663470913128887,70.43188284723425,True
975,1,SS316L,3133.796,23921.6847,0.0,0.0,0.0,12.0,4,2,29.5697,485.3965,18.5884,10.8663,22.5745,406.8894,16.8073,0.8172,9.55,34.3897,rapid,spindle_bearing_friction,0.9895,9.6725,8.683,True,False,0.3044933262411008,26.528,train,False,8.707271140696115,0.842728859303886,4.5958436387250226,True
975,2,SS316L,3122.2732,1611.9495,0.1303285734024449,0.0,0.0,12.0,4,2,29.5697,485.5632,18.5884,10.2891,1.4796,410.1819,15.2047,0.8227,8.78,34.3897,aircut,spindle_bearing_friction,0.9895,8.8337,7.8442,True,False,0.3044933262411008,24.389,train,False,7.863260993572917,0.9167390064270826,5.585899648041597,True
975,3,SS316L,3107.8811,1592.4284,0.1303285734024449,0.0,0.0,12.0,4,2,29.5697,485.7299,18.5884,10.535,1.6736,406.4243,15.5384,0.8111,8.57,34.3897,aircut,spindle_bearing_friction,0.9895,8.8337,7.8442,True,False,0.3044933262411008,23.806,train,False,7.858269106780403,0.7117308932195971,4.336738502521548,True
977,9,C45,2770.7335,1220.3961,0.1113958231942056,13.0485410432036,3.7877874417659703,20.0,4,1,42.7053,30.1358,20.7977,38.2633,1.9654,399.3348,20.6167,0.8282,11.94,60.8953,cutting,none,0.0,11.8419,11.8419,False,False,0.2049906739987883,33.167,train,True,10.607807166088122,1.3321928339118774,4.084881309340079,True
998,0,Ti6Al4V,0.0,0.0,0.0,0.0,0.0,10.0,5,0,25.3545,236.2288,19.7875,0.0,0.0,397.7838,8.5361,0.6098,3.51,7.0202,standby,aux_leak,0.9179,3.5937,2.6757,True,False,0.1456724701261492,9.75,train,False,2.682841618459929,0.8271583815400709,12.372354852749439,True
998,1,Ti6Al4V,0.0,0.0,0.0,0.0,0.0,10.0,5,0,25.3545,236.3955,19.7875,0.0,0.3119,393.0479,8.26,0.6401,3.64,7.0202,standby,aux_leak,0.9179,3.5937,2.6757,True,False,0.1456724701261492,10.111,train,False,2.682841618459929,0.9571583815400713,14.316850812353655,True
998,2,Ti6Al4V,1972.3607,24161.9331,0.0,0.0,0.0,10.0,5,2,25.3545,236.5621,19.7875,3.4369,23.0286,404.1974,16.6126,0.8038,9.44,7.0202,rapid,aux_leak,0.9179,9.2984,8.3804,True,False,0.1456724701261492,26.222,train,False,8.40855058004753,1.0314494199524695,5.625036099120704,True
998,3,Ti6Al4V,1985.0369,429.2558,0.0437107767862628,0.0,0.0,10.0,5,2,25.3545,236.7288,19.7875,3.558,0.56,393.7463,15.6265,0.7928,8.27,7.0202,aircut,aux_leak,0.9179,8.4146,7.4967,True,False,0.1456724701261492,22.972,train,False,7.5221988465812215,0.7478011534187781,4.939202597324272,True
998,4,Ti6Al4V,1987.4192,436.6578,0.0437107767862628,0.0,0.0,10.0,5,2,25.3545,236.8955,19.7875,3.669,0.5855,402.1988,15.5891,0.7734,8.22,7.0202,aircut,aux_leak,0.9179,8.4146,7.4967,True,False,0.1456724701261492,22.833,train,False,7.523103138077811,0.6968968619221894,4.6029813871463565,True
998,5,Ti6Al4V,1980.6009,438.4446,0.0437107767862628,9.80554162841211,1.6498094632687392,10.0,5,2,26.1878,237.0621,19.7875,6.7948,0.7931,392.3911,16.5187,0.8255,9.48,7.0202,cutting,aux_leak,0.9179,9.3028,8.3849,True,False,0.1456724701261492,26.333,train,True,8.418716172842812,1.0612838271571885,5.787738810738055,True
998,6,Ti6Al4V,1979.2731,425.9751,0.0437107767862628,9.80554162841211,1.6498094632687392,10.0,5,2,26.3545,237.2288,19.7875,6.0607,1.1787,399.3202,16.3895,0.8253,9.22,7.0202,cutting,aux_leak,0.9179,9.3147,8.3968,True,False,0.1456724701261492,25.611,train,True,8.417840973080661,0.8021590269193393,4.3745950081243405,True
998,7,Ti6Al4V,1995.0428,444.9217,0.0437107767862628,9.80554162841211,1.6498094632687392,10.0,5,2,26.5212,237.3955,19.7875,6.4583,0.0,396.2787,16.795,0.8084,9.33,7.0202,cutting,aux_leak,0.9179,9.3143,8.3964,True,False,0.1456724701261492,25.917,train,True,8.4300710757733,0.8999289242266997,4.9077856727587434,True
998,8,Ti6Al4V,1990.7306,442.7377,0.0437107767862628,9.80554162841211,1.6498094632687392,10.0,5,2,26.6878,237.5621,19.7875,6.3835,0.8195,400.3727,16.4358,0.8212,9.25,7.0202,cutting,aux_leak,0.9179,9.3477,8.4297,True,False,0.1456724701261492,25.694,train,True,8.4274940581014,0.8225059418985996,4.485557435413653,True
998,9,Ti6Al4V,1985.8741,437.3523,0.0437107767862628,9.80554162841211,1.6498094632687392,10.0,5,2,26.8545,237.7288,19.7875,5.8493,0.0,395.4615,16.6715,0.8093,9.14,7.0202,cutting,aux_leak,0.9179,9.3091,8.3912,True,False,0.1456724701261492,25.389,train,True,8.42441318876047,0.7155868112395307,3.902471189971215,True
998,10,Ti6Al4V,1977.5003,432.7757,0.0437107767862628,9.80554162841211,1.6498094632687392,10.0,5,2,27.0212,237.8955,19.7875,6.1057,0.2073,395.832,16.9067,0.8087,9.21,7.0202,cutting,aux_leak,0.9179,9.3121,8.3942,True,False,0.1456724701261492,25.583,train,True,8.41890394243551,0.7910960575644914,4.31426281850776,True
998,11,Ti6Al4V,1982.7876,432.2341,0.0437107767862628,9.80554162841211,1.6498094632687392,10.0,5,2,27.1878,238.0621,19.7875,5.8541,0.6974,398.6557,16.5892,0.8109,9.32,7.0202,cutting,aux_leak,0.9179,9.3105,8.3925,True,False,0.1456724701261492,25.889,train,True,8.423094353509615,0.8969056464903851,4.891298149400379,True
998,12,Ti6Al4V,1974.9325,436.3262,0.0437107767862628,9.80554162841211,1.6498094632687392,10.0,5,2,27.3545,238.2288,19.7875,6.6238,0.2898,406.0249,16.2779,0.8106,9.17,7.0202,cutting,aux_leak,0.9179,9.3293,8.4113,True,False,0.1456724701261492,25.472,train,True,8.418258580088336,0.7517414199116637,4.099641283818087,True
998,14,Ti6Al4V,1989.7524,431.8071,0.0437107767862628,9.80554162841211,1.6498094632687392,10.0,5,2,27.6878,238.5621,19.7875,6.4067,0.3784,397.0867,16.3801,0.8298,9.33,7.0202,cutting,aux_leak,0.9179,9.3186,8.4007,True,False,0.1456724701261492,25.917,train,True,8.429549563270331,0.9004504367296686,4.910629754687141,True
1000,2,Al6061,7989.1565,2997.08,0.1249313329249666,0.0,0.0,10.0,3,1,149.8715,38.7757,25.9495,16.4492,2.4849,405.2612,13.4454,0.7799,19.53,48.5985,aircut,none,0.0,7.3831,7.3831,False,True,0.1447405078245855,54.25,test,False,7.43220889344511,12.09779110655489,79.90552165131486,True
1008,5,SS316L,1506.8451,1400.8714,0.1535309680573527,9.822429396425983,2.2701308137522895,16.0,6,1,177.4974,250.4756,27.7912,21.5011,1.5943,405.2893,15.9251,0.8076,9.06,31.0277,cutting,none,0.0,9.0511,9.0511,False,False,0.3188329140668361,25.167,test,True,8.272460228276934,0.7875397717230666,4.798659272535866,True
1013,2,Ti6Al4V,1017.6418,1227.6058,0.2025123610653697,0.0,0.0,25.0,6,2,5.924,566.2352,21.1079,6.1066,1.3114,407.1508,14.3009,0.7863,7.97,70.0901,aircut,spindle_bearing_friction,0.6436,7.9416,7.298,False,False,0.1517828251093579,22.139,train,False,7.3348576208152165,0.6351423791847832,4.195095012354688,True
1025,11,C45,5544.223,2786.1332,0.084212986531527,9.864708048429389,6.852731587165942,12.0,6,1,7.138,305.1614,21.4202,80.1791,4.1266,409.6345,30.1394,0.9112,46.02,189.0883,cutting,none,0.0,19.4402,19.4402,False,True,0.0596776642504575,127.833,train,True,19.10727657746441,26.912723422535592,23.41363630145858,True
1029,4,C45,4933.8684,884.2997,0.0448813903005163,13.650436701012332,4.346880239055064,12.0,4,1,31.1594,485.9187,27.93,46.6922,2.2356,397.8608,23.8302,0.857,14.03,52.6881,cutting,excess_tool_wear,2.6019,13.9742,11.3723,True,False,0.1564156478573825,38.972,train,True,11.04055055982505,2.9894494401749494,5.221664911005691,True
1029,5,C45,4924.8913,876.738,0.0448813903005163,13.650436701012332,4.346880239055064,12.0,4,1,31.3261,486.0854,27.93,45.6992,1.3366,395.88,22.4188,0.8895,14.04,52.6881,cutting,excess_tool_wear,2.528,13.7548,11.2267,True,False,0.1564156478573825,39.0,train,True,11.027088851284569,3.01291114871543,5.262645426879845,True
1029,6,C45,4941.6866,879.5165,0.0448813903005163,13.650436701012332,4.346880239055064,12.0,4,1,31.4927,486.252,27.93,45.8574,1.0849,394.46,22.4791,0.8743,13.34,52.6881,cutting,excess_tool_wear,2.4307,13.4655,11.0348,True,False,0.1564156478573825,37.056,train,True,11.063849361007685,2.2761506389923145,3.975747428293618,True
1029,7,C45,4946.7399,893.4009,0.0448813903005163,13.650436701012332,4.346880239055064,12.0,4,1,31.6594,486.4187,27.93,44.2853,0.9781,401.4166,21.8233,0.8864,13.62,52.6881,cutting,excess_tool_wear,2.3971,13.3658,10.9687,True,False,0.1564156478573825,37.833,train,True,11.078407231071534,2.5415927689284654,4.439394626056259,True
1029,8,C45,4934.3734,878.0967,0.0448813903005163,13.650436701012332,4.346880239055064,12.0,4,1,31.8261,486.5854,27.93,47.9453,2.0144,397.8412,22.3364,0.8916,14.05,52.6881,cutting,excess_tool_wear,2.5066,13.691,11.1845,True,False,0.1564156478573825,39.028,train,True,11.057916292882496,2.992083707117505,5.226266179411609,True
1029,9,C45,4944.5841,878.7665,0.0448813903005163,13.650436701012332,4.346880239055064,12.0,4,1,31.9927,486.752,27.93,43.1635,0.7883,392.7048,22.6956,0.8664,13.46,52.6881,cutting,excess_tool_wear,2.3681,13.2797,10.9115,True,False,0.1564156478573825,37.389,train,True,11.082051328391943,2.377948671608058,4.153557833037554,True
1036,1,C45,6921.3448,24249.1724,0.0,0.0,0.0,10.0,3,1,21.4431,530.3259,24.5819,11.7225,23.7178,408.6162,17.2713,0.8273,10.08,43.9726,rapid,coolant_stuck_hp,2.7,10.0998,7.3998,True,False,0.1378805674045604,28.0,train,False,7.439022168756599,2.6409778312434007,17.44357374138502,True
1036,2,C45,6911.3227,1232.3099,0.059148199180504,0.0,0.0,10.0,3,1,21.4431,530.4925,24.5819,11.7491,1.5522,398.1841,16.5807,0.8119,9.06,43.9726,aircut,coolant_stuck_hp,2.7,9.2458,6.5458,True,False,0.1378805674045604,25.167,train,False,6.5722918439037565,2.487708156096244,18.01470983940885,True
1036,3,C45,6940.9916,1226.5106,0.059148199180504,7.27496078444183,4.925883214868957,10.0,3,1,21.9431,530.6592,24.5819,28.4108,2.9545,398.6453,21.8391,0.8656,13.28,43.9726,cutting,coolant_stuck_hp,2.7,13.0335,10.3335,True,False,0.1378805674045604,36.889,train,True,10.886875223258768,2.3931247767412316,4.1800659032509735,True
1036,4,C45,6924.9402,1236.7422,0.059148199180504,7.27496078444183,4.925883214868957,10.0,3,1,22.1098,530.8259,24.5819,31.7954,1.1397,400.2648,22.5235,0.8512,13.83,43.9726,cutting,coolant_stuck_hp,2.7,13.2928,10.5928,True,False,0.1378805674045604,38.417,train,True,10.870284349811524,2.9597156501884765,9.075328160199344,True
1036,5,C45,6897.6898,1233.1307,0.059148199180504,7.27496078444183,4.925883214868957,10.0,3,1,22.2765,530.9925,24.5819,31.4282,0.9484,402.3261,21.8642,0.8717,13.11,43.9726,cutting,coolant_stuck_hp,2.7,13.3127,10.6127,True,False,0.1378805674045604,36.417,train,True,10.836290033410545,2.273709966589454,6.9718400436883705,True
1036,6,C45,6909.6584,1215.8721,0.059148199180504,7.27496078444183,4.925883214868957,10.0,3,1,22.4431,531.1592,24.5819,31.1004,2.2853,401.5142,21.6957,0.8595,12.83,43.9726,cutting,coolant_stuck_hp,2.7,13.0348,10.3348,True,False,0.1378805674045604,35.639,train,True,10.860724869864669,1.9692751301353315,6.038356435544514,True
1036,7,C45,6894.1132,1255.4311,0.059148199180504,7.27496078444183,4.925883214868957,10.0,3,1,22.6098,531.3259,24.5819,29.3734,1.4345,407.271,21.0292,0.8733,12.78,43.9726,cutting,coolant_stuck_hp,2.7,12.9757,10.2757,True,False,0.1378805674045604,35.5,train,True,10.845800744914705,1.9341992550852947,5.930803847996125,True
1055,7,SS316L,2061.3322,765.9898,0.1232962011714276,14.136104404039138,2.077068792018165,16.0,3,1,21.4979,486.1093,17.9977,14.7055,1.1694,403.9681,13.7786,0.7586,7.6,22.353,cutting,none,0.0,7.3134,7.3134,False,False,0.0937633039286008,21.111,train,True,7.088859327131454,0.5111406728685459,3.701419270697931,True
1055,8,SS316L,2055.3598,776.5901,0.1232962011714276,14.136104404039138,2.077068792018165,16.0,3,1,21.6645,486.2759,17.9977,14.8434,0.8655,402.9585,13.5208,0.7829,7.7,22.353,cutting,none,0.0,7.3733,7.3733,False,False,0.0937633039286008,21.389,train,True,7.081285716052604,0.618714283947396,4.480412331123436,True
1059,3,SS316L,3016.9894,1944.4024,0.1063391185649705,4.70464326153038,7.585448076885324,12.0,6,2,18.587,25.9893,19.6256,34.9949,2.2188,408.0367,22.2363,0.8762,30.55,68.7379,cutting,none,0.0,13.6687,13.6687,False,True,0.1667161884302342,84.861,train,True,13.643888567006758,16.906111432993242,29.52986849847734,True
1065,6,Ti6Al4V,1109.8899,539.4531,0.1216584180752138,10.874027592903772,10.394072140998528,20.0,4,1,31.8255,595.2159,25.6686,21.6399,0.0498,401.956,15.8513,0.7974,16.39,61.0044,cutting,none,0.0,8.8922,8.8922,False,True,0.2211515108930583,45.528,train,True,8.818783944489045,7.571216055510956,41.28982265408023,True
1079,1,C45,7804.2364,23928.1074,0.0,0.0,0.0,6.0,4,1,78.1954,42.0916,21.217,15.0886,22.2531,396.1202,18.6157,0.826,10.83,0.9085,rapid,coolant_stuck_hp,2.7,10.648,7.948,True,False,0.1258335631507361,30.083,train,False,8.003994730322253,2.826005269677747,17.21949402238316,True
1079,2,C45,7825.2744,24351.159,0.0,0.0,0.0,6.0,4,1,78.1954,42.2583,21.217,15.3954,22.3073,399.4435,18.475,0.8316,10.62,0.9085,rapid,coolant_stuck_hp,2.7,10.6469,7.9469,True,False,0.1258335631507361,29.5,train,False,8.028562820268974,2.5914371797310256,15.790217203256775,True
1079,3,C45,7758.7086,731.7865,0.0234588203078033,0.0,0.0,6.0,4,1,78.1954,42.4249,21.217,15.3444,0.4569,406.0108,16.6796,0.8294,9.74,0.9085,aircut,coolant_stuck_hp,2.7,9.7731,7.0731,True,False,0.1258335631507361,27.056,train,False,7.106810066992869,2.633189933007131,19.06821444425923,True
1079,4,C45,7762.8408,741.716,0.0234588203078033,1.511197206212589,0.8244914523153973,6.0,4,1,78.8621,42.5916,21.217,16.0659,1.52,400.8107,17.9858,0.8165,10.36,0.9085,cutting,coolant_stuck_hp,2.7,10.2272,7.5272,True,False,0.1258335631507361,28.778,train,True,7.589742370858468,2.7702576291415317,18.297462653752632,True
1079,5,C45,7743.3906,724.4087,0.0234588203078033,1.511197206212589,0.8244914523153973,6.0,4,1,79.0288,42.7583,21.217,16.4883,0.287,406.9043,17.1844,0.8357,10.12,0.9085,cutting,coolant_stuck_hp,2.7,10.2263,7.5263,True,False,0.1258335631507361,28.111,train,True,7.578665673657449,2.5413343263425503,16.78543159228197,True
1079,6,C45,7712.6969,733.3585,0.0234588203078033,1.511197206212589,0.8244914523153973,6.0,4,1,79.1954,42.9249,21.217,16.0778,1.56,404.5888,17.6355,0.8276,10.02,0.9085,cutting,coolant_stuck_hp,2.7,10.2197,7.5197,True,False,0.1258335631507361,27.833,train,True,7.563192578278168,2.456807421721831,16.22713410245096,True
1079,7,C45,7783.769,724.9968,0.0234588203078033,1.511197206212589,0.8244914523153973,6.0,4,1,79.3621,43.0916,21.217,16.9113,1.2751,388.6641,18.2418,0.8346,10.18,0.9085,cutting,coolant_stuck_hp,2.7,10.2237,7.5237,True,False,0.1258335631507361,28.278,train,True,7.596108083330171,2.5838919166698284,17.066523109350864,True
1079,8,C45,7747.957,734.3133,0.0234588203078033,1.511197206212589,0.8244914523153973,6.0,4,1,79.5288,43.2583,21.217,15.9926,0.5449,403.3226,17.4661,0.8289,10.25,0.9085,cutting,coolant_stuck_hp,2.7,10.2127,7.5127,True,False,0.1258335631507361,28.472,train,True,7.578150472466841,2.6718495275331593,17.647480303712545,True
1079,9,C45,7781.2734,715.4781,0.0234588203078033,1.511197206212589,0.8244914523153973,6.0,4,1,79.6954,43.4249,21.217,14.7966,0.0,405.1535,17.4842,0.8334,10.05,0.9085,cutting,coolant_stuck_hp,2.7,10.2228,7.5228,True,False,0.1258335631507361,27.917,train,True,7.592486556256041,2.4575134437439594,16.23179735522815,True
1079,10,C45,7778.9748,718.8503,0.0234588203078033,1.511197206212589,0.8244914523153973,6.0,4,1,79.8621,43.5916,21.217,17.5789,1.0145,399.7663,17.8384,0.8288,9.91,0.9085,cutting,coolant_stuck_hp,2.7,10.2249,7.5249,True,False,0.1258335631507361,27.528,train,True,7.590481627040036,2.3195183729599638,15.320344345403006,True
1079,11,C45,7767.4088,720.2473,0.0234588203078033,1.511197206212589,0.8244914523153973,6.0,4,1,80.0288,43.7583,21.217,14.9755,1.2905,413.125,17.2518,0.8268,10.27,0.9085,cutting,coolant_stuck_hp,2.7,10.2156,7.5156,True,False,0.1258335631507361,28.528,train,True,7.583938311073773,2.6860616889262268,17.741351173188082,True
1079,12,C45,7732.5689,730.1131,0.0234588203078033,1.511197206212589,0.8244914523153973,6.0,4,1,80.1954,43.9249,21.217,16.2007,0.0,395.0916,17.699,0.8409,10.24,0.9085,cutting,coolant_stuck_hp,2.7,10.2157,7.5157,True,False,0.1258335631507361,28.444,train,True,7.566529103396055,2.673470896603945,17.658189394343168,True
1079,13,C45,7819.5582,721.6532,0.0234588203078033,1.511197206212589,0.8244914523153973,6.0,4,1,80.3621,44.0916,21.217,15.7758,0.424,403.2959,18.0273,0.8135,10.16,0.9085,cutting,coolant_stuck_hp,2.7,10.2196,7.5196,True,False,0.1258335631507361,28.222,train,True,7.607142828434223,2.552857171565777,16.86153961484242,True
1088,4,C45,3522.7031,851.5773,0.059941886998602,23.825731509717283,8.78049781060675,16.0,4,1,65.9794,34.8838,28.4245,108.5867,1.8837,396.3513,40.4498,0.9173,26.0,177.5174,cutting,none,0.0,25.5954,25.5954,False,False,0.2581373269256202,72.222,val,True,21.81969184322625,4.1803081567737514,3.6368008274021,True
1091,3,SS316L,3475.4696,926.7876,0.0869623123582068,11.227622731680253,2.6367050356958637,10.0,3,1,49.0121,47.5528,29.0731,23.069,0.9423,403.5338,16.2622,0.8099,9.46,26.845,cutting,none,0.0,9.1287,9.1287,False,False,0.3558903830039056,26.278,train,True,8.723526930141809,0.7364730698581923,4.016374941752816,True
1091,11,SS316L,3484.2838,890.8236,0.0869623123582068,11.227622731680253,2.6367050356958637,10.0,3,1,50.3455,48.8861,29.0731,24.4551,0.9384,401.0133,16.3596,0.8211,9.49,26.845,cutting,none,0.0,9.3301,9.3301,False,False,0.3558903830039056,26.361,train,True,8.758281623734952,0.7317183762650483,3.9904450972211034,True
1121,5,Al6061,8007.7279,1120.5204,0.0463548416561133,8.357401708807398,6.152831484438598,10.0,3,1,96.0364,56.8858,25.4631,24.548,1.7949,393.3742,16.4054,0.8173,17.8,57.2075,cutting,none,0.0,9.1922,9.1922,False,True,0.0900730829309648,49.444,val,True,9.293415196111724,8.506584803888277,35.43141744576068,True
1146,0,SS316L,0.0,0.0,0.0,0.0,0.0,10.0,5,0,17.7347,385.5668,19.4407,0.0,0.0731,404.4569,6.3747,0.5967,7.4,20.4437,standby,none,0.0,2.6688,2.6688,False,True,0.1650384766698306,20.556,val,False,2.6802611256230655,4.719738874376935,70.59625516625293,True
1159,0,SS316L,6853.5491,24294.1784,0.0,0.0,0.0,6.0,4,1,4.4261,170.1168,26.6284,26.1677,22.9938,390.9099,18.3247,0.8383,10.25,25.0306,rapid,spindle_bearing_friction,2.938,10.3744,7.4364,True,False,0.0753776053911462,28.472,test,False,7.474654147254337,2.775345852745663,18.33107020721306,True
1159,1,SS316L,6898.2485,1458.6684,0.05261155208279,0.0,0.0,6.0,4,1,4.4261,170.2835,26.6284,28.4312,1.1233,404.4292,16.9299,0.8031,9.65,25.0306,aircut,spindle_bearing_friction,2.9379,9.5286,6.5907,True,False,0.0753776053911462,26.806,test,False,6.631895899083829,3.0181041009161715,21.855565939235234,True
1159,2,SS316L,6889.1573,1420.0289,0.05261155208279,0.0,0.0,6.0,4,1,4.4261,170.4501,26.6284,28.1892,0.9622,408.1919,17.0557,0.7933,9.58,25.0306,aircut,spindle_bearing_friction,2.9379,9.5285,6.5906,True,False,0.0753776053911462,26.611,test,False,6.626791183896065,2.9532088161039347,21.385627484849664,True
1159,3,SS316L,6904.8727,1459.6981,0.05261155208279,6.591699402554034,2.6231927579114953,6.0,4,1,4.9261,170.6168,26.6284,38.7751,1.9241,410.4584,20.2948,0.8456,12.61,25.0306,cutting,spindle_bearing_friction,2.9378,12.1643,9.2265,True,False,0.0753776053911462,35.028,test,True,9.163630089280293,3.4463699107197066,14.354735042834546,True
1159,4,SS316L,6869.7125,1446.1466,0.05261155208279,6.591699402554034,2.6231927579114953,6.0,4,1,5.0928,170.7835,26.6284,39.006,0.8322,405.758,20.1857,0.846,11.94,25.0306,cutting,spindle_bearing_friction,2.9378,11.9864,9.0486,True,False,0.0753776053911462,33.167,test,True,9.140177007579021,2.799822992420978,11.661753747915661,True
1159,5,SS316L,6837.9651,1422.1266,0.05261155208279,6.591699402554034,2.6231927579114953,6.0,4,1,5.2595,170.9501,26.6284,40.1161,1.7695,396.6828,20.4197,0.8541,12.09,25.0306,cutting,spindle_bearing_friction,2.9377,11.9777,9.04,True,False,0.0753776053911462,33.583,test,True,9.118911714549062,2.9710882854509375,12.37510372692737,True
1159,6,SS316L,6892.3127,1429.2327,0.05261155208279,6.591699402554034,2.6231927579114953,6.0,4,1,5.4261,171.1168,26.6284,37.9277,2.6249,395.7831,20.3062,0.8641,11.94,25.0306,cutting,spindle_bearing_friction,2.9377,12.0093,9.0717,True,False,0.0753776053911462,33.167,test,True,9.167956199543372,2.7720438004566272,11.546048541950402,True
1159,7,SS316L,6877.126,1442.595,0.05261155208279,6.591699402554034,2.6231927579114953,6.0,4,1,5.5928,171.2835,26.6284,39.6417,0.5289,407.5451,20.282,0.8491,12.22,25.0306,cutting,spindle_bearing_friction,2.9376,12.1697,9.2321,True,False,0.0753776053911462,33.944,test,True,9.161297851193899,3.058702148806102,12.7400308320041,True
1159,8,SS316L,6856.7105,1423.5931,0.05261155208279,6.591699402554034,2.6231927579114953,6.0,4,1,5.7595,171.4501,26.6284,37.6921,1.0903,399.426,20.3019,0.8627,12.19,25.0306,cutting,spindle_bearing_friction,2.9376,12.0805,9.1429,True,False,0.0753776053911462,33.861,test,True,9.149078461092001,3.040921538907998,12.665971473722974,True
1159,9,SS316L,6868.2723,1458.8443,0.05261155208279,6.591699402554034,2.6231927579114953,6.0,4,1,5.9261,171.6168,26.6284,38.3424,1.5878,401.0298,21.0472,0.8426,12.6,25.0306,cutting,spindle_bearing_friction,2.9375,12.2924,9.3549,True,False,0.0753776053911462,35.0,test,True,9.164885002039137,3.435114997960863,14.307856357502223,True
1164,4,Al6061,7992.6975,2708.3223,0.1136760331706786,8.575664065520176,2.732319899172164,10.0,3,1,73.4734,77.5626,21.1844,26.1094,2.7313,407.0913,16.3854,0.8121,23.2,63.9263,cutting,none,0.0,9.439,9.439,False,True,0.1389680396506581,64.444,val,True,9.21129777314547,13.98870222685453,58.265397871255324,True
1197,1,SS316L,4471.2339,24324.5603,0.0,0.0,0.0,6.0,4,2,60.5095,458.4025,20.4203,7.9182,22.687,398.0937,16.8928,0.7905,23.56,2.9043,rapid,none,0.0,9.1391,9.1391,False,True,0.1279989239780407,65.444,test,False,9.166080862045579,14.39391913795442,59.953197365912594,True
1205,5,Al6061,8016.6747,2005.3441,0.0837822969137692,10.842310168468376,3.627474615581882,8.0,3,0,586.3924,371.0821,24.3944,33.68,2.1342,404.0849,16.6337,0.8121,9.41,79.0842,cutting,none,0.0,9.4321,9.4321,False,False,0.2929574171636561,26.139,train,True,8.498456407776457,0.9115435922235431,4.971126565193931,True
1205,6,Al6061,8009.367,1994.9266,0.0837822969137692,10.842310168468376,3.627474615581882,8.0,3,0,586.559,371.2487,24.3944,33.3948,2.6089,400.9987,16.7925,0.8053,9.4,79.0842,cutting,none,0.0,9.4043,9.4043,False,False,0.2929574171636561,26.111,train,True,8.490314943441916,0.9096850565580841,4.960990992855161,True
1205,7,Al6061,7987.7264,2028.6094,0.0837822969137692,10.842310168468376,3.627474615581882,8.0,3,0,586.7257,371.4154,24.3944,33.9466,2.6036,402.0668,16.2108,0.8242,9.36,79.0842,cutting,none,0.0,9.345,9.345,False,False,0.2929574171636561,26.0,train,True,8.468329518562207,0.8916704814377923,4.862748041332989,True
1205,8,Al6061,7982.3321,2043.7768,0.0837822969137692,10.842310168468376,3.627474615581882,8.0,3,0,586.8924,371.5821,24.3944,33.0271,2.1681,393.0601,16.9312,0.7982,9.17,79.0842,cutting,none,0.0,9.2824,9.2824,False,False,0.2929574171636561,25.472,train,True,8.463262952093284,0.7067370479067154,3.8542087766596107,True
1205,10,Al6061,8021.6901,2032.2925,0.0837822969137692,10.842310168468376,3.627474615581882,8.0,3,0,587.2257,371.9154,24.3944,30.9622,1.6046,409.126,16.2726,0.801,9.44,79.0842,cutting,none,0.0,9.2634,9.2634,False,False,0.2929574171636561,26.222,train,True,8.505898777554693,0.9341012224453067,5.094145185257611,True
1205,12,Al6061,7977.6254,2008.1424,0.0837822969137692,10.842310168468376,3.627474615581882,8.0,3,0,587.559,372.2487,24.3944,32.3833,1.7634,402.999,16.5885,0.8085,9.16,79.0842,cutting,none,0.0,9.275,9.275,False,False,0.2929574171636561,25.444,train,True,8.457594837407289,0.7024051625927115,3.8305847280178016,True
1205,13,Al6061,7994.8872,2016.604,0.0837822969137692,10.842310168468376,3.627474615581882,8.0,3,0,587.7257,372.4154,24.3944,32.9296,2.5874,402.1268,16.9673,0.7999,9.31,79.0842,cutting,none,0.0,9.3726,9.3726,False,False,0.2929574171636561,25.861,train,True,8.476767230721848,0.8332327692781529,4.54405646607073,True
1207,1,C45,3889.5128,24067.2518,0.0,0.0,0.0,16.0,3,1,3.3802,407.655,27.9115,6.7191,22.1283,395.5014,16.5594,0.8029,9.09,136.9397,rapid,coolant_stuck_hp,2.7,9.1037,6.4037,True,False,0.0459381357763884,25.25,val,False,6.428927559169078,2.661072440830922,19.270125302174673,True
1207,2,C45,3907.2635,23738.8016,0.0,0.0,0.0,16.0,3,1,3.3802,407.8217,27.9115,6.3897,22.6701,402.6535,16.0743,0.8085,9.25,136.9397,rapid,coolant_stuck_hp,2.7,9.1037,6.4037,True,False,0.0459381357763884,25.694,val,False,6.422177424928849,2.827822575071151,20.477644470634555,True
1207,3,C45,3905.2923,2434.0971,0.2079971981507582,0.0,0.0,16.0,3,1,3.3802,407.9883,27.9115,6.7991,2.1234,393.9332,15.7252,0.7818,8.24,136.9397,aircut,coolant_stuck_hp,2.7,8.2947,5.5947,True,False,0.0459381357763884,22.889,val,False,5.622883392509753,2.6171166074902468,24.868284736155044,True
1207,4,C45,3892.5209,2430.9303,0.2079971981507582,0.0,0.0,16.0,3,1,3.3802,408.155,27.9115,7.0097,1.8855,399.9968,15.2142,0.7932,8.16,136.9397,aircut,coolant_stuck_hp,2.7,8.2947,5.5947,True,False,0.0459381357763884,22.667,val,False,5.61876194849477,2.54123805150523,24.14727386097924,True
1207,5,C45,3896.5658,2447.3386,0.2079971981507582,6.89060754361776,8.189712951633151,16.0,3,1,4.2135,408.3217,27.9115,48.7319,3.2772,401.4241,26.2277,0.8979,16.32,136.9397,cutting,coolant_stuck_hp,2.7,16.4149,13.7149,True,False,0.0459381357763884,45.333,val,True,13.35807553453455,2.961924465465451,5.173587096848548,True
1207,6,C45,3890.7642,2416.4234,0.2079971981507582,6.89060754361776,8.189712951633151,16.0,3,1,4.3802,408.4883,27.9115,43.0185,2.8883,401.4541,26.0638,0.8676,15.79,136.9397,cutting,coolant_stuck_hp,2.7,15.6512,12.9512,True,False,0.0459381357763884,43.861,val,True,13.358424200241258,2.4315757997587415,4.247228222500987,True
1207,7,C45,3872.3904,2441.779,0.2079971981507582,6.89060754361776,8.189712951633151,16.0,3,1,4.5469,408.655,27.9115,40.4568,3.1021,401.4407,25.598,0.8869,15.92,136.9397,cutting,coolant_stuck_hp,2.7,15.7304,13.0304,True,False,0.0459381357763884,44.222,val,True,13.327139109690842,2.592860890309158,4.528944543465492,True
1207,8,C45,3881.1741,2463.3368,0.2079971981507582,6.89060754361776,8.189712951633151,16.0,3,1,4.7135,408.8217,27.9115,42.775,2.8459,396.7477,25.6029,0.8829,15.61,136.9397,cutting,coolant_stuck_hp,2.7,15.5909,12.8909,True,False,0.0459381357763884,43.361,val,True,13.36791422786487,2.2420857721351286,3.9162463985803213,True
1207,9,C45,3894.283,2406.2235,0.2079971981507582,6.89060754361776,8.189712951633151,16.0,3,1,4.8802,408.9883,27.9115,39.2465,3.203,396.2584,25.3127,0.8752,15.6,136.9397,cutting,coolant_stuck_hp,2.7,15.2426,12.5426,True,False,0.0459381357763884,43.333,val,True,13.41792737637981,2.18207262362019,3.8114215610740914,True
1207,10,C45,3862.8748,2401.2309,0.2079971981507582,6.89060754361776,8.189712951633151,16.0,3,1,5.0469,409.155,27.9115,41.8275,2.5879,400.851,26.0793,0.8651,15.58,136.9397,cutting,coolant_stuck_hp,2.7,15.5208,12.8208,True,False,0.0459381357763884,43.278,val,True,13.348866638060318,2.2311333619396816,3.897115847235335,True
1218,1,SS316L,1693.5905,23765.5077,0.0,0.0,0.0,25.0,5,2,7.5893,345.1475,21.6892,7.179,23.106,402.9573,16.0494,0.8121,9.23,179.0729,rapid,spindle_bearing_friction,0.7725,9.1111,8.3387,False,False,0.1367617474628371,25.639,train,False,8.35665662629214,0.8733433737078613,5.321480170051247,True
1218,2,SS316L,1693.9637,23884.051,0.0,0.0,0.0,25.0,5,2,7.5893,345.3142,21.6892,7.673,22.5572,400.379,16.4599,0.7981,9.28,179.0729,rapid,spindle_bearing_friction,0.7725,9.1111,8.3387,False,False,0.1367617474628371,25.778,train,False,8.361197006650594,0.9188029933494057,5.598475990645258,True
1218,3,SS316L,1683.338,2222.0902,0.2601304883640333,0.0,0.0,25.0,5,2,7.5893,345.4809,21.6892,7.3769,1.0831,406.3935,14.9918,0.7844,8.4,179.0729,aircut,spindle_bearing_friction,0.7725,8.2936,7.5212,True,False,0.1367617474628371,23.333,train,False,7.546054911401445,0.8539450885985556,5.640279879611613,True
1221,5,Al6061,7998.2531,2345.5831,0.1464003413593538,15.449532460214344,2.28341885352218,12.0,2,0,105.0957,21.3556,22.4864,31.9387,2.3995,400.4267,15.9293,0.8131,19.62,82.6348,cutting,none,0.0,9.0035,9.0035,False,True,0.2467647593994501,54.5,val,True,8.961173459660207,10.658826540339794,44.39588170097462,True
1223,0,SS316L,2574.9935,24083.5744,0.0,0.0,0.0,12.0,5,1,50.0269,277.3127,26.543,4.463,23.2067,404.7384,14.4547,0.777,7.84,66.1579,rapid,aux_leak,1.896,7.8788,5.9828,True,False,0.1198590369944118,21.778,train,False,6.010666135715868,1.8293338642841315,17.3826398427599,True
1223,1,SS316L,2599.9053,619.3883,0.0477264604306861,0.0,0.0,12.0,5,1,50.0269,277.4794,26.543,4.1034,0.0407,402.0973,12.9065,0.7735,6.89,66.1579,aircut,aux_leak,1.896,7.0019,5.1059,True,False,0.1198590369944118,19.139,train,False,5.137999837556788,1.7520001624432116,26.20582490074421,True
1241,13,C45,7980.0943,3781.5131,0.0944165954520702,11.702309937985982,2.2892468690550873,8.0,5,1,3.0127,185.0535,27.8721,55.2872,4.7498,397.6365,24.4918,0.8817,36.81,101.1748,cutting,none,0.0,14.9874,14.9874,False,True,0.0175940359087204,102.25,train,True,14.36419943803851,22.44580056196149,19.527485293917806,True
1246,1,SS316L,4148.8867,23948.7593,0.0,0.0,0.0,10.0,5,1,5.0995,315.007,23.9576,14.317,22.075,403.0886,13.9495,0.7999,7.97,16.4954,rapid,spindle_bearing_friction,1.373,7.7783,6.4053,True,False,0.1047228255447421,22.139,train,False,6.420567932804299,1.549432067195701,11.22019439378568,True
1246,2,SS316L,4162.7739,23821.3725,0.0,0.0,0.0,10.0,5,1,5.0995,315.1737,23.9576,13.6696,22.6444,398.7625,14.7126,0.7712,7.87,16.4954,rapid,spindle_bearing_friction,1.373,7.7783,6.4053,True,False,0.1047228255447421,21.861,train,False,6.420236760572004,1.4497632394279965,10.498443730280702,True
1246,3,SS316L,4134.0516,1861.8046,0.0912154422076913,0.0,0.0,10.0,5,1,5.0995,315.3403,23.9576,14.3617,1.266,400.0178,13.2801,0.7608,7.14,16.4954,aircut,spindle_bearing_friction,1.373,6.9491,5.5761,True,False,0.1047228255447421,19.833,train,False,5.587822387575221,1.5521776124247788,14.74905425168701,True
1246,4,SS316L,4143.7912,1888.8401,0.0912154422076913,4.565570859247061,1.9131171782069536,10.0,5,1,5.7662,315.507,23.9576,22.5826,1.4747,403.1215,15.4889,0.8098,8.73,16.4954,cutting,spindle_bearing_friction,1.373,8.7143,7.3414,True,False,0.1047228255447421,24.25,train,True,7.352399521255546,1.377600478744454,9.09900691057012,True
1246,5,SS316L,4144.2562,1865.3151,0.0912154422076913,4.565570859247061,1.9131171782069536,10.0,5,1,5.9328,315.6737,23.9576,20.7453,1.8922,394.372,15.7915,0.799,8.62,16.4954,cutting,spindle_bearing_friction,1.373,8.5911,7.2181,True,False,0.1047228255447421,23.944,train,True,7.355471695824257,1.2645283041757418,8.352168829669049,True
1246,6,SS316L,4138.0455,1900.5324,0.0912154422076913,4.565570859247061,1.9131171782069536,10.0,5,1,6.0995,315.8403,23.9576,21.6862,1.9007,402.929,15.1184,0.8154,8.73,16.4954,cutting,spindle_bearing_friction,1.373,8.6329,7.2599,True,False,0.1047228255447421,24.25,train,True,7.35552654422094,1.3744734557790608,9.078353024330507,True
1246,7,SS316L,4136.7122,1893.8504,0.0912154422076913,4.565570859247061,1.9131171782069536,10.0,5,1,6.2662,316.007,23.9576,20.3261,0.845,398.5618,15.8034,0.7877,8.44,16.4954,cutting,spindle_bearing_friction,1.373,8.5859,7.213,True,False,0.1047228255447421,23.444,train,True,7.357796776273193,1.0822032237268067,7.14791752998374,True
1248,2,Ti6Al4V,1501.9943,669.9579,0.088939607555233,0.0,0.0,10.0,5,2,4.9629,331.435,30.6321,2.8165,0.1901,406.5895,14.0026,0.7732,12.69,9.0256,aircut,none,0.0,7.5904,7.5904,False,True,0.0170372702956131,35.25,val,False,7.623020000726317,5.066979999273682,33.46724013273535,True
1251,5,Al6061,7981.8997,1476.9342,0.0909173192987004,10.644229711502064,6.244112402849806,12.0,2,1,114.049,331.2693,22.3922,29.1086,0.8981,402.3737,17.1478,0.8496,22.41,96.6833,cutting,none,0.0,10.2557,10.2557,False,True,0.1487239791507225,62.25,train,True,10.331680784601213,12.078319215398787,37.03555457984794,True
1252,0,Al6061,0.0,0.0,0.0,0.0,0.0,12.0,3,0,27.5152,12.037,28.2849,0.0,0.0514,402.0082,9.1564,0.6726,4.31,194.4904,standby,aux_leak,1.4258,4.2715,2.8457,True,False,0.0889350243019707,11.972,train,False,2.8622550484280413,1.4477449515719583,21.654878529762062,True
1252,1,Al6061,0.0,0.0,0.0,0.0,0.0,12.0,3,0,27.5152,12.2037,28.2849,0.0,0.0,408.9853,8.863,0.6785,4.3,194.4904,standby,aux_leak,1.4258,4.2715,2.8457,True,False,0.0889350243019707,11.944,train,False,2.8622550484280413,1.4377449515719585,21.505301917484818,True
1252,2,Al6061,8040.6682,24276.1479,0.0,0.0,0.0,12.0,3,1,27.5152,12.3703,28.2849,17.3353,22.9282,408.042,17.4781,0.8098,10.15,194.4904,rapid,aux_leak,1.4258,9.9347,8.5089,True,False,0.0889350243019707,28.194,train,False,8.550007330596415,1.5999926694035853,8.725601420318213,True
1252,3,Al6061,7996.0095,3657.5593,0.1544897188975915,0.0,0.0,12.0,3,1,27.5152,12.537,28.2849,17.2235,3.0045,400.3037,16.2974,0.8113,9.25,194.4904,aircut,aux_leak,1.4258,9.1713,7.7454,True,False,0.0889350243019707,25.694,train,False,7.752179765630947,1.497820234369053,9.893054534749403,True
1252,8,Al6061,7990.7737,3724.2765,0.1544897188975915,8.248339425951512,6.359467670664184,12.0,3,1,28.8485,13.3703,28.2849,41.643,4.5203,399.1841,23.7217,0.867,14.75,194.4904,cutting,aux_leak,1.4258,14.3213,12.8955,True,False,0.0889350243019707,40.972,train,True,12.615406634706565,2.1345933652934352,3.7284896426165974,True
1254,0,Al6061,0.0,0.0,0.0,0.0,0.0,12.0,3,0,8.1413,92.4954,25.8338,0.0,0.203,394.0748,6.6707,0.6105,5.02,68.0481,standby,none,0.0,2.7967,2.7967,False,True,0.0361703556722734,13.944,train,False,2.815145483810807,2.2048545161891924,32.9794669095768,True
1263,6,Ti6Al4V,2335.9869,675.1055,0.0568382430256143,6.205597404614109,5.044161343312429,10.0,5,1,30.071,96.0283,29.3051,13.9116,1.0356,402.6922,13.2386,0.7891,7.58,20.8444,cutting,none,0.0,7.3177,7.3177,False,False,0.2944385053621831,21.056,train,True,7.083803702765987,0.4961962972340128,3.5931997473878865,True
1263,8,Ti6Al4V,2337.4856,673.6308,0.0568382430256143,6.205597404614109,5.044161343312429,10.0,5,1,30.4043,96.3616,29.3051,14.5241,0.4202,407.6389,13.7668,0.7645,7.76,20.8444,cutting,none,0.0,7.4714,7.4714,False,False,0.2944385053621831,21.556,train,True,7.091749690365699,0.6682503096343009,4.839126888198904,True
1264,7,C45,7984.177,1218.1537,0.0383367896486315,3.0738385742354906,0.5202805254975768,6.0,4,1,97.9946,56.9998,15.3885,16.4709,0.6404,402.6016,14.0977,0.7698,19.51,1.9619,cutting,none,0.0,7.5642,7.5642,False,True,0.2237188961391145,54.194,val,True,7.664307892648945,11.845692107351056,78.24041585954414,True
1270,4,Ti6Al4V,797.2231,275.7993,0.114545353680667,12.206641931812182,14.437231092410682,25.0,3,1,48.6489,275.8914,22.7897,21.0102,0.8011,397.1387,16.0359,0.7936,8.66,48.1983,cutting,spindle_bearing_friction,0.3556,8.7277,8.3721,False,False,0.2667788641590877,24.056,train,True,7.790110418259899,0.8698895817401011,5.745592744639568,True
1270,5,Ti6Al4V,799.6727,277.6007,0.114545353680667,12.206641931812182,14.437231092410682,25.0,3,1,48.8155,276.058,22.7897,19.3728,0.9135,402.0916,15.2945,0.7855,8.48,48.1983,cutting,spindle_bearing_friction,0.3556,8.4376,8.082,False,False,0.2667788641590877,23.556,train,True,7.8109520524131,0.6690479475869004,4.419040202529742,True
1270,6,Ti6Al4V,794.4725,275.3822,0.114545353680667,12.206641931812182,14.437231092410682,25.0,3,1,48.9822,276.2247,22.7897,21.789,0.107,404.0927,15.1625,0.8137,8.61,48.1983,cutting,spindle_bearing_friction,0.3556,8.62,8.2643,False,False,0.2667788641590877,23.917,train,True,7.77486209507919,0.8351379049208099,5.51605903554793,True
1270,8,Ti6Al4V,791.8832,272.2078,0.114545353680667,12.206641931812182,14.437231092410682,25.0,3,1,49.3155,276.558,22.7897,20.053,0.8662,404.5091,14.8767,0.81,8.48,48.1983,cutting,spindle_bearing_friction,0.3556,8.4475,8.0919,False,False,0.2667788641590877,23.556,train,True,7.760694833704149,0.7193051662958512,4.750987517730701,True
1278,8,Ti6Al4V,1426.6523,844.7495,0.0999254680623226,6.309705506052205,8.769500947064136,16.0,6,2,23.7974,24.4675,21.1076,18.436,1.6015,395.1424,18.8893,0.8405,28.67,47.1833,cutting,none,0.0,10.8657,10.8657,False,True,0.2552777529461467,79.639,test,True,10.70161800351684,17.96838199648316,55.09615868521633,True
1288,6,C45,6874.724,2541.0322,0.0918657467384549,13.979154602490826,4.861932687273836,10.0,4,1,6.7793,421.2733,14.0,89.3733,4.4103,404.9108,33.9766,0.9342,22.48,171.9753,cutting,excess_tool_wear,5.6786,22.2589,16.5804,True,False,0.081517989318397,62.444,val,True,18.415385019430246,4.064614980569754,3.536149625824607,True
1288,11,C45,6891.6996,2500.3714,0.0918657467384549,13.979154602490826,4.861932687273836,10.0,4,1,7.6126,422.1066,14.0,103.5182,3.2747,398.2917,38.4801,0.9063,23.89,171.9753,cutting,excess_tool_wear,6.3289,24.0358,17.7069,True,False,0.081517989318397,66.361,val,True,18.616827175992025,5.273172824007975,4.587575501655632,True
1295,3,C45,4018.5058,2888.0611,0.1440113525045651,0.0,0.0,16.0,5,1,12.0288,179.5808,22.561,6.7997,2.5845,400.2966,10.9205,0.7315,14.1,91.8035,aircut,none,0.0,5.5532,5.5532,False,True,0.1325596442078941,39.167,train,False,5.571100342488354,8.528899657511646,81.0430473606191,True
1297,0,Al6061,6912.9867,24341.5607,0.0,0.0,0.0,16.0,3,1,39.3477,157.2269,24.1449,28.7585,22.3787,386.9635,18.6555,0.8526,10.7,53.7923,rapid,spindle_bearing_friction,3.2406,10.6456,7.405,True,False,0.1289410646759746,29.722,train,False,7.453764258683159,3.2462357413168403,21.44128279521372,True
1297,1,Al6061,6904.4119,24303.9484,0.0,0.0,0.0,16.0,3,1,39.3477,157.3935,24.1449,28.8449,22.9183,397.3228,18.4393,0.8404,10.49,53.7923,rapid,spindle_bearing_friction,3.2405,10.6455,7.4049,True,False,0.1289410646759746,29.139,train,False,7.448876726084834,3.041123273915166,20.08652153668622,True
1297,2,Al6061,6939.3885,3153.7158,0.1514340359741998,0.0,0.0,16.0,3,1,39.3477,157.5602,24.1449,28.9866,3.0123,409.1733,17.049,0.8166,9.77,53.7923,aircut,spindle_bearing_friction,3.2405,9.8631,6.6227,True,False,0.1289410646759746,27.139,train,False,6.665818484662072,3.1041815153379275,22.47889454019452,True
1297,3,Al6061,6933.2062,3155.3259,0.1514340359741998,0.0,0.0,16.0,3,1,39.3477,157.7269,24.1449,28.4297,2.0353,391.9007,17.9503,0.8049,9.65,53.7923,aircut,spindle_bearing_friction,3.2404,9.863,6.6226,True,False,0.1289410646759746,26.806,train,False,6.663355547754308,2.9866444522456925,21.627751257251894,True
1297,4,Al6061,6913.0231,3180.6801,0.1514340359741998,4.1261628260034175,4.149250158561736,16.0,3,1,40.0144,157.8935,24.1449,39.2699,2.1946,402.7593,19.8442,0.8565,11.63,53.7923,cutting,spindle_bearing_friction,3.2403,11.7824,8.5421,True,False,0.1289410646759746,32.306,train,True,8.5143263989597,3.115673601040301,16.991406597268437,True
1297,5,Al6061,6861.0197,3125.4205,0.1514340359741998,4.1261628260034175,4.149250158561736,16.0,3,1,40.181,158.0602,24.1449,38.8005,2.4793,406.391,19.5802,0.8519,11.45,53.7923,cutting,spindle_bearing_friction,3.2402,11.7479,8.5077,True,False,0.1289410646759746,31.806,train,True,8.474322660563036,2.975677339436963,16.227933362393756,True
1297,6,Al6061,6875.1385,3190.0032,0.1514340359741998,4.1261628260034175,4.149250158561736,16.0,3,1,40.3477,158.2269,24.1449,38.1223,2.3091,403.7312,19.3949,0.8607,12.27,53.7923,cutting,spindle_bearing_friction,3.2401,11.7225,8.4824,True,False,0.1289410646759746,34.083,train,True,8.488172426559345,3.781827573440655,20.6242945216199,True
1297,7,Al6061,6866.5756,3178.4568,0.1514340359741998,4.1261628260034175,4.149250158561736,16.0,3,1,40.5144,158.3935,24.1449,34.0184,2.9064,399.6695,20.2532,0.8457,11.67,53.7923,cutting,spindle_bearing_friction,3.2401,11.7858,8.5457,True,False,0.1289410646759746,32.417,train,True,8.482248417687805,3.1877515823121954,17.38448573305857,True
1297,8,Al6061,6888.8052,3177.4114,0.1514340359741998,4.1261628260034175,4.149250158561736,16.0,3,1,40.681,158.5602,24.1449,35.5526,3.3166,391.0932,20.5926,0.8508,11.83,53.7923,cutting,spindle_bearing_friction,3.24,11.7795,8.5395,True,False,0.1289410646759746,32.861,train,True,8.499732110474648,3.330267889525352,18.16170210186929,True
1297,9,Al6061,6930.4326,3179.6488,0.1514340359741998,4.1261628260034175,4.149250158561736,16.0,3,1,40.8477,158.7269,24.1449,36.7849,3.0712,402.3298,19.8675,0.8457,11.86,53.7923,cutting,spindle_bearing_friction,3.2399,11.7058,8.4659,True,False,0.1289410646759746,32.944,train,True,8.532061941596947,3.3279380584030527,18.148996307562484,True
1297,10,Al6061,6945.2773,3139.7102,0.1514340359741998,4.1261628260034175,4.149250158561736,16.0,3,1,41.0144,158.8935,24.1449,36.5997,3.176,409.1384,20.101,0.8375,11.55,53.7923,cutting,spindle_bearing_friction,3.2398,11.8849,8.6451,True,False,0.1289410646759746,32.083,train,True,8.54273709184428,3.0072629081557203,16.40018607863694,True
1297,11,Al6061,6898.5669,3118.2058,0.1514340359741998,4.1261628260034175,4.149250158561736,16.0,3,1,41.181,159.0602,24.1449,35.6076,3.1699,398.6939,19.8595,0.8467,11.7,53.7923,cutting,spindle_bearing_friction,3.2398,11.6217,8.382,True,False,0.1289410646759746,32.5,train,True,8.507580171353723,3.192419828646276,17.409944135226272,True
1297,12,Al6061,6920.0856,3204.4133,0.1514340359741998,4.1261628260034175,4.149250158561736,16.0,3,1,41.3477,159.2269,24.1449,37.7515,3.3807,405.0811,19.9214,0.8479,11.71,53.7923,cutting,spindle_bearing_friction,3.2397,11.8041,8.5644,True,False,0.1289410646759746,32.528,train,True,8.527990062830709,3.1820099371692923,17.353173522714158,True
1304,0,Ti6Al4V,0.0,0.0,0.0,0.0,0.0,6.0,5,0,153.855,530.7291,24.2434,0.0,0.0,400.3004,9.2936,0.6517,4.07,4.8212,standby,aux_leak,1.4044,4.1693,2.7649,True,False,0.3700632312213522,11.306,train,False,2.7790899866908227,1.2909100133091775,19.30899465455627,True
1304,1,Ti6Al4V,0.0,0.0,0.0,0.0,0.0,6.0,5,0,153.855,530.8958,24.2434,0.0,0.3244,399.0711,8.6953,0.6824,4.13,4.8212,standby,aux_leak,1.4044,4.1693,2.7649,True,False,0.3700632312213522,11.472,train,False,2.7790899866908227,1.3509100133091771,20.206454328219746,True
1304,2,Ti6Al4V,2546.0774,23870.8899,0.0,0.0,0.0,6.0,5,1,153.855,531.0625,24.2434,4.4463,23.0753,397.7199,13.8055,0.77,7.24,4.8212,rapid,aux_leak,1.4044,7.336,5.9316,True,False,0.3700632312213522,20.111,train,False,5.947272759037508,1.292727240962492,12.283712931411356,True
1304,3,Ti6Al4V,2571.4812,331.8806,0.0260992790521441,0.0,0.0,6.0,5,1,153.855,531.2291,24.2434,4.4777,0.0523,399.8934,12.2945,0.7553,6.56,4.8212,aircut,aux_leak,1.4044,6.4486,5.0442,True,False,0.3700632312213522,18.222,train,False,5.071995377628154,1.4880046223718457,22.2570690467265,True
1304,4,Ti6Al4V,2563.9875,339.1173,0.0260992790521441,0.0,0.0,6.0,5,1,153.855,531.3958,24.2434,4.4025,0.0,406.7778,12.3674,0.7396,6.64,4.8212,aircut,aux_leak,1.4044,6.4486,5.0442,True,False,0.3700632312213522,18.444,train,False,5.070176659043629,1.569823340956371,23.480885721400373,True
1304,5,Ti6Al4V,2560.4762,336.4444,0.0260992790521441,4.424187627361828,3.2536755337511565,6.0,5,1,154.6884,531.5625,24.2434,7.1309,0.342,400.7981,13.6679,0.7757,7.24,4.8212,cutting,aux_leak,1.4044,7.3213,5.9168,True,False,0.3700632312213522,20.111,train,True,5.867855319865359,1.3721446801346415,13.038350873296277,True
1304,6,Ti6Al4V,2560.6264,333.3451,0.0260992790521441,4.424187627361828,3.2536755337511565,6.0,5,1,154.855,531.7291,24.2434,7.5878,0.0,401.034,13.5927,0.7764,7.32,4.8212,cutting,aux_leak,1.4044,7.3286,5.9241,True,False,0.3700632312213522,20.333,train,True,5.867950828194168,1.4520491718058324,13.797616870420676,True
1304,7,Ti6Al4V,2568.3474,337.7378,0.0260992790521441,4.424187627361828,3.2536755337511565,6.0,5,1,155.0217,531.8958,24.2434,7.6016,0.674,397.8615,13.9755,0.7543,7.49,4.8212,cutting,aux_leak,1.4044,7.2832,5.8787,True,False,0.3700632312213522,20.806,train,True,5.872964014313653,1.6170359856863472,15.365349486364863,True
1304,8,Ti6Al4V,2565.4714,336.5124,0.0260992790521441,4.424187627361828,3.2536755337511565,6.0,5,1,155.1884,532.0625,24.2434,7.5534,0.0,398.8904,13.8536,0.767,7.33,4.8212,cutting,aux_leak,1.4044,7.3294,5.925,True,False,0.3700632312213522,20.361,train,True,5.871275403391224,1.4587245966087758,13.861047886164979,True
1304,9,Ti6Al4V,2568.7559,334.23,0.0260992790521441,4.424187627361828,3.2536755337511565,6.0,5,1,155.355,532.2291,24.2434,7.5001,0.9714,403.6156,13.6086,0.7676,7.43,4.8212,cutting,aux_leak,1.4044,7.3267,5.9222,True,False,0.3700632312213522,20.639,train,True,5.87332719339375,1.55667280660625,14.79176834724133,True
1304,10,Ti6Al4V,2570.5291,338.1195,0.0260992790521441,4.424187627361828,3.2536755337511565,6.0,5,1,155.5217,532.3958,24.2434,6.797,0.0,398.9506,13.8289,0.7603,7.14,4.8212,cutting,aux_leak,1.4044,7.3159,5.9115,True,False,0.3700632312213522,19.833,train,True,5.874685546828401,1.265314453171599,12.023231984462086,True
1304,11,Ti6Al4V,2561.4375,331.2987,0.0260992790521441,4.424187627361828,3.2536755337511565,6.0,5,1,155.6884,532.5625,24.2434,7.4972,0.0,407.9033,13.4871,0.7737,7.61,4.8212,cutting,aux_leak,1.4044,7.3405,5.9361,True,False,0.3700632312213522,21.139,train,True,5.868970809127286,1.7410291908727142,16.54355389769985,True
1304,12,Ti6Al4V,2570.7785,335.6669,0.0260992790521441,4.424187627361828,3.2536755337511565,6.0,5,1,155.855,532.7291,24.2434,6.6941,0.38,398.3854,13.9382,0.7658,7.28,4.8212,cutting,aux_leak,1.4044,7.3288,5.9244,True,False,0.3700632312213522,20.222,train,True,5.874991940294837,1.405008059705163,13.350624265400041,True
1304,13,Ti6Al4V,2565.5557,332.3626,0.0260992790521441,4.424187627361828,3.2536755337511565,6.0,5,1,156.0217,532.8958,24.2434,6.8072,0.6281,394.4176,13.6771,0.7763,7.17,4.8212,cutting,aux_leak,1.4044,7.3,5.8956,True,False,0.3700632312213522,19.917,train,True,5.871777484511174,1.2982225154888258,12.335929959583924,True
1304,14,Ti6Al4V,2568.904,332.4884,0.0260992790521441,4.424187627361828,3.2536755337511565,6.0,5,1,156.1884,533.0625,24.2434,7.0406,1.4037,403.5454,13.7952,0.7563,7.51,4.8212,cutting,aux_leak,1.4044,7.3113,5.9068,True,False,0.3700632312213522,20.861,train,True,5.873962911932391,1.6360370880676092,15.54590117556575,True
1306,0,C45,3934.1631,24208.6769,0.0,0.0,0.0,16.0,3,1,7.5559,590.0141,22.515,6.8543,22.442,399.7175,16.0011,0.8067,9.05,133.0753,rapid,coolant_stuck_hp,2.7,9.012,6.312,True,False,0.1098618070974104,25.139,train,False,6.336156649535678,2.713843350464323,19.65226523393386,True
1306,1,C45,3938.22,23763.3584,0.0,0.0,0.0,16.0,3,1,7.5559,590.1807,22.515,7.2026,21.9986,407.7669,15.8013,0.8099,9.01,133.0753,rapid,coolant_stuck_hp,2.7,9.012,6.312,True,False,0.1098618070974104,25.028,train,False,6.320742066630499,2.6892579333695004,19.474230220397914,True
1306,2,C45,3937.8469,1961.6945,0.1662709309184977,0.0,0.0,16.0,3,1,7.5559,590.3474,22.515,6.7787,1.867,401.3523,15.1018,0.7811,8.2,133.0753,aircut,coolant_stuck_hp,2.7,8.1857,5.4857,True,False,0.1098618070974104,22.778,train,False,5.503392211348813,2.6966077886511863,25.623623386892216,True
1306,3,C45,3944.4429,2006.5218,0.1662709309184977,8.465145797628288,7.999180759006841,16.0,3,1,8.0559,590.5141,22.515,49.9995,2.3477,407.2977,27.276,0.8743,16.94,133.0753,cutting,coolant_stuck_hp,2.7,16.7968,14.0968,True,False,0.1098618070974104,47.056,train,True,13.655149978310158,3.2848500216898433,5.737640471741961,True
1306,4,C45,3916.0614,1972.8112,0.1662709309184977,8.465145797628288,7.999180759006841,16.0,3,1,8.2225,590.6807,22.515,44.3593,2.4673,397.5225,26.5414,0.8865,16.07,133.0753,cutting,coolant_stuck_hp,2.7,16.0754,13.3754,True,False,0.1098618070974104,44.639,train,True,13.583062295287034,2.4869377047129664,4.343928742878074,True
1306,5,C45,3949.1078,1959.5046,0.1662709309184977,8.465145797628288,7.999180759006841,16.0,3,1,8.3892,590.8474,22.515,45.6061,2.642,389.5261,26.4196,0.9053,16.16,133.0753,cutting,coolant_stuck_hp,2.7,16.1964,13.4964,True,False,0.1098618070974104,44.889,train,True,13.699044210569925,2.4609557894300753,4.298546187304411,True
1306,6,C45,3940.0475,1970.7136,0.1662709309184977,8.465145797628288,7.999180759006841,16.0,3,1,8.5559,591.0141,22.515,45.9726,1.935,403.858,26.3687,0.8825,16.35,133.0753,cutting,coolant_stuck_hp,2.7,16.2708,13.5708,True,False,0.1098618070974104,45.417,train,True,13.687109909316515,2.6628900906834865,4.651264397223921,True
1306,7,C45,3936.4758,1949.6589,0.1662709309184977,8.465145797628288,7.999180759006841,16.0,3,1,8.7225,591.1807,22.515,49.8749,2.47,404.5715,26.3006,0.887,16.66,133.0753,cutting,coolant_stuck_hp,2.7,16.4671,13.7671,True,False,0.1098618070974104,46.278,train,True,13.69074756238682,2.9692524376131804,5.186386850046711,True
1330,6,SS316L,3620.0163,770.5598,0.0711882316482319,6.741158881246765,5.66217469296432,12.0,3,1,9.6404,424.5676,25.5856,23.8863,0.8463,400.3366,16.142,0.812,9.22,29.4901,cutting,none,0.0,9.121,9.121,False,False,0.1697540388483607,25.611,train,True,8.312781529168811,0.9072184708311894,5.527888855371679,True
1330,7,SS316L,3626.4977,777.3197,0.0711882316482319,6.741158881246765,5.66217469296432,12.0,3,1,9.807,424.7343,25.5856,22.6238,0.6654,398.9168,16.2077,0.8014,9.05,29.4901,cutting,none,0.0,8.8964,8.8964,False,False,0.1697540388483607,25.139,train,True,8.327881495686173,0.7221185043138281,4.4000325837687315,True
1330,8,SS316L,3618.1955,762.5483,0.0711882316482319,6.741158881246765,5.66217469296432,12.0,3,1,9.9737,424.901,25.5856,23.1608,0.8722,399.1035,15.7911,0.8032,21.38,29.4901,cutting,none,0.0,8.8625,8.8625,False,True,0.1697540388483607,59.389,train,True,8.321758404750145,13.058241595249854,79.56684140149555,True
1330,9,SS316L,3626.6425,777.56,0.0711882316482319,6.741158881246765,5.66217469296432,12.0,3,1,10.1404,425.0676,25.5856,22.3829,0.8928,398.4552,16.0476,0.8222,8.94,29.4901,cutting,none,0.0,9.0402,9.0402,False,False,0.1697540388483607,24.833,train,True,8.340004262819427,0.5999957371805724,3.6559107375671562,True
1330,11,SS316L,3613.2166,773.7827,0.0711882316482319,6.741158881246765,5.66217469296432,12.0,3,1,10.4737,425.401,25.5856,23.1115,0.7954,405.0095,16.0157,0.8118,9.12,29.4901,cutting,none,0.0,9.133,9.133,False,False,0.1697540388483607,25.333,train,True,8.332825812379019,0.7871741876209803,4.796431685302361,True
1332,1,C45,6273.3901,23795.2508,0.0,0.0,0.0,10.0,3,1,4.2212,40.7652,27.742,12.2144,22.6109,397.7695,18.0671,0.8168,10.03,8.1076,rapid,coolant_stuck_hp,2.7,10.1419,7.4419,True,False,0.0370012328656416,27.861,val,False,7.472021489878175,2.557978510121824,16.895365891496528,True
1332,2,C45,6266.8207,23580.9519,0.0,0.0,0.0,10.0,3,1,4.2212,40.9319,27.742,12.6099,22.7741,397.6812,17.7856,0.8255,10.03,8.1076,rapid,coolant_stuck_hp,2.7,10.1409,7.4409,True,False,0.0370012328656416,27.861,val,False,7.460246049526058,2.5697539504739417,16.973142296769396,True
1332,3,C45,6237.582,1244.1676,0.0658093930237848,0.0,0.0,10.0,3,1,4.2212,41.0985,27.742,11.7108,1.2336,402.0483,16.7378,0.7977,9.21,8.1076,aircut,coolant_stuck_hp,2.7,9.2864,6.5864,True,False,0.0370012328656416,25.583,val,False,6.605272493490419,2.6047275065095823,18.86210411197514,True
1332,4,C45,6250.8968,1249.8647,0.0658093930237848,0.0,0.0,10.0,3,1,4.2212,41.2652,27.742,13.3476,1.6496,393.9527,16.5941,0.8202,9.28,8.1076,aircut,coolant_stuck_hp,2.7,9.2855,6.5855,True,False,0.0370012328656416,25.778,val,False,6.610137871129054,2.669862128870945,19.333775726454512,True
1332,5,C45,6275.4775,1240.4121,0.0658093930237848,7.604582360938766,0.8614553735216024,10.0,3,1,5.0545,41.4319,27.742,15.3255,0.7099,405.412,17.8964,0.8265,10.36,8.1076,cutting,coolant_stuck_hp,2.7,10.3281,7.6281,True,False,0.0370012328656416,28.778,val,True,7.701180547816685,2.658819452183314,17.561417074581307,True
1332,6,C45,6240.2179,1235.1713,0.0658093930237848,7.604582360938766,0.8614553735216024,10.0,3,1,5.2212,41.5985,27.742,16.407,0.8093,393.0011,17.9577,0.845,10.1,8.1076,cutting,coolant_stuck_hp,2.7,10.3139,7.6139,True,False,0.0370012328656416,28.056,val,True,7.681737842613573,2.418262157386427,15.972543869673716,True
1332,7,C45,6235.4433,1251.5725,0.0658093930237848,7.604582360938766,0.8614553735216024,10.0,3,1,5.3878,41.7652,27.742,15.2911,2.0007,403.66,17.4097,0.8431,10.05,8.1076,cutting,coolant_stuck_hp,2.7,10.2836,7.5836,True,False,0.0370012328656416,27.917,val,True,7.679948019288388,2.3700519807116125,15.654117201352765,True
1332,8,C45,6277.4459,1224.2125,0.0658093930237848,7.604582360938766,0.8614553735216024,10.0,3,1,5.5545,41.9319,27.742,15.063,1.1626,400.9398,17.9481,0.8221,10.29,8.1076,cutting,coolant_stuck_hp,2.7,10.2828,7.5828,True,False,0.0370012328656416,28.583,val,True,7.702441074251772,2.587558925748227,17.090743586521345,True
1332,9,C45,6286.0784,1230.7605,0.0658093930237848,7.604582360938766,0.8614553735216024,10.0,3,1,5.7212,42.0985,27.742,15.421,1.0672,401.2098,17.9691,0.8232,10.43,8.1076,cutting,coolant_stuck_hp,2.7,10.3366,7.6366,True,False,0.0370012328656416,28.972,val,True,7.707761084135851,2.722238915864149,17.980300595021493,True
1332,10,C45,6242.2868,1232.0432,0.0658093930237848,7.604582360938766,0.8614553735216024,10.0,3,1,5.8878,42.2652,27.742,14.9005,1.0291,396.1806,17.9288,0.836,10.4,8.1076,cutting,coolant_stuck_hp,2.7,10.3023,7.6023,True,False,0.0370012328656416,28.889,val,True,7.683719903733484,2.716280096266517,17.94094278298944,True
1340,10,Al6061,6088.2945,1457.2648,0.0795685061858906,4.321922231873641,8.363922550743066,16.0,3,1,125.8583,259.9184,25.7541,22.5104,0.9739,407.1785,15.6098,0.805,8.94,52.5995,cutting,none,0.0,8.8299,8.8299,False,False,0.2470060295281091,24.833,test,True,8.29976832989677,0.6402316701032298,3.901077444749452,True
1340,13,Al6061,6122.3471,1450.3397,0.0795685061858906,4.321922231873641,8.363922550743066,16.0,3,1,126.3583,260.4184,25.7541,21.2266,2.6527,409.6963,15.5614,0.8123,8.91,52.5995,cutting,none,0.0,8.9064,8.9064,False,False,0.2470060295281091,24.75,test,True,8.330419216409854,0.5795807835901456,3.5315177737289574,True
1341,3,SS316L,2153.5958,739.2806,0.1142399069830435,17.35473825745847,2.839355062409603,16.0,3,1,62.7432,234.3243,24.0075,31.26,0.9765,402.5188,18.2397,0.8271,10.49,36.6008,cutting,excess_tool_wear,1.7492,10.5119,8.7627,True,False,0.2367085439461324,29.139,train,True,9.245413709652768,1.2445862903472324,5.183920153291951,True
1341,4,SS316L,2160.4629,736.9679,0.1142399069830435,17.35473825745847,2.839355062409603,16.0,3,1,62.9099,234.491,24.0075,31.1753,0.7507,403.0283,18.0515,0.8163,10.26,36.6008,cutting,excess_tool_wear,1.6738,10.2878,8.614,True,False,0.2367085439461324,28.5,train,True,9.27861742185423,0.9813825781457695,4.087630535862732,True
1341,6,SS316L,2161.9299,749.8178,0.1142399069830435,17.35473825745847,2.839355062409603,16.0,3,1,63.2432,234.8243,24.0075,29.5587,0.0,395.224,17.3984,0.8421,10.21,36.6008,cutting,excess_tool_wear,1.5856,10.0257,8.44,True,False,0.2367085439461324,28.361,train,True,9.292186048376768,0.9178139516232324,3.8228560588312273,True
1341,8,SS316L,2176.3881,734.3206,0.1142399069830435,17.35473825745847,2.839355062409603,16.0,3,1,63.5765,235.1577,24.0075,30.6285,1.8669,402.571,17.8215,0.8329,10.26,36.6008,cutting,excess_tool_wear,1.7295,10.4531,8.7237,True,False,0.2367085439461324,28.5,train,True,9.362874404423664,0.8971255955763358,3.7366854279302024,True
1356,4,C45,3064.7834,4300.28,0.2302071159594662,8.921047196944718,4.549055676344081,20.0,6,1,15.4213,9.3085,26.7029,61.2505,6.2411,401.5767,27.0005,0.8871,34.39,172.9026,cutting,none,0.0,16.5679,16.5679,False,True,0.1373204382908036,95.528,test,True,17.07890717206374,17.31109282793626,15.060372192384415,True
1360,0,SS316L,3373.3063,23995.188,0.0,0.0,0.0,12.0,4,2,40.4217,311.4557,23.8899,11.7319,22.534,392.9654,17.4073,0.8376,9.94,4.1701,rapid,spindle_bearing_friction,1.1019,9.9633,8.8614,True,False,0.2727562732912255,27.611,train,False,8.885907428825718,1.054092571174282,5.748521110170895,True
1360,1,SS316L,3344.9087,590.7578,0.0439753353075889,0.0,0.0,12.0,4,2,40.4217,311.6224,23.8899,10.898,0.0,405.016,15.7999,0.8206,9.07,4.1701,aircut,spindle_bearing_friction,1.1019,9.0855,7.9836,True,False,0.2727562732912255,25.194,train,False,8.000010728564819,1.0699892714351815,6.519688431293409,True
1360,2,SS316L,3360.308,589.8096,0.0439753353075889,0.0,0.0,12.0,4,2,40.4217,311.789,23.8899,11.8367,0.365,399.2461,16.2416,0.8156,8.91,4.1701,aircut,spindle_bearing_friction,1.1019,9.0855,7.9836,True,False,0.2727562732912255,24.75,train,False,8.00458406274271,0.9054159372572901,5.516905607592936,True
1360,4,SS316L,3341.4701,604.4166,0.0439753353075889,2.804820331643115,2.5100095833063767,12.0,4,2,41.0883,312.1224,23.8899,14.1185,0.7638,402.0825,17.4948,0.8162,10.0,4.1701,cutting,spindle_bearing_friction,1.1018,9.9003,8.7985,True,False,0.2727562732912255,27.778,train,True,8.883777704470289,1.1162222955297114,6.087347169468901,True
1360,5,SS316L,3353.0643,586.231,0.0439753353075889,2.804820331643115,2.5100095833063767,12.0,4,2,41.255,312.289,23.8899,12.9178,0.1555,400.9951,17.3988,0.8131,9.8,4.1701,cutting,spindle_bearing_friction,1.1018,9.8984,8.7965,True,False,0.2727562732912255,27.222,train,True,8.890941984025705,0.9090580159742956,4.9575714108076125,True
1360,6,SS316L,3372.7665,591.2539,0.0439753353075889,2.804820331643115,2.5100095833063767,12.0,4,2,41.4217,312.4557,23.8899,13.9306,0.7301,403.0384,16.9637,0.8337,9.98,4.1701,cutting,spindle_bearing_friction,1.1018,9.9235,8.8217,True,False,0.2727562732912255,27.722,train,True,8.904172751817951,1.0758272481820494,4.4810091486349215,True
1360,7,SS316L,3361.8772,589.1639,0.0439753353075889,2.804820331643115,2.5100095833063767,12.0,4,2,41.5883,312.6224,23.8899,14.2261,0.3047,394.2369,17.7036,0.8179,9.96,4.1701,cutting,spindle_bearing_friction,1.1018,9.8785,8.7766,True,False,0.2727562732912255,27.667,train,True,8.897798372410888,1.062201627589113,4.424256049439906,True
1367,0,Al6061,0.0,0.0,0.0,0.0,0.0,10.0,2,0,189.5452,371.2399,27.6164,0.0,0.0,409.9652,6.7331,0.5939,5.45,48.7489,standby,none,0.0,2.8323,2.8323,False,True,0.2182974615058599,15.139,train,False,2.8513245414715653,2.598675458528435,38.87010714947049,True
1368,1,Al6061,7988.3915,24006.8878,0.0,0.0,0.0,12.0,3,1,175.8209,554.7469,27.5207,14.5956,22.6795,397.5537,18.5636,0.8303,10.6,154.3236,rapid,coolant_stuck_hp,2.7,10.5903,7.8903,True,False,0.3700632312213522,29.444,test,False,7.918878145409053,2.6811218545909465,16.336686362115028,True
1368,2,Al6061,8037.8526,24103.8863,0.0,0.0,0.0,12.0,3,1,175.8209,554.9136,27.5207,13.7334,22.1887,400.5073,18.2566,0.8422,10.7,154.3236,rapid,coolant_stuck_hp,2.7,10.5903,7.8903,True,False,0.3700632312213522,29.722,test,False,7.943213587028305,2.756786412971694,16.797727756737803,True
1368,3,Al6061,7981.9673,2408.1483,0.0997294064005462,0.0,0.0,12.0,3,1,175.8209,555.0803,27.5207,14.5031,2.8878,394.0239,17.2906,0.828,9.49,154.3236,aircut,coolant_stuck_hp,2.7,9.7801,7.0801,True,False,0.3700632312213522,26.361,test,False,7.1061109947248475,2.3838890052751527,17.262904659515623,True
1368,4,Al6061,8009.3791,2399.4073,0.0997294064005462,16.170420789313486,3.9872792394410426,12.0,3,1,176.4876,555.2469,27.5207,41.4491,2.7677,396.4589,25.5861,0.8839,15.26,154.3236,cutting,coolant_stuck_hp,2.7,15.5391,12.8391,True,False,0.3700632312213522,42.389,test,True,13.02121093332877,2.238789066671229,3.9104880502331563,True
1368,5,Al6061,7930.098,2389.2174,0.0997294064005462,16.170420789313486,3.9872792394410426,12.0,3,1,176.6542,555.4136,27.5207,43.1874,2.3782,398.1403,25.6918,0.8878,15.73,154.3236,cutting,coolant_stuck_hp,2.7,15.669,12.969,True,False,0.3700632312213522,43.694,test,True,12.866570883048105,2.8634291169518953,5.0015454833264235,True
1368,6,Al6061,7993.4547,2363.7237,0.0997294064005462,16.170420789313486,3.9872792394410426,12.0,3,1,176.8209,555.5803,27.5207,42.03,2.8662,400.5589,25.5474,0.8859,15.74,154.3236,cutting,coolant_stuck_hp,2.7,15.6901,12.9901,True,False,0.3700632312213522,43.722,test,True,12.99158037455764,2.7484196254423594,4.800658651732173,True
1368,8,Al6061,7997.685,2433.2308,0.0997294064005462,16.170420789313486,3.9872792394410426,12.0,3,1,177.1542,555.9136,27.5207,42.2552,3.0708,396.6474,25.4292,0.8867,15.37,154.3236,cutting,coolant_stuck_hp,2.7,15.4686,12.7686,True,False,0.3700632312213522,42.694,test,True,13.005879715701175,2.3641202842988243,4.129403818650143,True
1373,0,SS316L,0.0,0.0,0.0,0.0,0.0,8.0,5,0,23.7534,29.3718,27.0638,0.0,0.0,392.9929,6.8998,0.6,8.1,17.1501,standby,axis_drag,0.0,2.8213,2.8213,False,True,0.2721057932975458,22.5,val,False,2.8408027567749303,5.259197243225069,78.66529069394427,True
1373,1,SS316L,5533.8477,24349.0345,0.0,0.0,0.0,8.0,5,1,23.7534,29.5385,27.0638,10.4651,55.7313,396.7375,15.5581,0.8027,8.38,17.1501,rapid,axis_drag,1.3312,8.5229,7.1917,True,False,0.2721057932975458,23.278,val,False,7.234760761932981,1.1452392380670195,7.564268379846352,True
1373,2,SS316L,5537.3842,23866.1577,0.0,0.0,0.0,8.0,5,1,23.7534,29.7051,27.0638,10.106,55.0944,400.1976,15.6277,0.7844,8.6,17.1501,rapid,axis_drag,1.3312,8.5218,7.1906,True,False,0.2721057932975458,23.889,val,False,7.217006977093521,1.3829930229064784,9.134624491539991,True
1374,2,Ti6Al4V,884.3279,23919.9947,0.0,0.0,0.0,25.0,3,2,7.3824,40.1903,20.0994,1.9025,23.1884,402.4948,14.6671,0.7958,18.72,92.2319,rapid,none,0.0,8.1417,8.1417,False,True,0.0812021009901062,52.0,train,False,8.18309556436079,10.536904435639208,64.20375959334349,True
1395,0,Al6061,7993.1846,24020.9432,0.0,0.0,0.0,12.0,3,0,91.978,593.1408,21.4236,27.1797,22.4701,397.4852,15.8052,0.7988,8.82,65.737,rapid,spindle_bearing_friction,2.4494,8.7178,6.2684,True,False,0.1771980171844332,24.5,train,False,6.277190280876369,2.542809719123631,24.16220811256479,True
1395,1,Al6061,7940.6133,2506.7609,0.10519513885002,0.0,0.0,12.0,3,0,91.978,593.3075,21.4236,26.6797,2.9393,398.281,14.8746,0.776,7.96,65.737,aircut,spindle_bearing_friction,2.4494,7.9124,5.463,True,False,0.1771980171844332,22.111,train,False,5.444362965617865,2.5156370343821353,23.904008665408593,True
1395,2,Al6061,7992.6665,2525.7695,0.10519513885002,0.0,0.0,12.0,3,0,91.978,593.4741,21.4236,26.4173,1.438,394.5344,14.5946,0.7904,7.82,65.737,aircut,spindle_bearing_friction,2.4494,7.9124,5.463,True,False,0.1771980171844332,21.722,train,False,5.467064131020606,2.3529358689793947,22.357994667958273,True
1395,3,Al6061,8008.2213,2525.9784,0.10519513885002,17.296241914457422,1.505396929963171,12.0,3,0,92.478,593.6408,21.4236,39.1394,2.0357,404.3748,17.7762,0.8388,10.27,65.737,cutting,spindle_bearing_friction,2.4494,10.4299,7.9805,True,False,0.1771980171844332,28.528,train,True,8.0510138232423,2.2189861767576993,13.520788378001564,True
1395,4,Al6061,8027.5481,2534.3113,0.10519513885002,17.296241914457422,1.505396929963171,12.0,3,0,92.6447,593.8075,21.4236,39.199,2.9426,396.258,18.7532,0.8248,10.66,65.737,cutting,spindle_bearing_friction,2.4494,10.608,8.1586,True,False,0.1771980171844332,29.611,train,True,8.069777131281159,2.5902228687188416,15.782818129574933,True
1395,5,Al6061,7998.0527,2499.561,0.10519513885002,17.296241914457422,1.505396929963171,12.0,3,0,92.8114,593.9741,21.4236,40.1947,2.0812,401.2011,18.8712,0.8316,10.73,65.737,cutting,spindle_bearing_friction,2.4494,10.8272,8.3778,True,False,0.1771980171844332,29.806,train,True,8.04228253751223,2.68771746248777,16.376874903860486,True
1395,6,Al6061,8022.5995,2524.0724,0.10519513885002,17.296241914457422,1.505396929963171,12.0,3,0,92.978,594.1408,21.4236,38.5928,2.3876,393.7102,18.9146,0.8254,10.39,65.737,cutting,spindle_bearing_friction,2.4494,10.5941,8.1447,True,False,0.1771980171844332,28.861,train,True,8.066418358719426,2.3235816412805743,14.158112375746768,True
1399,1,C45,8021.3881,23738.3936,0.0,0.0,0.0,8.0,4,1,29.9091,482.6003,26.7578,15.2416,23.0024,407.9892,17.8174,0.8436,10.36,33.1087,rapid,coolant_stuck_hp,2.7,10.5751,7.8751,True,False,0.2532831705735014,28.778,val,False,7.917955810749807,2.4420441892501925,14.879931672591791,True
1399,2,C45,7962.3895,1665.6136,0.0524960049046531,0.0,0.0,8.0,4,1,29.9091,482.7669,26.7578,14.3961,0.5811,402.6626,17.1701,0.8186,9.68,33.1087,aircut,coolant_stuck_hp,2.7,9.7381,7.0381,True,False,0.2532831705735014,26.889,val,False,7.0611568236677815,2.618843176332218,18.964322571733184,True
1399,3,C45,8031.2666,1666.9946,0.0524960049046531,0.0,0.0,8.0,4,1,29.9091,482.9336,26.7578,14.6746,1.9184,399.2401,17.1854,0.8186,9.93,33.1087,aircut,coolant_stuck_hp,2.7,9.7381,7.0381,True,False,0.2532831705735014,27.583,val,False,7.09036737255346,2.83963262744654,20.563166828315254,True
1399,4,C45,8002.0486,1679.735,0.0524960049046531,5.914408840825803,3.332378913355556,8.0,4,1,30.5758,483.1003,26.7578,30.672,1.7481,397.6735,22.3561,0.8651,13.72,33.1087,cutting,coolant_stuck_hp,2.7,13.2895,10.5895,True,False,0.2532831705735014,38.111,val,True,10.640782156507079,3.0792178434929216,9.441755799973574,True
1399,5,C45,7989.9166,1683.2945,0.0524960049046531,5.914408840825803,3.332378913355556,8.0,4,1,30.7425,483.2669,26.7578,29.6624,1.9519,399.7763,21.5232,0.8892,13.42,33.1087,cutting,coolant_stuck_hp,2.7,13.2611,10.5611,True,False,0.2532831705735014,37.278,val,True,10.63044391228687,2.7895560877131302,8.55357064982453,True
1399,6,C45,8032.0077,1672.8527,0.0524960049046531,5.914408840825803,3.332378913355556,8.0,4,1,30.9091,483.4336,26.7578,30.6005,2.2298,398.9321,21.7544,0.8873,13.73,33.1087,cutting,coolant_stuck_hp,2.7,13.3811,10.6811,True,False,0.2532831705735014,38.139,val,True,10.686944612836927,3.043055387163074,9.33087144584606,True
1399,7,C45,8007.9004,1662.6875,0.0524960049046531,5.914408840825803,3.332378913355556,8.0,4,1,31.0758,483.6003,26.7578,31.6039,1.5087,401.5932,21.7011,0.8799,13.06,33.1087,cutting,coolant_stuck_hp,2.7,13.3559,10.6559,True,False,0.2532831705735014,36.278,val,True,10.66105029106772,2.39894970893228,7.355860637148955,True
1399,8,C45,7966.1937,1690.219,0.0524960049046531,5.914408840825803,3.332378913355556,8.0,4,1,31.2425,483.7669,26.7578,30.5506,1.6321,399.3462,22.4745,0.8583,13.68,33.1087,cutting,coolant_stuck_hp,2.7,13.3176,10.6176,True,False,0.2532831705735014,38.0,val,True,10.614787608537144,3.0652123914628557,9.398811109257531,True
1409,0,SS316L,2036.1885,24399.7226,0.0,0.0,0.0,20.0,4,1,31.8991,293.9446,26.2148,3.3798,22.8725,408.9595,14.8572,0.8078,8.58,173.7253,rapid,coolant_stuck_hp,2.7,8.5224,5.8224,True,False,0.2415957843038425,23.833,train,False,5.883372149382386,2.696627850617614,25.62381401909105,True
1409,1,SS316L,2031.0204,23959.9998,0.0,0.0,0.0,20.0,4,1,31.8991,294.1112,26.2148,3.0435,22.4595,396.555,15.9411,0.7781,8.26,173.7253,rapid,coolant_stuck_hp,2.7,8.5224,5.8224,True,False,0.2415957843038425,22.944,train,False,5.8655254403165,2.3944745596835,22.7527023340364,True
1409,2,SS316L,2031.5524,792.123,0.0981549743637112,0.0,0.0,20.0,4,1,31.8991,294.2779,26.2148,4.1813,0.2601,397.0741,14.4237,0.7791,7.68,173.7253,aircut,coolant_stuck_hp,2.7,7.6524,4.9524,True,False,0.2415957843038425,21.333,train,False,4.996728455723385,2.6832715442766144,40.13546674128331,True
1409,3,SS316L,2034.5074,785.8542,0.0981549743637112,0.0,0.0,20.0,4,1,31.8991,294.4446,26.2148,3.4911,0.0,394.9615,14.1913,0.7892,7.68,173.7253,aircut,coolant_stuck_hp,2.7,7.6524,4.9524,True,False,0.2415957843038425,21.333,train,False,4.997266819703806,2.682733180296194,40.12741407524697,True
1409,4,SS316L,2043.1199,802.5022,0.0981549743637112,19.495810278960064,11.14623496432568,20.0,4,1,32.5658,294.6112,26.2148,96.8741,2.2171,401.5314,40.4474,0.9273,26.25,173.7253,cutting,coolant_stuck_hp,2.7,26.0089,23.3089,True,False,0.2415957843038425,72.917,train,True,21.935707282161864,4.314292717838136,3.753365239465474,True
1409,5,SS316L,2042.4168,789.2891,0.0981549743637112,19.495810278960064,11.14623496432568,20.0,4,1,32.7324,294.7779,26.2148,102.2619,2.1128,399.9419,41.7172,0.9177,26.51,173.7253,cutting,coolant_stuck_hp,2.7,26.5611,23.8611,True,False,0.2415957843038425,73.639,train,True,21.947033498607713,4.562966501392289,3.9697074295304597,True
1436,0,Al6061,7976.3144,23886.2131,0.0,0.0,0.0,10.0,3,1,115.5586,275.7892,36.0,15.2725,22.2459,401.9602,18.8999,0.8244,10.74,130.829,rapid,coolant_stuck_hp,2.7,10.7607,8.0607,True,False,0.116180200770953,29.833,train,False,8.093028480969375,2.6469715190306253,16.128600586284048,True
1436,1,Al6061,8003.2098,2772.8857,0.1151903082501348,0.0,0.0,10.0,3,1,115.5586,275.9558,36.0,14.4065,3.016,398.3562,17.4248,0.8304,10.13,130.829,aircut,coolant_stuck_hp,2.7,9.9644,7.2644,True,False,0.116180200770953,28.139,train,False,7.308736960282735,2.821263039717266,18.63435175220014,True
1436,2,Al6061,8002.5095,2751.4181,0.1151903082501348,0.0,0.0,10.0,3,1,115.5586,276.1225,36.0,13.5374,2.4003,393.0323,17.4378,0.8415,9.87,130.829,aircut,coolant_stuck_hp,2.7,9.9644,7.2644,True,False,0.116180200770953,27.417,train,False,7.307627133907095,2.562372866092904,16.924390471529197,True
1436,3,Al6061,7990.6383,2777.0017,0.1151903082501348,12.330216443807576,3.838010170098339,10.0,3,1,116.0586,276.2892,36.0,33.7659,2.9089,404.6754,22.8915,0.8674,14.15,130.829,cutting,coolant_stuck_hp,2.7,13.9354,11.2354,True,False,0.116180200770953,39.306,train,True,11.229163925860284,2.920836074139716,5.101818092043869,True
1436,4,Al6061,8000.1099,2794.3182,0.1151903082501348,12.330216443807576,3.838010170098339,10.0,3,1,116.2252,276.4558,36.0,32.0141,2.9542,400.0602,22.8436,0.8604,13.64,130.829,cutting,coolant_stuck_hp,2.7,13.7245,11.0245,True,False,0.116180200770953,37.889,train,True,11.241329975541255,2.3986700244587453,4.189751775519039,True
1436,5,Al6061,8001.3895,2776.4749,0.1151903082501348,12.330216443807576,3.838010170098339,10.0,3,1,116.3919,276.6225,36.0,32.025,2.6662,402.9239,22.9062,0.8676,13.75,130.829,cutting,coolant_stuck_hp,2.7,13.7961,11.0961,True,False,0.116180200770953,38.194,train,True,11.242880336479908,2.5071196635200916,4.379180526943156,True
1436,6,Al6061,7995.4548,2765.9867,0.1151903082501348,12.330216443807576,3.838010170098339,10.0,3,1,116.5586,276.7892,36.0,32.1042,3.1875,400.9911,23.0101,0.8625,14.03,130.829,cutting,coolant_stuck_hp,2.7,13.7743,11.0743,True,False,0.116180200770953,38.972,train,True,11.236509319043716,2.7934906809562836,4.879384167513191,True
1436,7,Al6061,8028.0199,2799.2386,0.1151903082501348,12.330216443807576,3.838010170098339,10.0,3,1,116.7252,276.9558,36.0,31.5379,2.7091,405.2332,22.2971,0.8692,13.45,130.829,cutting,coolant_stuck_hp,2.7,13.5689,10.8689,True,False,0.116180200770953,37.361,train,True,11.27564014474401,2.1743598552559895,3.79794968515178,True
1436,8,Al6061,7992.1977,2764.3835,0.1151903082501348,12.330216443807576,3.838010170098339,10.0,3,1,116.8919,277.1225,36.0,30.5017,3.7601,398.0572,23.644,0.8613,14.02,130.829,cutting,coolant_stuck_hp,2.7,13.8746,11.1746,True,False,0.116180200770953,38.944,train,True,11.234279134528538,2.785720865471461,4.865812647507918,True
1436,9,Al6061,8011.6827,2754.3534,0.1151903082501348,12.330216443807576,3.838010170098339,10.0,3,1,117.0586,277.2892,36.0,31.602,2.755,405.5888,22.6938,0.8727,14.08,130.829,cutting,coolant_stuck_hp,2.7,13.8794,11.1794,True,False,0.116180200770953,39.111,train,True,11.256852750786415,2.8231472492135854,4.93118523153819,True
1436,10,Al6061,7992.7575,2777.0425,0.1151903082501348,12.330216443807576,3.838010170098339,10.0,3,1,117.2252,277.4558,36.0,32.4093,3.7135,403.0381,22.9872,0.8703,14.38,130.829,cutting,coolant_stuck_hp,2.7,13.9711,11.2711,True,False,0.116180200770953,39.944,train,True,11.236922001356637,3.1430779986433635,5.4900075838411135,True
1450,5,SS316L,3181.5794,918.9631,0.0725388312827793,11.729476226579427,1.2030781464476104,12.0,4,2,8.6136,258.4287,32.782,11.6516,1.1875,385.152,17.5838,0.825,16.65,13.0208,cutting,none,0.0,9.6021,9.6021,False,True,0.0604997269145996,46.25,val,True,9.74727983827296,6.902720161727039,21.16569902980644,True
1471,2,Al6061,8015.5649,577.3544,0.0241373873078328,0.0,0.0,8.0,3,1,672.8341,494.8183,18.6004,14.2376,0.3472,401.5554,12.8386,0.7652,18.77,1.7516,aircut,none,0.0,6.8336,6.8336,False,True,0.1731798686373484,52.139,train,False,6.877083525955563,11.892916474044437,86.12241709270144,True
1474,0,C45,0.0,0.0,0.0,0.0,0.0,6.0,4,0,62.6861,453.8186,29.548,0.0,0.0,396.0986,9.5175,0.7038,4.68,16.7485,standby,aux_leak,1.7544,4.6254,2.871,True,False,0.1624144106401024,13.0,test,False,2.8926457788264974,1.7873542211735023,26.734638934256985,True
1474,1,C45,7984.4278,23813.6883,0.0,0.0,0.0,6.0,4,1,62.6861,453.9853,29.548,14.2353,22.9365,399.7732,17.063,0.8159,9.82,16.7485,rapid,aux_leak,1.7544,9.6853,7.9309,True,False,0.1624144106401024,27.278,test,False,7.95229328695327,1.8677067130467302,11.380362565474062,True
1474,2,C45,7994.4607,24194.1581,0.0,0.0,0.0,6.0,4,1,62.6861,454.1519,29.548,14.285,21.9942,399.1286,16.7642,0.8354,9.63,16.7485,rapid,aux_leak,1.7544,9.6853,7.9309,True,False,0.1624144106401024,26.75,test,False,7.970755314054704,1.6592446859452972,10.11015593561299,True
1474,3,C45,7999.2318,2372.043,0.0734161601857607,0.0,0.0,6.0,4,1,62.6861,454.3186,29.548,14.1263,2.6161,406.5168,15.811,0.7931,8.94,16.7485,aircut,aux_leak,1.7544,8.8734,7.119,True,False,0.1624144106401024,24.833,test,False,7.154288231857395,1.7857117681426047,12.931211115369356,True
1474,4,C45,7987.077,2339.1612,0.0734161601857607,0.0,0.0,6.0,4,1,62.6861,454.4853,29.548,14.8844,1.4046,394.3521,16.4229,0.7915,8.68,16.7485,aircut,aux_leak,1.7544,8.8734,7.119,True,False,0.1624144106401024,24.111,test,False,7.147974982412228,1.532025017587772,11.094141445380705,True
1474,5,C45,7991.2312,2337.0964,0.0734161601857607,6.276953930651478,1.135759943569286,6.0,4,1,63.5194,454.6519,29.548,22.8419,3.16,398.0623,18.4848,0.8473,10.72,16.7485,cutting,aux_leak,1.7544,10.8038,9.0494,True,False,0.1624144106401024,29.778,test,True,9.116156828092207,1.6038431719077941,6.680288065243663,True
1474,6,C45,8002.0323,2389.0406,0.0734161601857607,6.276953930651478,1.135759943569286,6.0,4,1,63.6861,454.8186,29.548,22.2123,2.4979,400.5204,18.2353,0.8526,10.97,16.7485,cutting,aux_leak,1.7544,10.7895,9.0351,True,False,0.1624144106401024,30.472,test,True,9.12778668731806,1.84221331268194,7.6731415027963,True
1474,7,C45,8033.9248,2321.2161,0.0734161601857607,6.276953930651478,1.135759943569286,6.0,4,1,63.8528,454.9853,29.548,22.2817,2.6821,401.0366,18.2642,0.8457,10.71,16.7485,cutting,aux_leak,1.7544,10.7544,9.0,True,False,0.1624144106401024,29.75,test,True,9.15203509936817,1.5579649006318306,6.489197020042362,True
1474,8,C45,8001.5194,2316.9169,0.0734161601857607,6.276953930651478,1.135759943569286,6.0,4,1,64.0194,455.1519,29.548,22.7512,2.634,395.5414,18.4317,0.8467,10.68,16.7485,cutting,aux_leak,1.7544,10.7354,8.981,True,False,0.1624144106401024,29.667,test,True,9.126646567261472,1.5533534327385272,6.469989447587354,True
1474,9,C45,8016.2628,2377.6804,0.0734161601857607,6.276953930651478,1.135759943569286,6.0,4,1,64.1861,455.3186,29.548,22.9352,2.6091,400.0168,18.8121,0.83,10.85,16.7485,cutting,aux_leak,1.7544,10.8399,9.0854,True,False,0.1624144106401024,30.139,test,True,9.14184194928095,1.7081580507190495,7.114777828429955,True
1474,10,C45,8019.3173,2385.3987,0.0734161601857607,6.276953930651478,1.135759943569286,6.0,4,1,64.3528,455.4853,29.548,21.009,2.723,393.3388,18.9217,0.8299,10.6,16.7485,cutting,aux_leak,1.7544,10.7243,8.9699,True,False,0.1624144106401024,29.444,test,True,9.145606922267655,1.4543930777323446,6.057802215032871,True
1474,11,C45,8015.3765,2381.2487,0.0734161601857607,6.276953930651478,1.135759943569286,6.0,4,1,64.5194,455.6519,29.548,22.8473,2.0321,391.5014,18.5513,0.8529,10.78,16.7485,cutting,aux_leak,1.7544,10.786,9.0316,True,False,0.1624144106401024,29.944,test,True,9.143253487604024,1.636746512395975,6.817336248395127,True
1474,12,C45,7977.3367,2390.5486,0.0734161601857607,6.276953930651478,1.135759943569286,6.0,4,1,64.6861,455.8186,29.548,23.6686,1.7752,398.7134,18.7407,0.8313,10.9,16.7485,cutting,aux_leak,1.7544,10.7321,8.9777,True,False,0.1624144106401024,30.278,test,True,9.11382632554215,1.7861736744578511,7.439726582331448,True
1474,13,C45,7992.7681,2310.3407,0.0734161601857607,6.276953930651478,1.135759943569286,6.0,4,1,64.8528,455.9853,29.548,21.6496,3.0284,389.5225,19.219,0.8325,10.55,16.7485,cutting,aux_leak,1.7544,10.7741,9.0197,True,False,0.1624144106401024,29.306,test,True,9.124260645348585,1.4257393546514159,5.938454433606939,True
1476,2,C45,7988.6181,24127.8853,0.0,0.0,0.0,6.0,3,1,74.3607,26.9821,23.3861,17.1944,22.9343,403.4673,18.2464,0.8594,10.84,37.814,rapid,coolant_stuck_hp,2.7,10.9263,8.2263,True,False,0.206529234006453,30.111,test,False,8.259025323496596,2.580974676503404,15.726466787176433,True
1476,3,C45,7971.1936,1599.0246,0.0653280089534429,0.0,0.0,6.0,3,1,74.3607,27.1488,23.3861,16.5423,1.4454,391.6032,17.9954,0.8148,9.9,37.814,aircut,coolant_stuck_hp,2.7,10.0834,7.3834,True,False,0.206529234006453,27.5,test,False,7.404551200868042,2.4954487991319585,16.48235915899939,True
1476,4,C45,8017.7998,1578.0849,0.0653280089534429,7.584466516034956,3.1799230819594984,6.0,3,1,75.0274,27.3154,23.3861,33.9633,1.2522,401.3465,22.2184,0.8839,13.52,37.814,cutting,coolant_stuck_hp,2.7,13.6677,10.9677,True,False,0.206529234006453,37.556,test,True,11.1253547103537,2.3946452896463004,4.182721779873749,True
1476,5,C45,8015.9527,1582.0624,0.0653280089534429,7.584466516034956,3.1799230819594984,6.0,3,1,75.194,27.4821,23.3861,31.6517,1.2932,395.5216,22.8502,0.8666,13.57,37.814,cutting,coolant_stuck_hp,2.7,13.5613,10.8613,True,False,0.206529234006453,37.694,test,True,11.123428413073706,2.4465715869262947,4.273421331711471,True
1476,6,C45,8007.2563,1572.7524,0.0653280089534429,7.584466516034956,3.1799230819594984,6.0,3,1,75.3607,27.6488,23.3861,32.8139,1.5718,402.6741,22.7353,0.8554,13.48,37.814,cutting,coolant_stuck_hp,2.7,13.5803,10.8803,True,False,0.206529234006453,37.444,test,True,11.111948265728463,2.3680517342715373,4.1362708738664,True
1476,7,C45,8005.2572,1546.0444,0.0653280089534429,7.584466516034956,3.1799230819594984,6.0,3,1,75.5274,27.8154,23.3861,31.6864,1.7104,399.198,23.2503,0.8416,13.52,37.814,cutting,coolant_stuck_hp,2.7,13.476,10.776,True,False,0.206529234006453,37.556,test,True,11.108676301065275,2.4113236989347246,4.211853921525778,True
1476,8,C45,7980.4624,1556.7014,0.0653280089534429,7.584466516034956,3.1799230819594984,6.0,3,1,75.694,27.9821,23.3861,32.8233,1.2907,407.5478,21.9928,0.8757,13.63,37.814,cutting,coolant_stuck_hp,2.7,13.6528,10.9528,True,False,0.206529234006453,37.861,test,True,11.076736358103249,2.553263641896752,4.45978011478215,True
1476,9,C45,8009.5684,1559.3101,0.0653280089534429,7.584466516034956,3.1799230819594984,6.0,3,1,75.8607,28.1488,23.3861,33.7318,1.5062,410.5801,22.6904,0.849,13.64,37.814,cutting,coolant_stuck_hp,2.7,13.5922,10.8922,True,False,0.206529234006453,37.889,test,True,11.115639791578825,2.524360208421175,4.409294549661445,True
1476,10,C45,8027.2708,1564.705,0.0653280089534429,7.584466516034956,3.1799230819594984,6.0,3,1,76.0274,28.3154,23.3861,34.8655,2.3938,407.6081,22.4259,0.883,14.22,37.814,cutting,coolant_stuck_hp,2.7,13.9718,11.2718,True,False,0.206529234006453,39.5,test,True,11.139757377575071,3.0802426224249295,5.380253167271875,True
1476,11,C45,7998.3026,1576.945,0.0653280089534429,7.584466516034956,3.1799230819594984,6.0,3,1,76.194,28.4821,23.3861,32.5841,2.4558,396.4339,23.0306,0.8597,13.85,37.814,cutting,coolant_stuck_hp,2.7,13.5338,10.8338,True,False,0.206529234006453,38.472,test,True,11.10215483720177,2.74784516279823,4.799655239066542,True
1483,1,Al6061,7991.8702,23773.0442,0.0,0.0,0.0,10.0,3,1,112.214,468.9061,29.7132,13.6423,54.1111,403.6031,16.3786,0.8078,9.08,29.3645,rapid,axis_drag,1.2616,9.1958,7.9342,True,False,0.1019283267487119,25.222,train,False,7.9636097015804035,1.1163902984195966,6.80242046133017,True
1486,8,Ti6Al4V,1872.6481,440.4719,0.0588790222879012,9.224480571760338,6.005187888202967,10.0,4,2,32.6014,134.9397,17.3411,13.636,0.4089,412.0302,16.5934,0.8279,10.26,24.4069,cutting,none,0.0,9.8579,9.8579,False,False,0.2010023274533752,28.5,val,True,9.288823754272373,0.9711762457276265,4.0451193715312925,True
1491,0,Ti6Al4V,1996.8385,24228.6771,0.0,0.0,0.0,12.0,4,1,10.469,455.8852,28.5531,3.7216,22.1896,410.9975,13.8762,0.7489,7.53,24.5722,rapid,aux_leak,1.5234,7.385,5.8615,True,False,0.1079419582090781,20.917,test,False,5.900491768720207,1.629508231279793,15.48386287389577,True
1491,1,Ti6Al4V,2008.3496,24133.7542,0.0,0.0,0.0,12.0,4,1,10.469,456.0518,28.5531,3.6386,22.4445,394.9274,13.8175,0.777,7.48,24.5722,rapid,aux_leak,1.5234,7.385,5.8615,True,False,0.1079419582090781,20.778,test,False,5.89997216544344,1.5800278345565602,15.013691773743194,True
1491,2,Ti6Al4V,2015.6419,396.3484,0.0495615708498833,0.0,0.0,12.0,4,1,10.469,456.2185,28.5531,4.108,0.7501,393.2122,12.979,0.7378,6.57,24.5722,aircut,aux_leak,1.5234,6.4999,4.9765,True,False,0.1079419582090781,18.25,test,False,5.012105602493992,1.5578943975060087,23.302456626465165,True
1491,3,Ti6Al4V,2010.1172,396.6572,0.0495615708498833,8.848730866184562,6.97351050058795,12.0,4,1,10.969,456.3852,28.5531,11.5943,0.8725,405.1197,15.2737,0.7726,8.11,24.5722,cutting,aux_leak,1.5234,8.3065,6.783,True,False,0.1079419582090781,22.528,test,True,6.877752845470511,1.2322471545294889,8.923303517290526,True
1491,4,Ti6Al4V,2006.4035,398.5643,0.0495615708498833,8.848730866184562,6.97351050058795,12.0,4,1,11.1356,456.5518,28.5531,10.9477,0.0,397.2768,15.132,0.7945,8.27,24.5722,cutting,aux_leak,1.5234,8.2762,6.7528,True,False,0.1079419582090781,22.972,test,True,6.87569346880422,1.3943065311957792,10.096854619032277,True
1491,5,Ti6Al4V,2012.9165,395.7875,0.0495615708498833,8.848730866184562,6.97351050058795,12.0,4,1,11.3023,456.7185,28.5531,10.9841,0.503,404.5036,14.8819,0.7938,8.16,24.5722,cutting,aux_leak,1.5234,8.2698,6.7464,True,False,0.1079419582090781,22.667,test,True,6.887860691663932,1.272139308336068,9.21218208768614,True
1491,6,Ti6Al4V,2021.9576,398.3721,0.0495615708498833,8.848730866184562,6.97351050058795,12.0,4,1,11.469,456.8852,28.5531,11.0788,0.0,402.5035,15.0072,0.7913,8.27,24.5722,cutting,aux_leak,1.5234,8.3198,6.7964,True,False,0.1079419582090781,22.972,test,True,6.903999644197889,1.366000355802111,9.891875777309727,True
1491,7,Ti6Al4V,2005.1925,391.6057,0.0495615708498833,8.848730866184562,6.97351050058795,12.0,4,1,11.6356,457.0518,28.5531,10.0141,0.1381,394.0364,15.3217,0.7854,7.99,24.5722,cutting,aux_leak,1.5234,8.2513,6.7279,True,False,0.1079419582090781,22.194,test,True,6.882886599795997,1.1071134002040033,8.017148882646042,True
1491,8,Ti6Al4V,2018.2665,402.9957,0.0495615708498833,8.848730866184562,6.97351050058795,12.0,4,1,11.8023,457.2185,28.5531,13.0034,0.0,401.678,15.2153,0.7964,8.38,24.5722,cutting,aux_leak,1.5234,8.4675,6.944,True,False,0.1079419582090781,23.278,test,True,6.905185348361833,1.4748146516381677,10.679853242054719,True
1491,9,Ti6Al4V,2017.8336,399.2762,0.0495615708498833,8.848730866184562,6.97351050058795,12.0,4,1,11.969,457.3852,28.5531,11.4404,0.8389,400.4884,14.9362,0.7943,8.17,24.5722,cutting,aux_leak,1.5234,8.2623,6.7388,True,False,0.1079419582090781,22.694,test,True,6.907568580340653,1.2624314196593467,9.141882524115609,True
1502,10,C45,2359.7575,963.4004,0.1023525396217335,15.588780834866292,4.803603269471922,20.0,4,1,26.7657,18.8385,14.0,37.8384,1.8513,408.7421,19.4629,0.8327,11.63,72.2634,cutting,none,0.0,11.4088,11.4088,False,False,0.0688415085700948,32.306,train,True,10.447363484614256,1.1826365153857452,3.6262991921797645,True
1515,0,Al6061,7995.0564,24047.6321,0.0,0.0,0.0,12.0,3,1,189.4359,131.2566,19.3072,14.4835,22.4609,394.6991,14.9972,0.7625,13.73,13.5956,rapid,none,0.0,7.7569,7.7569,False,True,0.3035427412941854,38.139,val,False,7.802259874443807,5.927740125556193,39.15253311733558,True
1518,2,Al6061,7996.3503,24190.6275,0.0,0.0,0.0,8.0,2,1,129.5671,59.8431,19.2229,39.0078,22.3171,392.3114,21.3725,0.856,12.99,14.7891,rapid,spindle_bearing_friction,4.5468,12.4553,7.9085,True,False,0.0856227402103198,36.083,test,False,7.942662027556274,5.047337972443726,30.75458031801654,True
1518,3,Al6061,7998.8767,24069.8149,0.0,0.0,0.0,8.0,2,1,129.5671,60.0098,19.2229,37.9909,23.0061,397.1701,21.1987,0.8512,12.57,14.7891,rapid,spindle_bearing_friction,4.5456,12.4533,7.9077,True,False,0.0856227402103198,34.917,test,False,7.9384843210195255,4.631515678980475,28.220880337520537,True
1518,4,Al6061,7994.9937,1551.5148,0.0993503215901836,0.0,0.0,8.0,2,1,129.5671,60.1764,19.2229,38.107,0.9809,397.4107,19.8952,0.8446,11.52,14.7891,aircut,spindle_bearing_friction,4.5444,11.611,7.0666,True,False,0.0856227402103198,32.0,test,False,7.091407122270374,4.428592877729626,32.069604102743206,True
1518,5,Al6061,8006.806,1591.7662,0.0993503215901836,0.0,0.0,8.0,2,1,129.5671,60.3431,19.2229,39.1837,2.2961,397.0656,20.0876,0.8417,11.47,14.7891,aircut,spindle_bearing_friction,4.5433,11.6091,7.0658,True,False,0.0856227402103198,31.861,test,False,7.097421508743389,4.372578491256611,31.663976570964184,True
1518,6,Al6061,7996.0689,1617.4255,0.0993503215901836,3.3866057184189975,2.747185139942566,8.0,2,1,130.5671,60.5098,19.2229,39.1765,1.0177,389.0644,21.6542,0.8443,12.45,14.7891,cutting,spindle_bearing_friction,4.5421,12.3117,7.7696,True,False,0.0856227402103198,34.583,test,True,7.861036589689151,4.588963410310848,27.961599668847533,True
1518,7,Al6061,7985.7694,1599.8924,0.0993503215901836,3.3866057184189975,2.747185139942566,8.0,2,1,130.7337,60.6764,19.2229,40.1683,1.5573,390.6965,21.1052,0.8607,12.29,14.7891,cutting,spindle_bearing_friction,4.5409,12.2977,7.7568,True,False,0.0856227402103198,34.139,test,True,7.854409714466889,4.43559028553311,27.027062273025326,True
1518,8,Al6061,7984.6699,1570.6307,0.0993503215901836,3.3866057184189975,2.747185139942566,8.0,2,1,130.9004,60.8431,19.2229,40.115,1.6744,398.0122,20.5715,0.8601,12.32,14.7891,cutting,spindle_bearing_friction,4.5397,12.3024,7.7626,True,False,0.0856227402103198,34.222,test,True,7.852032925628511,4.467967074371489,27.224341424571282,True
1518,9,Al6061,8028.3108,1589.8676,0.0993503215901836,3.3866057184189975,2.747185139942566,8.0,2,1,131.0671,61.0098,19.2229,40.1615,1.5786,389.9759,21.2734,0.8591,12.27,14.7891,cutting,spindle_bearing_friction,4.5386,12.3112,7.7726,True,False,0.0856227402103198,34.083,test,True,7.8742836236128815,4.395716376387118,26.78410145920251,True
1518,10,Al6061,8042.2924,1556.3489,0.0993503215901836,3.3866057184189975,2.747185139942566,8.0,2,1,131.2337,61.1764,19.2229,39.518,1.6535,395.4532,21.0185,0.8508,12.18,14.7891,cutting,spindle_bearing_friction,4.5374,12.3103,7.7728,True,False,0.0856227402103198,33.833,test,True,7.8794504493457564,4.300549550654243,26.20422830594994,True
1518,11,Al6061,8069.9236,1583.4948,0.0993503215901836,3.3866057184189975,2.747185139942566,8.0,2,1,131.4004,61.3431,19.2229,40.5074,1.5621,404.4708,20.7283,0.8432,12.5,14.7891,cutting,spindle_bearing_friction,4.5363,12.306,7.7697,True,False,0.0856227402103198,34.722,test,True,7.893884250446144,4.606115749553856,28.066112780069915,True
1518,12,Al6061,7962.6722,1558.1004,0.0993503215901836,3.3866057184189975,2.747185139942566,8.0,2,1,131.5671,61.5098,19.2229,39.6253,2.0256,392.5389,20.9808,0.8613,12.08,14.7891,cutting,spindle_bearing_friction,4.5351,12.2923,7.7572,True,False,0.0856227402103198,33.556,test,True,7.837536417900509,4.242463582099491,28.021335682568438,True
1518,13,Al6061,7989.7495,1591.7447,0.0993503215901836,3.3866057184189975,2.747185139942566,8.0,2,1,131.7337,61.6764,19.2229,39.464,1.2885,399.967,20.6152,0.8645,12.08,14.7891,cutting,spindle_bearing_friction,4.534,12.3306,7.7966,True,False,0.0856227402103198,33.556,test,True,7.8518587830570405,4.2281412169429595,25.763027830179293,True
1518,14,Al6061,7958.9908,1591.7227,0.0993503215901836,3.3866057184189975,2.747185139942566,8.0,2,1,131.9004,61.8431,19.2229,40.6448,1.5681,398.3947,20.8747,0.8486,12.35,14.7891,cutting,spindle_bearing_friction,4.5329,12.2959,7.7631,True,False,0.0856227402103198,34.306,test,True,7.835528406661748,4.514471593338252,29.81793985930888,True
1541,6,Al6061,7977.8338,2746.7014,0.1723911191649274,12.203853955950574,1.4075593741039518,16.0,2,1,13.9032,62.5328,21.5377,21.6076,2.0273,391.1749,15.9977,0.8133,22.71,47.3804,cutting,none,0.0,8.8072,8.8072,False,True,0.1066571457864437,63.083,train,True,8.896650003289489,13.813349996710512,57.535025082467286,True
1545,1,C45,5191.182,24047.2036,0.0,0.0,0.0,10.0,3,1,75.5716,515.8478,24.3348,16.8538,22.5863,395.6175,14.7583,0.8181,8.31,30.0409,rapid,spindle_bearing_friction,1.4831,8.2545,6.7714,True,False,0.2401026892700155,23.083,train,False,6.787581883451377,1.5224181165486232,11.024573182619628,True
1545,2,C45,5197.7784,781.7989,0.0502246438033612,0.0,0.0,10.0,3,1,75.5716,516.0144,24.3348,16.1538,0.8063,398.402,14.1021,0.7615,7.21,30.0409,aircut,spindle_bearing_friction,1.4831,7.3839,5.9008,True,False,0.2401026892700155,20.028,train,False,5.913104540768508,1.296895459231492,12.323320046531588,True
1545,3,C45,5199.9428,789.0346,0.0502246438033612,12.462706884051642,3.0689669164230264,10.0,3,1,76.0716,516.1811,24.3348,36.4413,0.0,398.3128,19.8395,0.8273,11.2,30.0409,cutting,spindle_bearing_friction,1.4831,11.2749,9.7919,True,False,0.2401026892700155,31.111,train,True,9.277504376986915,1.9224956230130843,8.007531403847151,True
1545,4,C45,5235.6387,780.994,0.0502246438033612,12.462706884051642,3.0689669164230264,10.0,3,1,76.2383,516.3478,24.3348,33.8131,1.1132,404.713,18.7868,0.8273,11.11,30.0409,cutting,spindle_bearing_friction,1.4831,10.9405,9.4574,True,False,0.2401026892700155,30.861,train,True,9.332733561053399,1.7772664389466009,7.402626384430341,True
1545,5,C45,5212.7777,801.8533,0.0502246438033612,12.462706884051642,3.0689669164230264,10.0,3,1,76.4049,516.5144,24.3348,33.4859,1.2747,402.6817,18.5994,0.8556,11.13,30.0409,cutting,spindle_bearing_friction,1.4831,11.035,9.5519,True,False,0.2401026892700155,30.917,train,True,9.30058606645168,1.8294139335483202,7.61982984417126,True
1545,6,C45,5191.7027,775.1841,0.0502246438033612,12.462706884051642,3.0689669164230264,10.0,3,1,76.5716,516.6811,24.3348,33.2391,0.3481,404.8245,18.7743,0.8299,11.09,30.0409,cutting,spindle_bearing_friction,1.4831,10.9079,9.4249,True,False,0.2401026892700155,30.806,train,True,9.269556464865929,1.8204435351340713,7.582466561702748,True
1545,7,C45,5229.4329,795.1418,0.0502246438033612,12.462706884051642,3.0689669164230264,10.0,3,1,76.7383,516.8478,24.3348,31.6636,1.4,405.4792,18.5777,0.84,10.78,30.0409,cutting,spindle_bearing_friction,1.4831,10.8733,9.3903,True,False,0.2401026892700155,29.944,train,True,9.328919257781042,1.4510807422189576,6.044005756759559,True
1545,8,C45,5224.9796,795.2791,0.0502246438033612,12.462706884051642,3.0689669164230264,10.0,3,1,76.9049,517.0144,24.3348,33.2066,1.0097,399.3353,19.3573,0.8256,10.76,30.0409,cutting,spindle_bearing_friction,1.4831,11.0612,9.5781,True,False,0.2401026892700155,29.889,train,True,9.3238391630797,1.4361608369202994,5.981861734795969,True
1548,0,C45,6789.8599,24010.3823,0.0,0.0,0.0,10.0,6,2,9.0334,21.0479,20.8879,13.3237,22.6681,394.1661,20.3573,0.8361,11.59,106.0985,rapid,aux_leak,1.2173,11.6008,10.3835,True,False,0.1404816643173574,32.194,train,False,10.402061528813197,1.1879384711868024,3.642556493377737,True
1548,1,C45,6782.7759,24419.7808,0.0,0.0,0.0,10.0,6,2,9.0334,21.2146,20.8879,13.9297,22.2449,400.8529,19.5938,0.8549,11.93,106.0985,rapid,aux_leak,1.2173,11.5991,10.3818,True,False,0.1404816643173574,33.139,train,False,10.412711554737248,1.5172884452627518,4.65243698446547,True
1548,2,C45,6818.7428,5233.6072,0.1290446097223,0.0,0.0,10.0,6,2,9.0334,21.3812,20.8879,14.2668,6.0455,394.342,18.6029,0.858,10.98,106.0985,aircut,aux_leak,1.2173,10.8949,9.6776,True,False,0.1404816643173574,30.5,train,False,9.704805906399121,1.275194093600879,3.910106995122647,True
1548,3,C45,6821.1829,5322.0362,0.1290446097223,0.0,0.0,10.0,6,2,9.0334,21.5479,20.8879,14.4397,5.046,394.2579,18.7548,0.844,10.93,106.0985,aircut,aux_leak,1.2173,10.8933,9.676,True,False,0.1404816643173574,30.361,train,False,9.70773970759014,1.2222602924098602,3.747796937889732,True
1561,5,SS316L,2744.525,2143.3234,0.1313229797829044,18.82804833451248,1.5644140445290984,16.0,6,1,17.5022,496.2832,16.8212,50.1024,3.7051,392.9073,24.0717,0.8614,14.09,63.2418,cutting,none,0.0,14.1809,14.1809,False,False,0.3628345033606254,39.139,val,True,11.992192943168948,2.0978070568310514,3.6642350767015373,True
1561,6,SS316L,2724.7213,2143.892,0.1313229797829044,18.82804833451248,1.5644140445290984,16.0,6,1,17.6689,496.4499,16.8212,50.4487,3.3779,400.3366,23.3026,0.8769,14.04,63.2418,cutting,none,0.0,14.187,14.187,False,False,0.3628345033606254,39.0,val,True,11.906802067668792,2.133197932331207,3.7260522428611087,True
1561,7,SS316L,2724.1571,2116.2641,0.1313229797829044,18.82804833451248,1.5644140445290984,16.0,6,1,17.8355,496.6165,16.8212,53.5625,2.5987,409.5109,22.7563,0.8734,14.23,63.2418,cutting,none,0.0,14.1252,14.1252,False,False,0.3628345033606254,39.528,val,True,11.918563808524391,2.311436191475609,4.037380626966042,True
1561,9,SS316L,2734.0814,2143.9736,0.1313229797829044,18.82804833451248,1.5644140445290984,16.0,6,1,18.1689,496.9499,16.8212,52.1671,2.769,401.7618,24.4296,0.8603,14.67,63.2418,cutting,none,0.0,14.5785,14.5785,False,False,0.3628345033606254,40.75,val,True,12.00253144139913,2.66746855860087,4.659261597293298,True
1573,0,Ti6Al4V,0.0,0.0,0.0,0.0,0.0,8.0,5,0,3.0765,546.6004,23.1772,0.0,0.4255,408.6319,8.8241,0.6732,4.27,5.5713,standby,aux_leak,1.4376,4.1811,2.7435,True,False,0.039314314954297,11.861,train,False,2.7567293354507054,1.5132706645492942,22.634989946182177,True
1573,1,Ti6Al4V,2807.796,24136.2919,0.0,0.0,0.0,8.0,5,2,3.0765,546.7671,23.1772,4.5771,21.7005,405.1535,17.6352,0.8145,10.0,5.5713,rapid,aux_leak,1.4376,10.1169,8.6793,True,False,0.039314314954297,27.778,train,False,8.710068600512736,1.2899313994872639,7.034674262398161,True
1573,2,Ti6Al4V,2806.9264,23869.6037,0.0,0.0,0.0,8.0,5,2,3.0765,546.9338,23.1772,4.8209,23.6043,394.4555,17.511,0.8432,10.07,5.5713,rapid,aux_leak,1.4376,10.1169,8.6793,True,False,0.039314314954297,27.972,train,False,8.699822916868847,1.3701770831311535,7.472296174402628,True
1573,3,Ti6Al4V,2805.9985,872.7222,0.0622739143238787,0.0,0.0,8.0,5,2,3.0765,547.1004,23.1772,4.3262,1.3036,407.5488,16.1472,0.8039,9.41,5.5713,aircut,aux_leak,1.4376,9.2496,7.812,True,False,0.039314314954297,26.139,train,False,7.837445775265347,1.5725542247346533,10.386670140495152,True
1573,4,Ti6Al4V,2810.7912,885.4971,0.0622739143238787,0.0,0.0,8.0,5,2,3.0765,547.2671,23.1772,4.5244,0.0,399.2301,16.5717,0.8139,9.41,5.5713,aircut,aux_leak,1.4376,9.2496,7.812,True,False,0.039314314954297,26.139,train,False,7.839291696639166,1.570708303360834,9.570683583231128,True
1573,5,Ti6Al4V,2804.8956,879.479,0.0622739143238787,2.491594706811814,2.560028888301509,8.0,5,2,3.9098,547.4338,23.1772,6.3905,0.8261,404.5757,17.5163,0.8087,10.01,5.5713,cutting,aux_leak,1.4376,9.9358,8.4982,True,False,0.039314314954297,27.806,train,True,8.523230061318577,1.486769938681423,8.108138328834258,True
1573,6,Ti6Al4V,2813.8718,876.4856,0.0622739143238787,2.491594706811814,2.560028888301509,8.0,5,2,4.0765,547.6004,23.1772,6.5721,0.8478,398.8519,17.6679,0.8155,10.02,5.5713,cutting,aux_leak,1.4376,9.9354,8.4978,True,False,0.039314314954297,27.833,train,True,8.527676936852451,1.4923230631475484,8.138422436790131,True
1573,7,Ti6Al4V,2791.4814,871.1706,0.0622739143238787,2.491594706811814,2.560028888301509,8.0,5,2,4.2432,547.7671,23.1772,6.6037,1.7917,402.3765,17.0949,0.826,9.87,5.5713,cutting,aux_leak,1.4376,9.9429,8.5054,True,False,0.039314314954297,27.417,train,True,8.518736258853387,1.351263741146612,7.369151774531849,True
1573,8,Ti6Al4V,2798.0612,878.6679,0.0622739143238787,2.491594706811814,2.560028888301509,8.0,5,2,4.4098,547.9338,23.1772,6.4626,0.2441,398.6408,17.5568,0.8112,9.59,5.5713,cutting,aux_leak,1.4376,9.9004,8.4628,True,False,0.039314314954297,26.639,train,True,8.522552936492039,1.0674470635079611,5.821350179642705,True
1573,9,Ti6Al4V,2812.7524,863.6169,0.0622739143238787,2.491594706811814,2.560028888301509,8.0,5,2,4.5765,548.1004,23.1772,6.2793,1.2616,389.1264,17.7598,0.8226,9.77,5.5713,cutting,aux_leak,1.4376,9.9231,8.4855,True,False,0.039314314954297,27.139,train,True,8.529015814625522,1.2409841853744776,6.767739363788687,True
1573,10,Ti6Al4V,2796.4413,872.4951,0.0622739143238787,2.491594706811814,2.560028888301509,8.0,5,2,4.7432,548.2671,23.1772,6.1169,0.6007,406.1548,17.1776,0.8193,9.89,5.5713,cutting,aux_leak,1.4376,9.9401,8.5025,True,False,0.039314314954297,27.472,train,True,8.52311924174056,1.366880758259441,7.454319581426634,True
1580,0,Ti6Al4V,0.0,0.0,0.0,0.0,0.0,10.0,4,0,26.083,395.3458,29.4248,0.0,0.5061,393.0455,8.7227,0.6569,4.01,4.0919,standby,aux_leak,1.0443,3.9128,2.8685,True,False,0.2192196054058776,11.139,test,False,2.892912744210057,1.1170872557899427,16.709012733914616,True
1580,1,Ti6Al4V,1993.9134,23977.8199,0.0,0.0,0.0,10.0,4,2,26.083,395.5124,29.4248,4.1342,23.5866,405.6693,16.7592,0.8114,9.75,4.0919,rapid,aux_leak,1.0443,9.617,8.5727,True,False,0.2192196054058776,27.083,test,False,8.616751891851923,1.1332481081480772,6.180197879103878,True
1580,2,Ti6Al4V,1976.8243,607.0427,0.0766952417604326,0.0,0.0,10.0,4,2,26.083,395.6791,29.4248,3.5548,0.7672,402.1735,15.4744,0.8111,8.85,4.0919,aircut,aux_leak,1.0443,8.7398,7.6955,True,False,0.2192196054058776,24.583,test,False,7.7361116044936225,1.1138883955063772,7.357197071790863,True
1580,3,Ti6Al4V,1990.7109,606.2839,0.0766952417604326,0.0,0.0,10.0,4,2,26.083,395.8458,29.4248,3.3541,1.0525,399.9946,15.7364,0.8002,8.75,4.0919,aircut,aux_leak,1.0443,8.7398,7.6955,True,False,0.2192196054058776,24.306,test,False,7.739748178767372,1.010251821232628,6.672680827745928,True
1580,4,Ti6Al4V,1987.0051,614.4758,0.0766952417604326,5.337539923729262,1.2584710081035158,10.0,4,2,26.7497,396.0124,29.4248,5.1335,1.4874,402.7593,16.7911,0.8043,9.43,4.0919,cutting,aux_leak,1.0443,9.4254,8.3811,True,False,0.2192196054058776,26.194,test,True,8.401940622396975,1.0280593776030251,5.60654841545508,True
1580,5,Ti6Al4V,1987.5126,615.8067,0.0766952417604326,5.337539923729262,1.2584710081035158,10.0,4,2,26.9163,396.1791,29.4248,5.9228,0.6694,399.8573,16.7156,0.8188,9.66,4.0919,cutting,aux_leak,1.0443,9.447,8.4027,True,False,0.2192196054058776,26.833,test,True,8.402620431091071,1.257379568908929,6.857152012103006,True
1580,6,Ti6Al4V,2000.9494,617.8285,0.0766952417604326,5.337539923729262,1.2584710081035158,10.0,4,2,27.083,396.3458,29.4248,4.9601,1.0106,401.071,16.7075,0.8157,9.26,4.0919,cutting,aux_leak,1.0443,9.4443,8.4,True,False,0.2192196054058776,25.722,test,True,8.410198082913533,0.8498019170864666,4.63441674234848,True
1580,7,Ti6Al4V,1985.9282,603.7005,0.0766952417604326,5.337539923729262,1.2584710081035158,10.0,4,2,27.2497,396.5124,29.4248,5.5082,0.5211,401.9758,16.8454,0.802,9.38,4.0919,cutting,aux_leak,1.0443,9.4217,8.3774,True,False,0.2192196054058776,26.056,test,True,8.402052327636218,0.9779476723637828,5.333262934357787,True
1593,0,C45,5811.7822,24184.7214,0.0,0.0,0.0,8.0,4,1,77.3827,252.1035,18.5714,10.6601,22.4211,398.8199,14.4776,0.781,7.82,35.5663,rapid,aux_leak,0.9254,7.7919,6.8665,True,False,0.2551018830875196,21.722,train,False,6.880704581203601,0.9392954187963989,6.801896911274388,True
1593,1,C45,5803.0981,1845.5373,0.0793042983183227,0.0,0.0,8.0,4,1,77.3827,252.2701,18.5714,10.3851,1.458,398.7811,13.0284,0.7759,7.04,35.5663,aircut,aux_leak,0.9254,6.9609,6.0355,True,False,0.2551018830875196,19.556,train,False,6.040090880178284,0.9999091198217158,9.501305608942864,True
1593,2,C45,5831.5607,1853.8165,0.0793042983183227,0.0,0.0,8.0,4,1,77.3827,252.4368,18.5714,9.9631,2.1675,392.5485,13.348,0.764,6.96,35.5663,aircut,aux_leak,0.9254,6.9609,6.0355,True,False,0.2551018830875196,19.333,train,False,6.050734040346415,0.9092659596535846,8.639998967123926,True
1593,3,C45,5816.8768,1865.077,0.0793042983183227,6.522054662122007,2.9614955580467233,8.0,4,1,77.8827,252.6035,18.5714,29.2668,2.0064,405.0924,18.8092,0.8266,11.16,35.5663,cutting,aux_leak,0.9254,10.8902,9.9648,False,False,0.2551018830875196,31.0,train,True,9.458119110547166,1.7018808894528341,7.088632350976303,True
1593,4,C45,5802.1026,1835.5797,0.0793042983183227,6.522054662122007,2.9614955580467233,8.0,4,1,78.0493,252.7701,18.5714,28.501,2.0413,405.5219,18.1849,0.8389,10.91,35.5663,cutting,aux_leak,0.9254,10.7858,9.8604,False,False,0.2551018830875196,30.306,train,True,9.438224207048343,1.4717757929516573,6.1302042722009515,True
1593,5,C45,5798.3877,1850.0736,0.0793042983183227,6.522054662122007,2.9614955580467233,8.0,4,1,78.216,252.9368,18.5714,29.037,2.753,396.7552,18.7032,0.8412,10.8,35.5663,cutting,aux_leak,0.9254,10.8015,9.8761,False,False,0.2551018830875196,30.0,train,True,9.435175953619513,1.3648240463804875,5.684731492386401,True
1593,6,C45,5832.9993,1853.5124,0.0793042983183227,6.522054662122007,2.9614955580467233,8.0,4,1,78.3827,253.1035,18.5714,28.6745,2.3015,404.3989,18.9483,0.8267,11.16,35.5663,cutting,aux_leak,0.9254,10.9115,9.9861,False,False,0.2551018830875196,31.0,train,True,9.48458023571329,1.6754197642867101,6.978417124365394,True
1593,7,C45,5804.2453,1848.9077,0.0793042983183227,6.522054662122007,2.9614955580467233,8.0,4,1,78.5493,253.2701,18.5714,27.3954,2.1261,405.9189,17.392,0.8683,10.76,35.5663,cutting,aux_leak,0.9254,10.6439,9.7185,False,False,0.2551018830875196,29.889,train,True,9.446187735126022,1.3138122648739774,5.472258476848728,True
1593,8,C45,5828.0999,1860.9805,0.0793042983183227,6.522054662122007,2.9614955580467233,8.0,4,1,78.716,253.4368,18.5714,27.366,2.507,401.4611,18.4754,0.8458,10.79,35.5663,cutting,aux_leak,0.9254,10.881,9.9556,False,False,0.2551018830875196,29.972,train,True,9.48114302325398,1.3088569767460196,5.451618832823144,True
1595,0,SS316L,2560.9794,24112.5157,0.0,0.0,0.0,10.0,5,1,132.731,210.9496,21.9139,4.8493,23.2336,404.222,13.3621,0.7633,7.31,22.3054,rapid,aux_leak,1.3068,7.1908,5.884,True,False,0.2405137255490949,20.306,test,False,5.914687944123576,1.395312055876424,13.258491196768007,True
1595,1,SS316L,2564.4429,24040.9996,0.0,0.0,0.0,10.0,5,1,132.731,211.1162,21.9139,5.1597,21.8258,399.3444,13.4028,0.7772,7.27,22.3054,rapid,aux_leak,1.3068,7.1908,5.884,True,False,0.2405137255490949,20.194,test,False,5.912967256554593,1.3570327434454068,12.894754694422526,True
1595,2,SS316L,2553.1992,1231.7828,0.0968916612217321,0.0,0.0,10.0,5,1,132.731,211.2829,21.9139,3.6832,1.0668,397.1139,12.3006,0.7474,6.29,22.3054,aircut,aux_leak,1.3068,6.3372,5.0305,True,False,0.2405137255490949,17.472,test,False,5.054817901314941,1.2351820986850592,18.47543538668114,True
1595,3,SS316L,2550.1033,1236.5097,0.0968916612217321,0.0,0.0,10.0,5,1,132.731,211.4496,21.9139,4.631,1.6651,404.6989,11.9584,0.7493,6.3,22.3054,aircut,aux_leak,1.3068,6.3372,5.0305,True,False,0.2405137255490949,17.5,test,False,5.054122945070103,1.2458770549298972,18.635406919036768,True
1595,4,SS316L,2556.2877,1228.4307,0.0968916612217321,3.748766770138459,4.800401356467033,10.0,5,1,133.3976,211.6162,21.9139,16.2146,1.1254,397.2361,15.7915,0.8259,9.24,22.3054,cutting,aux_leak,1.3068,8.9713,7.6645,True,False,0.2405137255490949,25.667,test,True,7.487662468931214,1.752337531068786,11.57413310379953,True
1595,5,SS316L,2559.867,1252.2358,0.0968916612217321,3.748766770138459,4.800401356467033,10.0,5,1,133.5643,211.7829,21.9139,15.5967,1.1514,397.2099,16.0007,0.8035,8.78,22.3054,cutting,aux_leak,1.3068,8.9234,7.6166,True,False,0.2405137255490949,24.389,test,True,7.495895258498277,1.2841047415017224,8.481470569369217,True
1595,6,SS316L,2557.6199,1247.109,0.0968916612217321,3.748766770138459,4.800401356467033,10.0,5,1,133.731,211.9496,21.9139,16.042,1.9055,404.6499,15.5403,0.8115,9.08,22.3054,cutting,aux_leak,1.3068,8.8414,7.5347,True,False,0.2405137255490949,25.222,test,True,7.492116847614549,1.5878831523854506,10.487917215230024,True
1595,7,SS316L,2551.7114,1237.5201,0.0968916612217321,3.748766770138459,4.800401356467033,10.0,5,1,133.8976,212.1162,21.9139,16.6988,1.6455,403.1251,15.6232,0.8217,9.09,22.3054,cutting,aux_leak,1.3068,8.9762,7.6694,True,False,0.2405137255490949,25.25,test,True,7.481324450505456,1.608675549494544,10.625250330238366,True
1614,6,Ti6Al4V,1100.5226,266.8038,0.0609549199897252,5.86804301963134,9.212167976278426,16.0,4,2,30.8149,341.6709,23.9699,6.5687,0.7307,394.4214,16.0529,0.7837,18.01,14.5037,cutting,none,0.0,8.5315,8.5315,False,True,0.1001961892313713,50.028,train,True,8.577999726436895,9.432000273563107,51.43765753259495,True
1617,0,C45,0.0,0.0,0.0,0.0,0.0,20.0,5,0,6.5881,456.6488,26.3851,0.0,0.6659,403.219,6.4117,0.623,7.38,106.1577,standby,none,0.0,2.8077,2.8077,False,True,0.0941050408953652,20.5,train,False,2.826334485543319,4.55366551445668,68.11218610961576,True
1618,0,Ti6Al4V,1912.9678,24788.4443,0.0,0.0,0.0,10.0,5,2,5.5042,26.9287,25.0671,4.0663,54.8092,397.3016,17.4841,0.8276,9.64,11.3383,rapid,axis_drag,1.3246,9.8903,8.5657,True,False,0.0433290675435743,26.778,test,False,8.626798775219116,1.0132012247808841,5.525519094604188,True
1622,2,SS316L,1195.4014,23914.4288,0.0,0.0,0.0,20.0,6,1,256.65,29.4884,18.4294,3.3286,22.0605,401.3569,14.7139,0.8,8.21,100.5829,rapid,coolant_stuck_hp,2.7,8.2121,5.5121,True,False,0.1944578863275023,22.806,train,False,5.563450905630798,2.6465490943692025,25.14795720550708,True
1622,3,SS316L,1192.2108,24083.0231,0.0,0.0,0.0,20.0,6,1,256.65,29.655,18.4294,2.7563,22.5885,398.6742,15.3664,0.7703,8.09,100.5829,rapid,coolant_stuck_hp,2.7,8.2118,5.5118,True,False,0.1944578863275023,22.472,train,False,5.568599470734413,2.5214005292655868,23.95877436878873,True
1622,4,SS316L,1192.3898,421.3453,0.0582291244580653,0.0,0.0,20.0,6,1,256.65,29.8217,18.4294,2.7757,0.2911,397.1994,14.0935,0.7532,7.21,100.5829,aircut,coolant_stuck_hp,2.7,7.3272,4.6272,True,False,0.1944578863275023,20.028,train,False,4.680895757096676,2.5291042429033244,37.8294844749491,True
1622,5,SS316L,1197.3262,414.4958,0.0582291244580653,0.0,0.0,20.0,6,1,256.65,29.9884,18.4294,2.3691,0.1642,392.4987,13.5164,0.7971,7.35,100.5829,aircut,coolant_stuck_hp,2.7,7.3269,4.6269,True,False,0.1944578863275023,20.417,train,False,4.68169849811039,2.6683015018896095,39.911549918693815,True
1629,0,C45,0.0,0.0,0.0,0.0,0.0,20.0,5,0,218.1931,540.3042,19.566,0.0,0.5529,405.8494,8.1917,0.6528,3.88,162.2096,standby,aux_leak,1.0918,3.7631,2.6713,True,False,0.318954487661907,10.778,train,False,2.6828395203368287,1.1971604796631712,17.906720890022125,True
1629,1,C45,2054.3654,23882.8257,0.0,0.0,0.0,20.0,5,1,218.1931,540.4709,19.566,3.7277,23.0077,394.4688,13.0561,0.7532,6.9,162.2096,rapid,aux_leak,1.0918,6.7862,5.6944,True,False,0.318954487661907,19.167,train,False,5.717806802503393,1.1821931974966073,11.233399751600777,True
1629,2,C45,2053.0794,24198.0517,0.0,0.0,0.0,20.0,5,1,218.1931,540.6376,19.566,3.4923,23.0648,396.8361,13.2247,0.7439,6.78,162.2096,rapid,aux_leak,1.0918,6.7862,5.6944,True,False,0.318954487661907,18.833,train,False,5.7292817996541165,1.0507182003458837,9.984102087342402,True
1629,3,C45,2048.1321,874.8167,0.085434086628415,0.0,0.0,20.0,5,1,218.1931,540.8042,19.566,3.8364,1.0301,407.36,11.4306,0.7341,5.92,162.2096,aircut,aux_leak,1.0918,5.9192,4.8274,True,False,0.318954487661907,16.444,train,False,4.853701421652719,1.066298578347281,15.949332902523098,True
1631,1,Ti6Al4V,1894.3003,23651.841,0.0,0.0,0.0,12.0,5,1,13.8045,22.9488,30.1051,3.5281,22.1964,395.4663,15.6685,0.8047,8.67,4.2055,rapid,coolant_stuck_hp,2.7,8.6749,5.9749,True,False,0.1543155963138517,24.083,val,False,5.984736296288286,2.6852637037117137,25.515829972743788,True
1631,2,Ti6Al4V,1901.6595,23884.05,0.0,0.0,0.0,12.0,5,1,13.8045,23.1155,30.1051,3.2078,23.363,398.9317,15.9592,0.7896,8.5,4.2055,rapid,coolant_stuck_hp,2.7,8.6744,5.9744,True,False,0.1543155963138517,23.611,val,False,5.995335780652384,2.5046642193476156,23.799743120703926,True
1631,3,Ti6Al4V,1899.3683,910.0399,0.0948629641413824,0.0,0.0,12.0,5,1,13.8045,23.2821,30.1051,4.0983,0.2006,401.9847,14.2781,0.7835,7.8,4.2055,aircut,coolant_stuck_hp,2.7,7.8077,5.1077,True,False,0.1543155963138517,21.667,val,False,5.128592153799563,2.671407846200437,39.95801356455184,True
1631,4,Ti6Al4V,1907.0011,897.3333,0.0948629641413824,0.0,0.0,12.0,5,1,13.8045,23.4488,30.1051,3.7894,1.1792,402.7906,14.4825,0.7723,7.91,4.2055,aircut,coolant_stuck_hp,2.7,7.8073,5.1073,True,False,0.1543155963138517,21.972,val,False,5.130048674017212,2.779951325982788,41.58157016361463,True
1631,5,Ti6Al4V,1897.2143,923.3804,0.0948629641413824,3.5387177111018127,1.3182318961905044,12.0,5,1,14.6378,23.6155,30.1051,5.1476,0.2103,408.184,14.7743,0.8087,8.24,4.2055,cutting,coolant_stuck_hp,2.7,8.4473,5.7473,True,False,0.1543155963138517,22.889,val,True,5.78908657891215,2.45091342108785,23.288993942736905,True
1631,6,Ti6Al4V,1907.7703,905.1373,0.0948629641413824,3.5387177111018127,1.3182318961905044,12.0,5,1,14.8045,23.7821,30.1051,5.9803,0.8134,397.787,15.7251,0.7829,8.37,4.2055,cutting,coolant_stuck_hp,2.7,8.4388,5.7388,True,False,0.1543155963138517,23.25,val,True,5.7946467236641,2.575353276335899,24.471442498516794,True
1631,7,Ti6Al4V,1900.5492,906.8118,0.0948629641413824,3.5387177111018127,1.3182318961905044,12.0,5,1,14.9712,23.9488,30.1051,5.0236,0.0,400.2651,15.0853,0.8101,8.54,4.2055,cutting,coolant_stuck_hp,2.7,8.4256,5.7256,True,False,0.1543155963138517,23.722,val,True,5.790769953746694,2.749230046253305,26.123648980617567,True
1631,8,Ti6Al4V,1899.2371,900.4244,0.0948629641413824,3.5387177111018127,1.3182318961905044,12.0,5,1,15.1378,24.1155,30.1051,5.9358,1.2498,398.159,14.9411,0.8107,8.51,4.2055,cutting,coolant_stuck_hp,2.7,8.4399,5.7399,True,False,0.1543155963138517,23.639,val,True,5.789978939772338,2.720021060227662,25.84610025418285,True
1631,9,Ti6Al4V,1895.9236,904.6163,0.0948629641413824,3.5387177111018127,1.3182318961905044,12.0,5,1,15.3045,24.2821,30.1051,5.4766,0.8787,404.5239,15.2355,0.7926,8.21,4.2055,cutting,coolant_stuck_hp,2.7,8.4496,5.7496,True,False,0.1543155963138517,22.806,val,True,5.788433533414431,2.4215664665855696,23.010134216497363,True
1631,10,Ti6Al4V,1906.2269,899.8461,0.0948629641413824,3.5387177111018127,1.3182318961905044,12.0,5,1,15.4712,24.4488,30.1051,5.8727,0.4751,404.3689,15.363,0.7868,8.24,4.2055,cutting,coolant_stuck_hp,2.7,8.4495,5.7495,True,False,0.1543155963138517,22.889,val,True,5.794415098234993,2.445584901765007,23.238361450717516,True
1631,11,Ti6Al4V,1899.0845,901.4378,0.0948629641413824,3.5387177111018127,1.3182318961905044,12.0,5,1,15.6378,24.6155,30.1051,5.4575,1.6859,398.9467,15.2769,0.793,8.59,4.2055,cutting,coolant_stuck_hp,2.7,8.4343,5.7343,True,False,0.1543155963138517,23.861,val,True,5.7905466438856585,2.7994533561143413,26.600879367082513,True
1634,0,Ti6Al4V,0.0,0.0,0.0,0.0,0.0,12.0,3,0,6.8376,71.6533,24.2744,0.0,0.0,406.5722,9.3084,0.6881,4.55,7.1979,standby,aux_leak,1.7288,4.4943,2.7655,True,False,0.109198559779127,12.639,test,False,2.780645789143445,1.7693542108565548,26.465400877840533,True
1634,1,Ti6Al4V,0.0,0.0,0.0,0.0,0.0,12.0,3,0,6.8376,71.82,24.2744,0.0,0.9576,392.376,9.5406,0.696,4.51,7.1979,standby,aux_leak,1.7288,4.4943,2.7655,True,False,0.109198559779127,12.528,test,False,2.780645789143445,1.7293542108565547,25.867094428731544,True
1634,2,Ti6Al4V,2123.0019,24121.6057,0.0,0.0,0.0,12.0,3,2,6.8376,71.9866,24.2744,4.2064,23.1245,398.1593,17.9604,0.8261,10.31,7.1979,rapid,aux_leak,1.7288,10.2717,8.5429,True,False,0.109198559779127,28.639,test,False,8.582881155502815,1.727118844497186,9.418887305415318,True
1634,3,Ti6Al4V,2125.1944,24325.8671,0.0,0.0,0.0,12.0,3,2,6.8376,72.1533,24.2744,4.0867,22.3694,395.5259,18.2783,0.8273,10.14,7.1979,rapid,aux_leak,1.7288,10.2715,8.5427,True,False,0.109198559779127,28.167,test,False,8.591000236179879,1.548999763820122,8.447510290343802,True
1634,4,Ti6Al4V,2127.5835,443.5378,0.0684745051701239,0.0,0.0,12.0,3,2,6.8376,72.32,24.2744,4.1039,0.7593,392.4187,16.5136,0.8296,9.55,7.1979,aircut,aux_leak,1.7288,9.3877,7.6589,True,False,0.109198559779127,26.528,test,False,7.696211461589584,1.8537885384104165,12.244213748463006,True
1634,5,Ti6Al4V,2117.388,436.5626,0.0684745051701239,2.7696178808596357,5.962559408403237,12.0,3,2,7.671,72.4866,24.2744,5.9085,1.0198,394.9377,17.9874,0.8235,10.07,7.1979,cutting,aux_leak,1.7288,10.1493,8.4205,True,False,0.109198559779127,27.972,test,True,8.475259125112204,1.5947408748877958,8.696960623043015,True
1634,6,Ti6Al4V,2118.9367,442.1922,0.0684745051701239,2.7696178808596357,5.962559408403237,12.0,3,2,7.8376,72.6533,24.2744,6.8148,0.5772,394.0247,17.9377,0.8256,10.28,7.1979,cutting,aux_leak,1.7288,10.1681,8.4393,True,False,0.109198559779127,28.556,test,True,8.47749054584447,1.8025094541555298,9.830031945820897,True
1634,7,Ti6Al4V,2123.9703,434.5835,0.0684745051701239,2.7696178808596357,5.962559408403237,12.0,3,2,8.0043,72.82,24.2744,6.0527,0.2631,404.2362,17.5381,0.8313,10.36,7.1979,cutting,aux_leak,1.7288,10.1591,8.4303,True,False,0.109198559779127,28.778,test,True,8.481301163482636,1.8786988365173638,10.245532713832164,True
1634,8,Ti6Al4V,2126.7455,435.7103,0.0684745051701239,2.7696178808596357,5.962559408403237,12.0,3,2,8.171,72.9866,24.2744,6.4395,1.0665,402.097,17.4755,0.8284,10.22,7.1979,cutting,aux_leak,1.7288,10.1701,8.4413,True,False,0.109198559779127,28.389,test,True,8.48412909308753,1.7358709069124707,9.466616904245285,True
1634,9,Ti6Al4V,2119.9652,434.6757,0.0684745051701239,2.7696178808596357,5.962559408403237,12.0,3,2,8.3376,73.1533,24.2744,5.9458,1.2984,402.7023,17.5091,0.8275,10.11,7.1979,cutting,aux_leak,1.7288,10.1595,8.4307,True,False,0.109198559779127,28.083,test,True,8.481170465927573,1.6288295340724268,8.882864007906043,True
1634,10,Ti6Al4V,2123.8503,435.4869,0.0684745051701239,2.7696178808596357,5.962559408403237,12.0,3,2,8.5043,73.32,24.2744,6.3819,0.5309,403.7488,17.7316,0.8143,10.37,7.1979,cutting,aux_leak,1.7288,10.1634,8.4346,True,False,0.109198559779127,28.806,test,True,8.484656531881404,1.8853434681185952,10.281769384190666,True
1634,11,Ti6Al4V,2113.1353,424.3999,0.0684745051701239,2.7696178808596357,5.962559408403237,12.0,3,2,8.671,73.4866,24.2744,6.0526,0.5261,406.3432,17.0306,0.844,10.13,7.1979,cutting,aux_leak,1.7288,10.1595,8.4307,True,False,0.109198559779127,28.139,test,True,8.478912464332113,1.6510875356678874,9.00424859550368,True
1634,12,Ti6Al4V,2115.4742,440.6266,0.0684745051701239,2.7696178808596357,5.962559408403237,12.0,3,2,8.8376,73.6533,24.2744,6.4009,0.1381,395.6888,18.1066,0.8189,10.21,7.1979,cutting,aux_leak,1.7288,10.1784,8.4496,True,False,0.109198559779127,28.361,test,True,8.482035508862571,1.7279644911374294,9.423499061247892,True
1651,4,Al6061,8019.7622,3190.4619,0.1333183745785447,8.925164589684487,3.0136387879185875,12.0,3,0,49.139,153.1896,21.7773,29.0409,3.6237,393.2986,15.4003,0.8203,8.84,86.0615,cutting,none,0.0,8.6374,8.6374,False,False,0.1607306620955919,24.556,train,True,8.250416756795513,0.589583243204487,3.5924650392511905,True
1662,4,SS316L,1728.7622,804.919,0.0928449914404382,7.196928295014144,2.930436773989249,20.0,5,2,1.9321,374.0444,22.0165,15.4356,0.0,406.5002,17.6673,0.8143,10.1,16.9369,cutting,excess_tool_wear,0.6768,10.0952,9.4184,False,False,0.0138870536165768,28.056,train,True,9.249566177501928,0.8504338224980721,3.5422060050644597,True
1665,5,Ti6Al4V,2037.6078,204.4805,0.0252767717880626,6.050025380341363,3.9891061798616545,10.0,4,1,68.4369,138.3945,30.2257,6.3749,0.1516,401.8391,11.4776,0.7369,10.08,4.9516,cutting,none,0.0,5.858,5.858,False,True,0.3700632312213522,28.0,train,True,5.895546618062106,4.184453381937894,39.761383909825,True
1683,3,Al6061,7985.6726,1184.3086,0.0494538693403898,13.905170543097697,3.321461835856573,12.0,3,0,15.1419,335.7278,15.1564,25.3472,1.2719,403.1561,13.8723,0.7917,7.89,54.8172,cutting,none,0.0,7.7369,7.7369,False,False,0.0483815956017671,21.917,train,True,7.263231577670033,0.6267684223299668,4.139785296318414,True
1690,2,SS316L,3193.1699,24221.8046,0.0,0.0,0.0,8.0,4,1,86.0399,85.0905,26.041,5.8402,22.849,396.8722,16.1134,0.8051,8.84,5.0237,rapid,coolant_stuck_hp,2.7,8.8811,6.1811,True,False,0.1434942369666591,24.556,train,False,6.225165478122646,2.614834521877354,24.846599972606,True
1690,3,SS316L,3165.0222,23627.5235,0.0,0.0,0.0,8.0,4,1,86.0399,85.2572,26.041,5.968,22.1012,396.0313,16.2683,0.7982,25.63,5.0237,rapid,coolant_stuck_hp,2.7,8.881,6.181,True,True,0.1434942369666591,71.194,train,False,6.19400490481933,19.43599509518067,184.68411333837253,True
1690,4,SS316L,3170.9338,1081.3582,0.0848709734643891,0.0,0.0,8.0,4,1,86.0399,85.4239,26.041,5.7763,1.1831,392.9134,14.8489,0.7937,8.06,5.0237,aircut,coolant_stuck_hp,2.7,8.0212,5.3212,True,False,0.1434942369666591,22.389,train,False,5.345985266239161,2.7140147337608393,25.789027124018244,True
1690,5,SS316L,3170.7589,1068.4905,0.0848709734643891,0.0,0.0,8.0,4,1,86.0399,85.5905,26.041,5.978,1.4619,402.4522,14.5058,0.7941,7.85,5.0237,aircut,coolant_stuck_hp,2.7,8.021,5.321,True,False,0.1434942369666591,21.806,train,False,5.345292171155533,2.5047078288444666,23.80015750552033,True
1690,6,SS316L,3184.6638,1073.3718,0.0848709734643891,2.095900230089276,2.227440872054993,8.0,4,1,87.0399,85.7572,26.041,7.9837,1.2433,392.8644,16.1067,0.8118,8.86,5.0237,cutting,coolant_stuck_hp,2.7,8.8627,6.1627,True,False,0.1434942369666591,24.611,train,True,6.198138964200001,2.6618610357999986,25.293453863269505,True
1690,7,SS316L,3167.3777,1073.3597,0.0848709734643891,2.095900230089276,2.227440872054993,8.0,4,1,87.2066,85.9239,26.041,8.068,1.2783,396.3525,15.847,0.8121,8.88,5.0237,cutting,coolant_stuck_hp,2.7,8.8386,6.1386,True,False,0.1434942369666591,24.667,train,True,6.188503649019902,2.691496350980099,25.575053641451028,True
1690,8,SS316L,3171.1673,1083.9942,0.0848709734643891,2.095900230089276,2.227440872054993,8.0,4,1,87.3733,86.0905,26.041,8.0541,1.6284,396.5578,16.1362,0.8008,8.85,5.0237,cutting,coolant_stuck_hp,2.7,8.8714,6.1714,True,False,0.1434942369666591,24.583,train,True,6.19102395806702,2.6589760419329798,25.26604016349711,True
1690,9,SS316L,3180.2757,1086.3241,0.0848709734643891,2.095900230089276,2.227440872054993,8.0,4,1,87.5399,86.2572,26.041,8.0735,0.3217,406.396,15.5224,0.8102,9.04,5.0237,cutting,coolant_stuck_hp,2.7,8.8695,6.1695,True,False,0.1434942369666591,25.111,train,True,6.196208338009067,2.843791661990932,27.022189450134245,True
1690,10,SS316L,3162.4752,1087.3517,0.0848709734643891,2.095900230089276,2.227440872054993,8.0,4,1,87.7066,86.4239,26.041,8.041,1.1945,401.7972,15.8934,0.8025,8.66,5.0237,cutting,coolant_stuck_hp,2.7,8.8608,6.1608,True,False,0.1434942369666591,24.056,train,True,6.186331088060194,2.4736689119398063,23.50522046630786,True
1690,11,SS316L,3171.3876,1074.3944,0.0848709734643891,2.095900230089276,2.227440872054993,8.0,4,1,87.8733,86.5905,26.041,8.3722,0.7724,407.653,15.4891,0.8015,8.9,5.0237,cutting,coolant_stuck_hp,2.7,8.8438,6.1438,True,False,0.1434942369666591,24.722,train,True,6.190817764489114,2.7091822355108865,25.743107908144236,True
1696,0,Al6061,0.0,0.0,0.0,0.0,0.0,8.0,3,0,1088.1245,71.4809,28.6181,0.0,0.3932,399.775,9.4445,0.6736,4.45,16.3575,standby,aux_leak,1.5989,4.4513,2.8524,True,False,0.2936180262108614,12.361,train,False,2.8691115617450875,1.5808884382549127,23.64639369824377,True
1696,1,Al6061,0.0,0.0,0.0,0.0,0.0,8.0,3,0,1088.1245,71.6476,28.6181,0.0,0.0,396.7978,9.563,0.6735,4.53,16.3575,standby,aux_leak,1.5989,4.4513,2.8524,True,False,0.2936180262108614,12.583,train,False,2.8691115617450875,1.6608884382549127,24.84300659646175,True
1696,2,Al6061,8019.4695,24171.9874,0.0,0.0,0.0,8.0,3,1,1088.1245,71.8143,28.6181,14.1512,22.7334,397.7646,16.8284,0.8272,9.81,16.3575,rapid,aux_leak,1.5989,9.6477,8.0488,True,False,0.2936180262108614,27.25,train,False,8.12173544052808,1.6882645594719197,10.286980637280646,True
1696,3,Al6061,8032.4941,1025.7762,0.0423370688456758,0.0,0.0,8.0,3,1,1088.1245,71.9809,28.6181,15.2714,0.6834,395.2589,15.7795,0.8193,8.59,16.3575,aircut,aux_leak,1.5989,8.7852,7.1863,True,False,0.2936180262108614,23.861,train,False,7.259354230083348,1.3306457699166518,8.788872567050316,True
1696,4,Al6061,8015.0804,1034.1497,0.0423370688456758,0.0,0.0,8.0,3,1,1088.1245,72.1476,28.6181,15.7128,1.0787,392.2856,16.3666,0.7939,8.78,16.3575,aircut,aux_leak,1.5989,8.7846,7.1857,True,False,0.2936180262108614,24.389,train,False,7.251324928353927,1.528675071646072,10.096849743839332,True
1696,5,Al6061,8008.3734,1018.7633,0.0423370688456758,11.132203827156747,1.4461155352888464,8.0,3,1,1088.9578,72.3143,28.6181,18.9393,1.5482,395.023,17.4487,0.8298,9.67,16.3575,cutting,aux_leak,1.5989,9.9059,8.307,True,False,0.2936180262108614,26.861,train,True,8.371188018474427,1.2988119815255725,7.083104746317567,True
1696,6,Al6061,7994.0059,1016.9123,0.0423370688456758,11.132203827156747,1.4461155352888464,8.0,3,1,1089.1245,72.4809,28.6181,19.4981,0.4228,396.6799,17.9852,0.808,9.83,16.3575,cutting,aux_leak,1.5989,9.929,8.3301,True,False,0.2936180262108614,27.306,train,True,8.36125759691899,1.4687424030810092,8.949382119573357,True
1696,7,Al6061,8015.5835,1017.5569,0.0423370688456758,11.132203827156747,1.4461155352888464,8.0,3,1,1089.2911,72.6476,28.6181,20.5776,0.7118,395.7389,17.6234,0.8283,10.02,16.3575,cutting,aux_leak,1.5989,9.986,8.387,True,False,0.2936180262108614,27.833,train,True,8.374786265101207,1.6452137348987925,8.97221567103248,True
1696,8,Al6061,8031.5673,1013.8536,0.0423370688456758,11.132203827156747,1.4461155352888464,8.0,3,1,1089.4578,72.8143,28.6181,19.4104,0.878,398.5103,17.5551,0.8157,9.95,16.3575,cutting,aux_leak,1.5989,9.9133,8.3144,True,False,0.2936180262108614,27.639,train,True,8.384544894057878,1.565455105942121,8.53724992436666,True
1706,0,Al6061,8006.5422,24362.456,0.0,0.0,0.0,8.0,2,1,73.7362,184.1151,21.168,13.8812,22.2866,408.667,16.5729,0.8184,9.45,16.4939,rapid,aux_leak,1.7515,9.5229,7.7715,True,False,0.0240516356689014,26.25,train,False,7.828833314968806,1.6211666850311932,10.707753879215371,True
1706,1,Al6061,7988.3233,493.3414,0.0306323642022142,0.0,0.0,8.0,2,1,73.7362,184.2818,21.168,14.865,0.5061,396.5832,15.9692,0.7921,8.57,16.4939,aircut,aux_leak,1.7515,8.6413,6.8898,True,False,0.0240516356689014,23.806,train,False,6.9263255219721165,1.6436744780278838,11.902649721814301,True
1706,2,Al6061,7954.8778,492.3651,0.0306323642022142,0.0,0.0,8.0,2,1,73.7362,184.4484,21.168,13.9196,1.2908,398.5967,15.6729,0.8001,8.81,16.4939,aircut,aux_leak,1.7515,8.6413,6.8898,True,False,0.0240516356689014,24.472,train,False,6.912074389392635,1.8979256106073654,13.743806357706776,True
1706,3,Al6061,8017.4696,487.3773,0.0306323642022142,9.445233289559614,3.562946367186887,8.0,2,1,74.2362,184.6151,21.168,16.9628,0.9994,388.7462,17.3315,0.8165,9.63,16.4939,cutting,aux_leak,1.7515,9.5556,7.8041,True,False,0.0240516356689014,26.75,train,True,7.840006567470482,1.7899934325295188,10.906837840065995,True
1706,4,Al6061,7987.2091,484.9626,0.0306323642022142,9.445233289559614,3.562946367186887,8.0,2,1,74.4029,184.7818,21.168,17.5162,0.0548,390.1097,17.5434,0.8073,9.55,16.4939,cutting,aux_leak,1.7515,9.548,7.7966,True,False,0.0240516356689014,26.528,train,True,7.824947223904509,1.7250527760954917,11.39391817364686,True
1706,5,Al6061,8001.4815,490.2043,0.0306323642022142,9.445233289559614,3.562946367186887,8.0,2,1,74.5695,184.9484,21.168,16.8562,0.351,392.8024,16.9243,0.8265,9.53,16.4939,cutting,aux_leak,1.7515,9.5773,7.8258,True,False,0.0240516356689014,26.472,train,True,7.832174559281794,1.697825440718205,11.214082498081376,True
1706,6,Al6061,7985.3803,492.4412,0.0306323642022142,9.445233289559614,3.562946367186887,8.0,2,1,74.7362,185.1151,21.168,17.2116,0.9257,399.7801,17.0396,0.8161,9.46,16.4939,cutting,aux_leak,1.7515,9.5381,7.7866,True,False,0.0240516356689014,26.278,train,True,7.824289719742588,1.6357102802574133,10.803813858512502,True
1711,0,C45,6440.7793,24038.5221,0.0,0.0,0.0,10.0,4,1,13.4647,154.9276,27.9977,11.9121,22.7609,408.853,16.9537,0.8325,10.19,32.8631,rapid,coolant_stuck_hp,2.7,10.0011,7.3011,True,False,0.1520698774177614,28.306,train,False,7.336490725417297,2.853509274582702,18.84733709766683,True
1711,1,C45,6490.4529,23743.6335,0.0,0.0,0.0,10.0,4,1,13.4647,155.0942,27.9977,10.2811,22.314,401.9781,17.6573,0.8228,9.85,32.8631,rapid,coolant_stuck_hp,2.7,10.0011,7.3011,True,False,0.1520698774177614,27.361,train,False,7.344491844225561,2.5055081557744385,16.54880088649446,True
1711,2,C45,6442.1372,3275.8032,0.1271499031762559,0.0,0.0,10.0,4,1,13.4647,155.2609,27.9977,10.8858,3.6222,397.5855,15.9537,0.8392,9.29,32.8631,aircut,coolant_stuck_hp,2.7,9.2239,6.5239,True,False,0.1520698774177614,25.806,train,False,6.554584263341759,2.73541573665824,19.808481419049766,True
1711,3,C45,6454.5925,3216.2486,0.1271499031762559,5.904070077473014,1.6991025817542535,10.0,4,1,13.9647,155.4276,27.9977,26.0345,3.0549,416.204,19.5124,0.868,12.24,32.8631,cutting,coolant_stuck_hp,2.7,12.2525,9.5525,True,False,0.1520698774177614,34.0,train,True,9.510978989892243,2.7290210101077577,11.366851075555253,True
1711,4,C45,6439.3943,3280.6293,0.1271499031762559,5.904070077473014,1.6991025817542535,10.0,4,1,14.1314,155.5942,27.9977,24.6354,4.2793,401.3172,20.3437,0.8641,12.34,32.8631,cutting,coolant_stuck_hp,2.7,12.269,9.569,True,False,0.1520698774177614,34.278,train,True,9.502540011553945,2.8374599884460547,11.818518436484847,True
1711,5,C45,6446.9743,3272.3499,0.1271499031762559,5.904070077473014,1.6991025817542535,10.0,4,1,14.298,155.7609,27.9977,24.5036,4.1998,406.3687,20.0505,0.8608,12.16,32.8631,cutting,coolant_stuck_hp,2.7,12.1395,9.4395,True,False,0.1520698774177614,33.778,train,True,9.515778008727887,2.644221991272113,11.01364829152102,True
1711,6,C45,6429.0838,3312.4555,0.1271499031762559,5.904070077473014,1.6991025817542535,10.0,4,1,14.4647,155.9276,27.9977,23.6426,3.9759,401.1864,20.6791,0.8412,12.27,32.8631,cutting,coolant_stuck_hp,2.7,12.0662,9.3662,True,False,0.1520698774177614,34.083,train,True,9.503390850807811,2.7666091491921883,11.523412266398966,True
1724,0,C45,6562.3683,23688.0599,0.0,0.0,0.0,8.0,3,1,72.7156,299.7767,22.5225,12.178,22.4538,396.9893,17.8038,0.8192,9.93,48.2448,rapid,coolant_stuck_hp,2.7,9.9269,7.2269,True,False,0.2135094407992706,27.583,test,False,7.244089516601345,2.685910483398655,17.740352465535526,True
1724,1,C45,6564.8831,1060.7751,0.0544629010811642,0.0,0.0,8.0,3,1,72.7156,299.9434,22.5225,10.8511,1.095,396.6691,16.5565,0.8021,8.94,48.2448,aircut,coolant_stuck_hp,2.7,9.0671,6.3671,True,False,0.2135094407992706,24.833,test,False,6.392494523252905,2.5475054767470944,18.447731445283058,True
1724,2,C45,6574.6862,1078.7037,0.0544629010811642,9.45444813281196,4.754298012283641,8.0,3,1,73.049,300.11,22.5225,33.1256,0.9952,396.1353,23.491,0.8406,13.42,48.2448,cutting,coolant_stuck_hp,2.7,13.5184,10.8184,True,False,0.2135094407992706,37.278,test,True,11.259624930295207,2.160375069704793,3.7735224902913287,True
1724,3,C45,6566.6077,1085.2426,0.0544629010811642,9.45444813281196,4.754298012283641,8.0,3,1,73.2156,300.2767,22.5225,30.3336,1.7677,400.9347,22.8595,0.8638,13.81,48.2448,cutting,coolant_stuck_hp,2.7,13.5788,10.8788,True,False,0.2135094407992706,38.361,test,True,11.248059506323717,2.5619404936762837,4.474935953133619,True
1724,4,C45,6585.28,1081.6249,0.0544629010811642,9.45444813281196,4.754298012283641,8.0,3,1,73.3823,300.4434,22.5225,33.7065,0.8743,397.8197,22.7611,0.8764,13.56,48.2448,cutting,coolant_stuck_hp,2.7,13.7578,11.0578,True,False,0.2135094407992706,37.667,test,True,11.284424028503068,2.2755759714969326,3.974743657814745,True
1724,5,C45,6594.6023,1059.8144,0.0544629010811642,9.45444813281196,4.754298012283641,8.0,3,1,73.549,300.61,22.5225,32.8407,0.625,401.1775,23.1871,0.8667,13.75,48.2448,cutting,coolant_stuck_hp,2.7,13.9099,11.2099,True,False,0.2135094407992706,38.194,test,True,11.303332534406955,2.4466674655930447,4.273588802772582,True
1724,6,C45,6540.6676,1085.4398,0.0544629010811642,9.45444813281196,4.754298012283641,8.0,3,1,73.7156,300.7767,22.5225,34.1814,2.1384,399.1242,22.3193,0.8728,13.55,48.2448,cutting,coolant_stuck_hp,2.7,13.4464,10.7464,True,False,0.2135094407992706,37.639,test,True,11.209606929587913,2.3403930704120874,4.087959545158417,True
1724,7,C45,6566.7071,1057.2868,0.0544629010811642,9.45444813281196,4.754298012283641,8.0,3,1,73.8823,300.9434,22.5225,34.3593,0.9516,401.264,23.145,0.8755,14.55,48.2448,cutting,coolant_stuck_hp,2.7,13.998,11.298,True,False,0.2135094407992706,40.417,test,True,11.25813721700228,3.29186278299772,5.749889646843734,True
1733,2,Al6061,7987.5428,3757.5709,0.1554880854523276,0.0,0.0,16.0,3,1,27.4462,217.2152,30.3174,12.8914,3.9041,394.8911,13.5386,0.7756,19.01,119.357,aircut,none,0.0,7.1898,7.1898,False,True,0.163488428238288,52.806,test,False,7.227100118098234,11.782899881901766,77.82567522747505,True
1749,0,C45,0.0,0.0,0.0,0.0,0.0,20.0,6,0,1.5692,33.718,26.261,0.0,0.3755,394.6317,6.7926,0.6018,5.76,63.6513,standby,none,0.0,2.8052,2.8052,False,True,0.0149180955102935,16.0,val,False,2.82144026852226,2.93855973147774,43.953980960877715,True
1754,3,C45,2678.1086,1576.2695,0.0969890217083493,11.624360805042253,10.330822717043102,20.0,6,1,86.4246,162.774,22.1025,120.2974,3.537,402.19,44.0,0.9357,29.06,186.8272,cutting,none,0.0,28.554,28.554,False,False,0.3345163915776327,80.722,train,True,21.4966389849168,7.563361015083199,6.580002374471859,True
1754,4,C45,2678.0301,1558.495,0.0969890217083493,11.624360805042253,10.330822717043102,20.0,6,1,86.5913,162.9407,22.1025,121.9333,4.0504,399.3915,44.5908,0.9165,28.69,186.8272,cutting,none,0.0,28.1141,28.1141,False,False,0.3345163915776327,79.694,train,True,21.50408047475532,7.185919525244682,6.251634352053149,True
1754,5,C45,2670.6692,1566.422,0.0969890217083493,11.624360805042253,10.330822717043102,20.0,6,1,86.758,163.1073,22.1025,116.3363,4.0099,394.4282,43.4642,0.9137,26.61,186.8272,cutting,none,0.0,27.3228,27.3228,False,False,0.3345163915776327,73.917,train,True,21.416143471929285,5.1938565280707145,4.518571600538035,True
1754,6,C45,2664.2488,1549.7363,0.0969890217083493,11.624360805042253,10.330822717043102,20.0,6,1,86.9246,163.274,22.1025,113.7239,3.5972,397.85,43.5915,0.9081,26.86,186.8272,cutting,none,0.0,27.192,27.192,False,False,0.3345163915776327,74.611,train,True,21.34006877795052,5.519931222049479,4.802251337146754,True
1754,7,C45,2681.9147,1555.1383,0.0969890217083493,11.624360805042253,10.330822717043102,20.0,6,1,87.0913,163.4407,22.1025,115.1407,3.5108,390.7489,43.1877,0.9172,26.83,186.8272,cutting,none,0.0,26.8639,26.8639,False,False,0.3345163915776327,74.528,train,True,21.583208778846522,5.246791221153476,4.56462393170164,True
1754,8,C45,2671.8816,1559.9791,0.0969890217083493,11.624360805042253,10.330822717043102,20.0,6,1,87.258,163.6073,22.1025,115.3316,3.4669,407.1403,42.7347,0.9073,27.73,186.8272,cutting,none,0.0,27.3844,27.3844,False,False,0.3345163915776327,77.028,train,True,21.45901827842322,6.270981721576781,5.455653185925694,True
1754,9,C45,2673.2334,1572.674,0.0969890217083493,11.624360805042253,10.330822717043102,20.0,6,1,87.4246,163.774,22.1025,116.9781,2.7653,394.7099,43.1514,0.9064,26.34,186.8272,cutting,none,0.0,26.7243,26.7243,False,False,0.3345163915776327,73.167,train,True,21.48647703123781,4.853522968762189,4.222486880544285,True
1754,10,C45,2677.4037,1533.9293,0.0969890217083493,11.624360805042253,10.330822717043102,20.0,6,1,87.5913,163.9407,22.1025,115.0696,3.5317,412.1433,42.5087,0.9132,28.07,186.8272,cutting,none,0.0,27.816,27.816,False,False,0.3345163915776327,77.972,train,True,21.549672117422357,6.520327882577643,5.6725803335495035,True
1759,9,Ti6Al4V,2006.9977,652.2469,0.0809742411461022,6.713568829986119,5.2082286815389365,10.0,4,2,34.9637,84.8241,23.1111,14.0595,0.3908,399.1516,17.552,0.8265,10.35,22.7126,cutting,excess_tool_wear,0.6089,10.0112,9.4023,False,False,0.16303098581027,28.75,val,True,9.430518048408192,0.9194819515918073,3.829803571205298,True
1759,10,Ti6Al4V,1988.1549,647.0277,0.0809742411461022,6.713568829986119,5.2082286815389365,10.0,4,2,35.1304,84.9908,23.1111,14.647,0.0665,399.2394,17.7929,0.8284,10.35,22.7126,cutting,excess_tool_wear,0.6429,10.1261,9.4831,False,False,0.16303098581027,28.75,val,True,9.400019482281465,0.9499805177185348,3.9568354474336145,True
1764,1,Al6061,7989.7221,23625.1616,0.0,0.0,0.0,16.0,3,1,43.797,217.2499,25.5307,14.6237,62.2694,401.6284,16.4189,0.8279,9.65,64.1014,rapid,axis_drag,1.6087,9.4628,7.8541,True,False,0.2885079413976142,26.806,train,False,7.8659512990181195,1.7840487009818808,10.870615236220356,True
1786,5,C45,3216.914,4300.4375,0.2227313654832008,7.563126330576609,1.9771900317286963,20.0,6,1,31.4213,0.9801,20.8748,49.6,5.209,401.5161,23.1624,0.8713,14.18,64.3585,cutting,excess_tool_wear,3.0856,14.1751,11.0895,True,False,0.2400059434232986,39.389,val,True,11.613295510988939,2.5667044890110606,4.483257213544145,True
1786,7,C45,3218.0469,4370.5402,0.2227313654832008,7.563126330576609,1.9771900317286963,20.0,6,1,31.7546,1.3134,20.8748,50.4692,6.3211,409.343,23.1343,0.8731,14.33,64.3585,cutting,excess_tool_wear,3.1089,14.2343,11.1254,True,False,0.2400059434232986,39.806,val,True,11.637932807992172,2.692067192007828,4.702227977387785,True
1793,10,SS316L,3175.9729,1015.493,0.1067287286900025,10.925592126571658,6.965147744765802,12.0,3,1,34.282,2.5618,24.461,44.0653,1.582,403.5589,21.6194,0.8548,22.78,77.3771,cutting,none,0.0,12.9582,12.9582,False,True,0.2248544213844543,63.278,train,True,13.13438669756763,9.645613302432372,16.847972021059938,True
1799,1,SS316L,2088.8105,605.0033,0.0966470706899132,0.0,0.0,16.0,3,1,81.2965,210.7542,23.9073,3.9176,0.653,406.7438,10.07,0.6941,13.92,36.9265,aircut,none,0.0,4.9159,4.9159,False,True,0.2633348034038575,38.667,train,False,4.945052030751609,8.97494796924839,134.24423126047324,True
1801,9,SS316L,2471.1844,1318.2885,0.1345630083274119,17.21230389237925,7.41886409141926,16.0,4,1,21.3794,26.8323,25.6508,98.0212,3.7416,397.5729,38.6117,0.9099,24.55,170.0643,cutting,excess_tool_wear,5.5136,24.1853,18.6717,True,False,0.1404573904656754,68.194,train,True,19.741199301777602,4.808800698222399,4.183579224839798,True
1801,10,SS316L,2478.8158,1337.4955,0.1345630083274119,17.21230389237925,7.41886409141926,16.0,4,1,21.546,26.999,25.6508,98.8953,4.7046,401.1393,37.907,0.9329,25.31,170.0643,cutting,excess_tool_wear,5.6384,24.6014,18.9631,True,False,0.1404573904656754,70.306,train,True,19.851632441914944,5.458367558085055,4.748691940172413,True
1801,12,SS316L,2465.5056,1331.5974,0.1345630083274119,17.21230389237925,7.41886409141926,16.0,4,1,21.8794,27.3323,25.6508,102.7583,3.2022,391.0761,40.2883,0.9172,25.79,170.0643,cutting,excess_tool_wear,5.75,24.9731,19.2231,True,False,0.1404573904656754,71.639,train,True,19.75118418522707,6.038815814772928,5.253672582990801,True
1810,1,Al6061,7967.1348,23803.6366,0.0,0.0,0.0,12.0,2,0,188.5827,2.2028,25.6095,17.1544,22.1013,398.2682,19.2732,0.8546,11.15,13.8848,rapid,coolant_stuck_hp,4.2,11.33,7.13,True,False,0.234323212382135,30.972,train,False,7.0771501929697305,4.07284980703027,29.493494770816707,True
1810,2,Al6061,7966.1446,816.3424,0.0507963363020989,0.0,0.0,12.0,2,0,188.5827,2.3695,25.6095,17.1973,0.4634,395.9976,18.464,0.8219,10.92,13.8848,aircut,coolant_stuck_hp,4.2,10.4573,6.2573,True,False,0.234323212382135,30.333,train,False,6.207603254198774,4.712396745801226,44.77799106425642,True
1810,3,Al6061,8016.2718,813.8683,0.0507963363020989,0.0,0.0,12.0,2,0,188.5827,2.5362,25.6095,17.4503,0.967,392.0067,18.5418,0.8296,10.63,13.8848,aircut,coolant_stuck_hp,4.2,10.454,6.254,True,False,0.234323212382135,29.528,train,False,6.231520757463734,4.398479242536267,41.79509384350849,True
1810,4,Al6061,8011.7478,822.5223,0.0507963363020989,4.995795163965056,3.4196621431910654,12.0,2,0,189.2493,2.7028,25.6095,20.2838,0.7206,395.6975,19.2004,0.8589,11.45,13.8848,cutting,coolant_stuck_hp,4.2,11.3203,7.1203,True,False,0.234323212382135,31.806,train,True,7.138931207320386,4.311068792679613,31.21855480014323,True
1810,5,Al6061,7992.6663,822.5357,0.0507963363020989,4.995795163965056,3.4196621431910654,12.0,2,0,189.416,2.8695,25.6095,20.5023,1.7275,388.3546,20.0356,0.835,11.38,13.8848,cutting,coolant_stuck_hp,4.2,11.2894,7.0894,True,False,0.234323212382135,31.611,train,True,7.123365771042232,4.256634228957769,30.824367536544496,True
1810,6,Al6061,7998.6952,812.9661,0.0507963363020989,4.995795163965056,3.4196621431910654,12.0,2,0,189.5827,3.0362,25.6095,21.7465,0.1548,408.4752,18.8596,0.8457,11.32,13.8848,cutting,coolant_stuck_hp,4.2,11.2776,7.0776,True,False,0.234323212382135,31.444,train,True,7.124313921200313,4.195686078799687,30.383012212104223,True
1810,7,Al6061,8025.7454,808.5313,0.0507963363020989,4.995795163965056,3.4196621431910654,12.0,2,0,189.7493,3.2028,25.6095,21.0553,0.468,402.0788,19.7375,0.828,11.41,13.8848,cutting,coolant_stuck_hp,4.2,11.3028,7.1028,True,False,0.234323212382135,31.694,train,True,7.139587878877565,4.270412121122435,30.924139983299106,True
1810,8,Al6061,7981.7886,810.7195,0.0507963363020989,4.995795163965056,3.4196621431910654,12.0,2,0,189.916,3.3695,25.6095,20.8984,1.7738,399.4768,19.1335,0.8499,11.35,13.8848,cutting,coolant_stuck_hp,4.2,11.2561,7.0561,True,False,0.234323212382135,31.528,train,True,7.107472359869511,4.242527640130489,30.722214836709288,True
1810,9,Al6061,7990.2383,811.7202,0.0507963363020989,4.995795163965056,3.4196621431910654,12.0,2,0,190.0827,3.5362,25.6095,19.9943,0.6922,401.5206,19.1075,0.8556,11.12,13.8848,cutting,coolant_stuck_hp,4.2,11.2921,7.0921,True,False,0.234323212382135,30.889,train,True,7.110464331310568,4.0095356686894315,29.035006170316144,True
1815,10,C45,5717.4593,2608.9535,0.0757572634774451,7.2521890969215645,7.129494937549724,12.0,6,1,16.9729,145.2145,22.5414,65.11,3.8978,395.44,28.2221,0.884,49.02,134.5198,cutting,none,0.0,17.0709,17.0709,False,True,0.1572731568861959,136.167,val,True,17.045841508696807,31.974158491303196,27.817003363312317,True
1822,1,C45,5058.9345,24000.2716,0.0,0.0,0.0,12.0,3,1,3.9673,45.9279,31.141,9.5998,23.0687,395.827,17.2182,0.8204,9.72,53.5999,rapid,coolant_stuck_hp,2.7,9.7192,7.0192,True,False,0.0333913253419602,27.0,train,False,7.037110849185413,2.682889150814588,19.428110755188186,True
1822,2,C45,5108.4213,1274.2684,0.0842664271257738,0.0,0.0,12.0,3,1,3.9673,46.0946,31.141,9.4395,1.483,401.2377,16.1675,0.7927,9.04,53.5999,aircut,coolant_stuck_hp,2.7,8.8667,6.1667,True,False,0.0333913253419602,25.111,train,False,6.203424015770267,2.8365759842297322,26.953624859387205,True
1822,3,C45,5066.1357,1309.2783,0.0842664271257738,16.513058478694468,2.5254589571016934,12.0,3,1,4.4673,46.2613,31.141,31.1125,1.6783,406.0185,21.3968,0.8863,13.77,53.5999,cutting,coolant_stuck_hp,2.7,13.3625,10.6625,True,False,0.0333913253419602,38.25,train,True,10.37167836954779,3.398321630452209,10.420218573461106,True
1822,4,C45,5046.2974,1278.6391,0.0842664271257738,16.513058478694468,2.5254589571016934,12.0,3,1,4.634,46.4279,31.141,32.3135,1.5682,404.2229,22.2971,0.8704,13.52,53.5999,cutting,coolant_stuck_hp,2.7,13.578,10.878,True,False,0.0333913253419602,37.556,train,True,10.35085222456751,3.1691477754324904,9.7175064937012,True
1822,5,C45,5062.6495,1280.5575,0.0842664271257738,16.513058478694468,2.5254589571016934,12.0,3,1,4.8007,46.5946,31.141,32.3078,2.0844,400.7149,23.3398,0.8585,14.07,53.5999,cutting,coolant_stuck_hp,2.7,13.9067,11.2067,True,False,0.0333913253419602,39.083,train,True,10.376516096621637,3.693483903378363,11.32526987024517,True
1822,6,C45,5088.0489,1291.5825,0.0842664271257738,16.513058478694468,2.5254589571016934,12.0,3,1,4.9673,46.7613,31.141,31.0557,2.433,401.5539,22.0758,0.8754,13.26,53.5999,cutting,coolant_stuck_hp,2.7,13.4577,10.7577,True,False,0.0333913253419602,36.833,train,True,10.414204492679252,2.845795507320748,8.726016671267766,True
1844,2,Al6061,7893.3412,23999.409,0.0,0.0,0.0,16.0,3,1,69.954,294.523,30.8575,14.4567,22.6516,397.8375,14.6506,0.7869,21.7,112.3516,rapid,none,0.0,7.9261,7.9261,False,True,0.2918902923185588,60.278,train,False,7.95215140076562,13.747848599234379,83.76877400590969,True
1847,0,SS316L,1875.2858,23628.1657,0.0,0.0,0.0,20.0,6,1,22.734,527.3068,19.5329,3.3999,68.5474,398.5976,13.8788,0.7771,7.34,169.4318,rapid,axis_drag,1.8182,7.4636,5.6454,True,False,0.2407541598294185,20.389,test,False,5.673034385658461,1.6669656143415388,15.839789264330475,True
1847,1,SS316L,1873.5859,24140.8901,0.0,0.0,0.0,20.0,6,1,22.734,527.4735,19.5329,3.3383,67.3077,396.1809,14.4598,0.758,7.63,169.4318,rapid,axis_drag,1.8182,7.4636,5.6454,True,False,0.2407541598294185,21.194,test,False,5.691826513941977,1.938173486058023,18.416852341011623,True
1869,0,Ti6Al4V,1804.7779,23885.7509,0.0,0.0,0.0,12.0,5,2,37.2214,305.3786,26.8087,5.9629,23.7083,397.5675,16.0653,0.8056,9.24,23.6677,rapid,spindle_bearing_friction,0.5381,9.0084,8.4703,False,False,0.2466887361339531,25.667,train,False,8.496361622335337,0.7436383776646629,4.055451133268408,True
1875,2,SS316L,3302.6525,965.0252,0.0751262097788472,0.0,0.0,8.0,4,2,87.1348,4.7099,19.7956,6.7582,0.811,401.7709,14.734,0.7996,13.93,16.7694,aircut,none,0.0,8.1735,8.1735,False,True,0.1546230906710167,38.694,train,False,8.190282614260827,5.739717385739173,34.97340584406435,True
1881,0,SS316L,4063.5148,24149.5554,0.0,0.0,0.0,10.0,4,1,14.2065,283.32,26.1713,6.9514,22.8473,402.1718,16.1508,0.8137,8.87,9.5427,rapid,coolant_stuck_hp,2.7,9.1254,6.4254,True,False,0.1231402131837848,24.639,train,False,6.458196384733136,2.411803615266863,17.46504798490876,True
1881,1,SS316L,4060.9053,845.7911,0.0509037658407082,0.0,0.0,10.0,4,1,14.2065,283.4866,26.1713,6.9024,1.3572,405.9001,14.8725,0.7922,8.1,9.5427,aircut,coolant_stuck_hp,2.7,8.2565,5.5565,True,False,0.1231402131837848,22.5,train,False,5.5833403903808705,2.516659609619129,23.913725348297284,True
1881,2,SS316L,4077.9032,825.662,0.0509037658407082,3.2242206971416523,3.575672727656909,10.0,4,1,14.5398,283.6533,26.1713,12.2235,0.9529,406.7291,16.4626,0.8199,9.68,9.5427,cutting,coolant_stuck_hp,2.7,9.5025,6.8025,True,False,0.1231402131837848,26.889,train,True,6.880536008445623,2.7994639915543766,20.272286116094687,True
1881,3,SS316L,4059.4536,822.5397,0.0509037658407082,3.2242206971416523,3.575672727656909,10.0,4,1,14.7065,283.82,26.1713,11.6279,0.8489,396.2509,16.7666,0.8185,9.5,9.5427,cutting,coolant_stuck_hp,2.7,9.4721,6.7721,True,False,0.1231402131837848,26.389,train,True,6.869580271061231,2.6304197289387687,19.04815404353851,True
1881,4,SS316L,4079.5827,821.2221,0.0509037658407082,3.2242206971416523,3.575672727656909,10.0,4,1,14.8731,283.9866,26.1713,11.4461,0.8048,403.5201,16.1947,0.8314,9.57,9.5427,cutting,coolant_stuck_hp,2.7,9.4215,6.7215,True,False,0.1231402131837848,26.583,train,True,6.884558209224522,2.685441790775478,19.446595667941008,True
1881,5,SS316L,4062.6817,823.6191,0.0509037658407082,3.2242206971416523,3.575672727656909,10.0,4,1,15.0398,284.1533,26.1713,11.2341,1.3311,393.5874,17.066,0.8156,9.45,9.5427,cutting,coolant_stuck_hp,2.7,9.447,6.747,True,False,0.1231402131837848,26.25,train,True,6.874779990130259,2.5752200098697404,18.648425916342966,True
1881,6,SS316L,4072.5009,824.8824,0.0509037658407082,3.2242206971416523,3.575672727656909,10.0,4,1,15.2065,284.32,26.1713,10.3093,0.1296,401.3848,17.0829,0.7971,9.58,9.5427,cutting,coolant_stuck_hp,2.7,9.421,6.721,True,False,0.1231402131837848,26.611,train,True,6.882962605016906,2.697037394983094,19.530565101695096,True
1889,2,C45,5786.9132,24033.4528,0.0,0.0,0.0,12.0,3,1,29.7702,526.1632,23.0063,9.5025,22.7116,394.5215,17.2446,0.8206,9.87,11.099,rapid,coolant_stuck_hp,2.7,9.6494,6.9494,True,False,0.2143556590186871,27.417,train,False,6.961416260072035,2.9085837399279644,21.06247551185733,True
1889,3,C45,5782.845,934.4172,0.0533745153313063,0.0,0.0,12.0,3,1,29.7702,526.3299,23.0063,9.5474,1.0662,398.5979,15.6973,0.8099,8.87,11.099,aircut,coolant_stuck_hp,2.7,8.7842,6.0842,True,False,0.2143556590186871,24.639,train,False,6.094000944387673,2.775999055612326,26.378012636000626,True
1889,4,C45,5792.5066,929.7919,0.0533745153313063,7.838458490190065,1.5268205038431977,12.0,3,1,30.4369,526.4965,23.0063,14.2856,0.6351,407.3222,17.7014,0.8174,10.27,11.099,cutting,coolant_stuck_hp,2.7,10.2108,7.5108,True,False,0.2143556590186871,28.528,train,True,7.724589615525565,2.545410384474435,16.812353825311178,True
1889,5,C45,5785.7194,932.2353,0.0533745153313063,7.838458490190065,1.5268205038431977,12.0,3,1,30.6035,526.6632,23.0063,15.7902,1.334,403.6693,17.5095,0.8319,10.18,11.099,cutting,coolant_stuck_hp,2.7,10.2378,7.5378,True,False,0.2143556590186871,28.278,train,True,7.7210283528569095,2.4589716471430902,16.241428741838728,True
1889,6,C45,5776.7971,934.4689,0.0533745153313063,7.838458490190065,1.5268205038431977,12.0,3,1,30.7702,526.8299,23.0063,16.348,1.1308,390.5305,17.5471,0.8459,10.17,11.099,cutting,coolant_stuck_hp,2.7,10.1874,7.4874,True,False,0.2143556590186871,28.25,train,True,7.715683834994646,2.4543161650053538,16.210679431863237,True
1889,7,C45,5787.2129,931.496,0.0533745153313063,7.838458490190065,1.5268205038431977,12.0,3,1,30.9369,526.9965,23.0063,15.1977,1.0793,389.4196,18.0732,0.8333,10.08,11.099,cutting,coolant_stuck_hp,2.7,10.1391,7.4391,True,False,0.2143556590186871,28.0,train,True,7.726147750723575,2.353852249276425,15.547118495594118,True
1889,8,C45,5812.2476,938.9979,0.0533745153313063,7.838458490190065,1.5268205038431977,12.0,3,1,31.1035,527.1632,23.0063,14.4513,0.4253,398.5709,17.9551,0.8285,10.25,11.099,cutting,coolant_stuck_hp,2.7,10.2004,7.5004,True,False,0.2143556590186871,28.472,train,True,7.749293333956295,2.5007066660437047,16.5170872010573,True
1889,9,C45,5780.7987,927.8536,0.0533745153313063,7.838458490190065,1.5268205038431977,12.0,3,1,31.2702,527.3299,23.0063,15.2963,0.619,402.6104,17.6935,0.8368,9.99,11.099,cutting,coolant_stuck_hp,2.7,10.2325,7.5325,True,False,0.2143556590186871,27.75,train,True,7.724578743424612,2.2654212565753884,14.963034629400449,True
1889,10,C45,5799.4654,938.9123,0.0533745153313063,7.838458490190065,1.5268205038431977,12.0,3,1,31.4369,527.4965,23.0063,15.5197,0.9673,399.5226,17.6604,0.8284,10.04,11.099,cutting,coolant_stuck_hp,2.7,10.1816,7.4816,True,False,0.2143556590186871,27.889,train,True,7.742548719981327,2.297451280018672,15.17459190536901,True
1889,11,C45,5807.4877,931.9895,0.0533745153313063,7.838458490190065,1.5268205038431977,12.0,3,1,31.6035,527.6632,23.0063,16.1624,1.336,394.4499,18.7225,0.7986,10.43,11.099,cutting,coolant_stuck_hp,2.7,10.1928,7.4928,True,False,0.2143556590186871,28.972,train,True,7.751013734425597,2.6789862655744026,17.69461822922734,True
1890,1,Al6061,0.0,0.0,0.0,0.0,0.0,8.0,3,0,550.9055,59.0602,24.8589,0.0,0.509,395.9769,6.9043,0.5884,5.08,19.9688,standby,none,0.0,2.7772,2.7772,False,True,0.2059434474766392,14.111,test,False,2.7947884747841485,2.2852115252158516,34.18141982787078,True
1904,0,SS316L,0.0,0.0,0.0,0.0,0.0,12.0,5,0,79.8684,250.6278,35.6006,0.0,0.0,400.1608,9.7273,0.7073,4.71,8.5629,standby,aux_leak,1.7937,4.7858,2.992,True,False,0.2100005552519835,13.083,train,False,3.0108748696187377,1.6991251303812622,25.414938083756493,True
1904,1,SS316L,2833.2075,23637.6185,0.0,0.0,0.0,12.0,5,2,79.8684,250.7944,35.6006,5.0154,22.6584,401.9853,18.8301,0.8165,10.88,8.5629,rapid,aux_leak,1.7937,10.7305,8.9368,True,False,0.2100005552519835,30.222,train,False,8.954434495222005,1.925565504777996,8.020317999740724,True
1904,2,SS316L,2819.7951,543.6927,0.0382065457258167,0.0,0.0,12.0,5,2,79.8684,250.9611,35.6006,4.6376,0.8651,392.4317,17.4769,0.8291,9.87,8.5629,aircut,aux_leak,1.7937,9.8508,8.0571,True,False,0.2100005552519835,27.417,train,False,8.080417705739412,1.7895822942605868,10.904332680914237,True
1904,3,SS316L,2837.7775,545.5449,0.0382065457258167,0.0,0.0,12.0,5,2,79.8684,251.1278,35.6006,4.9576,0.0,402.7043,17.0616,0.8231,9.71,8.5629,aircut,aux_leak,1.7937,9.8508,8.0571,True,False,0.2100005552519835,26.972,train,False,8.085672529172893,1.624327470827108,9.89739738789999,True
1904,4,SS316L,2837.108,545.4517,0.0382065457258167,4.599308697056423,3.43854515856471,12.0,5,2,80.5351,251.2944,35.6006,9.7119,0.0,410.2615,18.6132,0.8358,10.82,8.5629,cutting,aux_leak,1.7937,11.1021,9.3084,True,False,0.2100005552519835,30.056,train,True,9.495493507559832,1.3245064924401682,5.51680181003039,True
1904,5,SS316L,2837.3014,557.7358,0.0382065457258167,4.599308697056423,3.43854515856471,12.0,5,2,80.7018,251.4611,35.6006,9.1901,0.3902,401.1703,18.7926,0.8398,11.2,8.5629,cutting,aux_leak,1.7937,11.0524,9.2586,True,False,0.2100005552519835,31.111,train,True,9.496708909738139,1.7032910902618603,7.0945060846425,True
1904,6,SS316L,2838.1937,541.3807,0.0382065457258167,4.599308697056423,3.43854515856471,12.0,5,2,80.8684,251.6278,35.6006,10.4509,0.6531,401.8388,19.4386,0.8201,11.19,8.5629,cutting,aux_leak,1.7937,11.1082,9.3144,True,False,0.2100005552519835,31.083,train,True,9.497568126218034,1.692431873781965,7.049275543702358,True
1904,7,SS316L,2858.8091,546.8476,0.0382065457258167,4.599308697056423,3.43854515856471,12.0,5,2,81.0351,251.7944,35.6006,9.5947,0.0,400.4997,19.0223,0.8328,10.97,8.5629,cutting,aux_leak,1.7937,11.0978,9.304,True,False,0.2100005552519835,30.472,train,True,9.519823315308432,1.4501766846915682,6.040240198620025,True
1917,5,SS316L,6591.9806,887.4307,0.0268347798920522,6.913748146087023,1.3752533432706997,6.0,5,1,12.7713,599.7151,27.3855,15.3828,0.0,403.2781,14.2152,0.7691,20.81,8.3822,cutting,none,0.0,7.6744,7.6744,False,True,0.0898704741320179,57.806,train,True,7.806952702081392,13.003047297918606,85.88470971646564,True
1931,8,SS316L,1956.6015,600.8549,0.0780764918132603,9.35659678710456,5.241612260432954,20.0,4,1,18.2332,35.2562,31.086,19.1785,0.926,404.0656,15.4401,0.7775,22.39,29.8025,cutting,none,0.0,8.4109,8.4109,False,True,0.0884154377310735,62.194,test,True,8.184057730557152,14.205942269442849,86.56004311658116,True
1953,0,Ti6Al4V,1277.6913,23715.4557,0.0,0.0,0.0,16.0,5,2,9.6808,264.5338,30.6708,6.7065,22.3962,394.6689,16.2538,0.8136,26.62,14.2749,rapid,spindle_bearing_friction,0.6251,9.0369,8.4118,False,True,0.0514957113381238,73.944,train,False,8.451723686933036,18.168276313066965,99.08116495378965,True
1953,2,Ti6Al4V,1288.0114,452.2773,0.070532709582508,0.0,0.0,16.0,5,2,9.6808,264.8671,30.6708,5.7426,0.3402,397.8761,15.0849,0.7825,8.18,14.2749,aircut,spindle_bearing_friction,0.6251,8.1539,7.5288,False,False,0.0514957113381238,22.722,train,False,7.582164237578075,0.5978357624219246,3.9486860070060406,True
1953,3,Ti6Al4V,1287.2178,451.4361,0.070532709582508,0.0,0.0,16.0,5,2,9.6808,265.0338,30.6708,5.8481,0.0,391.436,14.937,0.7968,8.3,14.2749,aircut,spindle_bearing_friction,0.6251,8.1539,7.5288,False,False,0.0514957113381238,23.056,train,False,7.581936418745341,0.7180635812546594,4.742786888416053,True
1962,0,C45,6289.692,24147.7019,0.0,0.0,0.0,10.0,4,1,18.6736,384.8979,34.4385,19.7343,22.9254,396.865,16.558,0.7956,9.04,82.1937,rapid,spindle_bearing_friction,1.662,9.0191,7.3571,True,False,0.1289438220235138,25.111,train,False,7.396607139375569,1.64339286062443,10.854557055055382,True
1962,1,C45,6255.9974,2333.2938,0.0918153517393645,0.0,0.0,10.0,4,1,18.6736,385.0645,34.4385,19.6824,1.8904,400.3862,14.6224,0.8061,8.37,82.1937,aircut,spindle_bearing_friction,1.662,8.2056,6.5436,True,False,0.1289438220235138,23.25,train,False,6.565869621585954,1.8041303784140448,13.064589268619384,True
1962,2,C45,6247.6205,2278.0474,0.0918153517393645,0.0,0.0,10.0,4,1,18.6736,385.2312,34.4385,20.0661,2.0749,394.0897,15.2379,0.7913,8.09,82.1937,aircut,spindle_bearing_friction,1.662,8.2056,6.5436,True,False,0.1289438220235138,22.472,train,False,6.560678199727354,1.5293218002726459,11.074566128458772,True
1969,0,C45,5625.8544,23923.5066,0.0,0.0,0.0,10.0,4,1,26.088,414.6388,23.6245,9.8318,76.534,401.1629,16.248,0.804,8.88,62.6031,rapid,axis_drag,2.1043,9.0133,6.909,True,False,0.1711982154886834,24.667,test,False,6.919023582265882,1.960976417734119,14.200388048266241,True
1976,3,C45,5343.6311,2031.2686,0.0756828145525192,11.892350844231782,3.8132196477601297,12.0,5,1,22.1056,529.3998,20.479,88.4192,2.9515,393.3756,34.0623,0.9224,21.74,91.9106,cutting,excess_tool_wear,6.2274,21.5566,15.3293,True,False,0.2181675632957455,60.389,test,True,14.00705110056828,7.732948899431719,6.727541104868249,True
1976,4,C45,5325.7053,2029.3985,0.0756828145525192,11.892350844231782,3.8132196477601297,12.0,5,1,22.2722,529.5665,20.479,84.5903,2.346,399.0779,33.4113,0.8971,20.3,91.9106,cutting,excess_tool_wear,5.8668,20.6731,14.8063,True,False,0.2181675632957455,56.389,test,True,13.965761103457462,6.334238896542539,5.510685910219431,True
1976,5,C45,5332.0062,2007.8768,0.0756828145525192,11.892350844231782,3.8132196477601297,12.0,5,1,22.4389,529.7332,20.479,90.4561,3.3763,400.5943,34.6364,0.9245,22.7,91.9106,cutting,excess_tool_wear,6.4679,22.146,15.6781,True,False,0.2181675632957455,63.056,test,True,13.995062650823694,8.704937349176305,7.573155415030626,True
1976,6,C45,5375.7616,1993.193,0.0756828145525192,11.892350844231782,3.8132196477601297,12.0,5,1,22.6056,529.8998,20.479,86.5104,4.0728,397.4995,35.9147,0.8864,21.68,91.9106,cutting,excess_tool_wear,6.3835,21.9392,15.5557,True,False,0.2181675632957455,60.222,test,True,14.137088252057383,7.542911747942616,6.562211841126578,True
1976,7,C45,5338.3555,1980.258,0.0756828145525192,11.892350844231782,3.8132196477601297,12.0,5,1,22.7722,530.0665,20.479,85.7318,3.3115,397.3372,33.5985,0.8991,21.41,91.9106,cutting,excess_tool_wear,5.9278,20.8226,14.8947,True,False,0.2181675632957455,59.472,test,True,14.036079219179292,7.373920780820708,6.415192419111824,True
1976,8,C45,5379.9735,2023.0506,0.0756828145525192,11.892350844231782,3.8132196477601297,12.0,5,1,22.9389,530.2332,20.479,81.5274,2.7001,395.9743,32.7535,0.9226,20.79,91.9106,cutting,excess_tool_wear,5.8641,20.6664,14.8023,True,False,0.2181675632957455,57.75,test,True,14.175099448147206,6.614900551852793,5.75485703396743,True
1976,9,C45,5354.3013,2031.6065,0.0756828145525192,11.892350844231782,3.8132196477601297,12.0,5,1,23.1056,530.3998,20.479,89.6984,2.7308,407.3926,33.4011,0.8953,21.23,91.9106,cutting,excess_tool_wear,6.0393,21.0957,15.0564,True,False,0.2181675632957455,58.972,test,True,14.109388893686369,7.120611106313632,6.194817078517968,True
1976,10,C45,5349.7793,2034.8616,0.0756828145525192,11.892350844231782,3.8132196477601297,12.0,5,1,23.2722,530.5665,20.479,86.1827,2.6312,398.7632,34.3552,0.8979,21.38,91.9106,cutting,excess_tool_wear,6.2183,21.5344,15.3161,True,False,0.2181675632957455,59.389,test,True,14.10757451625226,7.272425483747739,6.326893143907847,True
1976,11,C45,5358.198,2035.6,0.0756828145525192,11.892350844231782,3.8132196477601297,12.0,5,1,23.4389,530.7332,20.479,88.9351,3.6636,402.459,33.3405,0.9281,21.38,91.9106,cutting,excess_tool_wear,6.1909,21.4671,15.2763,True,False,0.2181675632957455,59.389,test,True,14.145025721385048,7.234974278614951,6.294311198102386,True
1983,8,Al6061,8016.6535,2303.8972,0.0957157002193553,3.616224600603626,2.1744517055608266,10.0,3,1,188.8125,43.4059,23.7747,19.5426,2.0841,395.6395,14.9424,0.8058,18.78,18.0634,cutting,none,0.0,8.2374,8.2374,False,True,0.2537364606099907,52.167,val,True,8.310647041961882,10.469352958038119,63.792153048502286,True
2012,5,Al6061,4734.8347,1764.0266,0.1869075836400675,13.365561352082816,3.8458977900386273,20.0,2,0,82.229,120.1629,26.2778,23.2407,1.5636,394.0871,14.368,0.7711,7.81,91.1832,cutting,none,0.0,7.5828,7.5828,False,False,0.154556510565498,21.694,train,True,7.195835740172048,0.6141642598279518,4.056535207865841,True
2020,11,SS316L,5682.6213,2370.3883,0.0694300365551113,8.377183136932047,2.5344191176501685,8.0,6,1,15.0789,2.8672,22.3808,50.503,3.7152,402.2592,23.6254,0.8642,14.4,50.4669,cutting,none,0.0,14.1806,14.1806,False,False,0.2816789923599293,40.0,train,True,12.203095889401688,2.1969041105983127,3.8373276874968782,True
2020,13,SS316L,5697.7084,2387.3928,0.0694300365551113,8.377183136932047,2.5344191176501685,8.0,6,1,15.4122,3.2005,22.3808,49.4946,4.9941,407.1444,23.2881,0.8679,14.43,50.4669,cutting,none,0.0,14.1802,14.1802,False,False,0.2816789923599293,40.083,train,True,12.266403538596306,2.163596461403694,3.7791492882470656,True
2035,1,SS316L,4175.4314,24217.2614,0.0,0.0,0.0,8.0,4,2,75.2977,273.2869,27.704,6.8759,22.4039,395.8264,16.2394,0.8266,22.37,8.717,rapid,none,0.0,9.2,9.2,False,True,0.2224768116711132,62.139,train,False,9.226597553717543,13.143402446282458,54.744576051132036,True
2041,4,SS316L,5685.8974,1639.7433,0.0481370341514373,7.271625489018996,3.361079652697598,6.0,6,1,48.4025,209.4844,14.2213,36.3944,1.2891,404.942,19.8074,0.837,11.85,39.9664,cutting,none,0.0,11.5899,11.5899,False,False,0.2558977473387078,32.917,train,True,10.532650669573481,1.3173493304265183,4.0393669150204365,True
2049,0,C45,6903.8102,23953.137,0.0,0.0,0.0,10.0,3,1,13.2766,389.3554,20.4133,12.7698,22.7677,406.8707,15.5784,0.8,8.87,147.8945,rapid,aux_leak,1.5021,8.8154,7.3134,True,False,0.3474960270956713,24.639,test,False,7.335350579821677,1.5346494201783223,10.136310123985718,True
2049,1,C45,6861.001,23843.5027,0.0,0.0,0.0,10.0,3,1,13.2766,389.5221,20.4133,11.8999,23.2577,392.0924,15.9151,0.8149,8.99,147.8945,rapid,aux_leak,1.5021,8.8154,7.3134,True,False,0.3474960270956713,24.972,test,False,7.314420846842091,1.6755791531579094,11.067146483344981,True
2049,2,C45,6889.0306,2318.0714,0.1116483982144522,0.0,0.0,10.0,3,1,13.2766,389.6887,20.4133,11.5806,2.3158,399.715,14.7145,0.7822,8.19,147.8945,aircut,aux_leak,1.5021,8.0022,6.5001,True,False,0.3474960270956713,22.75,test,False,6.518550007757753,1.6714499922422466,12.103785786744565,True
2049,3,C45,6894.7862,2370.6503,0.1116483982144522,0.0,0.0,10.0,3,1,13.2766,389.8554,20.4133,11.6322,2.3576,401.4092,14.4565,0.7922,7.77,147.8945,aircut,aux_leak,1.5021,8.0022,6.5001,True,False,0.3474960270956713,21.583,test,False,6.522783318570006,1.2472166814299932,9.0317051732022,True
2049,4,C45,6895.9092,2325.7687,0.1116483982144522,11.510833892132572,5.553525738488655,10.0,3,1,13.9432,390.0221,20.4133,77.4107,3.8198,410.3158,34.2216,0.8991,21.73,147.8945,cutting,aux_leak,1.5021,21.9202,20.4181,False,False,0.3474960270956713,60.361,test,True,17.625911740103984,4.104088259896017,3.570490743639428,True
2072,3,Al6061,8042.0661,2175.9242,0.0909934971798853,7.716441212041516,4.751172726690712,8.0,3,0,343.0708,9.7406,19.4671,38.3809,3.1377,403.1387,17.2572,0.821,9.78,80.0644,cutting,excess_tool_wear,1.0966,9.9418,8.8452,True,False,0.1104246620509938,27.167,train,True,8.724136646266924,1.0558633537330753,5.7581781186719665,True
2072,4,Al6061,8005.8674,2200.5626,0.0909934971798853,7.716441212041516,4.751172726690712,8.0,3,0,343.2375,9.9073,19.4671,35.018,2.018,405.706,16.7924,0.8317,9.58,80.0644,cutting,excess_tool_wear,1.029,9.7212,8.6922,True,False,0.1104246620509938,26.611,train,True,8.686740834829946,0.8932591651700541,4.871411969172001,True
2072,5,Al6061,8007.5655,2163.9354,0.0909934971798853,7.716441212041516,4.751172726690712,8.0,3,0,343.4041,10.074,19.4671,32.9597,2.2418,403.7024,16.7253,0.8126,9.56,80.0644,cutting,excess_tool_wear,0.9794,9.5587,8.5792,True,False,0.1104246620509938,26.556,train,True,8.684811382788313,0.8751886172116876,4.772863768329164,True
2072,6,Al6061,7963.4212,2183.4547,0.0909934971798853,7.716441212041516,4.751172726690712,8.0,3,0,343.5708,10.2406,19.4671,37.3774,1.8411,393.4536,17.7372,0.8254,9.89,80.0644,cutting,excess_tool_wear,1.1323,10.0491,8.9167,True,False,0.1104246620509938,27.472,train,True,8.639614429615161,1.2503855703848394,6.8190100601912835,True
2072,7,Al6061,8016.3988,2172.6799,0.0909934971798853,7.716441212041516,4.751172726690712,8.0,3,0,343.7375,10.4073,19.4671,35.0076,2.2273,407.13,16.6356,0.8306,9.84,80.0644,cutting,excess_tool_wear,1.0521,9.7877,8.7356,True,False,0.1104246620509938,27.333,train,True,8.689475862883555,1.1505241371164452,6.274413150077614,True
2072,8,Al6061,8008.0236,2160.7135,0.0909934971798853,7.716441212041516,4.751172726690712,8.0,3,0,343.9041,10.574,19.4671,35.5288,2.1055,396.1777,17.3572,0.8263,9.87,80.0644,cutting,excess_tool_wear,1.0928,9.9164,8.8236,True,False,0.1104246620509938,27.417,train,True,8.678492660567375,1.1915073394326239,6.49791610429586,True
2072,9,Al6061,7996.5184,2216.7285,0.0909934971798853,7.716441212041516,4.751172726690712,8.0,3,0,344.0708,10.7406,19.4671,35.5118,2.4781,391.2141,17.3743,0.8269,9.82,80.0644,cutting,excess_tool_wear,1.0396,9.7422,8.7026,True,False,0.1104246620509938,27.278,train,True,8.666994235860153,1.1530057641398468,6.287946767258601,True
2072,10,Al6061,7964.7654,2196.4863,0.0909934971798853,7.716441212041516,4.751172726690712,8.0,3,0,344.2375,10.9073,19.4671,37.0978,2.4396,399.1344,17.2493,0.8272,9.95,80.0644,cutting,excess_tool_wear,1.1006,9.936,8.8355,True,False,0.1104246620509938,27.639,train,True,8.632662179996167,1.3173378200038321,7.18413588579069,True
2072,11,Al6061,7990.3456,2187.1285,0.0909934971798853,7.716441212041516,4.751172726690712,8.0,3,0,344.4041,11.074,19.4671,35.444,2.3238,401.9124,17.2092,0.8292,10.16,80.0644,cutting,excess_tool_wear,1.0852,9.884,8.7988,True,False,0.1104246620509938,28.222,train,True,8.655403464746797,1.504596535253203,8.20535613447842,True
2072,12,Al6061,8010.3285,2187.5366,0.0909934971798853,7.716441212041516,4.751172726690712,8.0,3,0,344.5708,11.2406,19.4671,37.0123,2.1371,396.6371,17.6742,0.8157,9.86,80.0644,cutting,excess_tool_wear,1.1041,9.9423,8.8382,True,False,0.1104246620509938,27.389,train,True,8.673052636212288,1.186947363787711,6.473048159132899,True
2079,1,Al6061,7926.3193,652.5111,0.0271007293855125,0.0,0.0,6.0,3,1,2556.5775,15.1464,24.7667,17.2076,0.0,397.2151,13.787,0.7886,21.54,13.2108,aircut,none,0.0,7.5225,7.5225,False,True,0.2082779062994573,59.833,train,False,7.5382262132056175,14.00177378679438,92.4812660942134,True
2081,7,Al6061,8008.0093,2431.8407,0.1023724885800722,6.094348123890306,2.6690459935429236,16.0,3,1,9.5197,24.9053,28.1603,22.5366,2.3232,406.9918,15.706,0.821,23.29,39.9648,cutting,none,0.0,9.0956,9.0956,False,True,0.0606640969332558,64.694,train,True,9.071885214463986,14.218114785536013,59.220941408566354,True
2091,6,Ti6Al4V,1671.047,249.2679,0.0491445239114022,10.80457160503204,7.330754756001289,12.0,3,2,28.1016,219.908,25.4065,10.3265,0.3401,401.4193,16.3128,0.8208,14.92,19.4071,cutting,none,0.0,9.2496,9.2496,False,True,0.2355597889547948,41.444,train,True,9.15945901177561,5.76054098822439,23.99366339989923,True
2135,2,C45,8027.6342,1553.5147,0.0642849818961302,3.4894924825311127,1.7427356027722996,6.0,3,1,58.6594,258.2646,27.1783,22.2958,1.4351,399.6014,15.968,0.8221,9.06,9.3824,cutting,excess_tool_wear,0.7584,9.1214,8.3631,False,False,0.2188213024117329,25.167,train,True,8.305171640836118,0.7548283591638825,4.599341182413971,True
2135,3,C45,7987.2514,1518.9854,0.0642849818961302,3.4894924825311127,1.7427356027722996,6.0,3,1,58.8261,258.4313,27.1783,25.0345,1.3626,396.302,16.6464,0.8038,9.26,9.3824,cutting,excess_tool_wear,0.8103,9.2397,8.4295,False,False,0.2188213024117329,25.722,train,True,8.27954055934919,0.9804594406508098,5.974162772669191,True
2135,4,C45,8002.9315,1549.6548,0.0642849818961302,3.4894924825311127,1.7427356027722996,6.0,3,1,58.9928,258.5979,27.1783,24.4191,1.2543,401.9338,16.4267,0.7933,9.11,9.3824,cutting,excess_tool_wear,0.7577,9.12,8.3623,False,False,0.2188213024117329,25.306,train,True,8.290828358066001,0.8191716419339983,4.991399465152721,True
2135,5,C45,8013.7716,1532.2479,0.0642849818961302,3.4894924825311127,1.7427356027722996,6.0,3,1,59.1594,258.7646,27.1783,23.0792,2.3028,399.9315,16.3252,0.8141,8.98,9.3824,cutting,excess_tool_wear,0.7771,9.1642,8.3871,False,False,0.2188213024117329,24.944,train,True,8.297358922372355,0.682641077627645,4.159487627913319,True
2135,6,C45,8026.4671,1557.2463,0.0642849818961302,3.4894924825311127,1.7427356027722996,6.0,3,1,59.3261,258.9313,27.1783,22.6028,1.8721,397.0763,16.1967,0.8146,9.34,9.3824,cutting,excess_tool_wear,0.7498,9.1019,8.3521,False,False,0.2188213024117329,25.944,train,True,8.3066424814316,1.0333575185683994,6.296482814415383,True
2135,7,C45,7973.191,1555.1382,0.0642849818961302,3.4894924825311127,1.7427356027722996,6.0,3,1,59.4928,259.0979,27.1783,22.8761,2.6155,401.8358,16.0742,0.8109,9.03,9.3824,cutting,excess_tool_wear,0.7393,9.078,8.3387,False,False,0.2188213024117329,25.083,train,True,8.274258112446775,0.7557418875532242,4.604907519040562,True
2135,8,C45,7966.0533,1541.4511,0.0642849818961302,3.4894924825311127,1.7427356027722996,6.0,3,1,59.6594,259.2646,27.1783,25.3011,2.0899,403.5923,15.7634,0.8323,8.94,9.3824,cutting,excess_tool_wear,0.7931,9.2006,8.4075,False,False,0.2188213024117329,24.833,train,True,8.269859314688269,0.6701406853117309,4.083319889278537,True
2135,9,C45,7983.4235,1541.7538,0.0642849818961302,3.4894924825311127,1.7427356027722996,6.0,3,1,59.8261,259.4313,27.1783,22.8648,2.0264,396.9586,16.1773,0.8084,8.98,9.3824,cutting,excess_tool_wear,0.7105,9.0123,8.3018,False,False,0.2188213024117329,24.944,train,True,8.281039296334518,0.6989607036654828,4.25892682784026,True
2137,3,SS316L,1806.1615,838.7833,0.0778130397721362,0.0,0.0,16.0,6,1,62.0474,266.3662,23.2175,2.6559,1.1081,399.8719,9.9543,0.7016,11.24,27.339,aircut,none,0.0,4.8326,4.8326,False,True,0.1301889649585901,31.222,test,False,4.8649907401778,6.375009259822201,95.3552288320285,True
2147,0,Ti6Al4V,0.0,0.0,0.0,0.0,0.0,8.0,5,0,92.5208,533.9872,24.2539,0.0,0.0,401.0347,8.8525,0.6711,4.03,1.2206,standby,aux_leak,1.3632,4.1282,2.7651,True,False,0.2882450899670986,11.194,val,False,2.782162668351012,1.2478373316489884,18.66472807411353,True
2147,1,Ti6Al4V,2461.9256,23664.261,0.0,0.0,0.0,8.0,5,2,92.5208,534.1538,24.2539,4.3214,23.2782,400.915,17.5076,0.8223,9.84,1.2206,rapid,aux_leak,1.3632,9.9621,8.5989,True,False,0.2882450899670986,27.333,val,False,8.60847295334036,1.2315270466596395,6.716164613116174,True
2147,2,Ti6Al4V,2447.3753,249.017,0.020396223637494,0.0,0.0,8.0,5,2,92.5208,534.3205,24.2539,4.1125,0.0,398.3336,16.2384,0.8084,9.19,1.2206,aircut,aux_leak,1.3632,9.0715,7.7083,True,False,0.2882450899670986,25.528,val,False,7.726288150496782,1.463711849503217,9.667769748346394,True
2147,3,Ti6Al4V,2456.8122,250.5052,0.020396223637494,0.0,0.0,8.0,5,2,92.5208,534.4872,24.2539,3.7483,0.3895,400.1448,16.1054,0.8087,9.01,1.2206,aircut,aux_leak,1.3632,9.0715,7.7083,True,False,0.2882450899670986,25.028,val,False,7.728918999372119,1.2810810006278812,8.461498858026658,True
2147,4,Ti6Al4V,2461.4402,248.0305,0.020396223637494,3.8506759686699654,1.2679938655882197,8.0,5,2,93.1875,534.6538,24.2539,4.2791,0.0,398.2116,16.9871,0.8176,9.47,1.2206,cutting,aux_leak,1.3632,9.5592,8.1961,True,False,0.2882450899670986,26.306,val,True,8.248185070303132,1.221814929696869,7.444796761038185,True
2147,5,Ti6Al4V,2450.493,250.6444,0.020396223637494,3.8506759686699654,1.2679938655882197,8.0,5,2,93.3542,534.8205,24.2539,4.8932,0.3746,396.4605,17.1742,0.8053,9.46,1.2206,cutting,aux_leak,1.3632,9.5513,8.1881,True,False,0.2882450899670986,26.278,val,True,8.243971216133337,1.2160287838666637,7.40954045610312,True
2147,6,Ti6Al4V,2463.4777,248.7138,0.020396223637494,3.8506759686699654,1.2679938655882197,8.0,5,2,93.5208,534.9872,24.2539,5.2883,0.3137,402.6058,16.5708,0.8283,9.92,1.2206,cutting,aux_leak,1.3632,9.5605,8.1974,True,False,0.2882450899670986,27.556,val,True,8.249190596576481,1.6708094034235188,10.18062239426524,True
2147,7,Ti6Al4V,2459.923,247.9203,0.020396223637494,3.8506759686699654,1.2679938655882197,8.0,5,2,93.6875,535.1538,24.2539,4.677,0.0,399.5998,16.7376,0.8267,9.55,1.2206,cutting,aux_leak,1.3632,9.5685,8.2053,True,False,0.2882450899670986,26.528,val,True,8.247810342454585,1.3021896575454157,7.934538291455269,True
2147,8,Ti6Al4V,2457.104,250.508,0.020396223637494,3.8506759686699654,1.2679938655882197,8.0,5,2,93.8542,535.3205,24.2539,5.2947,0.3555,400.6094,17.0318,0.8139,9.5,1.2206,cutting,aux_leak,1.3632,9.571,8.2078,True,False,0.2882450899670986,26.389,val,True,8.246853557887556,1.2531464421124436,7.635706805170456,True
2147,9,Ti6Al4V,2452.1054,249.6386,0.020396223637494,3.8506759686699654,1.2679938655882197,8.0,5,2,94.0208,535.4872,24.2539,4.7341,0.0,396.2694,17.1372,0.8166,9.65,1.2206,cutting,aux_leak,1.3632,9.568,8.2049,True,False,0.2882450899670986,26.806,val,True,8.244892764508183,1.4051072354918173,8.561638543978258,True
2155,1,Ti6Al4V,1379.4036,23981.1043,0.0,0.0,0.0,20.0,6,1,5.3706,87.7567,24.4192,2.4567,69.967,401.162,14.3552,0.7586,7.35,14.3095,rapid,axis_drag,1.8595,7.4881,5.6286,True,False,0.1563579070941758,20.417,test,False,5.672220395130272,1.6777796048697278,15.942545631707999,True
2159,0,Al6061,7956.0112,23872.8691,0.0,0.0,0.0,8.0,2,0,346.0533,222.8678,26.0591,14.5607,21.8353,399.5484,18.3211,0.8339,10.76,26.9881,rapid,coolant_stuck_hp,4.2,10.5642,6.3642,True,False,0.1403218196744406,29.889,val,False,6.3509675902242035,4.409032409775796,31.92795720029294,True
2159,1,Al6061,8002.4486,23968.7758,0.0,0.0,0.0,8.0,2,0,346.0533,223.0344,26.0591,13.916,22.056,395.1868,17.9511,0.8543,10.37,26.9881,rapid,coolant_stuck_hp,4.2,10.5642,6.3642,True,False,0.1403218196744406,28.806,val,False,6.374230532498841,3.995769467501158,28.935318383631863,True
2159,2,Al6061,7969.3956,928.2238,0.0573749673890033,0.0,0.0,8.0,2,0,346.0533,223.2011,26.0591,14.4574,1.1057,396.909,16.9322,0.8324,9.75,26.9881,aircut,coolant_stuck_hp,4.2,9.6986,5.4986,True,False,0.1403218196744406,27.083,val,False,5.4919123211025545,4.2580876788974455,40.46106945608454,True
2159,3,Al6061,7976.206,920.7881,0.0573749673890033,0.0,0.0,8.0,2,0,346.0533,223.3678,26.0591,14.2761,1.1532,397.6652,17.4279,0.8023,9.6,26.9881,aircut,coolant_stuck_hp,4.2,9.6986,5.4986,True,False,0.1403218196744406,26.667,val,False,5.494499915831203,4.1055000841687965,39.011156318069645,True
2159,4,Al6061,8010.0505,918.1681,0.0573749673890033,11.88249276530974,2.4741248713454844,8.0,2,0,346.72,223.5344,26.0591,18.6591,1.316,395.8005,18.7307,0.8545,10.87,26.9881,cutting,coolant_stuck_hp,4.2,10.9252,6.7252,True,False,0.1403218196744406,30.194,val,True,6.760818310927641,4.109181689072358,29.756591674408046,True
2159,5,Al6061,7960.9623,909.5615,0.0573749673890033,11.88249276530974,2.4741248713454844,8.0,2,0,346.8866,223.7011,26.0591,18.0887,1.6077,398.8068,18.9797,0.8251,10.56,26.9881,cutting,coolant_stuck_hp,4.2,10.8533,6.6533,True,False,0.1403218196744406,29.333,val,True,6.731358856194304,3.8286411438056964,27.725060560606074,True
2159,6,Al6061,7993.4228,918.9467,0.0573749673890033,11.88249276530974,2.4741248713454844,8.0,2,0,347.0533,223.8678,26.0591,18.2524,0.0371,400.1193,18.5804,0.8388,10.8,26.9881,cutting,coolant_stuck_hp,4.2,10.8738,6.6738,True,False,0.1403218196744406,30.0,val,True,6.751037832342808,4.0489621676571925,29.320512706582246,True
2159,7,Al6061,7973.4961,925.6521,0.0573749673890033,11.88249276530974,2.4741248713454844,8.0,2,0,347.22,224.0344,26.0591,17.7629,0.1455,399.1658,18.683,0.8351,10.66,26.9881,cutting,coolant_stuck_hp,4.2,10.8119,6.6119,True,False,0.1403218196744406,29.611,val,True,6.739492131084714,3.920507868915286,28.39031238795184,True
2159,8,Al6061,7999.581,910.5389,0.0573749673890033,11.88249276530974,2.4741248713454844,8.0,2,0,347.3866,224.2011,26.0591,19.1282,1.6344,405.2574,18.6575,0.8343,10.91,26.9881,cutting,coolant_stuck_hp,4.2,10.9134,6.7134,True,False,0.1403218196744406,30.306,val,True,6.754479543181546,4.155520456818454,30.0921533250848,True
2159,9,Al6061,8047.9329,915.7434,0.0573749673890033,11.88249276530974,2.4741248713454844,8.0,2,0,347.5533,224.3678,26.0591,19.6703,0.5063,397.3059,18.8831,0.8414,11.25,26.9881,cutting,coolant_stuck_hp,4.2,10.9764,6.7764,True,False,0.1403218196744406,31.25,val,True,6.783596513269753,4.466403486730247,32.34340919050173,True
2175,0,C45,0.0,0.0,0.0,0.0,0.0,8.0,3,0,31.8402,391.8934,32.3448,0.0,0.0,395.0235,9.884,0.6925,4.71,8.5973,standby,aux_leak,1.7491,4.676,2.9269,True,False,0.265877911025975,13.083,train,False,2.951012482020211,1.7589875179797891,26.310339397738005,True
2175,1,C45,0.0,0.0,0.0,0.0,0.0,8.0,3,0,31.8402,392.0601,32.3448,0.0,0.0,396.4001,9.7695,0.6994,4.66,8.5973,standby,aux_leak,1.7491,4.676,2.9269,True,False,0.265877911025975,12.944,train,False,2.951012482020211,1.7089875179797893,25.562456336351772,True
2175,2,C45,7990.9127,23990.7458,0.0,0.0,0.0,8.0,3,1,31.8402,392.2267,32.3448,14.5198,22.5876,404.2695,16.8295,0.8261,9.84,8.5973,rapid,aux_leak,1.7491,9.736,7.9868,True,False,0.265877911025975,27.333,train,False,8.020046932478138,1.8199530675218618,11.089388722471908,True
2175,3,C45,7978.781,23617.8881,0.0,0.0,0.0,8.0,3,1,31.8402,392.3934,32.3448,14.5546,22.2889,394.1048,17.3524,0.8149,9.78,8.5973,rapid,aux_leak,1.7491,9.736,7.9868,True,False,0.265877911025975,27.167,train,False,8.000994598495549,1.7790054015044507,10.839885263372642,True
2175,4,C45,8000.7367,1141.8943,0.0472223063147968,0.0,0.0,8.0,3,1,31.8402,392.5601,32.3448,14.0783,1.4628,401.7291,16.1229,0.7883,8.85,8.5973,aircut,aux_leak,1.7491,8.8785,7.1293,True,False,0.265877911025975,24.583,train,False,7.1671827429311605,1.6828172570688391,11.11495392717296,True
2175,5,C45,8003.4028,1130.1384,0.0472223063147968,0.0,0.0,8.0,3,1,31.8402,392.7267,32.3448,14.2321,1.7818,403.8604,15.7665,0.8018,8.86,8.5973,aircut,aux_leak,1.7491,8.8785,7.1293,True,False,0.265877911025975,24.611,train,False,7.167856531394855,1.6921434686051446,11.176553254791969,True
2175,7,C45,8019.7901,1113.9251,0.0472223063147968,2.6327641863522837,2.8813113487736706,8.0,3,1,33.0069,393.0601,32.3448,19.6883,0.5681,402.5816,17.7105,0.827,10.26,8.5973,cutting,aux_leak,1.7491,10.2118,8.4626,True,False,0.265877911025975,28.5,train,True,8.42759100434795,1.8324089956520506,9.993089868983855,True
2175,8,C45,7990.5491,1146.3664,0.0472223063147968,2.6327641863522837,2.8813113487736706,8.0,3,1,33.1736,393.2267,32.3448,21.0995,1.3862,407.015,17.9312,0.8104,10.2,8.5973,cutting,aux_leak,1.7491,10.2277,8.4786,True,False,0.265877911025975,28.333,train,True,8.411206950495723,1.7887930495042763,9.755229178161187,True
2175,9,C45,8006.6362,1149.053,0.0472223063147968,2.6327641863522837,2.8813113487736706,8.0,3,1,33.3402,393.3934,32.3448,18.8957,0.7601,399.2714,18.2497,0.8197,10.3,8.5973,cutting,aux_leak,1.7491,10.2588,8.5097,True,False,0.265877911025975,28.611,train,True,8.422771849268798,1.8772281507312023,10.237512290845254,True
2179,9,Ti6Al4V,1078.2708,337.8557,0.0788535363855271,8.290624999943752,10.20073473387447,20.0,4,2,15.7874,22.2897,26.5561,10.3567,0.5731,402.9397,16.2124,0.8271,22.6,28.7405,cutting,none,0.0,9.3613,9.3613,False,True,0.115153809961094,62.778,train,True,9.46158735674975,13.138412643250252,54.723792646477634,True
2190,3,Al6061,7049.8376,2411.7348,0.113229218520461,8.79741913091548,1.6970162960988158,12.0,3,0,142.406,472.3043,24.608,21.6532,1.9293,397.2733,13.7541,0.7659,7.2,35.6849,cutting,excess_tool_wear,0.7021,7.2121,6.5101,True,False,0.1333583981144419,20.0,val,True,6.678492768436034,0.521507231563966,3.7764885855906574,True
2190,4,Al6061,7033.0406,2390.191,0.113229218520461,8.79741913091548,1.6970162960988158,12.0,3,0,142.5726,472.4709,24.608,22.2139,2.0904,400.7503,13.3483,0.79,7.28,35.6849,cutting,excess_tool_wear,0.7345,7.2918,6.5573,True,False,0.1333583981144419,20.222,val,True,6.666473458557021,0.6135265414429796,4.442845353779404,True
2190,5,Al6061,7058.1984,2408.7447,0.113229218520461,8.79741913091548,1.6970162960988158,12.0,3,0,142.7393,472.6376,24.608,22.6824,2.3558,392.9234,14.3183,0.7723,7.23,35.6849,cutting,excess_tool_wear,0.7983,7.4485,6.6502,True,False,0.1333583981144419,20.083,val,True,6.684630419708161,0.5453695802918395,3.9492875079103853,True
2190,6,Al6061,7050.796,2391.1338,0.113229218520461,8.79741913091548,1.6970162960988158,12.0,3,0,142.906,472.8043,24.608,20.0588,2.5101,396.8116,13.8644,0.7706,7.27,35.6849,cutting,excess_tool_wear,0.7529,7.3371,6.5842,True,False,0.1333583981144419,20.194,val,True,6.679163563084161,0.590836436915839,4.278535224281046,True
2190,7,Al6061,7017.1011,2388.2648,0.113229218520461,8.79741913091548,1.6970162960988158,12.0,3,0,143.0726,472.9709,24.608,21.8232,2.9654,399.7949,13.6712,0.7692,7.27,35.6849,cutting,excess_tool_wear,0.734,7.2906,6.5566,True,False,0.1333583981144419,20.194,val,True,6.6563128623998935,0.6136871376001061,4.444008308993772,True
2190,8,Al6061,7003.0785,2361.3433,0.113229218520461,8.79741913091548,1.6970162960988158,12.0,3,0,143.2393,473.1376,24.608,23.2989,2.3345,402.5834,13.6805,0.7729,7.36,35.6849,cutting,excess_tool_wear,0.7791,7.4014,6.6223,True,False,0.1333583981144419,20.444,val,True,6.646021723178895,0.7139782768211056,5.1702654336901,True
2190,9,Al6061,7063.0691,2464.1891,0.113229218520461,8.79741913091548,1.6970162960988158,12.0,3,0,143.406,473.3043,24.608,21.1756,3.0396,398.3678,13.413,0.7809,7.56,35.6849,cutting,excess_tool_wear,0.7211,7.2589,6.5378,True,False,0.1333583981144419,21.0,val,True,6.691108674710665,0.8688913252893347,6.2920664824403945,True
2190,10,Al6061,7039.4239,2420.4886,0.113229218520461,8.79741913091548,1.6970162960988158,12.0,3,0,143.5726,473.4709,24.608,21.5785,2.1854,399.4382,13.7079,0.7667,7.37,35.6849,cutting,excess_tool_wear,0.7238,7.2656,6.5417,True,False,0.1333583981144419,20.472,val,True,6.673529533049901,0.6964704669500987,5.043482831005445,True
2201,6,Ti6Al4V,1505.7081,282.7726,0.0633305798991014,11.619742670969735,5.949569896323172,12.0,3,2,50.1132,27.9733,22.2265,10.2683,0.0622,399.0138,16.3429,0.8088,18.98,19.7455,cutting,none,0.0,9.1163,9.1163,False,True,0.1445331261496835,52.722,train,True,9.153851352065887,9.826148647934113,40.92763225847258,True
2208,0,Al6061,0.0,0.0,0.0,0.0,0.0,8.0,2,0,399.3996,0.0235,25.2698,0.0,0.0943,399.3348,8.3152,0.6578,3.79,22.4383,standby,aux_leak,1.0145,3.7999,2.7854,True,False,0.2045691665862055,10.528,train,False,2.801335812591939,0.9886641874080611,14.788103983233507,True
2208,1,Al6061,7993.2256,24041.3889,0.0,0.0,0.0,8.0,2,0,399.3996,0.1902,25.2698,17.7333,23.1386,397.2586,14.6206,0.8136,8.12,22.4383,rapid,aux_leak,1.0145,8.1778,7.1634,True,False,0.2045691665862055,22.556,train,False,7.129155969614368,0.990844030385631,7.175185585883885,True
2208,2,Al6061,7987.8731,1003.6747,0.0633911242790507,0.0,0.0,8.0,2,0,399.3996,0.3569,25.2698,17.5868,0.2871,392.4003,13.6939,0.7858,7.18,22.4383,aircut,aux_leak,1.0145,7.3125,6.298,True,False,0.2045691665862055,19.944,train,False,6.255184044375397,0.9248159556246023,8.787757659398693,True
2208,3,Al6061,7954.1097,1010.9531,0.0633911242790507,0.0,0.0,8.0,2,0,399.3996,0.5235,25.2698,19.0003,1.5179,406.9139,13.5518,0.769,7.29,22.4383,aircut,aux_leak,1.0145,7.3091,6.2946,True,False,0.2045691665862055,20.25,train,False,6.234159500313989,1.0558404996860107,10.03277504220025,True
2208,4,Al6061,7987.3097,1005.1923,0.0633911242790507,9.944477438412282,2.224636879056232,8.0,2,0,400.0663,0.6902,25.2698,21.7606,0.8479,399.0458,15.2309,0.7865,8.42,22.4383,cutting,aux_leak,1.0145,8.3793,7.3648,True,False,0.2045691665862055,23.389,train,True,7.36077857355603,1.0592214264439699,6.996123497156139,True
2208,5,Al6061,8018.917,1017.4832,0.0633911242790507,9.944477438412282,2.224636879056232,8.0,2,0,400.2329,0.8569,25.2698,22.4042,0.956,398.2404,15.3717,0.7873,8.36,22.4383,cutting,aux_leak,1.0145,8.3812,7.3667,True,False,0.2045691665862055,23.222,train,True,7.380237920792199,0.9797620792078003,6.471297061069066,True
2208,6,Al6061,7995.697,998.2498,0.0633911242790507,9.944477438412282,2.224636879056232,8.0,2,0,400.3996,1.0235,25.2698,22.362,1.7751,392.5944,15.3415,0.7967,8.27,22.4383,cutting,aux_leak,1.0145,8.3746,7.3601,True,False,0.2045691665862055,22.972,train,True,7.360438720501089,0.9095612794989103,6.007623033994901,True
2208,7,Al6061,8009.3954,1004.3534,0.0633911242790507,9.944477438412282,2.224636879056232,8.0,2,0,400.5663,1.1902,25.2698,23.1662,1.1341,395.9098,15.4256,0.7954,8.2,22.4383,cutting,aux_leak,1.0145,8.3938,7.3794,True,False,0.2045691665862055,22.778,train,True,7.367236022144464,0.8327639778555351,5.500379323537515,True
2208,8,Al6061,7987.816,1004.427,0.0633911242790507,9.944477438412282,2.224636879056232,8.0,2,0,400.7329,1.3569,25.2698,22.2057,0.7109,404.2751,15.2813,0.7816,8.32,22.4383,cutting,aux_leak,1.0145,8.3957,7.3812,True,False,0.2045691665862055,23.111,train,True,7.349361130681634,0.9706388693183658,6.411038552806785,True
2220,3,C45,5372.2309,991.9919,0.0364145069828553,13.983887246272054,2.597671713313357,12.0,5,1,57.7643,411.1854,28.0254,36.9438,0.8391,391.5122,20.6425,0.8556,12.17,35.6796,cutting,none,0.0,11.9612,11.9612,False,False,0.3307423273234435,33.806,test,True,10.853792205675074,1.3162077943249262,4.035866641361376,True
2220,4,C45,5376.1927,981.9253,0.0364145069828553,13.983887246272054,2.597671713313357,12.0,5,1,57.931,411.3521,28.0254,35.6916,1.5056,401.7913,19.3339,0.8569,12.09,35.6796,cutting,none,0.0,11.6691,11.6691,False,False,0.3307423273234435,33.583,test,True,10.866158299003384,1.2238417009966156,3.752645985425514,True
2225,6,Al6061,8047.6002,1158.5942,0.0730207160770695,7.455715828205007,1.997151172164468,10.0,2,1,300.5172,51.2838,17.6233,18.7311,1.5234,401.9289,14.8152,0.7907,23.31,17.3967,cutting,none,0.0,8.0749,8.0749,False,True,0.2891111371328368,64.75,train,True,8.15024820741676,15.159751792583238,92.37182186959139,True
2230,5,C45,6869.0704,1381.5318,0.0504380979482101,14.880630774783263,1.0888200083271953,10.0,4,1,31.5445,177.9969,33.0361,28.3338,1.0555,398.5916,17.3627,0.8339,25.49,22.4576,cutting,none,0.0,10.0492,10.0492,False,True,0.2674653856969669,70.806,train,True,9.770928971110028,15.71907102888997,48.19913289696408,True
2231,4,SS316L,1739.67,451.9215,0.0659311292370782,21.954786669363248,6.7995267655789355,20.0,4,2,14.1264,523.8764,20.9207,45.9967,0.5636,401.1535,26.3966,0.89,16.06,68.3306,cutting,excess_tool_wear,3.0301,16.3084,13.2783,True,False,0.047193158017119,44.611,train,True,13.608830279252787,2.4511697207472114,4.2814528821722755,True
2231,5,SS316L,1740.1789,452.0734,0.0659311292370782,21.954786669363248,6.7995267655789355,20.0,4,2,14.2931,524.043,20.9207,41.9282,1.1915,403.2407,26.4682,0.8679,15.9,68.3306,cutting,excess_tool_wear,2.9437,16.0681,13.1244,True,False,0.047193158017119,44.167,train,True,13.61564450340444,2.284355496595561,3.990078835431971,True
2231,6,SS316L,1738.3461,461.6166,0.0659311292370782,21.954786669363248,6.7995267655789355,20.0,4,2,14.4597,524.2097,20.9207,46.618,1.0461,408.7054,25.7322,0.8903,15.92,68.3306,cutting,excess_tool_wear,2.9694,16.1395,13.1702,True,False,0.047193158017119,44.222,train,True,13.612462907210215,2.3075370927897847,4.03057007967305,True
2231,7,SS316L,1734.7115,455.7964,0.0659311292370782,21.954786669363248,6.7995267655789355,20.0,4,2,14.6264,524.3764,20.9207,46.8931,1.0234,390.3099,26.8433,0.8982,15.98,68.3306,cutting,excess_tool_wear,3.0036,16.2348,13.2312,True,False,0.047193158017119,44.389,train,True,13.600693063247947,2.3793069367520534,4.155930311844831,True
2231,8,SS316L,1727.1861,455.7066,0.0659311292370782,21.954786669363248,6.7995267655789355,20.0,4,2,14.7931,524.543,20.9207,47.6062,1.3589,405.2984,26.0676,0.8976,17.07,68.3306,cutting,excess_tool_wear,3.0824,16.4536,13.3713,True,False,0.047193158017119,47.417,train,True,13.571872124569971,3.498127875430029,6.110172440405917,True
2231,9,SS316L,1737.2282,455.9411,0.0659311292370782,21.954786669363248,6.7995267655789355,20.0,4,2,14.9597,524.7097,20.9207,47.2625,1.2439,397.1913,26.5512,0.8862,15.98,68.3306,cutting,excess_tool_wear,2.9887,16.1933,13.2046,True,False,0.047193158017119,44.389,train,True,13.620902466952312,2.359097533047688,4.120630589836736,True
2231,10,SS316L,1734.8205,460.7328,0.0659311292370782,21.954786669363248,6.7995267655789355,20.0,4,2,15.1264,524.8764,20.9207,51.7512,0.2949,407.7664,27.3787,0.8785,16.82,68.3306,cutting,excess_tool_wear,3.2668,16.9658,13.699,True,False,0.047193158017119,46.722,train,True,13.614860099116182,3.205139900883818,5.598410975075683,True
2231,11,SS316L,1728.94,457.9296,0.0659311292370782,21.954786669363248,6.7995267655789355,20.0,4,2,15.2931,525.043,20.9207,47.3851,0.8085,404.0221,26.8151,0.8731,16.31,68.3306,cutting,excess_tool_wear,3.0081,16.2473,13.2392,True,False,0.047193158017119,45.306,train,True,13.592980827424073,2.7170191725759256,4.745811548209074,True
2232,0,Al6061,0.0,0.0,0.0,0.0,0.0,10.0,2,0,302.4457,289.9321,16.1953,0.0,0.0,410.4272,8.2301,0.6799,3.82,71.334,standby,aux_leak,1.3574,3.9613,2.6039,True,False,0.2581282775730537,10.611,train,False,2.619525688420243,1.200474311579757,17.956288065196038,True
2232,1,Al6061,8018.2736,24123.0834,0.0,0.0,0.0,10.0,2,1,302.4457,290.0988,16.1953,15.0354,22.1271,399.2348,16.5271,0.7795,8.79,71.334,rapid,aux_leak,1.3574,9.0218,7.6644,True,False,0.2581282775730537,24.417,train,False,7.717474938711619,1.0725250612883803,7.083993577961655,True
2232,2,Al6061,7991.5185,1653.207,0.1033024443424082,0.0,0.0,10.0,2,1,302.4457,290.2654,16.1953,14.1667,0.9611,406.0767,14.5956,0.7945,8.05,71.334,aircut,aux_leak,1.3574,8.1838,6.8264,True,False,0.2581282775730537,22.361,train,False,6.8593416488841354,1.1906583511158653,8.622138678389037,True
2232,3,Al6061,8001.2906,1680.5078,0.1033024443424082,0.0,0.0,10.0,2,1,302.4457,290.4321,16.1953,14.5144,1.3318,399.9015,14.8567,0.7899,8.24,71.334,aircut,aux_leak,1.3574,8.1838,6.8264,True,False,0.2581282775730537,22.889,train,False,6.864505499623331,1.3754945003766696,9.960627515436622,True
2232,4,Al6061,8011.1242,1648.0228,0.1033024443424082,8.048548853638573,5.362270044256807,10.0,2,1,303.1124,290.5988,16.1953,26.058,2.3624,403.4048,18.1423,0.8376,10.74,71.334,cutting,aux_leak,1.3574,10.735,9.3775,True,False,0.2581282775730537,29.833,train,True,9.596965357833888,1.1430346421661124,4.7609397302477205,True
2232,5,Al6061,8028.9383,1664.9936,0.1033024443424082,8.048548853638573,5.362270044256807,10.0,2,1,303.279,290.7654,16.1953,25.866,1.7295,399.1652,18.5471,0.8409,10.83,71.334,cutting,aux_leak,1.3574,10.7353,9.3779,True,False,0.2581282775730537,30.083,train,True,9.617213353097386,1.2127866469026145,5.051469061874206,True
2232,6,Al6061,7986.3602,1661.743,0.1033024443424082,8.048548853638573,5.362270044256807,10.0,2,1,303.4457,290.9321,16.1953,25.5136,1.4089,398.8656,18.5235,0.8365,10.79,71.334,cutting,aux_leak,1.3574,10.752,9.3946,True,False,0.2581282775730537,29.972,train,True,9.571684574544468,1.2183154254555308,5.0744973940885645,True
2232,7,Al6061,8027.3267,1667.5101,0.1033024443424082,8.048548853638573,5.362270044256807,10.0,2,1,303.6124,291.0988,16.1953,25.4964,2.2029,399.5559,18.6883,0.8335,10.99,71.334,cutting,aux_leak,1.3574,10.7941,9.4367,True,False,0.2581282775730537,30.528,train,True,9.616361995368846,1.3736380046311538,5.721443174139826,True
2232,8,Al6061,8019.433,1622.5496,0.1033024443424082,8.048548853638573,5.362270044256807,10.0,2,1,303.779,291.2654,16.1953,24.9442,2.3212,403.2254,18.5777,0.8264,10.71,71.334,cutting,aux_leak,1.3574,10.7322,9.3748,True,False,0.2581282775730537,29.75,train,True,9.606538112958486,1.1034618870415152,4.596112265569113,True
2245,0,Al6061,0.0,0.0,0.0,0.0,0.0,6.0,3,0,2244.0518,328.479,23.3847,0.0,0.0374,402.6534,9.5016,0.6791,4.52,16.695,standby,aux_leak,1.7377,4.4853,2.7477,True,False,0.2761922949863007,12.556,test,False,2.7631004313628744,1.7568995686371252,26.27910855880979,True
2245,1,Al6061,7972.1979,24006.2909,0.0,0.0,0.0,6.0,3,0,2244.0518,328.6457,23.3847,14.108,22.4873,398.9035,14.8281,0.7883,7.93,16.695,rapid,aux_leak,1.7377,8.0455,6.3078,True,False,0.2761922949863007,22.028,test,False,6.307868566194193,1.6221314338058068,11.746646016248102,True
2245,2,Al6061,7982.879,1351.1954,0.0557348362022369,0.0,0.0,6.0,3,0,2244.0518,328.8123,23.3847,15.162,1.2194,397.1949,13.4166,0.7779,7.13,16.695,aircut,aux_leak,1.7377,7.1956,5.458,True,False,0.2761922949863007,19.806,test,False,5.458770941168278,1.671229058831722,15.880301235113597,True
2245,3,Al6061,8015.6646,1336.6069,0.0557348362022369,6.782574429821431,1.8401503737292155,6.0,3,0,2244.5518,328.979,23.3847,17.2153,0.5694,405.4448,14.8692,0.786,8.29,16.695,cutting,aux_leak,1.7377,8.2323,6.4947,True,False,0.2761922949863007,23.028,test,True,6.4927371505788845,1.7972628494211147,13.014858136847279,True
2245,4,Al6061,8004.7449,1346.8847,0.0557348362022369,6.782574429821431,1.8401503737292155,6.0,3,0,2244.7185,329.1457,23.3847,18.0622,1.4318,398.5037,15.1819,0.7871,8.23,16.695,cutting,aux_leak,1.7377,8.1549,6.4172,True,False,0.2761922949863007,22.861,test,True,6.486666455804458,1.7433335441955427,12.624329696805452,True
2245,5,Al6061,8009.6469,1330.0273,0.0557348362022369,6.782574429821431,1.8401503737292155,6.0,3,0,2244.8851,329.3123,23.3847,17.864,1.4246,400.1062,14.8942,0.7978,8.24,16.695,cutting,aux_leak,1.7377,8.1951,6.4574,True,False,0.2761922949863007,22.889,test,True,6.48894634714707,1.7510536528529306,12.680234774356748,True
2245,6,Al6061,8044.0471,1346.1611,0.0557348362022369,6.782574429821431,1.8401503737292155,6.0,3,0,2245.0518,329.479,23.3847,17.0764,0.7304,399.1021,15.1944,0.781,8.15,16.695,cutting,aux_leak,1.7377,8.1643,6.4267,True,False,0.2761922949863007,22.639,test,True,6.509995193157707,1.6400048068422937,11.876075840367458,True
2245,7,Al6061,7976.5931,1332.4741,0.0557348362022369,6.782574429821431,1.8401503737292155,6.0,3,0,2245.2185,329.6457,23.3847,17.1684,0.772,404.6035,14.6887,0.7995,8.27,16.695,cutting,aux_leak,1.7377,8.2257,6.488,True,False,0.2761922949863007,22.972,test,True,6.469523086439732,1.8004769135602672,13.038132745136918,True
2245,8,Al6061,8000.7552,1347.5123,0.0557348362022369,6.782574429821431,1.8401503737292155,6.0,3,0,2245.3851,329.8123,23.3847,17.8723,1.5643,401.0549,15.0137,0.7904,8.14,16.695,cutting,aux_leak,1.7377,8.1894,6.4517,True,False,0.2761922949863007,22.611,test,True,6.484375809177992,1.6556241908220084,11.989183428801953,True
2245,9,Al6061,8008.7136,1330.2262,0.0557348362022369,6.782574429821431,1.8401503737292155,6.0,3,0,2245.5518,329.979,23.3847,18.1957,2.0189,406.1366,15.0697,0.7785,8.24,16.695,cutting,aux_leak,1.7377,8.2172,6.4796,True,False,0.2761922949863007,22.889,test,True,6.488448380800265,1.7515516191997351,12.683840791897628,True
2251,5,SS316L,2306.0141,1329.0287,0.0962047395195461,12.648063403868102,1.187589904483671,12.0,6,1,88.0219,113.6196,30.6528,16.6376,2.669,399.1556,14.5545,0.7968,8.24,20.0194,cutting,none,0.0,8.0768,8.0768,False,False,0.3521735773801668,22.889,train,True,7.660279784827902,0.5797202151720979,3.82903339933189,True
2251,6,SS316L,2316.5846,1318.0016,0.0962047395195461,12.648063403868102,1.187589904483671,12.0,6,1,88.1886,113.7863,30.6528,16.5536,1.4192,394.8357,14.7772,0.8026,8.33,20.0194,cutting,none,0.0,8.1231,8.1231,False,False,0.3521735773801668,23.139,train,True,7.681773794839185,0.6482262051608148,4.281513262645302,True
2254,6,Ti6Al4V,774.2337,660.3491,0.1691022182775831,16.56419754984463,12.559611367255313,25.0,5,2,6.2256,232.7818,19.025,39.1969,1.4847,392.0252,25.8358,0.8744,15.59,135.975,cutting,none,0.0,15.3152,15.3152,False,False,0.0573801619993451,43.306,train,True,13.566371038237868,2.0236289617621317,3.5346683574985676,True
2258,1,Al6061,7959.8198,23940.4119,0.0,0.0,0.0,6.0,3,1,68.2599,53.0796,19.3242,15.9702,23.3793,406.0973,14.4031,0.7798,23.56,7.132,rapid,none,0.0,7.9444,7.9444,False,True,0.0104383567868873,65.444,train,False,7.953208068320951,15.606791931679048,95.09573929661141,True
2274,8,Ti6Al4V,3281.5014,765.6895,0.0464236952320195,6.20326068164074,3.89082260180853,6.0,5,2,37.2384,251.3187,18.3675,12.4859,1.8649,401.1669,16.6352,0.8244,19.29,18.3413,cutting,none,0.0,9.5264,9.5264,False,True,0.1999340792611848,53.583,train,True,9.547992724146255,9.742007275853744,40.57716868850077,True
2282,2,C45,2830.7358,24161.426,0.0,0.0,0.0,20.0,5,1,51.3876,42.0314,24.0561,5.8508,23.3202,391.3767,12.1842,0.738,15.01,149.6243,rapid,none,0.0,6.0991,6.0991,False,True,0.3332605387803366,41.694,val,False,6.133130335054741,8.876869664945259,84.3495172365638,True
2285,6,Al6061,6670.2895,3722.5039,0.1854937451087335,12.029515761894691,4.122004092947605,20.0,3,0,34.8457,240.1377,16.7547,48.1247,5.0177,389.7828,20.7936,0.8536,12.14,184.1412,cutting,none,0.0,11.9882,11.9882,False,False,0.3334402088032999,33.722,test,True,10.87699811000116,1.26300188999884,3.872722238692609,True
2285,7,Al6061,6666.6362,3743.6047,0.1854937451087335,12.029515761894691,4.122004092947605,20.0,3,0,35.0123,240.3044,16.7547,48.2782,3.9889,406.9432,20.242,0.8618,12.11,184.1412,cutting,none,0.0,12.3165,12.3165,False,False,0.3334402088032999,33.639,test,True,10.877231499089005,1.2327685009109945,3.780018087417227,True
2285,10,Al6061,6650.2321,3744.8837,0.1854937451087335,12.029515761894691,4.122004092947605,20.0,3,0,35.5123,240.8044,16.7547,50.2967,3.9779,400.2013,20.8983,0.8504,12.13,184.1412,cutting,none,0.0,12.3361,12.3361,False,False,0.3334402088032999,33.694,test,True,10.8637098301156,1.2662901698844014,3.8828050380460373,True
2285,11,Al6061,6704.5605,3654.2173,0.1854937451087335,12.029515761894691,4.122004092947605,20.0,3,0,35.679,240.9711,16.7547,50.0963,3.7218,396.8347,21.0307,0.8688,13.0,184.1412,cutting,none,0.0,12.6007,12.6007,False,False,0.3334402088032999,36.111,test,True,10.985604940448669,2.0143950595513314,3.5185395203562435,True
2287,8,SS316L,2054.543,765.5452,0.0943364983441665,4.140520372037644,7.548699737039704,16.0,4,1,39.5247,235.846,14.0,11.5956,0.6639,393.3303,13.0201,0.7653,12.46,24.1243,cutting,none,0.0,6.7639,6.7639,False,True,0.1116216033754411,34.611,test,True,7.148319759033515,5.311680240966486,38.46447102978849,True
2306,0,C45,0.0,0.0,0.0,0.0,0.0,10.0,5,0,91.5041,210.4228,24.2839,0.0,0.3955,396.708,9.8162,0.7076,4.84,26.1105,standby,aux_leak,1.9989,4.7646,2.7657,True,False,0.2532064154035791,13.444,train,False,2.7808528674428263,2.0591471325571735,30.80002522683094,True
2306,1,C45,4909.1401,23644.692,0.0,0.0,0.0,10.0,5,1,91.5041,210.5895,24.2839,8.1032,22.4071,394.8149,15.5946,0.812,8.69,26.1105,rapid,aux_leak,1.9989,8.6657,6.6668,True,False,0.2532064154035791,24.139,train,False,6.669636551228324,2.0203634487716755,14.630438546651213,True
2306,2,C45,4885.3844,24091.2005,0.0,0.0,0.0,10.0,5,1,91.5041,210.7562,24.2839,7.4329,22.9931,397.8358,15.7387,0.7994,8.68,26.1105,rapid,aux_leak,1.9989,8.6657,6.6667,True,False,0.2532064154035791,24.111,train,False,6.678290862229144,2.001709137770856,14.495353569295512,True
2306,3,C45,4919.7618,2767.2907,0.1120570669710313,0.0,0.0,10.0,5,1,91.5041,210.9228,24.2839,7.6743,2.9305,400.1012,14.2362,0.7969,7.87,26.1105,aircut,aux_leak,1.9989,7.8687,5.8698,True,False,0.2532064154035791,21.861,train,False,5.890570366147517,1.979429633852483,18.80887523656514,True
2306,4,C45,4908.1288,2710.5762,0.1120570669710313,3.955294112851512,2.4026361801189147,10.0,5,1,92.1708,211.0895,24.2839,22.7176,3.4594,402.9095,18.4151,0.8349,10.79,26.1105,cutting,aux_leak,1.9989,10.7138,8.7149,True,False,0.2532064154035791,29.972,train,True,8.703959785919448,2.086040214080551,11.376274281061015,True
2306,5,C45,4894.9732,2707.4703,0.1120570669710313,3.955294112851512,2.4026361801189147,10.0,5,1,92.3374,211.2562,24.2839,20.9925,2.2494,402.6993,18.488,0.8275,11.03,26.1105,cutting,aux_leak,1.9989,10.7403,8.7414,True,False,0.2532064154035791,30.639,train,True,8.685781519654578,2.344218480345422,12.784256136162758,True
2306,6,C45,4868.9351,2728.4518,0.1120570669710313,3.955294112851512,2.4026361801189147,10.0,5,1,92.5041,211.4228,24.2839,20.8391,2.6491,400.9923,17.9302,0.8527,10.75,26.1105,cutting,aux_leak,1.9989,10.5716,8.5727,True,False,0.2532064154035791,29.861,train,True,8.649718840286631,2.1002811597133686,11.4539376465355,True
2306,7,C45,4887.7757,2761.7242,0.1120570669710313,3.955294112851512,2.4026361801189147,10.0,5,1,92.6708,211.5895,24.2839,21.1666,1.6961,400.5264,18.5088,0.8283,10.59,26.1105,cutting,aux_leak,1.9989,10.675,8.6761,True,False,0.2532064154035791,29.417,train,True,8.679990400039776,1.9100095999602242,10.416286772393015,True
2306,8,C45,4924.1823,2766.5693,0.1120570669710313,3.955294112851512,2.4026361801189147,10.0,5,1,92.8374,211.7562,24.2839,21.8255,3.4165,407.7163,18.1162,0.8395,10.44,26.1105,cutting,aux_leak,1.9989,10.7403,8.7414,True,False,0.2532064154035791,29.0,train,True,8.735748129849018,1.7042518701509817,9.294181669165125,True
2306,9,C45,4915.238,2748.0917,0.1120570669710313,3.955294112851512,2.4026361801189147,10.0,5,1,93.0041,211.9228,24.2839,19.7927,2.8439,402.2082,18.2309,0.8394,10.77,26.1105,cutting,aux_leak,1.9989,10.6468,8.6479,True,False,0.2532064154035791,29.917,train,True,8.723090810545335,2.0469091894546647,11.162872225799463,True
2330,0,C45,4866.1802,24072.3918,0.0,0.0,0.0,12.0,5,1,38.7232,441.169,24.1819,19.5803,22.75,404.95,15.7362,0.8097,9.07,167.4628,rapid,spindle_bearing_friction,2.2313,8.8843,6.6531,True,False,0.1382126691661911,25.194,test,False,6.673663009891515,2.3963369901084857,17.353046597712165,True
2330,1,C45,4881.7061,23897.0132,0.0,0.0,0.0,12.0,5,1,38.7232,441.3357,24.1819,19.081,22.9289,396.8136,16.0709,0.8059,9.07,167.4628,rapid,spindle_bearing_friction,2.2313,8.8843,6.6531,True,False,0.1382126691661911,25.194,test,False,6.672329041972826,2.3976709580271747,17.362706510966607,True
2330,2,C45,4858.1177,2726.0226,0.1111908506615774,0.0,0.0,12.0,5,1,38.7232,441.5023,24.1819,19.4827,3.1825,406.7719,14.9121,0.7753,8.1,167.4628,aircut,spindle_bearing_friction,2.2313,8.086,5.8547,True,False,0.1382126691661911,22.5,test,False,5.866471175835634,2.233528824164366,21.22336872830227,True
2355,0,SS316L,0.0,0.0,0.0,0.0,0.0,25.0,3,0,10.6313,41.5791,18.8918,0.0,0.0,399.3669,9.4541,0.676,4.4,23.9383,standby,aux_leak,1.7604,4.4182,2.6578,True,False,0.0785933194588432,12.222,train,False,2.6719711839361793,1.728028816063821,25.847269622428843,True
2355,1,SS316L,1520.4819,23866.4508,0.0,0.0,0.0,25.0,3,1,10.6313,41.7458,18.8918,2.8174,22.5119,396.9014,14.1938,0.7582,7.37,23.9383,rapid,aux_leak,1.7604,7.3565,5.5962,True,False,0.0785933194588432,20.472,train,False,5.620658841620896,1.7493411583791039,16.62253561906258,True
2355,2,SS316L,1520.6712,23949.7084,0.0,0.0,0.0,25.0,3,1,10.6313,41.9125,18.8918,3.3442,22.0971,402.5801,13.8595,0.7602,7.57,23.9383,rapid,aux_leak,1.7604,7.3563,5.5959,True,False,0.0785933194588432,21.028,train,False,5.623624906013697,1.946375093986303,18.49478540699387,True
2355,3,SS316L,1534.0049,692.6148,0.1524409673737026,0.0,0.0,25.0,3,1,10.6313,42.0791,18.8918,3.1687,0.4007,398.3533,12.6302,0.7493,6.58,23.9383,aircut,aux_leak,1.7604,6.4821,4.7217,True,False,0.0785933194588432,18.278,train,False,4.750855870347652,1.8291441296523478,27.359718228021176,True
2355,4,SS316L,1518.1872,692.3286,0.1524409673737026,7.909035940907264,4.355623845224786,25.0,3,1,11.298,42.2458,18.8918,12.5302,1.1403,410.6267,14.9576,0.8117,8.79,23.9383,cutting,aux_leak,1.7604,8.6854,6.9251,True,False,0.0785933194588432,24.417,train,True,6.972390976378487,1.8176090236215119,13.162194721994545,True
2355,5,SS316L,1517.0005,683.8298,0.1524409673737026,7.909035940907264,4.355623845224786,25.0,3,1,11.4647,42.4125,18.8918,12.315,1.4439,404.0308,15.3233,0.8043,8.52,23.9383,cutting,aux_leak,1.7604,8.6266,6.8662,True,False,0.0785933194588432,23.667,train,True,6.972125441123975,1.5478745588760248,11.208915715302968,True
2355,6,SS316L,1514.9902,686.8872,0.1524409673737026,7.909035940907264,4.355623845224786,25.0,3,1,11.6313,42.5791,18.8918,12.6072,1.4263,401.5938,15.5785,0.7875,8.41,23.9383,cutting,aux_leak,1.7604,8.5735,6.8131,True,False,0.0785933194588432,23.361,train,True,6.970654433018107,1.4393455669818929,10.423004275753584,True
2355,7,SS316L,1511.78,685.6843,0.1524409673737026,7.909035940907264,4.355623845224786,25.0,3,1,11.798,42.7458,18.8918,12.7266,1.2373,404.7037,15.1844,0.7985,8.52,23.9383,cutting,aux_leak,1.7604,8.6098,6.8494,True,False,0.0785933194588432,23.667,train,True,6.966629733668082,1.5533702663319175,11.248712817281177,True
2355,8,SS316L,1514.9738,684.0847,0.1524409673737026,7.909035940907264,4.355623845224786,25.0,3,1,11.9647,42.9125,18.8918,12.3288,1.0562,410.6789,14.9744,0.8081,8.8,23.9383,cutting,aux_leak,1.7604,8.6415,6.8812,True,False,0.0785933194588432,24.444,train,True,6.9752403761036295,1.8247596238963713,13.213975711180725,True
2355,9,SS316L,1516.807,698.723,0.1524409673737026,7.909035940907264,4.355623845224786,25.0,3,1,12.1313,43.0791,18.8918,13.506,0.3849,400.2608,15.3338,0.8088,8.56,23.9383,cutting,aux_leak,1.7604,8.6729,6.9125,True,False,0.0785933194588432,23.778,train,True,6.981813100007828,1.5781868999921729,11.428422182901437,True
2362,3,C45,5704.0923,1050.9215,0.0612575434323292,9.722611886418472,6.383872650469647,10.0,3,1,43.9858,511.8464,28.0914,51.8869,0.6736,398.4037,24.5955,0.8749,15.09,65.3242,cutting,excess_tool_wear,3.1391,15.0125,11.8734,True,False,0.1833117345965266,41.917,val,True,12.083835786041467,3.0061642139585327,5.250860570443246,True
2362,4,C45,5750.592,1043.3758,0.0612575434323292,9.722611886418472,6.383872650469647,10.0,3,1,44.1525,512.013,28.0914,56.3924,1.2594,402.3548,24.8301,0.881,15.09,65.3242,cutting,excess_tool_wear,3.2636,15.3491,12.0855,True,False,0.1833117345965266,41.917,val,True,12.19304806394669,2.896951936053309,5.060099719389904,True
2362,5,C45,5709.0707,1052.0364,0.0612575434323292,9.722611886418472,6.383872650469647,10.0,3,1,44.3192,512.1797,28.0914,54.3358,2.2949,398.6591,25.2927,0.8785,15.39,65.3242,cutting,excess_tool_wear,3.2334,15.2676,12.0342,True,False,0.1833117345965266,42.75,val,True,12.104764117180654,3.2852358828193466,5.738314454547414,True
2362,6,C45,5681.0815,1061.4062,0.0612575434323292,9.722611886418472,6.383872650469647,10.0,3,1,44.4858,512.3464,28.0914,53.6938,1.1688,406.2199,23.8323,0.8828,14.38,65.3242,cutting,excess_tool_wear,3.03,14.7175,11.6875,True,False,0.1833117345965266,39.944,val,True,12.047541100608589,2.332458899391412,4.07410094569197,True
2371,11,C45,4785.377,2142.1588,0.0747786549867205,12.543726252064202,3.4935140924954986,10.0,6,1,104.6925,477.8753,21.8642,60.0563,3.2018,405.761,26.1148,0.8882,48.14,94.4595,cutting,none,0.0,16.3246,16.3246,False,True,0.2721851650936428,133.722,train,True,14.95361456189175,33.186385438108246,28.871621300029734,True
2373,1,Al6061,0.0,0.0,0.0,0.0,0.0,12.0,3,0,154.3078,20.7102,25.0649,0.0,0.0,398.8411,6.4809,0.6169,4.89,182.6815,standby,none,0.0,2.7813,2.7813,False,True,0.2781509358930259,13.583,val,False,2.7995401447356603,2.0904598552643394,31.26839032520241,True
2376,4,Ti6Al4V,1880.2848,475.5596,0.0423174165648691,5.748142480992967,3.753414114757784,10.0,6,1,32.7169,369.9175,20.6837,7.252,0.6283,399.2859,11.7497,0.7366,13.37,10.2579,cutting,none,0.0,5.9228,5.9228,False,True,0.1725009322310791,37.139,train,True,5.898971877613946,7.471028122386053,70.99097307608619,True
2383,7,Al6061,8010.44,1851.7494,0.1125997302906689,11.089046637455615,4.688372279694222,10.0,2,0,33.2254,318.7774,20.8492,27.8352,1.4168,409.489,14.9803,0.7999,8.74,93.6642,cutting,none,0.0,8.4441,8.4441,False,False,0.0624820420264483,24.278,test,True,8.067353388464907,0.6726466115350931,4.098589068740697,True
2385,5,SS316L,2338.8924,867.2981,0.0618373171411592,9.505390257280787,6.39772407773322,20.0,6,1,9.9095,203.6829,23.8091,34.9516,1.2598,405.2329,19.0608,0.831,11.44,52.7727,cutting,none,0.0,11.2019,11.2019,False,False,0.1361498595915305,31.778,train,True,10.253766508561965,1.1862334914380348,3.637328541589336,True
2391,5,SS316L,3678.1804,1729.5957,0.0942119039443475,11.317361871149096,6.473992666247044,10.0,5,1,27.9071,294.1047,24.6609,62.1813,4.2966,404.8407,27.6867,0.8727,31.21,127.1537,cutting,none,0.0,17.0144,17.0144,False,True,0.1914499280037158,86.694,val,True,16.807183080434676,14.402816919565325,12.530218951710426,True
2397,0,Al6061,7998.2112,24063.3257,0.0,0.0,0.0,12.0,3,0,78.9952,219.9469,20.8803,14.2464,21.5503,397.2642,14.3705,0.7706,7.74,85.8543,rapid,aux_leak,1.3324,7.5933,6.2609,True,False,0.1077418715798635,21.5,test,False,6.26930421748666,1.4706957825133404,13.974800119768986,True
2397,1,Al6061,8009.163,1971.0369,0.0830498061544407,0.0,0.0,12.0,3,0,78.9952,220.1136,20.8803,14.1643,2.5517,404.598,12.8545,0.7528,6.69,85.8543,aircut,aux_leak,1.3324,6.768,5.4356,True,False,0.1077418715798635,18.583,test,False,5.445281167279494,1.2447188327205065,11.827528914820602,True
2397,2,Al6061,7998.5917,1979.2968,0.0830498061544407,0.0,0.0,12.0,3,0,78.9952,220.2802,20.8803,14.5064,1.5136,404.6186,12.9738,0.7455,6.95,85.8543,aircut,aux_leak,1.3324,6.768,5.4356,True,False,0.1077418715798635,19.306,test,False,5.441150081961851,1.5088499180381492,14.337347169975777,True
2397,3,Al6061,8005.0066,2007.986,0.0830498061544407,8.248047241172095,5.2222905022912105,12.0,3,0,79.4952,220.4469,20.8803,28.4297,2.9185,397.1708,16.7961,0.8245,9.59,85.8543,cutting,aux_leak,1.3324,9.625,8.2926,True,False,0.1077418715798635,26.639,test,True,8.343013814451066,1.2469861855489341,7.598170958295056,True
2397,4,Al6061,7988.8507,2000.7073,0.0830498061544407,8.248047241172095,5.2222905022912105,12.0,3,0,79.6619,220.6136,20.8803,27.844,1.4244,406.4509,16.6139,0.8215,9.44,85.8543,cutting,aux_leak,1.3324,9.6166,8.2842,True,False,0.1077418715798635,26.222,test,True,8.328465230052519,1.1115347699474807,6.772834620002052,True
2397,5,Al6061,8013.7608,1985.8967,0.0830498061544407,8.248047241172095,5.2222905022912105,12.0,3,0,79.8285,220.7802,20.8803,26.1457,2.9329,407.5145,16.1154,0.8418,9.78,85.8543,cutting,aux_leak,1.3324,9.5079,8.1755,True,False,0.1077418715798635,27.167,test,True,8.352069667496323,1.427930332503676,8.700704874386336,True
2397,6,Al6061,7995.3856,1993.9137,0.0830498061544407,8.248047241172095,5.2222905022912105,12.0,3,0,79.9952,220.9469,20.8803,26.6503,2.7614,396.1846,17.0331,0.8197,9.74,85.8543,cutting,aux_leak,1.3324,9.5792,8.2468,True,False,0.1077418715798635,27.056,test,True,8.335982571460946,1.4040174285390545,8.554998101899114,True
2397,7,Al6061,8023.4132,2002.5019,0.0830498061544407,8.248047241172095,5.2222905022912105,12.0,3,0,80.1619,221.1136,20.8803,27.2963,1.8511,399.8661,16.9578,0.8424,9.74,85.8543,cutting,aux_leak,1.3324,9.7835,8.4511,True,False,0.1077418715798635,27.056,test,True,8.3634531882496,1.3765468117503996,7.507033654236117,True
2403,0,Ti6Al4V,1053.1532,24020.8709,0.0,0.0,0.0,20.0,5,1,36.8023,387.4362,30.162,2.4601,21.8524,396.5337,15.384,0.7905,8.42,6.6711,rapid,coolant_stuck_hp,2.7,8.343,5.643,True,False,0.2716418250610268,23.389,train,False,5.6919261570514825,2.7280738429485174,25.92261915786772,True
2403,1,Ti6Al4V,1056.0598,24023.2815,0.0,0.0,0.0,20.0,5,1,36.8023,387.6029,30.162,2.2699,22.7421,398.4899,15.5282,0.787,8.09,6.6711,rapid,coolant_stuck_hp,2.7,8.343,5.643,True,False,0.2716418250610268,22.472,train,False,5.69271384419097,2.39728615580903,22.779418596052633,True
2403,2,Ti6Al4V,1053.9398,466.3173,0.0870426458997548,0.0,0.0,20.0,5,1,36.8023,387.7695,30.162,1.9661,0.0,397.001,14.1616,0.767,7.57,6.6711,aircut,coolant_stuck_hp,2.7,7.4602,4.7602,True,False,0.2716418250610268,21.028,train,False,4.809096103115274,2.7609038968847264,41.29666517190672,True
2403,3,Ti6Al4V,1057.0033,455.2998,0.0870426458997548,4.1525833357527375,3.4984279322008227,20.0,5,1,37.3023,387.9362,30.162,4.3283,0.0,397.9796,15.2346,0.7898,8.23,6.6711,cutting,coolant_stuck_hp,2.7,8.2737,5.5737,True,False,0.2716418250610268,22.861,train,True,5.6536191717655075,2.576380828234493,24.481206470485898,True
2403,4,Ti6Al4V,1051.7885,455.4209,0.0870426458997548,4.1525833357527375,3.4984279322008227,20.0,5,1,37.469,388.1029,30.162,4.7825,0.9622,395.0962,15.0768,0.7995,8.19,6.6711,cutting,coolant_stuck_hp,2.7,8.2573,5.5573,True,False,0.2716418250610268,22.75,train,True,5.648249604831208,2.5417503951687914,24.152142237142435,True
2403,5,Ti6Al4V,1053.2455,462.0637,0.0870426458997548,4.1525833357527375,3.4984279322008227,20.0,5,1,37.6356,388.2695,30.162,5.0393,0.5284,405.1027,14.7351,0.7979,8.1,6.6711,cutting,coolant_stuck_hp,2.7,8.2526,5.5526,True,False,0.2716418250610268,22.5,train,True,5.650665980157421,2.4493340198425786,23.27398620492055,True
2403,6,Ti6Al4V,1059.2943,467.3205,0.0870426458997548,4.1525833357527375,3.4984279322008227,20.0,5,1,37.8023,388.4362,30.162,5.5639,0.5413,396.2734,14.798,0.8142,8.34,6.6711,cutting,coolant_stuck_hp,2.7,8.2683,5.5683,True,False,0.2716418250610268,23.167,train,True,5.658292494673934,2.6817075053260657,25.482038374089203,True
2403,7,Ti6Al4V,1051.0923,449.8508,0.0870426458997548,4.1525833357527375,3.4984279322008227,20.0,5,1,37.969,388.6029,30.162,4.3286,0.3397,401.5848,15.091,0.7883,8.21,6.6711,cutting,coolant_stuck_hp,2.7,8.266,5.566,True,False,0.2716418250610268,22.806,train,True,5.648810010018315,2.5611899899816857,24.33686055560748,True
2403,8,Ti6Al4V,1057.7145,456.0673,0.0870426458997548,4.1525833357527375,3.4984279322008227,20.0,5,1,38.1356,388.7695,30.162,4.6197,0.1071,399.054,15.2246,0.7842,8.28,6.6711,cutting,coolant_stuck_hp,2.7,8.2323,5.5323,True,False,0.2716418250610268,23.0,train,True,5.657127722855134,2.6228722771448654,24.922976082887036,True
2403,9,Ti6Al4V,1059.2046,459.7693,0.0870426458997548,4.1525833357527375,3.4984279322008227,20.0,5,1,38.3023,388.9362,30.162,4.6119,0.0,401.6249,15.0727,0.7836,8.26,6.6711,cutting,coolant_stuck_hp,2.7,8.2356,5.5356,True,False,0.2716418250610268,22.944,train,True,5.659520709754418,2.600479290245582,24.71019413319837,True
2403,10,Ti6Al4V,1053.1042,460.5378,0.0870426458997548,4.1525833357527375,3.4984279322008227,20.0,5,1,38.469,389.1029,30.162,4.2564,0.5979,400.7184,15.2786,0.7759,8.2,6.6711,cutting,coolant_stuck_hp,2.7,8.2695,5.5695,True,False,0.2716418250610268,22.778,train,True,5.653062852094466,2.546937147905533,24.20142763907835,True
2407,0,Al6061,0.0,0.0,0.0,0.0,0.0,8.0,3,0,238.7945,240.9963,25.3198,0.0,0.0,396.13,9.1897,0.656,4.21,18.8818,standby,aux_leak,1.339,4.1254,2.7864,True,False,0.1687979849664213,11.694,train,False,2.8034331211616643,1.4065668788383356,21.038950867801926,True
2407,1,Al6061,7987.5804,23850.8725,0.0,0.0,0.0,8.0,3,0,238.7945,241.163,25.3198,14.3626,22.097,398.4367,14.102,0.7859,7.74,18.8818,rapid,aux_leak,1.339,7.6872,6.3483,True,False,0.1687979849664213,21.5,train,False,6.350166943017161,1.3898330569828392,10.064460007259706,True
2407,2,Al6061,7971.1411,24162.1311,0.0,0.0,0.0,8.0,3,0,238.7945,241.3297,25.3198,15.1193,22.7966,398.6344,14.0424,0.7945,7.38,18.8818,rapid,aux_leak,1.339,7.6872,6.3483,True,False,0.1687979849664213,20.5,train,False,6.354934478197747,1.0250655218022526,7.423000120169799,True
2407,3,Al6061,7996.9983,1668.8734,0.0700931129617091,0.0,0.0,8.0,3,0,238.7945,241.4963,25.3198,14.178,1.1195,399.7259,12.9981,0.763,6.92,18.8818,aircut,aux_leak,1.339,6.8503,5.5113,True,False,0.1687979849664213,19.222,train,False,5.522534488975933,1.397465511024067,13.278953691876119,True
2407,4,Al6061,8007.8632,1687.9063,0.0700931129617091,0.0,0.0,8.0,3,0,238.7945,241.663,25.3198,14.5392,2.1791,398.6023,13.0453,0.7599,6.86,18.8818,aircut,aux_leak,1.339,6.8503,5.5113,True,False,0.1687979849664213,19.056,train,False,5.527799234745226,1.3322007652547745,12.65879703688474,True
2407,5,Al6061,7991.7365,1679.3969,0.0700931129617091,5.297423310025197,2.118811029034689,8.0,3,0,239.6278,241.8297,25.3198,18.2597,1.6227,388.9838,14.8874,0.7867,8.09,18.8818,cutting,aux_leak,1.339,7.9253,6.5863,True,False,0.1687979849664213,22.472,train,True,6.467973116146356,1.6220268838536436,11.745888918978741,True
2407,6,Al6061,8004.6543,1684.6746,0.0700931129617091,5.297423310025197,2.118811029034689,8.0,3,0,239.7945,241.9963,25.3198,18.5901,1.6945,402.2583,14.6035,0.7782,7.96,18.8818,cutting,aux_leak,1.339,7.8884,6.5494,True,False,0.1687979849664213,22.111,train,True,6.474987063354332,1.485012936645668,10.753704004982636,True
2407,7,Al6061,8028.8706,1683.8232,0.0700931129617091,5.297423310025197,2.118811029034689,8.0,3,0,239.9611,242.163,25.3198,17.8951,1.2928,401.9652,14.3361,0.7885,7.95,18.8818,cutting,aux_leak,1.339,7.9188,6.5798,True,False,0.1687979849664213,22.083,train,True,6.487723145303967,1.4622768546960332,10.589060930511064,True
2407,8,Al6061,7932.8401,1690.4776,0.0700931129617091,5.297423310025197,2.118811029034689,8.0,3,0,240.1278,242.3297,25.3198,18.6236,1.743,399.5522,14.7398,0.7774,7.97,18.8818,cutting,aux_leak,1.339,7.8924,6.5535,True,False,0.1687979849664213,22.139,train,True,6.4376815587598895,1.5323184412401103,11.09626626936536,True
2407,9,Al6061,8046.444,1676.7661,0.0700931129617091,5.297423310025197,2.118811029034689,8.0,3,0,240.2945,242.4963,25.3198,18.3937,1.9084,406.3046,14.1401,0.7917,7.93,18.8818,cutting,aux_leak,1.339,7.8994,6.5604,True,False,0.1687979849664213,22.028,train,True,6.496790593283279,1.4332094067167205,10.378569342164488,True
2407,10,Al6061,8013.3637,1677.2264,0.0700931129617091,5.297423310025197,2.118811029034689,8.0,3,0,240.4611,242.663,25.3198,17.9027,2.0619,408.1563,14.4371,0.7748,7.8,18.8818,cutting,aux_leak,1.339,7.9059,6.5669,True,False,0.1687979849664213,21.667,train,True,6.479431307594808,1.3205686924051916,9.56288291228592,True
2407,11,Al6061,8013.4007,1656.4137,0.0700931129617091,5.297423310025197,2.118811029034689,8.0,3,0,240.6278,242.8297,25.3198,17.4601,0.6288,395.9945,14.5531,0.787,7.74,18.8818,cutting,aux_leak,1.339,7.8913,6.5523,True,False,0.1687979849664213,21.5,train,True,6.4787076464588065,1.2612923535411937,9.133633989995502,True
2407,12,Al6061,8018.5388,1710.8386,0.0700931129617091,5.297423310025197,2.118811029034689,8.0,3,0,240.7945,242.9963,25.3198,18.3953,2.0769,400.2871,14.5012,0.7858,7.94,18.8818,cutting,aux_leak,1.339,7.8646,6.5256,True,False,0.1687979849664213,22.056,train,True,6.483486890780116,1.456513109219884,10.547322834309309,True
2425,0,SS316L,4376.4337,23694.667,0.0,0.0,0.0,10.0,6,1,2.8141,323.3707,22.5503,7.377,22.1175,405.8135,16.0803,0.813,9.3,18.9993,rapid,coolant_stuck_hp,2.7,9.1557,6.4557,True,False,0.0462200443812904,25.833,val,False,6.463371161501965,2.8366288384980356,20.54141492538664,True
2425,1,SS316L,4385.3097,1829.0144,0.0700558261244991,0.0,0.0,10.0,6,1,2.8141,323.5374,22.5503,6.6652,1.3766,406.6372,15.0,0.7902,8.24,18.9993,aircut,coolant_stuck_hp,2.7,8.3247,5.6247,True,False,0.0462200443812904,22.889,val,False,5.642245142101929,2.597754857898071,24.68430611614617,True
2425,2,SS316L,4369.4815,1843.1454,0.0700558261244991,0.0,0.0,10.0,6,1,2.8141,323.7041,22.5503,7.8891,1.7639,401.0363,15.0921,0.7898,8.35,18.9993,aircut,coolant_stuck_hp,2.7,8.3247,5.6247,True,False,0.0462200443812904,23.194,val,False,5.637608704872595,2.7123912951274045,25.77360093548985,True
2425,3,SS316L,4385.7468,1845.4217,0.0700558261244991,5.669122567422991,1.8193641022624427,10.0,6,1,3.3141,323.8707,22.5503,14.7709,1.9201,404.8092,17.9478,0.8153,10.21,18.9993,cutting,coolant_stuck_hp,2.7,10.2446,7.5446,True,False,0.0462200443812904,28.361,val,True,7.678013711503818,2.5319862884961832,16.723688102586113,True
2425,4,SS316L,4383.5255,1868.3515,0.0700558261244991,5.669122567422991,1.8193641022624427,10.0,6,1,3.4808,324.0374,22.5503,15.7429,1.6296,395.484,18.1034,0.8273,10.38,18.9993,cutting,coolant_stuck_hp,2.7,10.3505,7.6505,True,False,0.0462200443812904,28.833,val,True,7.682014496184701,2.6979855038153,17.820107587511426,True
2425,5,SS316L,4379.2735,1844.8633,0.0700558261244991,5.669122567422991,1.8193641022624427,10.0,6,1,3.6474,324.2041,22.5503,15.7463,1.564,404.0969,17.2205,0.8435,10.23,18.9993,cutting,coolant_stuck_hp,2.7,10.1787,7.4787,True,False,0.0462200443812904,28.417,val,True,7.682611278242142,2.5473887217578586,16.825420679519674,True
2425,6,SS316L,4384.2267,1861.1516,0.0700558261244991,5.669122567422991,1.8193641022624427,10.0,6,1,3.8141,324.3707,22.5503,15.3986,1.5298,399.5018,17.7575,0.8268,10.09,18.9993,cutting,coolant_stuck_hp,2.7,10.236,7.536,True,False,0.0462200443812904,28.028,val,True,7.692093841935233,2.3979061580647665,15.838093148033318,True
2430,4,Ti6Al4V,1261.4216,317.1539,0.0832656264738513,14.718563251313755,3.837787447578172,16.0,3,1,35.075,183.7453,23.0153,10.7767,1.2826,407.6825,12.3188,0.7505,6.68,17.8244,cutting,none,0.0,6.5419,6.5419,False,False,0.209146274835416,18.556,train,True,6.26944503492351,0.41055496507649014,3.9011627308250905,True
2431,4,SS316L,2370.7128,581.8642,0.0498987589578472,11.664247997795924,5.184507290410934,12.0,5,1,46.1424,39.8873,29.7491,23.7988,1.0402,394.2472,16.8197,0.8131,9.61,35.7628,cutting,none,0.0,9.3081,9.3081,False,False,0.092743148547462,26.694,train,True,8.819273568670608,0.7907264313293911,4.312247052271043,True
2434,6,SS316L,2537.8235,1930.9286,0.1245687078272603,4.379353325578657,4.517672806379673,12.0,6,1,48.5761,456.5951,26.0722,24.597,2.2279,409.7679,16.4079,0.8065,9.4,37.7156,cutting,none,0.0,9.3462,9.3462,False,False,0.2216758880573248,26.111,train,True,8.697271482334404,0.7027285176655962,3.8323481532741694,True
2434,8,SS316L,2559.0262,1853.8563,0.1245687078272603,4.379353325578657,4.517672806379673,12.0,6,1,48.9095,456.9285,26.0722,23.5856,2.3534,402.7241,16.2824,0.823,9.46,37.7156,cutting,none,0.0,9.266,9.266,False,False,0.2216758880573248,26.278,train,True,8.75265759975457,0.7073424002454303,3.8575100813014953,True
2442,4,Al6061,6368.272,1615.5178,0.082603972570411,7.784919961311426,6.868821358937506,12.0,3,0,109.8206,170.2348,21.2895,22.2925,1.6573,403.4282,13.8774,0.7612,12.96,84.386,cutting,none,0.0,7.3949,7.3949,False,True,0.1268709672928759,36.0,train,True,7.439188425274616,5.520811574725385,36.46478311053216,True
2455,2,C45,6406.9035,23822.9348,0.0,0.0,0.0,10.0,4,1,8.0127,58.4153,18.7783,25.0442,22.451,398.4277,17.1541,0.8248,9.64,59.8188,rapid,spindle_bearing_friction,2.5548,9.7911,7.2363,True,False,0.0853979821925974,26.778,test,False,7.262880581034652,2.377119418965348,15.700797403997132,True
2455,3,C45,6382.2084,24284.2609,0.0,0.0,0.0,10.0,4,1,8.0127,58.5819,18.7783,24.9053,22.164,405.0548,17.0183,0.8162,9.79,59.8188,rapid,spindle_bearing_friction,2.5541,9.7898,7.2357,True,False,0.0853979821925974,27.194,test,False,7.269500868588659,2.5204991314113405,16.64781579903331,True
2455,4,C45,6374.786,1396.9391,0.0537209474785094,0.0,0.0,10.0,4,1,8.0127,58.7486,18.7783,25.7326,1.5172,398.7743,16.0173,0.8153,8.89,59.8188,aircut,spindle_bearing_friction,2.5534,8.9401,6.3867,True,False,0.0853979821925974,24.694,test,False,6.407965764990223,2.4820342350097775,17.97362220548607,True
2455,5,C45,6438.1004,1367.029,0.0537209474785094,0.0,0.0,10.0,4,1,8.0127,58.9153,18.7783,25.3849,0.6671,405.7502,15.7389,0.8116,8.95,59.8188,aircut,spindle_bearing_friction,2.5527,8.9388,6.3861,True,False,0.0853979821925974,24.861,test,False,6.432144048415677,2.5178559515843224,18.233024751744797,True
2455,6,C45,6410.2317,1387.3409,0.0537209474785094,6.944771654784045,6.260468189994327,10.0,4,1,9.0127,59.0819,18.7783,47.3611,1.204,400.1393,22.0557,0.8865,13.68,59.8188,cutting,spindle_bearing_friction,2.5521,13.6369,11.0848,True,False,0.0853979821925974,38.0,test,True,11.168106526269636,2.511893473730364,4.387518930975612,True
2455,7,C45,6396.3474,1377.0975,0.0537209474785094,6.944771654784045,6.260468189994327,10.0,4,1,9.1794,59.2486,18.7783,47.7931,1.7944,405.5134,22.0785,0.8932,13.34,59.8188,cutting,spindle_bearing_friction,2.5514,13.695,11.1436,True,False,0.0853979821925974,37.056,test,True,11.15561353584954,2.1843864641504602,3.8154631413544617,True
2455,8,C45,6363.817,1374.8529,0.0537209474785094,6.944771654784045,6.260468189994327,10.0,4,1,9.3461,59.4153,18.7783,49.1075,1.9004,395.6825,23.2076,0.8793,14.14,59.8188,cutting,spindle_bearing_friction,2.5507,14.1037,11.553,True,False,0.0853979821925974,39.278,test,True,11.118725359889293,3.0212746401107076,5.277253919321739,True
2455,9,C45,6382.06,1379.9281,0.0537209474785094,6.944771654784045,6.260468189994327,10.0,4,1,9.5127,59.5819,18.7783,45.543,1.1313,406.0018,22.1296,0.8709,13.64,59.8188,cutting,spindle_bearing_friction,2.55,13.6446,11.0946,True,False,0.0853979821925974,37.889,test,True,11.149054496491381,2.4909455035086197,4.35092915641924,True
2455,10,C45,6379.1906,1379.6389,0.0537209474785094,6.944771654784045,6.260468189994327,10.0,4,1,9.6794,59.7486,18.7783,48.4374,3.1931,395.6444,22.9454,0.8848,13.7,59.8188,cutting,spindle_bearing_friction,2.5494,13.8671,11.3178,True,False,0.0853979821925974,38.056,test,True,11.151307752318429,2.5486922476815703,4.4517952703332035,True
2455,11,C45,6391.7009,1377.8022,0.0537209474785094,6.944771654784045,6.260468189994327,10.0,4,1,9.8461,59.9153,18.7783,47.8802,1.2344,400.3069,22.7473,0.881,14.2,59.8188,cutting,spindle_bearing_friction,2.5487,13.9257,11.377,True,False,0.0853979821925974,39.444,test,True,11.174034746035053,3.025965253964946,5.285447004457951,True
2461,3,SS316L,3346.0447,447.1279,0.0326790719571566,6.43236871341989,2.29106578121111,8.0,4,2,114.5825,459.7503,22.9198,9.5371,0.1355,396.2066,16.4593,0.7999,20.97,6.4539,cutting,none,0.0,8.9883,8.9883,False,True,0.1566208486381407,58.25,train,True,9.082979352490499,11.8870206475095,49.51152553675489,True
2462,0,Al6061,7973.0965,23984.2306,0.0,0.0,0.0,12.0,2,0,171.0604,467.6599,24.2372,14.8727,22.2234,394.3714,12.5649,0.7459,11.96,45.5093,rapid,none,0.0,6.3246,6.3246,False,True,0.2900417183778982,33.222,train,False,6.321743064512481,5.63825693548752,40.8293723859595,True
2489,8,SS316L,4602.7886,1300.4126,0.0713741439433812,2.159524233736658,1.113698904039531,8.0,4,1,20.5286,32.6335,20.2211,9.7548,1.5715,399.5513,12.5591,0.7432,18.87,3.1398,cutting,none,0.0,6.4346,6.4346,False,True,0.1192134134508384,52.417,train,True,6.556536214851525,12.313463785148475,89.16780558198921,True
