job_id,material,tool_diameter_mm,n_flutes,coolant_mode,tool_age_min,machine_on_min,ambient_temp_c,n_base,fz_base,ap_base,ae_base,split,t_base_min,mrr_base_cm3_min,volume_mm3,power_util_opt,life_ratio_opt,trust_ratio_opt,at_lower_bound,at_upper_bound,feasible_found,baseline_feasible,objective,n_opt,fz_opt,ap_opt,ae_opt,e_pred_base,e_pred_opt,e_true_base,e_true_opt,eop_true_base,eop_true_opt,eop_pred_base,eop_pred_opt,t_op_base_min,t_op_opt_min,mrr_opt_cm3,true_overload_opt,true_overload_base,save_pred_pct,save_true_pct,save_true_op_pct
5,Ti6Al4V,6.0,5,1,54.5038,91.63185,23.4955,3384.1669,0.028187050768182,4.610942751777854,3.316554548312133,test,29.3905587909189,7.293706617607121,214366.1131484963,0.0721941952551895,5.250153369027311,0.11145620327245613,0,0,True,True,window,3085.0956201692925,0.058322071795440356,6.258860425474078,3.888312275939085,3.265203923442862,2.196703895817783,3.238908762195839,2.19092434390123,3.238908762195839,1.2677716724398786,3.265203923442862,1.268380931721662,30.850744271161172,10.708572240919784,21.89414449347212,False,False,32.72383755126823,32.35609568650279,60.858061602810174
14,C45,10.0,5,1,9.1177,309.4989,24.2087,6273.0001,0.0634065515241133,10.468890511882629,4.118645949008904,test,16.085354970683277,85.75008335457164,1379320.5295239643,0.7214030076000443,27.48510462323827,0.9986958991607825,0,0,True,True,window,3847.7715411523673,0.12945703126342523,12.152921801898628,6.481438018506468,3.9026629601839113,2.643004814342039,3.917139955654949,2.744684116927459,3.917139955654949,2.258065696272257,3.9026629601839113,2.153539306724048,19.417614733708948,8.854927565928579,196.18102608262646,False,False,32.276887824884355,29.93142578515437,42.35422471917508
18,Ti6Al4V,12.0,4,1,18.20975,591.4893,22.3581,1681.8020999999999,0.0628797135745852,8.422616311856565,6.445996972513475,test,25.69077929981455,22.96585142073941,590010.6202825486,0.20999639236618908,5.366857152605543,0.37261892438129407,0,0,True,True,window,1610.135578493117,0.11686656474726201,12.482120651027918,7.790898577074857,2.8948309819105917,2.0667300086078146,2.885142853765421,2.0728219093874634,2.885142853765421,1.248758637379619,2.8948309819105917,1.2383845132736655,26.822792475663853,8.69266440829174,73.19621817247314,False,False,28.606194229558422,28.155311038335302,56.71761501341762
21,C45,12.0,4,1,16.27525,44.224599999999995,22.734,4512.762199999999,0.0814420278361829,4.6217046905581265,3.339618373117532,test,13.863149203246708,22.690812802603894,314566.12342543836,0.7003170415250054,125.39231358334753,0.9971296663933082,1,0,True,True,window,3186.0114614547247,0.15057354512438176,13.90630440478553,7.340195719208569,2.0525115042975117,1.1169802671353057,2.0461140372051236,1.1323368198912116,2.0461140372051236,0.4915498080380078,2.0525115042975117,0.47277734288633655,15.98610857709982,1.9269789124983943,195.87335970323556,False,False,45.579829160684724,44.65915392292016,75.97642169009127
44,Ti6Al4V,12.0,5,2,112.9862,288.0462,25.5954,1125.6839,0.0646716639996451,7.530325327455982,3.910118312365544,test,25.806495034880026,10.71776257439167,276587.8866610616,0.2443826795442652,29.860672756717182,0.36471853386324193,0,0,True,True,window,1260.6120529824173,0.11657845680478089,12.584053578209485,7.748029189222637,3.7860367439588742,1.8794710988543826,3.760864664506964,1.8398716298774194,3.760864664506964,0.7869071139396264,3.7860367439588742,0.8198416748559342,26.78498930159718,4.1560663728088425,71.64428758020043,False,False,50.357822019204406,51.07849406969766,79.0764309770028
48,SS316L,10.0,3,1,49.921850000000006,162.70139999999998,27.4181,4018.7447,0.0391166287756234,7.353927086651621,1.1774684817392709,test,22.062387599374386,4.083585952485729,90093.65607910058,0.3710379510910907,128.88544534324106,0.34048876356438507,0,0,True,True,window,2463.8796825460804,0.11037567896923484,12.627188515630502,6.4924066822026,2.5286588576571147,1.272569439457395,2.5042239787247724,1.3017302542774978,2.5042239787247724,0.2795260351580642,2.5286588576571147,0.24326616413925195,23.14620062915942,1.4614752838302114,66.88465934604982,False,False,49.67413514069382,48.0186171310292,88.83781812118869
49,Al6061,10.0,3,0,155.86565000000002,308.64875,22.1623,7990.46305,0.0571031913780222,6.4157840544948765,5.288583420993339,test,8.493812090232746,46.44539706583577,394498.4751334564,0.4023004042706677,327.84108789788235,0.9977930135224119,1,0,True,True,window,6369.199529859066,0.11715021102647351,13.489704719329803,6.4910143033071215,1.1499614158129108,0.7054430544348491,1.1475546168839272,0.7110641021896884,1.1475546168839272,0.383234886806973,1.1499614158129108,0.37593331833283344,9.704926018678703,2.482018898659829,196.0036657559047,False,False,38.655067488836615,38.036578675399895,66.60421376303552
57,C45,10.0,4,1,10.3266,441.13565,17.2575,6676.4698,0.1098843206740808,8.37197396856599,1.57829387431862,test,19.218529898822343,38.77558405455567,745209.721496777,0.7160204979363927,48.30522280895257,0.991471878921441,0,0,True,True,window,3890.3206806825165,0.12959579465929671,14.902552686455367,6.480479897749828,3.843942335254265,2.0359443871904306,3.841300626031048,2.1409449514523406,3.841300626031048,1.2456259190521854,3.843942335254265,1.1376729140690198,25.093308962822515,4.630043266001646,194.76195977406687,False,False,47.03499143267561,44.26510289395308,67.57280826678735
60,SS316L,12.0,6,2,267.81255,313.31804999999997,24.8938,2100.3708500000002,0.0535103392920968,11.915258586647504,4.528299849989681,test,21.71007404476179,36.385101105857565,789923.2391343119,0.9208313743034348,56.61534078571146,0.8799890424743212,0,0,True,True,window,1859.489650175453,0.13180066922757017,15.121187673290292,7.774141921610708,4.653412120843372,2.737645790012621,4.621770370350407,2.750967501145648,4.621770370350407,1.9192034234829436,4.653412120843372,1.9008174704608127,23.23509218265399,5.269623364117005,172.8625835343367,False,False,41.16906650605325,40.47805752545255,58.47471272491117
62,C45,16.0,3,1,23.43075,387.84865,18.8258,4494.81315,0.0882609751105909,13.993894271917071,5.275426106522305,test,19.13090266202972,87.86132558610673,1680866.467544709,0.6408862169491099,22.26886361484407,0.9879645301792477,0,0,True,True,window,2405.953113619887,0.20717699860086475,12.581262864172459,10.315514649286296,4.654921712289486,2.844195659346311,4.645011992253207,3.288936132790944,4.645011992253207,2.780101487417769,4.654921712289486,2.333378081083864,21.502635942506483,10.010110122074575,194.0729860077269,False,False,38.89917306584699,29.194238071373768,40.14866932411956
72,Ti6Al4V,16.0,3,2,8.125399999999999,443.75475,25.2577,1287.2095,0.0654281559359468,12.416464953317693,3.176386635784305,test,26.335076831704153,9.964752084883667,262422.5117642955,0.3281757669043865,9.310643345754444,0.5966462897193551,0,0,True,True,window,1449.7577749630216,0.15550965843873465,16.781254566360975,10.326239298716953,3.7994574368680554,1.6661837788206397,3.773886708170004,1.6535054937659917,3.773886708170004,0.5101347576111473,3.7994574368680554,0.5157082361189265,27.02818102734261,2.3967803330576087,117.2035265428589,False,False,56.14679710179625,56.18560858792199,86.48251002059051
75,Al6061,12.0,2,0,108.17505,264.38095,27.5065,6374.7186,0.1088258765524727,14.20672284686171,2.054442292482004,test,12.034597300549914,40.495898835349536,487351.83480723994,0.3726248708585082,249.8215083670896,0.9997882467115449,0,0,True,True,window,5324.946204871197,0.1551811928065809,15.266667442176399,7.7840068711093116,1.459993496724288,0.9360673205366188,1.4575534810973807,0.93642916929018,1.4575534810973807,0.42392751854837923,1.459993496724288,0.41999133738888145,13.773933427318026,2.9086731585289423,196.39560377692507,False,False,35.885514378192454,35.75335784007392,70.91513113953063
85,Al6061,12.0,3,0,2.7756499999999997,242.68805,24.7407,8001.8549,0.0580371024666784,4.667104210794783,3.1250691393216856,test,7.251196519391044,20.320050221807175,147344.6774422194,0.3903420661295198,908.1505783647943,0.9958292394050756,1,0,True,True,window,5310.2869990542695,0.1302959328331053,12.23555383644998,7.702201371459696,0.8904978043163131,0.47177393293143666,0.8889180461596652,0.469606816241746,0.8889180461596652,0.1279603512153803,0.8904978043163131,0.12806542011027813,8.303536549525164,0.9160907958343063,195.6179074668627,False,False,47.02132552773166,47.17096606705671,85.60493267425507
88,Al6061,12.0,3,1,92.7912,424.9052,23.5372,8004.977,0.1340456760542717,8.063080981967605,1.5692304601802434,test,9.031794475840044,40.73070280063171,367871.33655182814,0.4089315202867433,388.51904219219745,0.9984832329064717,0,0,True,True,window,5327.746699268072,0.11184232238866389,14.358064676402137,7.641834118184304,1.71647202611329,0.8348008669303879,1.7059178317071304,0.8596505146134314,1.7059178317071304,0.4087324171359228,1.71647202611329,0.38135069148332223,12.060359941927945,2.2248078699610465,196.13925051909513,False,False,51.365308945891925,49.60774202394204,76.04032213398578
94,C45,10.0,5,1,64.77715,11.8915,24.9393,4370.9421,0.1126514881713048,8.2167070846488,4.452200756977433,test,12.537802228696913,90.0646852440399,1129213.2113796093,0.7273621782285269,34.99870324711326,0.9957413379845037,1,0,True,True,window,3822.4406374186838,0.124844609471038,12.964719848737817,6.32304957077283,3.0363534661854157,2.317773966044083,3.034178220338268,2.4001612988818914,3.034178220338268,2.0044043547697883,3.0363534661854157,1.9196012164366352,15.75318124496784,7.207932835509113,195.60064035792954,False,False,23.665871188708717,20.89583654666444,33.93913576552119
103,Ti6Al4V,16.0,5,2,31.68965,302.23535,31.8572,1217.2744,0.1170183860914533,7.530939476374619,2.041552677022617,test,29.229409433693096,10.950207392940769,320068.0952721188,0.546058527385317,25.00478950771087,0.7925774454930212,0,0,True,True,window,1156.9108575634846,0.15552552478784096,16.690294467930872,10.36883273583756,4.539429427610844,1.9981312796957929,4.508756820075508,2.002399298515789,4.508756820075508,0.5851785827909758,4.539429427610844,0.5690359597968935,31.397919311415365,2.2484351092337715,155.6916941758017,False,False,55.98276586166836,55.58866050171552,87.02128754903272
107,Al6061,10.0,2,0,178.84665,239.40555,29.3782,8006.2489000000005,0.0851557890858538,14.904731068663107,3.494595754331686,test,11.806039046128976,71.0222374482414,838491.3084573816,0.34767567528028387,91.4420377614151,0.8868528796264351,0,0,True,True,window,6959.355600718222,0.12960460398986748,14.902048632081137,6.480520459898474,1.7875482526737447,1.2586356209776857,1.7799682858933519,1.266795341840182,1.7799682858933519,0.8956641746483687,1.7875482526737447,0.8846879534084423,13.482935486814961,5.717504608372908,174.21089648575395,False,False,29.588719124361106,28.83045434686565,49.68089140988026
109,Ti6Al4V,10.0,6,2,123.37505,194.7652,24.1014,1529.62345,0.0689656907056881,5.7804077100246625,6.333165812174713,test,27.56505991359604,23.17118281911287,638715.0426777336,0.18816825696152462,9.065820066137347,0.32176828428909954,0,0,True,True,window,1601.9895820609597,0.09724537999422565,10.437588248651823,6.478685436757087,4.584179013909176,3.043993403613407,4.577871637595022,2.9817165307054276,4.577871637595022,2.139597197100962,4.584179013909176,2.196978576526097,29.38248526261161,11.088984973596457,63.2072608145547,False,False,33.59785046837361,34.86675104171624,53.26218455908921
122,Al6061,10.0,3,1,224.624,175.10825,24.7162,7992.77555,0.0922482689694922,10.39800140661476,3.5521173933871486,test,7.1111080284972275,81.69853702737088,580967.122571815,0.40736424334490723,227.04875282970843,0.9985640413184503,1,0,True,True,window,6366.564903947656,0.11316901621832566,14.187602240643082,6.396415803811627,1.4072557616713293,0.8960972468546162,1.3978074124395516,0.9229694653925069,1.3978074124395516,0.6861826810039733,1.4072557616713293,0.6578833161805047,8.749595559889586,3.628633818105995,196.15512429728068,False,False,36.32307138040316,33.9701980989158,50.91006994973656
127,Al6061,10.0,2,1,205.456,15.2608,19.2712,7983.2945,0.0422210027780296,3.9461401216065584,3.03699848428655,test,8.613104721651172,8.07900296568389,69585.29858996574,0.34767567528028387,1101.861390900672,0.8868528796264351,0,0,True,True,window,6959.355600718222,0.12960460398986748,14.902048632081137,6.480520459898474,1.2496876568890425,0.47834569698005014,1.2384207828796114,0.4756823929740001,1.2384207828796114,0.08726611418384539,1.2496876568890425,0.08835063892659825,9.217928956340517,0.4744882401883072,174.21089648575395,False,False,61.72277974075232,61.5895986606483,92.95343590884096
137,C45,8.0,6,1,17.655,8.6641,22.7304,8001.7791,0.0780812146653656,4.984310506433275,4.107808553673233,test,17.057585923572507,76.75375890610366,1309233.8374980316,0.7253749279853023,26.184120040495163,0.9541995878593583,0,0,True,True,window,4875.661476913911,0.10368795309959075,11.919320703128042,5.184398289568079,4.959712569905688,2.987596411621326,4.945685448051803,3.2476473897930456,4.945685448051803,2.5855678474559767,4.959712569905688,2.3219882999585395,23.718452028442435,9.191773052799801,187.44029528024632,False,False,39.76271065082836,34.333725346961685,47.720738113773905
141,C45,16.0,6,1,55.4279,558.82095,26.3981,3578.9702500000003,0.1214093575045919,6.732318487594618,9.271153495106452,test,17.267674858863025,162.72711469575842,2809918.9072872675,0.6600966160147864,13.831414314105466,0.9924102825809227,0,0,True,True,window,2391.3289343205374,0.2035944117680192,7.7677646381780505,8.591371722251177,5.936601891972038,4.527304052209625,5.914527559463081,5.264083742877461,5.914527559463081,5.11632009643595,5.936601891972038,4.378564788448899,21.95714882364207,18.79976322280748,194.9462971614052,False,False,23.739133352839133,10.997392607376181,13.495709589686857
162,Al6061,10.0,2,0,273.35675,356.07115,25.4521,7006.0305499999995,0.1190056362620576,9.116254623916287,4.8180863409044585,test,10.755349772372021,73.24206464081104,787744.0232626038,0.3194146611405192,125.51286063773696,0.8147483203350533,0,0,True,True,window,6393.791508436613,0.12959579465929671,14.902552686455367,6.480479897749828,1.537659372430934,1.1633043895780304,1.5283781495380182,1.1716823506702883,1.5283781495380182,0.8531771096599868,1.537659372430934,0.8427987404969471,12.623547581959588,5.771619765663496,160.04687875132092,False,False,24.34576796166982,23.33819015768762,44.177616650835
172,Al6061,10.0,3,1,85.4928,56.6414,20.2264,7995.1566,0.0846240487140186,9.62744643512152,2.8448102899245957,test,11.399127264190069,55.59125136819137,633691.7491215937,0.40736424334490723,208.1577688171608,0.9985640413184503,1,0,True,True,window,6366.564903947656,0.11316901621832566,14.187602240643082,6.396415803811627,2.053695786454137,1.1444890144881696,2.0427071534501136,1.1509268455220498,2.0427071534501136,0.7101575928177453,2.053695786454137,0.7017713654247208,13.80926797305993,3.9579439554828073,196.15512429728068,False,False,44.27173576354181,43.656786848856676,65.23448837889975
184,SS316L,10.0,3,2,36.5354,87.8534,27.1576,3139.6519,0.0844539952432391,8.448651116746452,4.6724116248863865,test,24.3003108027747,31.40157460963528,763068.0227106558,0.49218080518287216,6.522233991575266,0.4513628132350422,0,0,True,True,window,3268.2412925460776,0.11016391339138736,12.666741337268967,6.480520459898474,4.787370989493056,3.187608964745751,4.775356593855509,3.135840958735284,4.775356593855509,2.3482142989165347,4.787370989493056,2.394580839023547,26.313866044751933,9.574562036634424,88.66444721601462,False,False,33.41629525387392,34.332842017071634,50.826409446825366
189,Al6061,12.0,3,1,94.67904999999999,125.84825000000001,17.0271,7991.1955,0.1291997580938297,10.841436459297125,2.798288874447384,test,11.561512898071618,93.96672383510351,1086397.489609083,0.4089315202867433,131.55867966752052,0.9984832329064717,0,0,True,True,window,5327.746699268072,0.11184232238866389,14.358064676402137,7.641834118184304,2.451896817526875,1.4962287862683799,2.436213743797915,1.5755995749645286,2.436213743797915,1.19468357656475,2.451896817526875,1.1140906650823914,15.291764673725556,6.570301745832501,196.13925051909513,False,False,38.97668223340806,35.32588924203914,50.96146306512876
191,Al6061,10.0,3,1,339.9178,597.6937,20.5095,7997.6289,0.1014276289460002,7.569497307340436,1.723984692396683,test,11.024264375142119,31.75698182665045,350097.36341357825,0.40736424334490723,376.77479010080145,0.9985640413184503,1,0,True,True,window,6366.564903947656,0.11316901621832566,14.187602240643082,6.396415803811627,1.93819916943739,0.9257406130058556,1.926704519347827,0.9538336184675786,1.926704519347827,0.4322868179402735,1.93819916943739,0.4018338538899622,13.81884834093372,2.1866558074553004,196.15512429728068,False,False,52.23707513637132,50.494037415221136,77.56340873240912
196,C45,20.0,4,1,95.8562,5.9969,25.8504,2576.8002,0.1047445180858011,17.261725754367486,9.245868713218568,test,19.984569788021087,172.30741801282574,3443489.620271038,0.6480000166485488,12.086717697855494,0.9917803944826572,1,0,True,True,window,1910.3894457880313,0.22412484304048122,10.989883712027222,10.350808102283626,7.007287592894335,5.379903130853539,6.956504653219357,5.9754497832101165,6.956504653219357,5.910009981384422,7.007287592894335,5.314043421972352,22.232048621753343,20.828267113247954,194.8225637070686,False,False,23.224171128512374,14.102698394016366,15.043397855712406
209,C45,16.0,5,1,14.1756,61.9625,15.22,4008.6086,0.1138918068123899,17.282462606005513,4.420434834786398,test,17.658248290515825,174.39208077079795,3079458.6621504403,0.6483817746072885,12.500672374457002,0.9918210594978245,0,0,True,True,window,2399.6648990471126,0.20158815158158538,7.907269992865622,10.186966703139367,5.878498556586127,4.476479885914479,5.895505110222772,4.823749798049001,5.895505110222772,4.734630651134171,5.878498556586127,4.387138188204342,21.85711924042012,19.788109483846124,194.83055182878604,False,False,23.849944967679892,18.17919401537543,19.690839671661923
210,SS316L,25.0,4,1,66.07675,27.61575,28.8158,1190.5883,0.1327885243502381,23.247076347340688,2.6579002247462475,test,22.356560891072164,39.07411606777093,873562.855133942,0.9935766997595017,36.62958571341447,0.6834692498121541,0,0,True,True,window,911.9296161730726,0.27248021353322416,8.339139555184621,16.19814158093398,3.4835658900808397,2.342684304258623,3.447470098645434,2.43571189257382,3.447470098645434,1.6431292876872163,3.4835658900808397,1.5442318644131188,23.82926639612765,7.180213457588553,134.25878571920006,False,False,32.750394906287866,29.34784572806447,52.33811343765308
219,C45,12.0,4,2,35.8756,369.3928,20.3249,5022.1204,0.0571257053466404,10.883587974348352,6.046932408101858,test,14.939454845623516,75.52415820128986,1128289.7512018967,0.7003170415250054,34.95925931193043,0.9971296663933082,1,0,True,True,window,3186.0114614547247,0.15057354512438176,13.90630440478553,7.340195719208569,4.105899846740259,2.4689617831780946,4.106293657799971,2.663510384010757,4.106293657799971,2.224107617564359,4.105899846740259,2.027600666186377,16.72529343814559,6.9117123423160445,195.87335970323556,False,False,39.867949162514435,35.13590098576179,45.836615621982354
231,C45,10.0,4,2,31.4252,23.126649999999998,19.2279,6389.4218,0.0417085907204126,5.777025646198068,3.1234104952828674,test,15.477857982907596,19.23447899999333,297708.53433711524,0.7160204979363927,120.91531644012902,0.991471878921441,0,0,True,True,window,3890.3206806825165,0.12959579465929671,14.902552686455367,6.480479897749828,3.283904270845795,1.2422441806272349,3.274662099321574,1.2967854231970928,3.274662099321574,0.6152438983859723,3.283904270845795,0.5579434971074385,17.196505008548115,1.8496852025362929,194.76195977406687,False,False,62.171729801755596,60.3994127068636,81.21198829908482
241,SS316L,20.0,4,1,50.2392,221.8926,34.9656,1381.6334,0.1568322224263293,21.76230225064751,9.404151886864843,test,24.920427208129045,177.38324037051828,4420466.129595558,0.9987743283880168,5.553963703869103,0.9391180265571921,0,0,True,False,window,1320.1631025332567,0.2160167449418615,12.921422606217675,12.515799062719914,7.980239770551599,7.412693561900539,7.975941586408584,7.463679171078992,7.975941586408584,7.445751202522451,7.980239770551599,7.394598289224916,27.170374589801273,26.809325423620468,184.47771560642045,False,False,7.1118941907660265,6.422594872090254,6.647370447015367
246,SS316L,8.0,5,1,34.8693,527.2787,20.7494,3933.9524,0.0857104308162936,6.822217825547773,5.153355690625535,test,20.077678933468142,59.27185017095866,1190041.1775251366,0.41661639792150695,10.4079410186497,0.36318801446867727,0,0,True,True,window,3079.8496031826003,0.08830054317538785,10.1017508125044,5.19392534576208,3.957530447451257,3.440511007131766,3.96724937096611,3.627392639001225,3.96724937096611,3.422548196468975,3.957530447451257,3.234721594175044,23.603620048953236,19.043055567057575,71.34363663578645,False,False,13.06419362237538,8.566558342716997,13.729945449950097
258,Al6061,16.0,3,1,42.5786,245.6686,21.222,7991.542,0.2070509899379961,9.618838567063762,3.172047024336327,test,6.663971423879454,151.4577166564066,1009309.895724325,0.37404744185923,138.62685545059475,0.998829988756907,0,0,True,True,window,4003.428660968588,0.15335612414777278,10.371414587832987,10.271239132485345,1.8099007818269486,1.1438771224749975,1.7916083830845595,1.2704484770884585,1.7916083830845595,1.0911108664172156,1.8099007818269486,0.9636812144130581,10.109779188479159,6.131041763994022,196.2073662674383,False,False,36.79890445042264,29.088941027326253,39.09880771272782
275,C45,10.0,4,1,32.3513,435.4214,25.6548,4441.092,0.0904587270978156,4.9744701842464645,3.1463127044836865,test,14.840761420800707,25.15063471219406,373254.5693453807,0.7160204979363927,96.44227986125469,0.991471878921441,0,0,True,True,window,3890.3206806825165,0.12959579465929671,14.902552686455367,6.480479897749828,2.2184123134206732,1.295917857099994,2.2119685458290586,1.3035440558846547,2.2119685458290586,0.6049956228746947,2.2184123134206732,0.5929336679191799,17.324953564039724,2.319058320697711,194.76195977406687,False,False,41.58354381373957,41.06859890288002,72.64899521218378
279,Ti6Al4V,8.0,5,1,53.41015,182.34255000000002,18.264,2298.5567,0.0237884477962302,4.053618681850259,0.699220923946241,test,26.27829067055515,0.7749053145542786,20363.187098015303,0.11406823911218827,118.08127774781921,0.1865421478618507,0,0,True,True,window,2176.7189630995276,0.0777929153231233,8.350258607935757,5.183085463998254,2.407795831750136,1.2433531204607342,2.381635457860164,1.2377853986062342,2.381635457860164,0.07289464330791744,2.407795831750136,0.07417098274744627,27.026662118466316,0.6047161173250303,36.643817207967935,False,False,48.36135588967327,48.027923647124766,96.93930307145278
280,Al6061,8.0,3,1,441.663,328.12775,28.4667,7989.32095,0.0652427225165601,11.860384433898894,1.706264730136645,test,6.086876550319799,31.645238861818708,192620.66235727308,0.327850462607145,497.13190934428354,0.7857619327989473,0,1,True,True,window,7982.382321930015,0.10382483601984442,11.992841705065812,5.176516294076038,1.0011035101471872,0.5553023787280278,0.995482805376074,0.5465351291449825,0.995482805376074,0.2850024653434025,1.0011035101471872,0.29186271352065835,7.078362259951242,1.5711244885650872,154.35287394561337,False,False,44.53097276160939,45.09848626280269,71.37042811746667
282,Al6061,12.0,3,1,55.769850000000005,541.16275,23.5789,8012.4339,0.1034854557276818,15.91226267596295,1.343304549452359,test,10.9186217776099,53.17058713534829,580549.5306243186,0.4022991122586075,241.84896792647316,0.9992450460009114,1,0,True,True,window,5310.219532551264,0.11916997826099396,13.593394056195393,7.606191256451867,2.024894807953499,1.0687029012245028,2.016796329171141,1.0857320821233087,2.016796329171141,0.617721115772008,2.024894807953499,0.5980570017740983,13.747808558503397,3.5425161840629635,196.2888989502902,False,False,47.22180643523852,46.165506827874836,69.37117016541387
284,C45,8.0,4,2,30.60585,344.6488,25.4269,7985.7287,0.0750686232791375,7.859185229699635,3.2011824593216174,test,19.280816293569316,60.32828055110394,1163178.4946127457,0.5898033093793016,10.836846512408608,0.7758539041773758,0,0,True,True,window,5945.623997165682,0.10368368319189397,11.92163890566491,5.18441636791878,5.891528648950374,3.453561949398429,5.880478357681053,3.738917356992702,5.880478357681053,3.0648174565299873,5.891528648950374,2.7752341098710156,24.09682405306584,9.592451500938928,152.406568545672,False,False,41.38088507787007,36.41814271607775,47.8814941555437
291,Al6061,6.0,3,0,1081.48925,377.7582,25.138,8007.47375,0.0503721381026413,7.928038845934675,1.525464570273749,test,6.299046661627607,14.6344046226156,92182.79758299442,0.13044136412142637,2056.835174090738,0.28838651954266303,0,0,True,True,window,6984.694139538346,0.07776276239392048,8.941229179248682,3.888312275939085,0.7536162566209773,0.4594834270484961,0.7514586300476841,0.45919068422532855,0.7514586300476841,0.21850084086634203,0.7536162566209773,0.21730786523705845,7.0930288432422275,1.9034362799097115,56.649840416706,False,False,39.02952291545536,38.8934179655119,70.92310446252017
299,SS316L,16.0,4,2,30.746299999999998,338.66134999999997,24.1149,2478.16895,0.1077163402095946,16.657533552815167,8.47220708465949,test,21.062081899888693,150.6883755794837,3173810.9078162727,0.995503565939492,12.98444035257497,0.9952302349375921,0,0,True,True,window,1467.4295509851852,0.1761816027916197,18.484528147292718,10.227302911379233,8.07646734726058,6.016804567088905,8.0801269105586,7.079858628382319,8.0801269105586,6.8302574693322144,8.07646734726058,5.7657512241796525,23.404705725837267,17.98310764228281,195.50024070648277,False,False,25.502025720072808,12.379363508129979,15.468438244368858
305,C45,10.0,5,1,23.4062,302.3617,20.3472,6907.34,0.0603243221906642,13.119837453833032,5.081884777258342,test,16.569984139837896,138.90777579413844,2301699.6418090323,0.7214030076000443,16.470771587360726,0.9986958991607825,0,0,True,True,window,3847.7715411523673,0.12945703126342523,12.152921801898628,6.481438018506468,5.792370852215785,3.878308738233208,5.798015820856136,4.49481450271635,5.798015820856136,4.253454065700593,5.792370852215785,3.6358706076057414,20.1660211157236,14.776394007400748,196.18102608262646,False,False,33.044536733182085,22.476677511848443,26.639488453956528
310,C45,6.0,3,2,67.2816,35.2325,20.1393,7986.8747,0.0465557155038713,4.2906893685665715,1.030589649291314,test,16.946931850593646,4.932691810398301,83593.9919508014,0.24682203566125055,81.25892637580128,0.30393484612242555,0,1,True,True,window,7318.772445778913,0.07786862701488331,8.994631278799359,3.8823872205570282,3.416833130003505,1.1586498716698972,3.3984714407757193,1.1564322032047214,3.3984714407757193,0.3843871093188315,3.416833130003505,0.3832168796857429,18.9161370847952,1.649495007062055,59.70411015472013,False,False,66.08994856975329,65.97198995614453,88.6894118130034
312,Al6061,16.0,3,1,31.877499999999998,411.6286,20.5175,7988.22325,0.0654459160015536,5.6472856804619385,2.36335285471806,test,10.814248513221843,20.932559044691352,226369.89552698188,0.37404744185923,618.0921570587268,0.998829988756907,0,0,True,True,window,4003.428660968588,0.15335612414777278,10.371414587832987,10.271239132485345,1.6779838226490353,0.720044286072446,1.6694724068630609,0.7278502448981412,1.6694724068630609,0.22538552890080354,1.6779838226490353,0.21530447618284834,12.58101483277259,1.375081418963879,196.2073662674383,False,False,57.088723004747976,56.4023794639546,86.49959544259237
314,C45,6.0,5,1,141.9076,576.3807,22.5982,7984.4328,0.0274800953182206,4.340989147391327,3.6153997647567673,test,14.159811245656185,17.21778715139716,243800.6161316681,0.3573448277799213,69.29108459908207,0.43996409298092876,0,0,True,True,window,6393.791508436613,0.07775747679557801,8.94153161187322,3.8882879386498974,2.399180358304288,1.2847692632344136,2.3887054812414443,1.3141002445838885,2.3887054812414443,0.7573912808105228,2.399180358304288,0.7251195607376479,15.77796036150822,3.551394482015684,86.42531452571329,False,False,46.449658993437524,44.98692890758002,68.29281438175059
321,C45,16.0,5,1,71.5564,246.35275000000001,19.9067,3046.1181,0.1351391043464792,5.187812209464065,5.367271203297931,test,17.022760707501963,57.31068047619299,975585.9997303379,0.6814226012193477,43.57820319817793,0.9913773783751282,0,0,True,True,window,2407.9838731401337,0.16061951352655887,9.70631467550993,10.374961372248068,3.177435612193376,2.1596646467714944,3.1653660879884664,2.2997443992488753,3.1653660879884664,1.6456676012216742,3.177435612193376,1.5027740559015128,20.67245542511736,6.018742100230677,194.7433963513507,False,False,32.031206596797624,27.346653267827172,48.01019675207721
322,C45,6.0,4,1,33.978049999999996,56.821349999999995,25.4523,8011.1327,0.0776090770374148,4.46110175638729,2.189036138632325,test,13.20903012511722,24.28630788800961,320798.5725205909,0.32909604754833405,28.232702674940953,0.40524646149656735,0,1,True,True,window,7318.772445778913,0.07786862701488331,8.994631278799359,3.8823872205570282,2.558975283409249,1.5276089007186058,2.546690685115088,1.5408910961069426,2.546690685115088,0.9996238178110982,2.558975283409249,0.9829420951747718,16.630920823335046,4.98678275685975,79.60548020629349,False,False,40.3038821585093,39.49437577507345,60.748126042408494
325,SS316L,16.0,4,1,61.4057,534.072,19.7507,1722.2953,0.1658171331603475,17.68499909607343,7.31339493994972,test,21.31468351400255,147.74781908372472,3149198.0036536986,0.9973653546062174,15.012055274016749,0.954647867963489,0,1,True,True,window,1402.6721597574629,0.1767408091095498,18.34584865128009,10.308040788149476,6.075894083933883,5.316483327828989,6.10256713852828,5.726718753794623,6.10256713852828,5.489393196671161,6.075894083933883,5.0781505860879985,23.85100713021397,18.527844923433843,187.52835416871747,False,False,12.498749083084872,6.158857022002351,10.047803292255049
330,SS316L,10.0,6,2,29.7177,204.8294,23.7836,3614.1758,0.1047627074235595,9.024952683716585,0.982631270624096,test,23.37232905775727,20.146645835826874,470874.035885041,0.8499017745684988,32.92638014835855,0.7794688618516517,0,0,True,True,window,2819.9192704729694,0.1102114306601224,12.674214301934356,6.478685436757087,4.969921662600111,2.2449593598286777,4.952557950385334,2.34500514658707,4.952557950385334,1.186215278932351,4.969921662600111,1.0795620510602322,28.903256950631967,3.672608288787183,153.11668070932524,False,False,54.82907956633297,52.650626805798055,76.04843212707773
331,Al6061,12.0,3,1,234.6159,40.6646,28.2255,7054.1609,0.0360844521981225,14.401599649663837,6.233331509195742,test,10.060114828142959,68.55161507506136,689637.1193097732,0.4089315202867433,207.24670312138508,0.9984832329064717,0,0,True,True,window,5327.746699268072,0.11184232238866389,14.358064676402137,7.641834118184304,1.7435471496572659,1.0746259659904351,1.7387524704759403,1.0884772244753746,1.7387524704759403,0.7713346334960159,1.7435471496572659,0.7551960404328413,10.860351477779679,4.170779123046693,196.13925051909513,False,False,38.36553452531081,37.39895454023821,55.63861753795914
338,Al6061,10.0,3,1,160.10725,446.24760000000003,22.8292,8000.2755,0.1245125709483269,3.2148849193812645,3.50090431005143,test,7.112330470588006,33.63450727246453,239219.73093716335,0.40736424334490723,551.408782621044,0.9985640413184503,1,0,True,True,window,6366.564903947656,0.11316901621832566,14.187602240643082,6.396415803811627,1.283476699556416,0.6254322668302673,1.2741471666029949,0.6343677731089786,1.2741471666029949,0.27714265379662956,1.283476699556416,0.26629073767249595,9.326343093839712,1.4941306864219441,196.15512429728068,False,False,51.27046193776452,50.21236245415298,78.24877211511448
346,Ti6Al4V,10.0,5,2,6.36325,51.60725,27.0102,2157.9407,0.0927181160370901,2.836975359783043,6.382145735879103,test,28.65067657043326,18.113250355438847,518956.87757296365,0.2430528373875498,2.496887668193182,0.41532195951630646,0,0,True,False,window,2483.188312648899,0.09707792372574756,10.487001683075308,6.454418966302691,4.75707391985287,2.594394837756551,4.74977257009366,2.5779038612073832,4.74977257009366,1.4274148860999005,4.75707391985287,1.4360726897684262,31.636318752806044,7.1596005769404085,81.58468282589658,False,False,45.462381256484825,45.725741113609786,69.94772139012639
353,C45,10.0,4,1,43.99995,16.3067,20.5918,5536.652700000001,0.0835600025831454,11.396468952317448,3.9473579696564345,test,19.310762850846242,83.24967418775239,1607614.7156499021,0.7160204979363927,22.39188363098976,0.991471878921441,0,0,True,True,window,3890.3206806825165,0.12959579465929671,14.902552686455367,6.480479897749828,4.861285596473491,3.203526126693241,4.853988925490967,3.5161178198505314,4.853988925490967,2.930866615217398,4.861285596473491,2.615608978770767,23.033256072956558,9.988229452468534,194.76195977406687,False,False,34.101256486202615,27.562302390401797,39.61942105335666
356,SS316L,16.0,4,1,69.1991,480.4206,22.7658,2006.1019,0.1732333980150579,10.455321257359346,8.570286066014713,test,24.0980847501647,124.55962871407763,3001648.489200891,0.9973653546062174,15.74999027026595,0.954647867963489,0,1,True,True,window,1402.6721597574629,0.1767408091095498,18.34584865128009,10.308040788149476,6.8803088708380775,5.353635790333287,6.908096110757496,6.458482230467037,6.908096110757496,6.0058892277527045,6.8803088708380775,4.898624973272424,27.587526068302576,17.659758979286202,187.52835416871747,False,False,22.189019550786956,6.508506440585086,13.060137967678934
361,Al6061,12.0,2,0,43.1408,544.9601,21.1526,8021.231949999999,0.0746342302903979,13.389438179557295,3.632298593683329,test,7.99333971252807,58.23083609986472,465458.85469076183,0.3726248708585082,261.5719289686763,0.9997882467115449,0,0,True,True,window,5324.946204871197,0.1551811928065809,15.266667442176399,7.7840068711093116,1.100509284050339,0.6693366096311495,1.0994449345910113,0.6758244285109416,1.0994449345910113,0.3959565343668673,1.100509284050339,0.3881363683918705,8.990273158992062,2.7780087820416877,196.39560377692507,False,False,39.17937637311808,38.53039772634495,63.98577846791742
364,SS316L,10.0,5,1,112.8322,524.6429,19.7118,2466.0391,0.0844739608290763,5.853538578336251,5.803660217960562,test,21.446582126013194,35.38451796454648,758876.9705160353,0.5557098010213566,34.10388889852558,0.5092529180985653,0,0,True,True,window,2231.3875802105435,0.10983389102297514,12.60098972774191,6.478451601342256,3.217160474415344,2.410361791502314,3.209304667294705,2.4609169513629165,3.209304667294705,1.7825908210281007,3.217160474415344,1.7291667475515167,23.773492615372025,8.554354207210231,100.03621732311149,False,False,25.07797448492681,23.319310365215177,44.45554393155381
366,SS316L,10.0,3,2,19.2789,278.6376,25.7556,4662.7699,0.0344463733415171,3.361407211309045,3.5708441295155695,test,24.358035403546083,5.783633492311266,140877.94936685267,0.5142904266506733,30.98514220447746,0.47194503289189677,0,0,True,False,window,3414.230872308375,0.11037397781685857,12.630717325444916,6.492415480895714,4.049481523710025,1.5364696884150062,4.0276850972625295,1.5542829510471416,4.0276850972625295,0.44173171198301897,4.049481523710025,0.41681550622573915,25.58062238688296,1.6985474131976974,92.7075608151921,False,False,62.05761948983201,61.41001807456271,89.03261547723163
374,Al6061,8.0,3,1,1273.9126,17.214,22.361,7999.885,0.0290995362043647,3.216797789663413,3.3576505200843583,test,8.940291215624992,7.5431078682051265,67437.58101262605,0.327850462607145,1419.9482872747674,0.7857619327989473,0,1,True,True,window,7982.382321930015,0.10382483601984442,11.992841705065812,5.176516294076038,1.3157786708914134,0.5328375933606596,1.303886457329908,0.519656675610768,1.303886457329908,0.10872743242728965,1.3157786708914134,0.11977254003359471,9.590677685951691,0.5500595506312157,154.35287394561337,False,False,59.50401042755367,60.14555771405754,91.66128064172543
380,C45,8.0,4,1,43.4535,528.6299,25.5652,7732.1415,0.0535770079523449,11.464412133049589,4.271692064906432,test,18.824826631322498,81.15026997120856,1527639.7632930174,0.4790352985723288,15.39973575831473,0.6301343562635215,0,0,True,True,window,4829.122241090303,0.10367663572743735,11.922042149164294,5.184383918199863,5.211306201084267,3.4883954704320974,5.203714416532816,3.9788610978894474,5.203714416532816,3.645847139144596,5.211306201084267,3.1532770858086066,22.07418785186902,14.915942986855725,123.78182856820862,False,False,33.06101511159908,23.538058021629027,29.93760134950318
389,Ti6Al4V,8.0,5,2,15.03355,542.66545,23.2264,3417.9171,0.0377409604742346,3.288882256270804,1.2945457042710062,test,26.263341979769564,2.7460610699309864,72120.7409769294,0.15209103665715,14.115925482726228,0.24860262071639794,0,0,True,False,window,2899.515549926043,0.07775482921936733,8.390627283180487,5.163119649358476,4.044159748118687,1.51353176794147,4.021613921113875,1.5144790916386,4.021613921113875,0.3079111993291361,4.044159748118687,0.30032092144519285,28.027848361076185,1.6502440740848199,48.8348027261912,False,False,62.57487680486524,62.34150961912496,92.34359127034617
390,SS316L,8.0,5,1,37.50335,249.66039999999998,17.8864,5100.00595,0.0425403129147594,5.009166210690708,4.188804053683619,test,20.92684709978019,22.761289090605786,476322.0165930022,0.41661639792150695,26.0031616301064,0.36318801446867727,0,0,True,True,window,3079.8496031826003,0.08830054317538785,10.1017508125044,5.19392534576208,3.340302844413029,1.981723567136683,3.3213808543710925,2.180212856448319,3.3213808543710925,1.491351548999719,3.340302844413029,1.2904238947337419,23.29153557843138,7.622111571514815,71.34363663578645,False,False,40.67233842430478,34.35823977912509,55.09844807357667
398,C45,12.0,6,1,26.73695,484.4567,25.7421,5778.14935,0.0816717550416942,14.20391935840096,4.503976243927555,test,16.463702044963778,181.14076218163547,2982247.5367560894,0.699316426159402,12.644930374357855,0.995176371764945,0,0,True,True,window,3208.139333161003,0.1552543859233102,9.518391500227153,6.872454565269873,6.956283132640823,4.784601797338593,6.960966337119279,5.7513289766848175,6.960966337119279,5.6900580782075165,6.956283132640823,4.722940004737769,21.31958451127485,20.004213585606053,195.48965997566484,False,False,31.218989996426323,17.377434422920327,18.257641214764362
401,Ti6Al4V,25.0,5,2,8.24385,5.48535,20.7085,968.6792499999999,0.2426041660103973,21.033300142718492,2.8099321601776746,test,27.961047387888854,69.44668338077254,1941802.0049414942,0.9915728045482363,5.433613829825758,0.994281722401517,0,0,True,False,window,731.4263290342036,0.24264714904786938,13.623796236061025,16.1554576343111,5.829390203571537,3.6457094385505107,5.874067394769682,3.8872456856467226,5.874067394769682,2.9657277753952074,5.829390203571537,2.7199542975542834,31.38344495109609,10.860955792991403,195.31391755973127,False,False,37.45984895097833,33.823611061937115,49.51151261839597
402,SS316L,8.0,6,1,38.4566,56.736,22.8785,3455.6156,0.0211373295804959,6.0420989248828745,5.02842775133041,test,24.532350885787896,13.31517385927076,326652.51722090086,0.4999396775058084,45.501115953391036,0.43582561736241276,0,0,True,True,window,3079.8496031826003,0.08830054317538785,10.1017508125044,5.19392534576208,3.019113722841682,1.8020292465920924,2.9957248846358757,1.7958738043819613,2.9957248846358757,0.8291333870251507,3.019113722841682,0.8300855898156452,25.65229081842185,4.464001554071118,85.61236396294373,False,False,40.312640992669614,40.052111807982456,72.32277932871897
409,Ti6Al4V,12.0,4,2,32.509100000000004,13.149149999999999,28.9281,1537.9722,0.0801829255465832,8.576693804191544,2.9600573452307746,test,29.977618261855966,12.523058371174159,375411.46332199866,0.2315965934675114,6.300633757314238,0.4107414003189295,0,0,True,True,window,1774.968721051862,0.11669373999777108,12.525313017865619,7.775089050543124,4.668332707300783,2.3449483904781125,4.639799828440938,2.284646837606867,4.639799828440938,1.0238497376998654,4.668332707300783,1.0747676608662795,31.51795710190688,5.054362471312861,80.68489060272961,False,False,49.76903880884798,50.75979736016861,77.9333209285475
420,SS316L,25.0,5,1,43.68745,477.9996,28.1104,1545.2393,0.098339023736286,14.583528724774007,6.975271764565153,test,21.406725983187254,77.28859208648323,1654495.7124216813,0.9976295725658284,17.61079556648657,0.7076634252777388,0,0,True,True,window,942.1363840297382,0.2714525677276756,6.770046094960897,16.05761811495435,4.844885705559748,3.3153277163987394,4.8027606025322305,3.776621066306399,4.8027606025322305,3.32121676843765,4.844885705559748,2.8566561758000186,23.100949316680964,13.48720610291022,139.01142180396823,False,False,31.570569093214406,21.365619091753285,30.84775521214703
428,Al6061,10.0,3,1,155.0858,437.10195,27.7946,7990.113950000001,0.0971075604533811,5.444906664065849,5.019655273470138,test,6.430798503831509,63.619698111525075,409125.4594298077,0.40736424334490723,322.4142071208011,0.9985640413184503,1,0,True,True,window,6366.564903947656,0.11316901621832566,14.187602240643082,6.396415803811627,1.2033939898461141,0.7181160981025196,1.1940621819146797,0.7297735971843193,1.1940621819146797,0.47290177731439315,1.2033939898461141,0.45942820599858586,7.990067129971996,2.5553364730232926,196.15512429728068,False,False,40.32576993388925,38.88311611928562,60.39554853365385
437,C45,8.0,4,1,57.5141,381.2441,26.622,6637.2711,0.0993944087643333,11.472519273788723,2.0532011479359005,test,17.613274754824662,62.158682003481594,1094817.9445250966,0.4790352985723288,21.487817957543225,0.6301343562635215,0,0,True,True,window,4829.122241090303,0.10367663572743735,11.922042149164294,5.184383918199863,4.3018868520852385,2.850047590617727,4.295109720862016,3.1586296867170924,4.295109720862016,2.6071604370171504,4.3018868520852385,2.294895565159579,22.4547796984467,10.689851386377274,123.78182856820862,False,False,33.74889464523611,26.459860352923315,39.299328621251135
443,Al6061,8.0,3,0,209.1683,453.04975,31.2937,8024.715,0.0861123189065638,6.353201289591915,3.583608809962163,test,9.826037271722603,47.19862723170406,463775.47035286546,0.327850462607145,206.4746494332138,0.7857619327989473,0,1,True,True,window,7982.382321930015,0.10382483601984442,11.992841705065812,5.176516294076038,1.4312261435496605,0.9823730213929212,1.4251791279862471,0.9740825247880095,1.4251791279862471,0.5786361251642774,1.4312261435496605,0.5836833179858478,11.94792954100617,3.7828184668770337,154.35287394561337,False,False,31.361439572611125,31.651923210216328,59.399059823316385
447,SS316L,16.0,4,1,42.8364,3.5804,27.0787,1718.5521,0.1757440864998982,20.254298426538472,1.6029078008828126,test,20.28859014942674,39.221948208757645,795758.0320695261,0.9973653546062174,59.409936933620514,0.954647867963489,0,1,True,True,window,1402.6721597574629,0.1767408091095498,18.34584865128009,10.308040788149476,3.2115097757527793,2.141827555267307,3.1959945389325437,2.2139461085705716,3.1959945389325437,1.359946900223535,3.2115097757527793,1.2819942490626566,22.841785534712592,4.6817257592744115,187.52835416871747,False,False,33.30776784681399,30.727475231856136,57.44839724670635
457,C45,6.0,4,1,146.45355,233.39485,28.349,6818.1483499999995,0.077136633610769,8.394778202798765,3.137874661092866,test,16.464016061462246,55.41558696157213,912363.1137906814,0.2858758622239371,14.812706793899137,0.351971274384743,0,0,True,True,window,6393.791508436613,0.07775747679557801,8.94153161187322,3.8882879386498974,3.6999422539802618,3.2455724290982335,3.691427073063685,3.3189029878378595,3.691427073063685,3.1223419594247854,3.6999422539802618,3.0475857500028862,20.07189259780415,15.929376069839623,69.14025162057064,False,False,12.280457198845035,10.091600832212851,15.416398654913412
458,SS316L,10.0,3,2,19.309800000000003,244.81045,19.7193,4510.8281,0.0660899244737143,3.987665660355314,5.639617790151817,test,24.6020237085352,20.113201186161415,494825.4524364814,0.5142904266506733,8.821541562006528,0.47194503289189677,0,0,True,False,window,3414.230872308375,0.11037397781685857,12.630717325444916,6.492415480895714,4.739938168375956,2.3883412771238057,4.725632088484293,2.508790317949538,4.725632088484293,1.5759660509174753,4.739938168375956,1.451569114490159,26.89401195986888,5.966047177700646,92.7075608151921,False,False,49.612395936757075,46.911010612461546,66.65068246091597
462,Ti6Al4V,8.0,5,2,85.43875,238.08455,24.6914,1997.90275,0.0674219813519938,4.124990509020879,1.0159047088737907,test,28.650611338952377,2.8224209501230995,80864.0856768936,0.12116913445050678,24.74286107182237,0.1981443613732553,0,0,True,True,window,2313.821715126969,0.07776276239392048,8.345147233965436,5.18441636791878,4.22273108672539,1.7336371980316292,4.1929448671845035,1.7069546603415062,4.1929448671845035,0.3945442042294576,4.22273108672539,0.41332793724475675,30.660669020667832,2.272237089516038,38.922923543950425,False,False,58.94511958193349,59.28983770569587,90.59028399544906
471,C45,16.0,4,1,27.5908,326.3746,25.4283,4331.5143,0.0765881074644798,18.650628894414993,2.38960405300311,test,16.854218237065453,59.13988949902109,996756.6041324369,0.6476368562635065,37.42322369225212,0.9971304942902575,0,0,True,True,window,2415.4852709882566,0.20588602035730408,9.52927156444639,10.332960889058903,3.6152480450400395,2.038985768271502,3.6113071242660832,2.277019035264662,3.6113071242660832,1.6709397677473152,3.6152480450400395,1.4291048947099472,19.183909987816477,6.143244623955337,195.87352233299416,False,False,43.600390820516445,36.947510779011495,53.73033335992169
477,SS316L,16.0,6,1,22.235100000000003,412.50145,29.4391,2242.6769,0.1352909756154094,9.56404701357394,3.068089080709466,test,20.27468867591571,53.41908637824062,1083055.3456706782,0.9959864034663446,39.255653001458114,0.9874339573506932,0,0,True,True,window,1453.073578494568,0.17627456152443166,12.195627694483846,10.349017852712505,3.787969378019883,2.5655862042816526,3.7807033343197216,2.7550623034654693,3.7807033343197216,1.9115485465062867,3.787969378019883,1.7156544104413711,24.119453232694816,6.477532230140091,193.96876176688957,False,False,32.27014402046768,27.128312913205615,49.4393403165488
481,Al6061,10.0,2,1,41.23935,286.4656,17.1712,7991.7481,0.0338908880321243,2.7993392045726684,4.305941011996924,test,10.44071316742405,6.529476050872171,68172.38658072107,0.3676931140199851,971.9581890318431,0.9380705127235355,0,1,True,True,window,7318.772445778913,0.12978104502480553,14.991052131332266,6.470645367595046,1.3647546863287578,0.5419302894495113,1.3563587996795905,0.539610102177048,1.3563587996795905,0.07672077870464948,1.3647546863287578,0.07752998269665046,11.029846591084107,0.4431631543449785,184.27194492197566,False,False,60.29101091366652,60.21627151277975,94.3436221505126
486,C45,6.0,6,1,66.18594999999999,62.1749,29.0017,7997.12965,0.0511729023663052,8.029804450710728,3.6900563517298424,test,16.853316877254258,72.75509367910895,1226164.6482083413,0.466755829755638,12.820817834577223,0.5746806659979299,0,0,True,True,window,6959.355600718222,0.07776276239392048,8.941229179248682,3.888312275939085,4.512196668215805,3.592733935411382,4.508459233903263,3.6940466618762136,4.508459233903263,3.378089764824871,4.512196668215805,3.274417911401773,21.163935394694413,14.53554782200103,112.88866092276854,False,False,20.377275203476295,18.064099723975108,25.07219008609641
487,Al6061,12.0,2,1,48.161,5.2563,24.3214,7999.3417,0.0655608321789857,16.090537663580392,1.2500387680774705,test,10.639821705105275,21.09709896696233,224469.37150343988,0.3784367934299922,563.9608633815327,0.9997968221254193,1,0,True,True,window,5307.17367264711,0.14743299357606096,16.253231101682317,7.721608837661266,1.734436373667702,0.7186763845840409,1.7201781222747483,0.7187535921474757,1.7201781222747483,0.23587024093028108,1.734436373667702,0.23294883181256815,11.802318646970548,1.32924612419689,196.3972883072154,False,False,58.56426932143369,58.21632755118392,86.28803390323506
489,C45,12.0,6,1,24.29555,133.52235000000002,26.9864,5468.5429,0.0488542672245811,15.149726654422915,5.321400999630098,test,19.144297510798022,129.2278625999281,2473976.6482975525,0.6917503536026529,15.510160371546625,0.996004580471254,0,0,True,True,window,3196.8824910029166,0.1544810885685866,8.591323251603171,7.685493621204496,6.103348987228139,4.155418897597905,6.120590167886387,4.563864655619135,6.120590167886387,4.291608997166854,6.103348987228139,3.881311741923456,22.3409364039939,16.54770404004361,195.6523509749478,False,False,31.915757950372324,25.434238685594494,29.8824316046492
491,SS316L,20.0,6,1,44.675250000000005,57.31815,19.2724,2011.22455,0.0935524895975307,13.314547233891387,6.087368527202769,test,21.19871205503025,91.50043496532207,1939691.3737398842,0.9872523279726987,20.032129734428015,0.7989580898131591,0,0,True,True,window,1128.0825725974994,0.21958939185109913,8.188767079438549,12.895129830957293,5.638918714845458,3.6605609645718653,5.604941852856747,4.477677746343625,5.604941852856747,4.059241487857098,5.638918714845458,3.2404237175100397,23.69161519192158,14.272494837972955,156.94509008024548,False,False,35.08399128125776,20.111967904512234,27.577455851960906
492,SS316L,10.0,3,2,57.7384,585.5121,18.72,3000.7997,0.1025954506369981,5.77188721700915,2.27178820613919,test,21.31082641302579,12.110777987733224,258090.6874232765,0.4249508872842494,30.036297826808774,0.3897344309258258,0,0,True,True,window,2819.9192704729694,0.1102114306601224,12.674214301934356,6.478685436757087,3.606006729109957,1.717886109615431,3.591428197420613,1.7318240932301072,3.591428197420613,0.8619532109371302,3.606006729109957,0.8446601182005496,23.361117030846717,3.698574483537111,76.55834035466262,False,False,52.3604297311047,51.77895817396782,75.99970920882699
496,C45,16.0,3,1,2.7864,180.6591,22.3328,4748.04465,0.0665965986555223,14.800810741510205,4.128553571980383,test,15.785454879497253,57.96575907168554,915015.8743819006,0.6408862169491099,40.90747184665265,0.9879645301792477,0,0,True,True,window,2405.953113619887,0.20717699860086475,12.581262864172459,10.315514649286296,2.912323054021392,1.7880996804659932,2.9219846079952356,1.8189645330788995,2.9219846079952356,1.278357086788889,2.912323054021392,1.2446878838730009,17.345273016581018,5.4492191038759925,194.0729860077269,False,False,38.602289399283826,37.749003601805924,56.25038258959325
500,SS316L,20.0,5,1,44.2031,570.9531,26.4502,1893.2684,0.0955707675647091,19.6407027515622,10.186098386196516,test,23.417642212055508,180.9973240952711,4238530.577002512,0.9890183021753552,4.95919291946272,0.9746543792240625,0,0,True,False,window,1392.0666123466808,0.20767225861663172,10.311849741905462,12.844857467179828,9.17934978715148,7.07281818575964,9.120894181697485,8.022084411121806,9.120894181697485,8.01491842477225,9.17934978715148,7.065604759450927,25.62452464624612,25.471460008042172,191.458377222513,False,False,22.94859276787114,12.047171567680438,12.125738276237776
501,Ti6Al4V,12.0,6,2,103.55695,561.81545,26.9852,1267.34375,0.0991124828340093,10.508625193847308,2.4405823979934187,test,27.160072168092693,19.329179123927435,524981.8999558599,0.29325921545311834,18.878594571170616,0.4376622406358905,0,0,True,True,window,1260.6120529824173,0.11657845680478089,12.584053578209485,7.748029189222637,4.464486367468939,2.460224323090598,4.4476580810682735,2.463237723506103,4.4476580810682735,1.3999703815240905,4.464486367468939,1.3897265709257576,29.29230055041195,6.667216315002577,85.97314509624053,False,False,44.893451998927745,44.61719676719252,68.52342612659122
507,Ti6Al4V,8.0,6,2,29.89995,587.61285,26.3783,3012.3532,0.0386511797093654,7.2297485006634,4.617623669151957,test,25.934559058626714,23.321776096295956,604839.9795214562,0.17388875643490925,2.3727889952091172,0.2843892348804056,0,1,True,False,window,2751.473874378768,0.07786862701488331,8.394989193546067,5.176516294076038,4.721152712962021,3.1257326754708106,4.708004715821332,3.1424781858380704,4.708004715821332,2.4150798376195466,4.721152712962021,2.393536510125888,27.821800791344756,12.276698416864006,55.864625010049195,False,False,33.79301908855759,33.252441840643925,48.70268864634675
510,Al6061,10.0,2,0,114.51570000000001,521.12725,24.8916,8012.379199999999,0.087483006365906,7.69949048693825,0.8433020438195185,test,6.801478676823592,9.102492491138264,61910.40858442376,0.34767567528028387,1238.4565962930621,0.8868528796264351,0,0,True,True,window,6959.355600718222,0.12960460398986748,14.902048632081137,6.480520459898474,0.8059481657858322,0.4067482586924074,0.8031525925915055,0.40514797997273677,0.8031525925915055,0.06381964197927856,0.8059481657858322,0.06334198347441322,7.794702888056823,0.4221546995387659,174.21089648575395,False,False,49.5317098593045,49.55529201923393,92.05385843637087
514,C45,10.0,3,2,7.7454,459.7564,14.8244,6745.9258,0.0809905686863847,4.675477901436892,4.372712330298642,test,13.353251012538646,33.509980794427115,447467.1849733345,0.7140801406129579,25.114277490150336,0.9861473017595151,0,1,True,True,window,5202.994683271447,0.1285142509218117,14.998267793203299,6.438704534639421,2.9922841060696257,1.3928871082959446,2.9901426713422405,1.4211043979968143,2.9901426713422405,0.8697122081992069,2.9922841060696257,0.8402052758088163,15.633136546587265,2.7925832865462916,193.7160147451942,False,False,53.45070658663137,52.473692589427614,70.91402304864593
519,Ti6Al4V,10.0,5,2,23.884050000000002,17.0698,32.9762,2206.44025,0.0734554700577558,4.8622958554197995,5.634858739236063,test,25.679335613017162,22.20295260173558,570157.0714598804,0.21653508711185732,3.2775088598527797,0.37029848291719486,0,1,True,True,window,2201.1790995030146,0.09733578376860415,10.493736491932586,6.470645367595046,4.52328413081952,2.7478964580741563,4.513288544249858,2.7381685761898713,4.513288544249858,1.8007486788689107,4.52328413081952,1.8022960782842314,27.847034068355903,8.712917851152827,72.74039714850159,False,False,39.24997018535076,39.33096567294756,60.10118428693974
520,Ti6Al4V,10.0,4,1,4.6765,244.6176,32.2316,2501.8319,0.0650322947751535,7.65770508339869,5.234054131704429,test,26.413700589363955,26.084591673204987,688990.5944518527,0.1818158038784045,1.846997284119814,0.3107532758954975,0,0,True,False,window,2319.612439940835,0.09719353652420916,10.48828410397561,6.453899561698095,3.2863418394500066,2.484416789009456,3.280241927883658,2.5016897281645196,3.280241927883658,1.7287493525137485,3.2863418394500066,1.7049097000395714,28.204327939992353,12.347145723889172,61.04350340773902,False,False,24.40175397501432,23.734596924119057,47.29811426960509
538,Al6061,8.0,3,1,956.33405,86.44,19.9448,8005.9217,0.0378776573868136,7.048373705189647,3.1086379130259747,test,9.14767169691334,19.93309635563734,182341.42136431014,0.327850462607145,525.1570210452167,0.7857619327989473,0,1,True,True,window,7982.382321930015,0.10382483601984442,11.992841705065812,5.176516294076038,1.363607505809394,0.6794817982101566,1.3560296939543963,0.6585212217582981,1.3560296939543963,0.2777937219599656,1.363607505809394,0.29711104654667386,10.014543827936933,1.487281109302113,154.35287394561337,False,False,50.17028028114014,51.43755150095966,79.5141859209679
542,Ti6Al4V,16.0,6,2,19.1579,32.2559,24.3888,1385.1798,0.0740517887550149,10.94153220723386,8.525268711291334,test,25.976743272042835,57.40889308798059,1491296.0772786262,0.6553176891650069,6.454476470173472,0.9508810351622564,0,0,True,True,window,1155.9252913651078,0.1558163607123667,16.639092871003196,10.387862727705414,5.136978547741704,3.2033012032998003,5.156592633513804,3.325977510549433,5.156592633513804,2.460610573773116,5.136978547741704,2.332816919829379,27.642096728620725,8.882624789208354,186.78840808037518,False,False,37.64230912141882,35.50047973669299,52.28223851189875
544,Al6061,16.0,3,0,25.3224,286.9229,18.5615,6722.0659,0.207945763224997,13.54162150865196,3.016523674867796,test,8.539897214219367,171.29768982408902,1462864.6641309513,0.37036289399939754,94.40364707108566,0.9977061732353347,0,0,True,True,window,3992.1422282119515,0.16065341682732107,10.222274518571794,9.96464033490343,1.7222989967276152,1.305648941218133,1.715195218009716,1.3511276489760777,1.715195218009716,1.2048584114052774,1.7222989967276152,1.1588243204094701,12.270298115038225,8.960078234360946,195.9866070930641,False,False,24.191505441338666,21.226013529590894,29.75386132411359
549,C45,10.0,5,1,120.1884,167.98714999999999,27.5112,4772.4896,0.0807045032317056,8.80178483575471,4.80261293948644,test,15.844475683064825,81.40687770433597,1289849.2942205835,0.7273621782285269,30.64001218194724,0.9957413379845037,1,0,True,True,window,3822.4406374186838,0.124844609471038,12.964719848737817,6.32304957077283,3.990329538916378,2.8061155053582594,3.9825652262296516,3.0681481272852755,3.9825652262296516,2.5591956112400966,3.990329538916378,2.2936126136462227,19.02295509636377,8.233296411146364,195.60064035792954,False,False,29.67709864583531,22.960505277400493,35.74002016627555
550,C45,20.0,4,1,120.5608,304.31285,25.538,2470.6579,0.0848317269884384,11.353779090530978,6.3404955357023605,test,16.733173354760034,60.35240146539656,1009887.1960965542,0.623996460023161,39.612992666185505,0.9976029172866909,0,0,True,True,window,1913.8424966007983,0.2419320397002548,8.152700728792386,12.97837662801074,3.205894407938451,2.109592560493278,3.1887797480511195,2.2114067860229296,3.1887797480511195,1.6510740954863883,3.205894407938451,1.5457241560026913,18.19446866978922,6.147584870325102,195.96632378362915,False,False,34.196442800190326,30.65037535519752,48.222385177418666
554,Al6061,12.0,3,0,38.35165000000001,43.2738,24.8097,8010.47575,0.0689989098621327,8.859153891522446,1.8839687908302003,test,6.116227224356972,27.675007289976143,169266.63302122976,0.3903420661295198,790.5347418433186,0.9958292394050756,1,0,True,True,window,5310.2869990542695,0.1302959328331053,12.23555383644998,7.702201371459696,0.8343305610950064,0.43644826851380303,0.8318866745834671,0.43744844538253524,0.8318866745834671,0.15426488588235285,0.8343305610950064,0.15154876075562415,7.172641283856125,1.0523868743980889,195.6179074668627,False,False,47.68880718680709,47.41489931888024,81.45602152365349
557,C45,8.0,4,1,16.9421,457.42685,23.739,8011.678400000001,0.0531348501948078,3.541756378062098,4.746420595928892,test,17.254938560039662,28.62515612931877,493925.3102829381,0.5898033093793016,25.520431025152618,0.7758539041773758,0,0,True,True,window,5945.623997165682,0.10368368319189397,11.92163890566491,5.18441636791878,3.1909549460183837,1.711755372920381,3.178859389049322,1.7619141937764158,3.178859389049322,1.016183953135923,3.1909549460183837,0.9617846417867646,20.315528481575818,4.073282480650308,152.406568545672,False,False,46.35601561669561,44.57401293539636,68.03306378896409
559,C45,10.0,6,1,15.62705,542.3862,24.7363,6933.51485,0.066974169436861,4.128270738175598,6.3657813540824195,test,17.332249396266665,73.22037115388054,1269073.733726267,0.7246121852979219,31.063581952872543,0.9911833167297496,1,0,True,True,window,3820.7871119570164,0.12475759492619387,10.826695949072018,6.287973369834945,4.320776359114885,2.6918687632118257,4.31736284141676,2.9431882195430727,4.31736284141676,2.3002458661530767,4.320776359114885,2.045046834194894,22.36257078849652,8.45974175117905,194.70527542510516,False,False,37.699419282990675,31.82902786606526,46.72104359432895
560,Al6061,12.0,3,0,27.1325,584.6999,21.6836,8004.2088,0.0489074993775338,16.764342481216758,5.80347743511486,test,7.102883363922051,114.25887580592129,811567.468142314,0.3903420661295198,164.87988896896113,0.9958292394050756,1,0,True,True,window,5310.2869990542695,0.1302959328331053,12.23555383644998,7.702201371459696,1.166860888930884,0.8370089125417661,1.1718091794321912,0.8430679883415048,1.1718091794321912,0.710730507256353,1.166860888930884,0.7040158891944692,7.971800920324165,5.045784487568436,195.6179074668627,False,False,28.268320544305762,28.05415735435529,39.34759005721881
577,C45,12.0,4,1,4.2776,95.1736,20.6397,6798.8178,0.054939908027878,4.061558716412848,7.590527972406649,test,19.678098513424516,46.06234494181676,906419.3615244116,0.7003170415250054,43.51647335172051,0.9971296663933082,1,0,True,False,window,3186.0114614547247,0.15057354512438176,13.90630440478553,7.340195719208569,3.748870655107169,2.1068857246731234,3.7466570646483444,2.18515371078238,3.7466570646483444,1.4137513731262992,3.748870655107169,1.3319558997441017,22.7407192556088,5.552571829788303,195.87335970323556,False,False,43.79945539591059,41.67724259045642,62.26632572097997
581,C45,8.0,5,1,14.09855,280.87565,25.4554,7997.557349999999,0.0785778269410772,3.8496755698090106,4.105128157926816,test,18.28527602511444,49.65674322381327,907987.2563556569,0.6249435254469511,28.47923513623978,0.822615457464311,0,0,True,True,window,5040.02532511621,0.10388299197104454,11.884412720593414,5.19392534576208,4.196504660747728,2.4581531071503506,4.186806645321906,2.5963257256693684,4.186806645321906,1.8005506409596534,4.196504660747728,1.6573791675799252,24.270186649542598,7.151270823198511,161.5922771410083,False,False,41.42379656710878,37.98792383760182,56.99465503209984
585,SS316L,10.0,6,2,47.683049999999994,78.90625,24.6904,3474.9218499999997,0.0288686958147853,8.846088292104639,3.660531167909789,test,20.77080600911856,19.49031398000077,404829.53073540743,0.7665032997224442,52.22081057664659,0.7024416019454088,0,0,True,True,window,2543.991944889921,0.10971928592200159,12.688571236865604,6.493386934126923,3.894409860616352,1.8366314454536967,3.8688562008169614,1.8816079578909053,3.8688562008169614,1.0204599486058314,3.894409860616352,0.9703008742662274,22.073089614729327,3.4456717988226626,137.98566144967066,False,False,52.839287306985696,51.36526507515119,73.62373022832053
587,C45,12.0,4,1,82.1872,569.7782,24.7243,4463.33,0.0528362586960481,10.6686039083069,2.884744842394709,test,13.471390890240125,29.03127062205923,391091.5945901045,0.6967892253721752,101.00273361664209,0.9936002742119193,1,0,True,True,window,3183.9452080287642,0.14985295261880227,13.62037342088297,7.508540749568493,2.1817656212819116,1.207186598133775,2.175531815957414,1.2738887318526668,2.175531815957414,0.7008184965623416,2.1817656212819116,0.6306607830247191,14.795099068552535,2.402095781666416,195.18005578542164,False,False,44.66928132158925,41.44472066513767,67.7863365903512
588,Al6061,12.0,3,1,40.6493,176.9746,20.6314,7994.6866,0.0436795997272452,8.627365872519373,5.452922744493058,test,9.790075241567497,49.28433593397704,482497.3570243239,0.4022991122586075,290.9970443726424,0.9992450460009114,1,0,True,True,window,5310.219532551264,0.11916997826099396,13.593394056195393,7.606191256451867,1.574917380192913,0.8495994670630728,1.570578597779208,0.853027763049679,1.570578597779208,0.4978597950413706,1.574917380192913,0.49280846196264955,10.85843161400644,2.944201322819352,196.2888989502902,False,False,46.05434686618262,45.68703761429979,68.30086722527976
591,C45,20.0,3,1,4.304,25.6055,23.8888,3039.1305,0.0830263607287608,24.63395688495474,8.683803094530369,test,16.205183206421786,161.9312804541617,2624126.066610158,0.6105610826512061,14.333083888574167,0.9914609641623661,0,1,True,True,window,1923.2771923722328,0.25990585760221074,10.084807315142825,12.87812233911376,4.553729684541089,3.5618797801393307,4.58117071727657,3.6020833329118727,4.58117071727657,3.514540738677839,4.553729684541089,3.4738347865981516,17.483002137665956,15.578367513953943,194.7598157093555,False,False,21.781044838231633,21.371990802969865,23.28291269688427
596,SS316L,8.0,3,2,193.4976,121.989,27.8928,3171.5119,0.0213493559202043,5.555978731212824,4.6933819164264525,test,22.575836642472314,5.29686430982703,119581.1433759969,0.24595453208503604,65.41860245189453,0.21428438886289647,0,0,True,True,window,3028.4241713610513,0.0881677106782162,10.139568275009541,5.18259511302271,3.4685389683052246,1.5750808149689788,3.444636455880956,1.544536438580951,3.444636455880956,0.5997369468758271,3.4685389683052246,0.6235709075841384,23.053525375950137,3.0778925382348237,42.09342535193856,False,False,54.58950211135772,55.16111907995411,82.5892527540342
597,SS316L,10.0,5,2,45.66315,302.57675,21.8997,3506.9272499999997,0.0490026966546701,11.760772905100406,3.150920844454334,test,20.844244326731573,31.84124925994528,663706.7792426603,0.7082514788070825,19.466650525545493,0.6495573848763765,0,0,True,True,window,2819.9192704729694,0.1102114306601224,12.674214301934356,6.478685436757087,4.384446852909607,2.4390645549283665,4.3626915145373495,2.5227034854827926,4.3626915145373495,1.7677193481626254,4.384446852909607,1.6802816003615701,22.70990073128795,6.043547443087152,127.59723392443772,False,False,44.370073654564784,42.1755245110353,59.480991441355975
598,Ti6Al4V,10.0,4,2,11.95035,372.81405,22.8478,2553.48295,0.0972220848492087,2.1268989235374423,4.189449028096394,test,29.545148688563387,8.848336816195797,261425.42688099438,0.19444226991003982,3.9652670159764782,0.33225756761304515,0,0,True,False,window,2483.188312648899,0.09707792372574756,10.487001683075308,6.454418966302691,4.718065353587139,2.1418359585478552,4.70161002716522,2.150667621979857,4.70161002716522,0.8645930516111475,4.718065353587139,0.8488534566102156,32.60128577087807,4.407747320818016,65.26774626071727,False,False,54.60351228667446,54.25678417491856,81.61070257601854
620,SS316L,8.0,4,1,100.6687,25.77185,36.0,3443.49075,0.0369980687072488,2.927157988878523,2.0453661511362884,test,24.433578188229465,3.051091236876923,74549.07629565404,0.3079540973946879,168.55515597681168,0.26828147463764335,0,0,True,True,window,2845.691872146615,0.08812514036832175,10.13373582678965,5.184383918199863,2.7840500765279943,1.4747000472272842,2.7531549448182817,1.468213051958989,2.7531549448182817,0.25980163993478866,2.7840500765279943,0.2546389865974329,25.73061949030788,1.5623912498238637,52.70046168968967,False,False,47.03040510440849,46.67161560513273,90.56349369570493
624,Ti6Al4V,8.0,6,2,54.7493,586.1577,25.1728,2438.3064,0.0551238134549509,5.166515283241255,5.059340935870094,test,29.447924476846005,21.079992310568237,620762.0215341079,0.15182343971632528,3.400661990404585,0.248412616254196,0,0,True,True,window,2415.2033677396753,0.07791104316484135,8.321413767351943,5.193932384716571,5.118632501772201,3.4966761157919013,5.1109635294164475,3.4774459217572753,5.1109635294164475,2.6561213029108437,5.118632501772201,2.6702718298700647,31.921711123592754,14.21729002594081,48.79747878164874,False,False,31.68729900845074,31.961049971446023,48.030908700025286
629,SS316L,25.0,4,2,5.7762,341.522,30.7076,1705.2163,0.1770675622774167,14.573708471515992,9.866160448533993,test,25.051494674643106,173.6587724128475,4350411.812305508,0.9890455634210145,2.3568329147953446,0.9803700371239529,0,0,True,False,window,1341.1872075815163,0.24945167022640818,8.893299138144357,16.18136126641498,8.833643843039383,7.819969396351264,8.884938474465546,8.110334572994686,8.884938474465546,7.991477321263518,8.833643843039383,7.700159398281797,28.203165741058765,25.73908123413924,192.58114505652534,False,False,11.475156398645845,8.718168434108986,10.055907036044754
631,Ti6Al4V,20.0,6,1,343.79585,570.9706,20.7033,654.84455,0.0593726274433584,3.8026889441479383,10.005835669141405,test,25.56457726543579,8.876053355528608,226912.5518195417,0.9699105566344979,160.3347636096888,0.8089366823815686,0,0,True,True,window,637.4354071255307,0.19357340067321513,16.854383310768753,12.734804571606219,2.4115923191808815,1.503724826996183,2.3824041955608357,1.4602557217374803,2.3824041955608357,0.35354705581633944,2.4115923191808815,0.3919295180369165,26.185793960502355,1.5380978924518849,158.90525686432466,False,False,37.64597709836228,38.70663406073606,85.16007248160878
633,C45,6.0,6,2,99.29825,339.37445,23.3031,7109.7257,0.0321515621726264,4.186662564012956,2.0379483031197525,test,14.317558532668354,11.702194097497141,167546.84895156146,0.466755829755638,93.82709187459835,0.5746806659979299,0,0,True,True,window,6959.355600718222,0.07776276239392048,8.941229179248682,3.888312275939085,2.935002218392311,1.2056013924394717,2.9274006660345995,1.188808184521666,2.9274006660345995,0.5308106241953124,2.935002218392311,0.5439632731030941,16.36307937660326,1.9861812513674764,112.88866092276854,False,False,58.92332261677618,59.390315158601005,81.86751030174703
639,Ti6Al4V,10.0,4,2,38.4659,59.0672,32.228,2017.8183,0.0228713005546872,9.154232915852232,5.207182332049955,test,26.63641370139157,8.799493037276314,234386.93690340655,0.1668037938670114,7.008028671694861,0.2852370835548121,0,0,True,True,window,2129.962465262234,0.0972447833314759,10.437760848221348,6.479240875452603,4.0310620040777865,2.002521601650082,3.9977931431052927,1.9435180739738742,3.9977931431052927,0.8417174243950634,4.0310620040777865,0.8913615578601393,27.148611169390378,4.544171877760643,56.03117402967332,False,False,50.32272885844105,51.385226688736495,78.94544829447435
653,Al6061,8.0,3,0,395.31885,537.17545,17.1059,7998.48365,0.074400163495997,11.520154068301837,2.516764077583693,test,10.941459084014934,51.76111223870768,566342.0917029247,0.327850462607145,169.08133628016054,0.7857619327989473,0,1,True,True,window,7982.382321930015,0.10382483601984442,11.992841705065812,5.176516294076038,1.554243961006652,1.081792546429103,1.5523386111790827,1.068354572028924,1.5523386111790827,0.7031469120414313,1.554243961006652,0.7154019996642501,12.976189202361475,4.619410598481113,154.35287394561337,False,False,30.39750685417185,31.177736330512797,54.70402481921426
660,Al6061,25.0,3,0,7.7265,24.54985,20.1721,5712.5648,0.2962989301434477,8.499556074550021,3.8350741275433258,test,11.870626268876675,165.52076458153124,1964835.1360860765,0.3253396281800372,67.62721052000964,0.9913831143283095,0,0,True,True,window,2567.851105910848,0.2571624208358116,6.707605287645691,14.655449931129978,2.4135951570144365,1.7178512136198054,2.397070977491667,1.760005128226264,2.397070977491667,1.4926353195334192,2.4135951570144365,1.4493048826597759,18.149545210711146,12.171331960128239,194.74452310593298,False,False,28.82604157423198,26.57684546045602,37.73086681415932
663,Al6061,16.0,2,0,363.8315,467.2038,21.5136,4547.4075,0.1228845628475014,17.927438978870164,9.613074470113068,test,7.120289780894077,192.60686297864618,1371416.67819692,0.38660109228982337,103.36326634192872,0.9974511051018727,1,0,True,True,window,3980.3565863654358,0.15604671076685186,20.327364942397125,7.759391620099544,1.2552579545369482,1.1621845620179816,1.2397020693106147,1.1952069210509637,1.2397020693106147,1.1932095696613967,1.2552579545369482,1.1601774396641993,7.949219354304728,7.905001990374458,195.93650222311757,False,False,7.414682550512133,3.5891807686014623,3.750296204238166
666,SS316L,8.0,5,1,9.019,414.0271,25.5678,4932.9369,0.0868229522402577,4.706312100396279,3.866295880188126,test,25.185790149407044,38.96600881449005,981389.7209616916,0.5526404875253711,5.409371997612317,0.4814536674507116,0,0,True,True,window,4085.3016156825965,0.08813113071310988,10.133393069815172,5.18441636791878,4.565241425863667,3.2870249362303614,4.566620811765153,3.3771177518639286,4.566620811765153,2.5173204889932417,4.565241425863667,2.421793564035688,30.803954776182263,12.322673358748858,94.57541036374892,False,False,27.998880462088348,26.04777381202013,44.875640155894345
672,Ti6Al4V,16.0,5,2,45.1105,312.5678,20.8236,1184.7824,0.1283972854858373,6.617266879215835,2.361825297445056,test,29.93950093157293,11.887509062554784,355906.0886524406,0.5481950633371125,30.54172848904614,0.7191990760343647,0,1,True,True,window,1045.7538851885874,0.1557589091023477,16.787038770004703,10.333474557909783,4.58286843763859,1.9856639860778136,4.5602658180133355,2.023236433452092,4.5602658180133355,0.6939337924965218,4.58286843763859,0.6501929479594464,32.311626989484544,2.7329187895350424,141.2774527387777,False,False,56.67202728819846,55.63336625114744,84.78304072198073
709,C45,8.0,6,1,86.6582,11.617,26.5703,5294.2103,0.1037852809725482,2.951822509928637,4.252895600022328,test,16.906432714668142,41.38692561338065,699705.2731495955,0.7054814566609314,51.69574332617552,0.9273479458889362,1,0,True,True,window,4778.271735039912,0.1033730739039766,11.85975503787474,5.182761281073805,3.49597640591483,2.180801776758332,3.484019316111509,2.2377767135491693,3.484019316111509,1.409091458550513,3.49597640591483,1.3465969065114394,22.712324699589523,5.026826660558736,182.16563391617413,False,False,37.619665479760066,35.770255256600095,59.55557846552956
715,Al6061,16.0,2,1,35.5313,154.8966,23.1394,7976.3032,0.1679069461977755,8.113786657146782,5.85997170567203,test,9.629483623839189,127.35600174622145,1226372.5332128746,0.36244564227564485,103.6437896255538,0.996943784017384,1,0,True,True,window,3982.1392855835843,0.1931954550296068,15.916292079724371,7.9966696852445605,2.127673002419107,1.3765213378750465,2.103342225669838,1.4805525853370956,2.103342225669838,1.2496849555984677,2.127673002419107,1.144389740519686,12.316263450608455,7.26590673900053,195.83684548977965,False,False,35.30390542578776,29.60952491382645,40.58575250632414
718,SS316L,10.0,4,1,14.8172,58.4626,26.7006,4616.1606,0.0351722338772235,3.3168843969757065,2.713628599061243,test,21.32305316409996,5.845499080622212,124643.88766680488,0.5942805362627154,72.75975463683017,0.5449689878661738,0,1,True,True,window,2948.109212106374,0.11032922728082961,12.740163352235713,6.458421598693613,2.6175397696547145,1.283186195788532,2.5955199709342525,1.3006324596148786,2.5955199709342525,0.29493090209111594,2.6175397696547145,0.2707418260456122,22.765563754297805,1.322125186364989,107.05218206326514,False,False,50.97739447306277,49.88932953011653,88.63692418498493
719,Ti6Al4V,10.0,6,2,41.5925,349.303,26.2462,2128.89735,0.0387264609959425,9.5898452355214,5.166150544673343,test,28.883735704695276,24.50712910904648,707857.4400665427,0.22686988453035892,4.659752294895587,0.38814471289718133,0,0,True,True,window,1932.1626941917405,0.09738880395605168,10.40176720918993,6.492415480895714,5.024400171069617,3.0625329915184776,5.003923524964482,3.067082746787363,5.003923524964482,2.1322785706232796,5.024400171069617,2.1216047715209103,30.372054314174367,10.37570126865691,76.24606059632617,False,False,39.04679390084266,38.706442424914286,57.387866541417324
738,C45,10.0,5,1,30.009,229.58445,26.864,5089.02785,0.1054450401277373,13.056543778600114,5.3059750591039325,test,14.853144429452437,185.87647243895958,2760850.091173002,0.7273621782285269,14.314793191470764,0.9957413379845037,1,0,True,True,window,3822.4406374186838,0.124844609471038,12.964719848737817,6.32304957077283,5.189740111774001,4.512447865860595,5.205016806879221,4.807382294889848,5.205016806879221,4.742515449320875,5.189740111774001,4.447142551694638,19.004387459067438,17.62290931911032,195.60064035792954,False,False,13.05060044098988,7.639447224528427,8.88568422962785
743,Al6061,10.0,3,1,200.591,49.2056,22.9302,8008.8448,0.1184709471955888,3.9919163569018834,3.5019129993817453,test,5.030826562797703,39.79145122161498,200183.8897779697,0.40736424334490723,658.9334474482343,0.9985640413184503,1,0,True,True,window,6366.564903947656,0.11316901621832566,14.187602240643082,6.396415803811627,0.9460109602187093,0.47057989948050183,0.9380962946511687,0.4804335797136754,0.9380962946511687,0.2397937133389401,0.9460109602187093,0.2286404262152386,6.522490895738362,1.2503186567128886,196.15512429728068,False,False,50.25640090134813,48.786325833178495,74.43826239308328
752,Al6061,10.0,3,1,96.9888,312.301,23.6083,7985.976,0.1001060646519702,8.989861271112265,3.3050137916023385,test,11.062071325708319,71.25837432486652,788265.2193356958,0.40736424334490723,167.3394403043169,0.9985640413184503,1,0,True,True,window,6366.564903947656,0.11316901621832566,14.187602240643082,6.396415803811627,2.090740455845453,1.2784974386375465,2.0787169041677283,1.2914630826697442,2.0787169041677283,0.8831204266872276,2.090740455845453,0.8678515609518616,13.825669299275761,4.92338674838639,196.15512429728068,False,False,38.84953844638989,37.87210369625502,57.516079995471564
759,C45,6.0,5,1,40.15025,532.56555,15.3757,7021.8752,0.0771071390360776,6.664668572712518,2.511319612141188,test,16.519240130989157,45.31043648146575,748493.9806772642,0.38896319146303154,17.502293489447077,0.4789005549982749,0,0,True,True,window,6959.355600718222,0.07776276239392048,8.941229179248682,3.888312275939085,3.350279491236936,2.499520686396705,3.3535622941734635,2.508927352472355,3.3535622941734635,2.035474660208025,3.350279491236936,2.0248562948880244,21.17763751863912,10.199083765554185,94.07388410230712,False,False,25.39366661991915,25.18620104861602,39.30410466075154
775,Ti6Al4V,20.0,4,2,242.27235000000002,347.50425,28.6267,663.0348,0.1122044941338988,5.920389867302253,2.2025855726546104,test,26.33423648355917,3.880517654647593,102190.4695961161,0.8095613819939963,297.4512184957939,0.6766272865670316,0,0,True,True,window,637.5137659575838,0.19382451356995614,20.754571316280792,12.956903202684511,3.6444234631696752,1.467825155383187,3.608850401198302,1.4574085036008095,3.608850401198302,0.20504520424737588,3.6444234631696752,0.2062643704530045,27.150548265884435,0.8084265028463697,132.9147696168253,False,False,59.724077890043795,59.61571299500573,94.3182681061179
777,Al6061,12.0,3,0,132.38400000000001,310.11705,22.6133,8008.88235,0.0544274939175542,12.067255422566127,5.026792928168266,test,9.06858715262394,79.32516925134722,719367.210752487,0.3903420661295198,186.01230642435564,0.9958292394050756,1,0,True,True,window,5310.2869990542695,0.1302959328331053,12.23555383644998,7.702201371459696,1.4212087443266004,0.9083970178258078,1.4202136169808928,0.9466738480640082,1.4202136169808928,0.6811265769537137,1.4212087443266004,0.6414455979897111,10.303908381132773,4.472544865787754,195.6179074668627,False,False,36.08278717309567,33.34285513495787,52.04055440605754
783,SS316L,8.0,5,2,9.1105,45.7575,25.0716,3953.975,0.0242473501314994,6.993787442998629,2.9510727290391627,test,20.085611358333036,9.89374126743322,198721.841977565,0.6629437365988471,15.82067375723367,0.5776279527780155,0,1,True,True,window,4873.075502335835,0.08825111061686776,10.19391544930594,5.176516294076038,3.3963417519455494,1.46499763639643,3.3793133361298735,1.4419410075582757,3.3793133361298735,0.5637068591885123,3.3963417519455494,0.58136244742646,21.088567701101745,2.1436325374213765,113.46761768544557,False,False,56.86542334683412,57.33035489364697,83.31889342246991
795,C45,25.0,4,2,40.936099999999996,469.5376,27.9462,2616.90585,0.0786458914265777,6.344043610260754,6.919305909058143,test,13.661966385179523,36.13706027554185,493703.30274365906,0.6195487026328738,85.65437932478582,0.9989062065231858,0,0,True,True,window,1540.3058251893467,0.25860743978992107,8.058613953565512,15.281997742922975,2.803378995550895,1.3818570476163088,2.7915191369179753,1.4770419961401013,2.7915191369179753,0.9139936425036538,2.803378995550895,0.8147997100110712,14.833530627994215,2.9336343228494246,196.22233827203635,False,False,50.70744805431637,47.088236773799984,67.2581989349081
799,SS316L,6.0,4,1,28.1134,44.15835,25.5747,6598.44585,0.0607206415433485,7.556189211026864,3.425689503394631,test,22.702280892089696,41.48478284679505,941799.1929352855,0.2570529748372785,2.801225151168394,0.20960349748806464,0,0,True,True,window,5269.802928130654,0.06609834803483242,7.60004480236138,3.888312275939085,4.811739427318106,4.224856856492289,4.793448091104721,4.484266704872825,4.793448091104721,4.470365495106041,4.811739427318106,4.2108677551897475,26.49225514481582,26.193464394770498,41.173924156762446,False,False,12.196890120314048,6.450083120867603,6.740087508159934
808,C45,12.0,4,1,52.2287,261.1758,27.4078,4731.5246,0.0964883176517385,10.52952179676818,1.4399571600260035,test,17.682317539551082,27.688156914784955,489590.7826521446,0.6967892253721752,80.68231990420841,0.9936002742119193,1,0,True,True,window,3183.9452080287642,0.14985295261880227,13.62037342088297,7.508540749568493,3.028408416121019,1.6226601456428194,3.0180733401721307,1.7437804103781933,3.0180733401721307,0.8935032015347698,3.028408416121019,0.7664808061359194,21.04591317502175,3.0070806174805793,195.18005578542164,False,False,46.41871495915247,42.22206640350431,70.39491421093796
813,C45,12.0,4,1,23.6939,500.2056,19.8697,5005.3626,0.1144760086416969,3.0297240836075683,7.32721343762519,test,19.61597085335414,50.88056625831039,998071.7047251706,0.6967892253721752,39.57763751950988,0.9936002742119193,1,0,True,True,window,3183.9452080287642,0.14985295261880227,13.62037342088297,7.508540749568493,3.7045499872215633,2.310301059357115,3.6941070432301344,2.483616161802432,3.6941070432301344,1.6728544359651225,3.7045499872215633,1.4960626431830732,24.299234300942633,6.130185012627736,195.18005578542164,False,False,37.63612132846786,32.76815932137275,54.71559387996577
819,Al6061,10.0,3,1,220.43555,100.53020000000001,28.5806,8000.7603,0.1196774152685375,10.295377490578495,1.1780278757932954,test,11.829679787521908,34.838749445057466,412131.2501327364,0.40736424334490723,320.0627483902543,0.9985640413184503,1,0,True,True,window,6366.564903947656,0.11316901621832566,14.187602240643082,6.396415803811627,2.214263991553711,1.084293378016811,2.199543082739252,1.1054074415193675,2.199543082739252,0.49728836365135054,2.214263991553711,0.47171739617207387,15.36937991086711,2.5741101925179737,196.15512429728068,False,False,51.031431565845914,49.74376950404069,77.39128787456889
826,C45,10.0,5,1,14.44105,405.23255,25.2813,7774.8285,0.0756636451015264,8.095183029835818,2.3787079097255917,test,19.892844367143184,56.63903835973746,1126711.57519491,0.7214030076000443,33.64727042622988,0.9986958991607825,0,0,True,False,window,3847.7715411523673,0.12945703126342523,12.152921801898628,6.481438018506468,5.035219858718369,2.6493404534048675,5.026251565329454,3.002602026029109,5.026251565329454,2.131879881071957,5.035219858718369,1.7732006574764925,25.987844702074668,7.233234895363659,196.18102608262646,False,False,47.38381783235156,40.26160475650011,57.585093914171814
828,Ti6Al4V,12.0,6,1,25.8382,52.20165,27.459,1862.5381,0.0860044811344705,6.707012283713913,1.4572324831741468,test,26.847212447595034,9.393673068061302,252193.93652149363,0.2939597733199164,29.093646786583246,0.48545937632319647,0,1,True,True,window,1394.3385135847834,0.11681918182676077,12.590279077503528,7.750105918432338,3.0094936223905173,1.725028835555792,2.9804458117113373,1.7682200056153827,2.9804458117113373,0.5129482475972579,3.0094936223905173,0.461022301963786,29.535065132483165,2.913816049325673,95.362280598675,False,False,42.680428935896614,40.67263364871944,82.78954626245229
830,SS316L,25.0,4,2,8.54015,16.69875,26.1222,1483.0689499999999,0.1523737563303415,15.430318487336889,12.401453415860171,test,20.26925333088546,172.97326540441912,3506038.935952657,0.9890455634210145,2.9244380736947235,0.9803700371239529,0,0,True,True,window,1341.1872075815163,0.24945167022640818,8.893299138144357,16.18136126641498,7.017652386720434,6.348091694899421,7.048434386053274,6.444958966138317,7.048434386053274,6.377961652271953,7.017652386720434,6.280658288247408,22.177779087440534,20.743374392116802,192.58114505652534,False,False,9.54109230442974,8.561836386092397,9.512363981254966
841,SS316L,20.0,5,2,9.3608,152.9171,21.8752,2167.2381,0.1096082647459227,13.823549160788598,10.209918678196477,test,24.90071390775946,167.6338725718014,4174203.102160232,0.9992497562199435,5.23715215639841,0.9837359616749288,0,0,True,True,window,1372.8133613524337,0.21864400585280658,9.931574908085167,12.964777951463699,9.146783278937182,7.570241600232503,9.18115089914351,8.104909482590383,9.18115089914351,7.9688661241142995,9.146783278937182,7.433514921649757,27.981492580601994,24.977779795426702,193.2423378507303,False,False,17.236023098252158,11.72229308041901,13.204061106786758
844,Al6061,12.0,3,1,74.6023,382.3149,22.4509,7979.6185,0.0620293016171273,14.10713792302059,3.0978913272255846,test,7.351799077234896,64.89412275253015,477088.5517700193,0.4089315202867433,299.57754969558954,0.9984832329064717,0,0,True,True,window,5327.746699268072,0.11184232238866389,14.358064676402137,7.641834118184304,1.3041644704006123,0.7479011423704383,1.300379583237182,0.7620693304605146,1.300379583237182,0.5071958095399373,1.3041644704006123,0.4916947077888874,8.488961947731338,2.8853304380693867,196.13925051909513,False,False,42.6528509750999,41.39639376962462,60.996326297486355
845,Ti6Al4V,16.0,5,2,22.139,31.6568,26.0678,1253.317,0.0913984706889154,6.548100210081487,8.54284835141584,test,27.24141054188493,32.03965846673472,872805.4899141002,0.5462368003269602,8.06213158262602,0.8280420541806532,0,0,True,True,window,1207.6016838698376,0.1558220863296827,16.642827534703887,10.387864769433142,4.6165017613613815,2.56782849249611,4.617071670085125,2.5823316670979186,4.617071670085125,1.5096495739988731,4.6165017613613815,1.4881840057505724,28.866690657736306,5.891772230395147,162.65826260549582,False,False,44.37717940480388,44.069924583815094,67.30287762738932
847,SS316L,12.0,3,1,46.02005,5.831300000000001,30.6775,2847.7502000000004,0.0550518562850688,10.194242891174731,6.022075746376553,test,22.064539955230508,28.87329207180717,637075.9065574296,0.5041228212191545,27.628372376286563,0.48213987494151705,0,0,True,True,window,2018.9494475740346,0.1322515660173243,15.20935241251431,7.773892669534066,3.323386240641779,2.1888122862939134,3.2966456587230146,2.2896407956098885,3.2966456587230146,1.524891306263427,3.323386240641779,1.4179399771543062,23.14552268871354,7.287849809106245,94.71020704186176,False,False,34.13909405031321,30.546348238809458,53.74415499498641
856,SS316L,12.0,5,1,31.554850000000002,337.305,22.3087,3000.45895,0.0830359695935766,3.5706170100608414,3.0813234983716415,test,23.337372614070745,13.705804113394688,319857.4575697554,0.817486436795261,99.42214049684054,0.7822986114580336,0,0,True,True,window,1965.0451625723224,0.13244540408653355,15.15759737998832,7.790879625227552,2.9831822242665353,1.6622417572047326,2.963105934353378,1.7298225576305661,2.963105934353378,0.6392553461003986,2.9831822242665353,0.5660267543775533,26.365712958144332,2.363564638994466,153.672548798704,False,False,44.279576900019165,41.621305618016805,78.42617306762271
865,Ti6Al4V,10.0,6,2,32.6932,38.1238,19.0999,1938.7907,0.0337187381606543,4.130434938877352,2.6488693867036384,test,27.599332271951,4.291506967428355,118442.72674144796,0.23209750369375315,26.05713880257879,0.39661454901495224,0,0,True,True,window,1976.6695066049851,0.0968017085171039,10.450865190908798,6.493394596961365,3.9697001211413685,1.5479424672896744,3.941960962936346,1.534098595526458,3.941960962936346,0.3350930986569859,3.9697001211413685,0.34414057320337316,28.726999174932345,1.702061585885187,77.90985148775997,False,False,61.00606040628051,61.08285673169843,91.49932985618973
866,Ti6Al4V,16.0,3,1,44.85755,47.5967,18.6766,1133.21345,0.1465975764844853,12.652499618326042,3.143801171160238,test,26.639313483025706,19.82399457537793,528097.6059792938,0.32785795294943004,14.034922235319913,0.41186340389004716,0,0,True,True,window,1001.2434887880999,0.15559260799076102,16.700141197842914,10.365896698811339,2.8885337350993363,1.930015636617746,2.8768647341196893,1.986511211740411,2.8768647341196893,1.0499403681339847,2.8885337350993363,0.989847801317137,28.02227966838706,6.845127624852039,80.90529384262996,False,False,33.18355215431219,30.948744715719958,63.50400643861822
874,SS316L,12.0,5,2,25.091250000000002,242.8318,28.4361,3906.15035,0.03975679824633,7.668182838357008,3.718352282432558,test,22.98281334227059,22.139782720321733,508834.4936995822,0.9828692216045167,35.91487021557737,0.939305428496224,0,0,True,True,window,2363.141106294187,0.1321739833928396,15.279458741730954,7.732447134168655,4.6515926919613495,2.064080667919754,4.620061759298278,2.2341040528182816,4.620061759298278,1.2068821960892215,4.6515926919613495,1.0293790026980345,24.841740270453833,3.206315190806316,184.51452831859842,False,False,55.626367040115205,51.64341584131529,73.87735794526414
876,C45,6.0,5,2,11.3305,392.6242,17.7756,7762.0248,0.0393573962232813,8.833694408769944,0.8485611526193833,test,14.865747203752056,11.449773785380463,170209.44263361322,0.41137005943541755,66.513721098417,0.5065580768707091,0,1,True,True,window,7318.772445778913,0.07786862701488331,8.994631278799359,3.8823872205570282,3.101977856122583,1.2044670978772754,3.097179701326233,1.2043759653403168,3.097179701326233,0.5449359860795157,3.101977856122583,0.5427209088651588,17.231050840345144,2.218256834608092,99.50685025786686,False,False,61.17099625647109,61.11378474989375,82.40541270995124
878,SS316L,12.0,4,2,118.6745,504.6176,23.4994,2515.8321,0.0315507491215874,5.910319776841888,7.796560911998808,test,20.218528222456168,14.630709117507022,295811.4052068625,0.6312007632814566,95.57667373185443,0.6036333179346975,0,0,True,True,window,1897.1279147644102,0.13218771055248263,15.200603740184473,7.776575877299795,3.378769969888334,1.5758233530471664,3.355512591152182,1.6058798192913266,3.355512591152182,0.7748400641825126,3.378769969888334,0.7401280589956875,20.887225609635507,2.7553700137096957,118.57603880180176,False,False,53.36103472296321,52.14204162053476,76.90844414574359
887,Al6061,25.0,2,1,14.4367,319.05005,30.0698,5285.87685,0.3244445336902534,21.053514464774945,2.496654818736637,test,8.277717325655496,180.28957001486248,1492386.097347007,0.3302349304596242,91.37148460209458,0.9910666433539614,0,0,True,True,window,2562.872580827399,0.24784730593673882,10.830759505915921,14.149023528432007,1.871454732675106,1.417361379539114,1.851885077475882,1.4646411026903963,1.851885077475882,1.3419394124869453,1.871454732675106,1.293701138003706,11.235231648375997,8.680184923730355,194.68235643385077,False,False,24.26419112402998,20.910799460261266,27.536571852719515
899,C45,16.0,5,1,24.4315,483.9174,21.4989,3566.1083,0.1172206910509442,8.420628033682846,4.567834526440421,test,18.05030753416281,80.39400348973867,1451136.486892341,0.6483817746072885,26.527693414053253,0.9918210594978245,0,0,True,True,window,2399.6648990471126,0.20158815158158538,7.907269992865622,10.186966703139367,3.888035226156516,2.6794158269314643,3.8860589593856956,2.8326314299951814,3.8860589593856956,2.261031920167626,3.888035226156516,2.1050231238735115,21.980213714946522,9.324771276058344,194.83055182878604,False,False,31.0856082551449,27.10786275762113,41.81683953335984
900,C45,6.0,5,1,39.32105,97.81845,26.8318,8000.28085,0.0678592681928394,2.175705162736266,2.7281345369036787,test,16.710416031169274,16.112029010876608,269238.7078780169,0.38896319146303154,48.65705019960705,0.4789005549982749,0,0,True,True,window,6959.355600718222,0.07776276239392048,8.941229179248682,3.888312275939085,3.0858141142887843,1.5859558876450848,3.069171829727922,1.6010358279163635,3.069171829727922,0.766996260974731,3.0858141142887843,0.7462876355289665,21.435401081323587,3.6686843254140795,94.07388410230712,False,False,48.60494414419339,47.834923662182405,75.00966698750378
908,Al6061,12.0,2,0,85.6795,120.9975,30.1653,7986.3087,0.1338093804490107,6.122658455552922,5.595653381204549,test,11.310907263739681,73.22400633808742,828229.9451695934,0.3726248708585082,147.00141088485142,0.9997882467115449,0,0,True,True,window,5324.946204871197,0.1551811928065809,15.266667442176399,7.7840068711093116,1.7956002996764686,1.146641085189142,1.78126024523771,1.1908564473365428,1.78126024523771,0.7638409650227715,1.7956002996764686,0.7162766557002314,13.829099365501696,4.943143820434234,196.39560377692507,False,False,36.14162988301217,33.14528573124797,57.11794685448467
909,Al6061,8.0,2,0,443.17965,91.02350000000001,25.8666,7999.94675,0.0707256618511908,11.328415337106806,2.9895009056249715,test,12.369348739363568,38.32321757116148,474033.242952202,0.2185669750714301,134.67111442855392,0.5238412885326317,0,1,True,True,window,7982.382321930015,0.10382483601984442,11.992841705065812,5.176516294076038,1.6420005542622438,1.1686424970815623,1.6354328891937853,1.1516960696156298,1.6354328891937853,0.7588876004383512,1.6420005542622438,0.7733113292790703,13.82738966131355,5.402037164492751,102.90191596374225,False,False,28.828130170355685,29.578518493450492,53.5971420501114
912,Ti6Al4V,12.0,5,2,60.8551,60.1208,21.2823,1509.7691,0.0361401570942736,6.060365034677238,2.6511374963327388,test,27.54104633916096,4.383304173368497,120720.78335737939,0.24418050895239118,44.81539914278801,0.41971983268916413,0,0,True,True,window,1451.1459753996853,0.11668937298468493,12.525387911903637,7.774628195997382,3.8737726050366605,1.5377677563486578,3.8424890831771954,1.5249611192390407,3.8424890831771954,0.319578247645846,3.8737726050366605,0.3265895314653815,28.323718300507235,1.5933284802603571,82.44858871792786,False,False,60.303096925481384,60.31319578979485,91.68304084336917
921,Ti6Al4V,10.0,6,2,25.0613,416.072,24.8858,2272.8317,0.0466492864570613,6.589315899825462,3.60848670564772,test,26.144923945053563,15.126169820235631,395472.5595300251,0.2502056908005171,6.230231407364303,0.4278556253322181,0,0,True,True,window,2129.962465262234,0.0972447833314759,10.437760848221348,6.479240875452603,4.2695169127279815,2.161205082355089,4.249522933404556,2.1591570970305987,4.249522933404556,1.1146003643175095,4.2695169127279815,1.110291394196196,27.877449636280314,5.314522410176081,84.04676104450999,False,False,49.38057099827249,49.190600195190285,73.77116486286299
922,SS316L,16.0,5,1,43.3041,411.3292,23.5831,1904.4795,0.1038104428195753,5.755902941512454,2.910964332201386,test,20.418904476932727,16.56295021028774,338197.2982000582,0.9946876283037762,138.08825492376863,0.946566161848591,0,0,True,True,window,1404.7058239417102,0.1760131936136779,15.414865783260012,9.757405463941396,2.5016919542032543,1.4904017290741332,2.481459757916343,1.5278284260203492,2.481459757916343,0.5891264096619678,2.5016919542032543,0.546413369654831,22.521465235151584,2.053064326354324,185.940806448284,False,False,40.424250612869706,38.43025577399444,76.25887714751211
926,Al6061,8.0,3,1,200.59695,524.2436,20.6446,7984.7183,0.0885799779885967,9.381457803655938,1.8353092680384056,test,9.00780062455645,36.53389774470261,329090.06692221365,0.327850462607145,290.97772093943456,0.7857619327989473,0,1,True,True,window,7982.382321930015,0.10382483601984442,11.992841705065812,5.176516294076038,1.5194560106668769,0.8468212224869518,1.5117732381732902,0.8406704080154841,1.5117732381732902,0.46750200220873944,1.5194560106668769,0.47194571110354244,10.998767129309037,2.6842471454386554,154.35287394561337,False,False,44.268131716739276,44.391765458734724,69.07591757784833
935,Al6061,12.0,3,1,20.1374,1.9478,26.6759,8000.2399,0.0617614229177565,6.136983632734907,3.884616270515039,test,10.170338187850792,35.338218193012715,359401.6299790008,0.4089315202867433,397.67493357064257,0.9984832329064717,0,0,True,True,window,5327.746699268072,0.11184232238866389,14.358064676402137,7.641834118184304,1.798842895621393,0.8397034758942434,1.7836635957476785,0.8380305571225352,1.7836635957476785,0.38940869750307583,1.798842895621393,0.388077522799261,11.740721673404595,2.1735848798359862,196.13925051909513,False,False,53.3197991921259,53.01633339826906,78.16804141591268
937,Al6061,10.0,3,0,83.5025,67.9894,24.0414,8015.2565,0.1000982980312755,13.112512160323186,3.525823386266842,test,8.016383436092159,111.2786455590218,892052.2910501126,0.4023004042706677,144.9834393783789,0.9977930135224119,1,0,True,True,window,6369.199529859066,0.11715021102647351,13.489704719329803,6.4910143033071215,1.4290452877660835,1.0547665535124833,1.4246715540796597,1.0699959196297502,1.4246715540796597,0.8668976228054623,1.4290452877660835,0.8504918442070412,10.026274974836543,5.612418765953821,196.0036657559047,False,False,26.190823863859585,24.895256273929792,39.1510541273157
942,Al6061,6.0,2,0,1552.1125499999998,152.5863,23.2766,7988.522199999999,0.0198848817753468,8.49145687664127,1.9283095168938993,test,9.487301808652186,5.202096550523586,49353.86001256572,0.08684067902403074,2571.814125416541,0.19199186812512087,0,0,True,True,window,6975.037243033302,0.07776276239392048,8.941229179248682,3.888312275939085,0.9853191791931935,0.5401816359800699,0.9820711032223085,0.5370867861032037,0.9820711032223085,0.15523925243447886,0.9853191791931935,0.15622499910502155,9.801273822654709,1.4564969196269928,37.714344997267986,False,False,45.17698961037321,45.31080444776869,84.19266670965901
944,C45,20.0,6,1,3.4639,49.1326,19.9823,3763.4687,0.2063458786931015,6.7240523898608835,4.068934475884963,test,16.246482498603154,127.48149351949448,2071125.8533602585,0.6196545889804448,18.902234514916017,0.994669893785106,0,0,True,False,window,1916.8269870075474,0.24802982473745944,5.355691815172068,12.789367237213487,4.551636670685618,3.3463026774863627,4.56444435943769,3.4827471530823226,4.56444435943769,3.019069323001859,4.551636670685618,2.8806171192256214,24.131877841891885,13.749659517222204,195.3901688594436,False,False,26.48133145077449,23.698332615640116,33.85680522626003
946,SS316L,16.0,4,1,5.2926,35.300200000000004,19.841,2244.1172,0.1485852947728183,16.418095583867093,8.295883934192668,test,22.756130033399664,181.6631342995899,4133949.9063964146,0.9997513886473968,10.138370955255844,0.9972981248764756,0,1,True,True,window,1461.5133839281432,0.17666110507878519,18.34973512216894,10.337492490462699,6.8962578034897275,6.340376247590981,6.988648023972827,6.591387212205185,6.988648023972827,6.477802237263605,6.8962578034897275,6.226305412372112,25.917741730072798,23.371773567665613,195.90645121598521,False,False,8.060626092276495,5.684372863033548,7.309651093557609
948,Ti6Al4V,10.0,3,2,15.8896,41.6814,19.2086,2253.8231,0.0532324656127087,6.048462934335186,6.150566301682914,test,26.864378496389296,13.389914095330049,359711.7202910845,0.14583170243252988,2.1613591465200104,0.24919317570978386,0,0,True,True,window,2483.188312648899,0.09707792372574756,10.487001683075308,6.454418966302691,4.115679222368071,2.3333997314886803,4.101180360919132,2.2868376116711575,4.101180360919132,1.400130548642214,4.115679222368071,1.4431093408905427,27.871595914038327,7.902005444002374,48.95080969553795,False,False,43.30462590944846,44.239525931050615,65.86030299997766
952,Al6061,6.0,3,1,1828.9761,360.11,22.9347,7989.5529,0.0755290942276308,5.410434682425249,1.1403034646147336,test,11.119912538753635,11.168905337796701,124197.25050991794,0.13765032999537127,1327.9961259736053,0.304375431951836,0,1,True,True,window,7329.381783501876,0.07786862701488331,8.994631278799359,3.8823872205570282,1.7182307453204428,0.8493834565405212,1.706870680483295,0.849379795592011,1.706870680483295,0.3578213508739788,1.7182307453204428,0.35516950047930923,13.216862881675217,2.447676297455901,59.790657601409194,False,False,50.56639168785711,50.23760116662664,79.03641119591657
954,Ti6Al4V,25.0,4,2,6.8592,44.6343,17.7227,964.5414,0.0709455883920394,8.779417938873333,4.299538780994229,test,28.500475270187867,10.332224970249738,294473.3222506203,0.9941691098119493,35.56958905294314,0.9963782827661231,0,0,True,True,window,733.325922927539,0.24217595736704245,17.52368435030803,15.722967339842526,4.0430118520121745,1.6238346315469916,4.015580762920365,1.6374876772815914,4.015580762920365,0.4213690946144664,4.0430118520121745,0.4034877038524064,29.313094562494463,1.615850670580801,195.72576000738545,False,False,59.83601604484978,59.22164752849561,89.50664624889721
959,C45,16.0,5,2,15.40175,301.43365,21.97,4088.8886,0.0684136470102388,10.603054953234906,3.124714153117652,test,18.24364165456245,46.34035240723442,845416.7834637251,0.6892825595383554,51.605814569733575,0.9982181995533542,0,0,True,True,window,2396.5146057886595,0.16065341682732107,10.222274518571794,9.96464033490343,4.198227901152765,2.1774948182165157,4.20073095112458,2.265417929312189,4.20073095112458,1.5526777650670163,4.198227901152765,1.4611503262905792,20.90166215081752,5.175983745761117,196.08718810930213,False,False,48.1330011260558,46.070863483753634,63.03791451696405
960,C45,12.0,6,1,17.10755,570.79675,24.8004,4721.21695,0.0627278425175958,6.096507116947892,1.1242471996908598,test,18.414200339427232,12.178911038857951,224264.90778559214,0.6917503536026529,171.10021781580593,0.996004580471254,0,0,True,True,window,3196.8824910029166,0.1544810885685866,8.591323251603171,7.685493621204496,2.6084050484497783,1.293460911005298,2.5997241034511727,1.3029965265026324,2.5997241034511727,0.3627380152692492,2.6084050484497783,0.34750793575191313,21.822573912370824,1.5000421783113407,195.6523509749478,False,False,50.411807714678936,49.87943048368537,86.0470572708962
972,Al6061,12.0,3,0,94.55315,399.45535,22.3078,8002.4407,0.0810525423905534,5.214644449589043,5.62894334990659,test,7.973832768505283,57.11654664902545,455437.7912938598,0.3903420661295198,293.8077528831755,0.9958292394050756,1,0,True,True,window,5310.2869990542695,0.1302959328331053,12.23555383644998,7.702201371459696,1.1742860472845753,0.7108329004108656,1.1699037399305645,0.7327707077665073,1.1699037399305645,0.42569348576243937,1.1742860472845753,0.4021654967492509,9.59007425940102,2.831608008664057,195.6179074668627,False,False,39.466801802286675,37.36487176201366,63.61294769536296
973,Ti6Al4V,10.0,3,2,14.326,12.7233,22.8177,1660.1031,0.0634849357415185,6.356782045164082,3.572860657339681,test,27.921210190729894,7.180925144424838,200500.12032138332,0.14583170243252988,3.8776346643352433,0.24919317570978386,0,0,True,True,window,2483.188312648899,0.09707792372574756,10.487001683075308,6.454418966302691,4.046831375709412,1.9315463419763672,4.020780950723865,1.8862406113864352,4.020780950723865,0.7718019087413038,4.046831375709412,0.8111335582274469,28.84079122271463,4.404507701391042,48.95080969553795,False,False,52.270155026220586,53.08770523679353,80.80467654915755
979,Al6061,12.0,3,0,195.89544999999998,265.34735,25.2102,7980.502,0.0625886939816847,17.675515332342698,3.5069771675485786,test,9.680973615383538,92.8864527353208,899231.2981572107,0.3903420661295198,148.80615733943426,0.9958292394050756,1,0,True,True,window,5310.2869990542695,0.1302959328331053,12.23555383644998,7.702201371459696,1.6869504463530014,1.080520026529921,1.685662898169367,1.1612652463228275,1.685662898169367,0.9013477020257888,1.6869504463530014,0.8189916205213482,11.192080409805222,5.590819633719017,195.6179074668627,False,False,35.94832445340142,31.109283618690096,46.52859103652017
1000,Al6061,10.0,3,1,150.6215,39.1924,25.9495,8002.57205,0.1249313329249666,4.815366848130599,3.3659760194088664,test,6.551577663503881,48.61414111571168,318499.3210641223,0.40736424334490723,414.15429136327236,0.9985640413184503,1,0,True,True,window,6366.564903947656,0.11316901621832566,14.187602240643082,6.396415803811627,1.2850905409963287,0.6744791049797731,1.2738162211326587,0.6856429311051127,1.2738162211326587,0.37732579908439173,1.2850905409963287,0.36417319511241164,8.598478869179548,1.9892991574823784,196.15512429728068,False,False,47.515051783289096,46.17410897033098,70.37831730947191
1003,Al6061,16.0,2,1,13.4433,494.89065,15.8995,8005.1530999999995,0.111245550576187,5.498424520524429,8.872338561629158,test,8.808167753939392,86.88777202673664,765322.0717775387,0.36244564227564485,166.08157731509849,0.996943784017384,1,0,True,True,window,3982.1392855835843,0.1931954550296068,15.916292079724371,7.9966696852445605,1.5874431183444588,0.9549998528522812,1.5763220612551418,0.9697599255256915,1.5763220612551418,0.713943602680735,1.5874431183444588,0.6984756981059349,10.442335490649407,4.534314531870738,195.83684548977965,False,False,39.84037337676398,38.479581719897844,54.708265510649554
1007,C45,20.0,4,2,55.3215,419.1918,24.0097,2489.1461,0.166311219572508,9.91065339044652,10.22766329587282,test,12.97891236520175,167.84586155513762,2178456.7279859167,0.632380131111464,17.595936187929233,0.9937536755236964,0,0,True,True,window,1927.4656024274877,0.24705311175791356,9.563998443773016,10.715835304893554,4.508498287320281,3.8407147747647072,4.486554076055915,4.070346120027376,4.486554076055915,3.9855203911194144,4.508498287320281,3.7553986476467984,15.217628322192605,13.37372034526137,195.21018950958344,False,False,14.811661666450016,9.276784565013497,11.167450039451094
1008,SS316L,16.0,6,1,177.6641,250.6423,27.7912,1507.004,0.1535309680573527,9.822429396425983,2.2701308137522895,test,23.15450320959753,30.955045246789012,716748.6945200129,0.9887582412325229,68.34797308107734,0.912542735074193,0,0,True,True,window,1400.4067999126303,0.1523588630504906,13.664737381134183,10.2471353605218,3.5155070858744164,2.399831352243142,3.4920250091232856,2.4624472171097063,3.4920250091232856,1.4240072992037958,3.5155070858744164,1.3540508808363232,26.502814891951683,4.531636471021954,179.25733975831625,False,False,31.73584084396095,29.483688957659187,59.22115977166756
1024,SS316L,12.0,3,1,18.9039,439.7199,25.0478,2760.6522,0.0997490193159167,10.848802482646676,5.854020962702823,test,21.49989297002878,52.465964439109364,1128012.6200101874,0.5867992443031441,9.896172797543628,0.5612175805331892,0,0,True,True,window,2349.932725394141,0.13225371679214687,15.209057162321226,7.7744225241085045,3.6089038819228474,2.8470682157152813,3.6100163662366995,2.918954699150919,3.6100163662366995,2.3570004341046573,3.6089038819228474,2.2816626039047296,23.350041733711716,11.225701793498455,110.24401011071417,False,False,21.109890735068706,19.142895681832737,34.70942524945565
1031,SS316L,6.0,3,1,25.33155,30.3666,27.4715,5645.0848000000005,0.0427960683530861,5.069931046407499,0.4946204562161553,test,22.994563375538654,1.8174803491306952,41792.16707188189,0.1927897311279589,47.3448454239541,0.15720262311604852,0,0,True,True,window,5269.802928130654,0.06609834803483242,7.60004480236138,3.888312275939085,2.8907709641429076,1.3284471198924663,2.8659016201042835,1.3205933731095485,2.8659016201042835,0.22513739206362554,2.8907709641429076,0.2253638780941608,24.730562620512465,1.5006686620984448,30.880443117571843,False,False,54.04523096535456,53.920491762676235,92.1442735338754
1043,SS316L,10.0,6,2,21.6137,139.2068,22.2189,3472.6718,0.0977389473180621,7.598793308151529,3.4360293624486857,test,21.572742855252383,53.1721407849305,1147068.9202165832,0.9255307608592572,10.466965743522447,0.8488244141743676,0,0,True,True,window,3070.813329626562,0.11020663004109134,12.674499672759634,6.478856829997817,5.321857491406356,3.3677655852177777,5.327729272128787,3.4687720780942173,5.327729272128787,2.659876025847824,5.321857491406356,2.554706516670715,26.14906703554004,8.334445446765063,166.74069121205306,False,False,36.718230605460825,34.89211067385545,50.07486510693093
1047,SS316L,25.0,5,1,36.097449999999995,16.35275,24.5795,1305.49825,0.1997319460376567,19.68728708648752,3.5054145465695052,test,24.45378556360031,89.97442724015393,2200215.3499384825,0.9869046758648121,12.486484481157541,0.7131453319490471,0,0,True,True,window,956.9862652134874,0.27361481597420495,6.6023247983089774,16.206512705801313,5.555121865459073,4.225928505991483,5.53345291488029,4.546628149800391,5.53345291488029,4.088072180870952,5.555121865459073,3.7646304848910233,27.77478420777509,17.847862067138742,140.08827220114134,False,False,23.927348340138455,17.833797093062426,26.12077406717406
1056,Ti6Al4V,12.0,5,1,13.7454,380.62545,22.5992,2175.1043,0.0974924232904071,6.725381015807558,4.194922749709965,test,27.75817275463131,29.913127217356333,830333.7529306409,0.2624954904577364,4.766912561365448,0.4657736554766176,0,0,True,False,window,1610.135578493117,0.11686656474726201,12.482120651027918,7.790898577074857,3.6799433707754248,2.4811772356747235,3.6846592304708383,2.6631438594203996,3.6846592304708383,1.7133524054596594,3.6799433707754248,1.52636829950432,30.823950010454944,9.964571903685503,91.49527271559141,False,False,32.57566800132855,27.723469313060626,53.5003836639536
1070,Ti6Al4V,16.0,5,2,40.23665,124.757,26.3745,1098.7186000000002,0.060105625428454,9.55622598545398,9.657398899338911,test,26.87769033306279,30.473208508952062,819049.4617584676,0.5481950633371125,13.271466052714059,0.7191990760343647,0,1,True,True,window,1045.7538851885874,0.1557589091023477,16.787038770004703,10.333474557909783,4.4333549590165475,2.507610064628627,4.424363473264809,2.5027018387251228,4.424363473264809,1.4960822934509563,4.4333549590165475,1.4943522919069998,27.802159251864126,6.28928735687964,141.2774527387777,False,False,43.43764287295212,43.43362940571565,66.1853664941553
1071,SS316L,8.0,6,1,12.9461,98.2628,24.8378,4214.3094,0.0801792944332993,6.092918773528165,2.0970006494431037,test,20.255686110831146,25.903822221481782,524699.6919891078,0.6631685850304453,12.141121078664426,0.5777444009408539,0,0,True,True,window,4085.3016156825965,0.08813113071310988,10.133393069815172,5.18441636791878,3.2428557899262285,2.1011241178674167,3.2355853183797545,2.1115184170570895,3.2355853183797545,1.2382386767124154,3.2428557899262285,1.2225442626691931,24.533438305662564,5.663654853072407,113.4904924364987,False,False,35.20759928966144,34.740759112034496,61.73061270618964
1077,C45,10.0,4,1,23.3371,421.8408,19.2793,7095.8491,0.0718212252308098,7.96727024653399,1.957589510547285,test,17.24560640231157,31.794232810726264,548310.8249172454,0.7160204979363927,65.65167054969648,0.991471878921441,0,0,True,True,window,3890.3206806825165,0.12959579465929671,14.902552686455367,6.480479897749828,3.3761133944980375,1.6342768066655937,3.367851546829343,1.8118194762351405,3.367851546829343,1.0343141653662071,3.3761133944980375,0.8536088403227565,20.907657578414906,3.406695819110942,194.76195977406687,False,False,51.59295273289898,46.20251364877189,69.2886057777707
1082,Ti6Al4V,10.0,5,1,18.8794,164.3186,22.6329,2610.1759,0.0690528832005871,5.548578698695136,5.765221140383226,test,28.09686248746266,28.828318870661338,809985.3110536963,0.1890582371086324,3.393518670231709,0.3234539274143178,0,0,True,False,window,1932.1626941917405,0.09738880395605168,10.40176720918993,6.492415480895714,3.7963501046932344,2.703900138977979,3.8009284019123415,2.917458589310189,3.8009284019123415,2.155178379724873,3.7963501046932344,1.937583845670163,30.73445796398183,13.997342461376325,63.53838383027181,False,False,28.77632293093082,23.243526822490445,43.29863254881231
1083,Ti6Al4V,16.0,3,2,4.335,5.5316,24.9479,1685.6175,0.0404599344909726,2.964236033883664,4.581609125067504,test,26.083072144049474,2.7786655637833846,72476.13436434793,0.33983485070721947,27.461640060768982,0.6379345298170466,0,0,True,False,window,1551.9926954055616,0.1553246779611961,16.77920269292049,10.327070346084305,3.6760960881691487,1.349000348374862,3.6454045718688755,1.3430984553704097,3.6454045718688755,0.13809397185262756,3.6760960881691487,0.13663662077023564,26.638967404152936,0.6219246812809331,125.31407282057712,False,False,63.30345246642556,63.1563951574832,96.2118341289666
1084,Ti6Al4V,20.0,6,2,35.4281,242.3015,15.2351,1057.7812,0.0491123230358097,10.531185115223892,5.8005275037608595,test,29.455110769114032,19.040673608738597,560845.1502639416,0.9984386998514713,38.62962016167882,0.9986800665354311,0,0,True,True,window,765.3129559950196,0.19270453845115043,17.445185883427637,12.708440394980675,4.524672052043025,2.00362667838073,4.49865783472595,2.0655188965063935,4.49865783472595,0.88994864369944,4.524672052043025,0.825113676578502,30.41148309048669,3.1223738746400573,196.17791596603377,False,False,55.71774804151756,54.0858857821486,80.21746315468214
1103,Ti6Al4V,10.0,6,2,2.5044,383.97339999999997,21.414,2515.71655,0.0529050756137642,5.4984923174608085,5.1010440015510365,test,25.979346655858112,22.39819333399045,581890.4290886683,0.29166340486505976,2.672208298662747,0.4983863514195677,0,0,True,False,window,2483.188312648899,0.09707792372574756,10.487001683075308,6.454418966302691,4.352211907362164,2.350307507913837,4.348986055009441,2.363772587578282,4.348986055009441,1.4022748119933286,4.352211907362164,1.3841408953013628,28.14040896337633,6.839115694180669,97.9016193910759,False,False,45.99740182829615,45.647731271625084,67.75628171127155
1112,SS316L,12.0,5,1,113.84225,537.0768,21.6599,2662.9526,0.0496954948875935,8.10507205527302,7.2695098275091805,test,20.491713149246536,38.98634022607259,798896.9006516109,0.7673594785861954,46.64950439961372,0.7333242020619342,0,0,True,True,window,1859.489650175453,0.13180066922757017,15.121187673290292,7.774141921610708,3.5043909552920156,2.2530791711439666,3.4795016838340476,2.4969714735494466,3.4795016838340476,1.789264938628427,3.5043909552920156,1.54187303764308,21.90411245402229,6.253801604883678,144.05215294528057,False,False,35.70696877465771,28.237670205750707,48.576977360251085
1113,Ti6Al4V,20.0,3,2,12.7171,128.9709,23.9118,933.0702,0.1011318440297451,17.58662473397695,8.812889171888003,test,28.32251956033133,43.87572497171932,1242671.0787352382,0.6154619796898342,3.609054499189381,0.8887163590012676,0,1,True,True,window,1100.5895497515073,0.1946715675372083,20.98747298386517,12.941290735190092,4.794500079689737,2.936936264874862,4.807631584200263,2.8806704174113467,4.807631584200263,1.8894096012689616,4.794500079689737,1.9399787011022518,29.15770738124179,7.594777679598015,174.5769531564038,False,False,38.74363925206321,40.08129851550306,60.699783912762946
1122,Ti6Al4V,12.0,4,2,178.6849,94.4361,36.0,1305.0754,0.0401044551409995,6.620187255947215,4.55467746972399,test,25.81323212310018,6.312714057478243,162951.55329244345,0.1952207395193947,50.61233718558456,0.2707271342689313,0,0,True,True,window,1170.1581758253878,0.1168683659674251,12.478633356623083,7.7908880186431215,3.785185060683622,1.7729223677004926,3.7497952540105506,1.760387657997049,3.7497952540105506,0.6035140263325186,3.785185060683622,0.6048959356271518,26.37616857172609,3.2386959384354834,53.180880219812906,False,False,53.16154060429757,53.05376590590522,83.90541388394375
1126,C45,20.0,4,1,19.3129,45.1703,19.8064,3473.45625,0.1225549049109984,14.51673867940805,7.975188692508832,test,17.519153727006955,197.13446019535627,3453628.9130529803,0.6885928419814323,14.205012467993024,0.9946733810438061,0,0,True,False,window,1917.4482873688798,0.157538129594177,12.764641413232312,12.668531496181398,6.366089180878875,4.930777188389858,6.345847028091195,5.693399011643077,6.345847028091195,5.661002041589519,6.366089180878875,4.898242057187888,20.62653405632637,19.900179336666667,195.39085388677833,False,False,22.54621246589046,10.28149612746609,10.792018519672299
1137,C45,8.0,4,1,3.6562,170.1137,34.8188,8007.8813,0.0566380624404599,5.7751058186332775,3.7673631539807033,test,15.619423120386399,39.471482523803296,616521.7867282209,0.6639316790490756,14.65333382329377,0.8734858329925377,0,1,True,True,window,6655.162569627812,0.10382483601984442,11.992841705065812,5.176516294076038,3.1206947235249345,1.8560668655171897,3.1154351474364383,1.8657548731387312,3.1154351474364383,1.1740644720830722,3.1206947235249345,1.1579521160257913,18.571174419675426,4.627565123222444,171.5851112727217,False,False,40.523920794767875,40.11254335773983,62.31459117198569
1139,SS316L,12.0,3,1,5.3368,182.793,22.7362,3329.1263,0.1307704377643337,15.155316506313602,3.087494018107675,test,21.80661078058612,61.112808061579905,1332663.2191075387,0.7846273744150312,3.505067676625374,0.7504276818621542,0,0,True,True,window,3141.8920501960533,0.13225290533080722,15.209308664551108,7.775089050543124,4.0230851891122414,3.104187311524832,4.03547898616639,3.1542232621958917,4.03547898616639,2.49064119114779,4.0230851891122414,2.4370672917328884,24.77334091525613,10.21431255887133,147.41191262749237,False,False,22.84062689187496,21.83769825072662,38.281398572865804
1140,C45,10.0,4,1,10.6906,106.64959999999999,27.7992,6111.3537,0.1079113405435726,14.597439811050478,2.468342512158512,test,13.833442376711695,95.04879490427064,1314852.027284116,0.7160204979363927,27.377621883926928,0.991471878921441,0,0,True,True,window,3890.3206806825165,0.12959579465929671,14.902552686455367,6.480479897749828,3.594130839899222,2.4926906998658187,3.601947323654176,2.6207433872482437,3.601947323654176,2.1733482969434115,3.594130839899222,2.042131864355928,17.634666974598144,8.169273157746593,194.76195977406687,False,False,30.64552152097744,27.240929648313145,39.66185227998977
1144,C45,6.0,4,1,55.58615,300.846,22.0087,8002.4666,0.0528705783235839,8.946525512505408,3.603748977617827,test,15.416649950997003,54.56408281398348,841195.3646403949,0.31117055317042525,12.458805053447549,0.3831204439986199,0,0,True,True,window,6959.355600718222,0.07776276239392048,8.941229179248682,3.888312275939085,3.409248851320796,2.7983782282540424,3.404815792391856,2.857585009960994,3.404815792391856,2.6564401772543564,3.409248851320796,2.596213401276647,18.13444498593703,13.697710437927144,75.25910728184569,False,False,17.918041472100015,16.07225811316026,21.97991494311566
1149,Ti6Al4V,20.0,5,2,5.70965,279.56960000000004,22.4122,1263.3258,0.1932010849273618,5.431668456643957,2.8986466215469116,test,27.325775488407576,19.214250881606308,525044.3057687114,0.8956613725561368,26.95160419268495,0.9990131681095792,0,0,True,False,window,850.4577209218213,0.1943739102107702,18.35890375310555,12.932649239972225,4.484765114429438,2.0064061817001257,4.475739965729549,2.065675457025723,4.475739965729549,0.7973293857299307,4.484765114429438,0.7314446036753322,30.79950656145282,2.9058268620756493,196.24334950657502,False,False,55.26173321218885,53.84728619530029,82.1855292792917
1153,Al6061,8.0,2,1,852.49205,13.058250000000001,23.9565,7988.2666,0.0497710882783957,5.631446000537998,2.8306672275401104,test,8.838138051365348,12.675597030564553,112028.67643960619,0.2185669750714301,569.8414650017703,0.5238412885326317,0,1,True,True,window,7982.382321930015,0.10382483601984442,11.992841705065812,5.176516294076038,1.3509350281079973,0.6205086855548385,1.3380385225150613,0.6084333332360845,1.3380385225150613,0.22705100925252597,1.3509350281079973,0.23692859795104326,9.570202355820909,1.2766680029584092,102.90191596374225,False,False,54.06820663878489,54.52796589948435,83.03105587530122
1159,SS316L,6.0,4,1,5.4261,171.1168,26.6284,6869.7125,0.05261155208279,6.591699402554034,2.6231927579114953,test,24.365597032305747,24.998115270409095,609094.0032459168,0.3047667013997956,2.6568773741519975,0.24854391498076608,0,1,True,True,window,6212.755985527077,0.06618833296265082,7.645436586979455,3.8823872205570282,4.169595776976742,3.071447313976474,4.154851379688838,3.0862871135676038,4.154851379688838,2.4571202414510935,4.169595776976742,2.438077435627299,28.034916218697884,14.613014125311826,48.82327073585974,False,False,26.33704852311858,25.718471455921502,40.86141676540281
1171,SS316L,12.0,4,2,56.7057,543.44425,26.1643,3006.7877,0.0331828334343019,2.8458627248675277,6.4980257757993005,test,23.44493890265932,7.38025895499918,173029.7202857601,0.6831371054020277,128.84827564295435,0.6537384260436194,0,0,True,True,window,2053.2330687884005,0.1324508147630818,15.152626218756602,7.7908880186431215,3.7154833686176483,1.4852331876096212,3.691396413865993,1.5113670380882216,3.691396413865993,0.44053352000512813,3.7154833686176483,0.40741420364100367,24.419601040594735,1.5000662214626166,128.41854594441568,False,False,60.0258421244877,59.05703780793975,88.06593845217078
1173,SS316L,10.0,4,1,11.56,15.7673,27.3924,3580.5363,0.0878773296879655,8.087406527858008,2.8733058037888175,test,23.808222860838818,29.246644642824585,696310.6335881253,0.6562410735771629,9.530053504925519,0.6018170843133896,0,0,True,True,window,3268.2412925460776,0.11016391339138736,12.666741337268967,6.480520459898474,3.707710218464505,2.4491619762798043,3.694289049100216,2.4729270806530645,3.694289049100216,1.5229603599599337,3.707710218464505,1.492606013505158,26.929559930071456,6.7735956626893845,118.21926295468617,False,False,33.94408322195985,33.060812302833405,58.775278823110305
1174,C45,16.0,3,1,22.65445,569.76625,26.078,4218.51325,0.1864703987156238,6.1220488029313405,3.4572954291271114,test,17.604465109770345,49.94866107558286,879319.4611848425,0.6408862169491099,42.568131120493256,0.9879645301792477,0,0,True,True,window,2405.953113619887,0.20717699860086475,12.581262864172459,10.315514649286296,3.4237777341200837,2.0174525080591326,3.407338602261081,2.2714651056848263,3.407338602261081,1.491913263783272,3.4237777341200837,1.2328381752672584,21.932015890853517,5.236635276448235,194.0729860077269,False,False,41.07524889965963,33.336090983810614,56.21470484931404
1178,Al6061,10.0,3,1,338.2506,323.4612,25.8655,8003.3041,0.0815748780590372,10.12545949597184,5.715408049684009,test,10.479730411965807,113.34672854410768,1187843.1582205181,0.40736424334490723,111.04821348013925,0.9985640413184503,1,0,True,True,window,6366.564903947656,0.11316901621832566,14.187602240643082,6.396415803811627,2.262169688676091,1.6208588950451985,2.243425528964536,1.700957216572915,2.243425528964536,1.4585829351051056,2.262169688676091,1.3769281257611055,12.617819931219314,7.419090835027416,196.15512429728068,False,False,28.349367284034837,24.180357466200356,34.98411619759352
1179,Al6061,6.0,3,1,2188.0613,573.5965,27.2994,7996.0461,0.02584825962077,1.7561779083966564,2.3188051477255804,test,10.209483535875375,2.52499554767781,25778.900472175228,0.13769100722700703,6392.333721310651,0.30446537833954285,0,1,True,True,window,7331.547698836512,0.07786862701488331,8.994631278799359,3.8823872205570282,1.3675628811872624,0.566404550943371,1.3566678379807766,0.5619020876819247,1.3566678379807766,0.07390207876715035,1.3675628811872624,0.0750347696291265,10.868900918493944,0.5079225509685105,59.808326417960444,False,False,58.58292450496742,58.58219145828334,94.55267702983627
1180,SS316L,16.0,3,2,20.322400000000002,101.2656,26.1947,2843.7754999999997,0.0542538838680893,5.37070284856203,9.591367112360556,test,23.7872702642849,23.842897668134782,567157.4507156103,0.9735480059350247,35.23820614940369,0.9953081965682187,0,0,True,True,window,1757.9746844960202,0.17658729198413672,20.2195415877362,10.382852692263665,4.394062912209043,2.0585018482036976,4.371143374671964,2.1868375559766555,4.371143374671964,1.170336529756865,4.394062912209043,1.0353593100841691,24.93415763488928,3.1822434850721186,195.51555527091045,False,False,53.15265417606824,49.971040331277884,73.22584894976835
1183,Al6061,12.0,3,1,11.68095,252.51785,20.7638,8000.7703,0.147547216407858,11.187713246196433,3.892571196125363,test,9.407284125553254,154.22755315605212,1450862.41252785,0.4022991122586075,96.77368687707647,0.9992450460009114,1,0,True,True,window,5310.219532551264,0.11916997826099396,13.593394056195393,7.606191256451867,2.1734704620416228,1.6544706661122128,2.1626834683848934,1.6617282289672408,2.1626834683848934,1.480942820130799,2.1734704620416228,1.4728503186719186,12.877664714360455,8.853169809131265,196.2888989502902,False,False,23.87885204760933,23.163594984695997,31.52290467930672
1187,Ti6Al4V,25.0,4,1,3.7071500000000004,199.0066,21.4079,895.4811,0.1864895031605999,17.924736372841174,6.113456680359529,test,29.75971143401206,73.19988917089974,2178407.5787276407,0.9095426227586599,3.4297248774630824,0.9938514570020243,0,1,True,False,window,796.842808348715,0.24365385061395023,15.649523954052711,16.063425177785263,4.3139143257175325,3.3165066384691353,4.372515480633049,3.424789929981988,4.372515480633049,2.532469889565266,4.3139143257175325,2.4198556519344776,31.830464390206167,12.060863641282621,195.22939742939803,False,False,23.120711538064647,21.67460709627608,42.08208293870654
1188,Al6061,12.0,3,1,152.1035,93.11404999999999,21.2158,8010.784250000001,0.0470835280438927,7.018549321332768,6.251245436572528,test,8.43028144476531,49.64542060393,418524.86813488044,0.4089315202867433,341.4970774950905,0.9984832329064717,0,0,True,True,window,5327.746699268072,0.11184232238866389,14.358064676402137,7.641834118184304,1.4153381489279868,0.7512156193565707,1.408211164647515,0.7747714479004064,1.408211164647515,0.4641001707119934,1.4153381489279868,0.43905819286212394,9.423937603145363,2.531149692522202,196.13925051909513,False,False,46.92324092828555,44.981870095147485,67.04328282838456
1190,C45,6.0,5,1,58.3451,149.73215,20.3095,7992.9801,0.0669521516045962,5.214819925209108,2.1995578582104947,test,16.218237680031265,30.691490563841967,497761.8887188258,0.38896319146303154,26.318530248703105,0.4789005549982749,0,0,True,True,window,6959.355600718222,0.07776276239392048,8.941229179248682,3.888312275939085,3.29371644814326,2.0144796011101453,3.2845519245558465,2.065658338180728,3.2845519245558465,1.440848199018585,3.29371644814326,1.3868883329219313,20.738625562121715,6.782573179479909,94.07388410230712,False,False,38.83870597768817,37.10988939655577,56.132579660361934
1197,SS316L,6.0,4,2,61.259550000000004,458.98585,20.4203,4454.2877,0.0595270135585773,5.325978231632319,0.513282027189649,test,21.401846977376582,2.8993977335632795,62052.466620273786,0.2570529748372785,42.515499065406466,0.20960349748806464,0,0,True,True,window,5269.802928130654,0.06609834803483242,7.60004480236138,3.888312275939085,3.565323975307031,1.3543551749758682,3.549938161987076,1.3352006404179582,3.549938161987076,0.34763726156409397,3.565323975307031,0.3623556114148881,23.766309158685957,1.725812771149307,41.173924156762446,False,False,62.01312463170371,62.38805918606254,90.20723050089683
1216,C45,16.0,4,2,19.631050000000002,212.87675000000002,26.6912,3683.3220499999998,0.1408470380291081,8.515769780703407,7.550781213425401,test,12.868740464109525,133.43298486042988,1717114.4515203277,0.6476368562635065,21.72356381378705,0.9971304942902575,0,0,True,True,window,2415.4852709882566,0.20588602035730408,9.52927156444639,10.332960889058903,4.131296553620584,3.1576665866687947,4.127271995574106,3.348839909240521,4.127271995574106,3.1111902499713544,4.131296553620584,2.918424336829008,15.650452769363252,10.582978913091498,195.87352233299416,False,False,23.567176897492867,18.860692660147897,24.618725072938016
1224,Al6061,20.0,3,0,19.3287,474.6039,20.2829,6560.3642,0.1077205391461913,8.62024429104843,10.456197528517738,test,9.299008798425572,191.0913706919054,1776960.3373672308,0.34118964998590684,71.96893356830805,0.993887630691916,0,0,True,True,window,3189.896920341376,0.2346195615734905,8.516471782932058,10.21031606340781,1.7773283677692462,1.3652114404232467,1.7680939643926155,1.4193799999716676,1.7680939643926155,1.4139034407988589,1.7773283677692462,1.3597105580355806,11.352595998399144,11.230244771858564,195.23650328775403,False,False,23.187438788435824,19.722592319392923,20.032335991567614
1227,C45,10.0,4,1,115.5766,459.507,24.0589,4589.4698,0.1030883239478282,6.350696347956603,5.022619553607309,test,16.902293916966517,60.36477934333129,1020303.2426938146,0.698440209559761,36.8771143644262,0.9664416726801519,0,0,True,True,window,3824.414868796542,0.12921634237997076,14.824693797343423,6.478451601342256,3.52397886435137,2.4188680327913117,3.512529062723781,2.5949102553030094,3.512529062723781,1.9619893771298083,3.52397886435137,1.782277195206701,20.23430473618123,6.48102526981141,189.84509614460552,False,False,31.359746300960495,26.12416270540995,44.143113349547946
1232,Al6061,12.0,3,1,94.64665,527.26205,27.0567,8001.0238,0.1302169631028882,5.622578009359654,1.1823340654594816,test,9.887162739550103,20.77830284950798,205438.46172474304,0.4089315202867433,695.7072114304383,0.9984832329064717,0,0,True,True,window,5327.746699268072,0.11184232238866389,14.358064676402137,7.641834118184304,1.7788807330384642,0.7762104558178378,1.7669859834314388,0.7876074443157763,1.7669859834314388,0.229783812424215,1.7788807330384642,0.21458015929413143,13.106265415621259,1.2424482720564063,196.13925051909513,False,False,56.365233407637675,55.42650299996924,86.99571957113203
1236,Al6061,10.0,3,0,128.5719,9.9762,27.5783,7994.0328,0.0930470719588503,12.9332582776436,3.103633771491644,test,10.174628991020993,89.57118320919069,911353.5574402845,0.4023004042706677,141.91288134658149,0.9977930135224119,1,0,True,True,window,6369.199529859066,0.11715021102647351,13.489704719329803,6.4910143033071215,1.84725501905412,1.2459351973238828,1.8363101426525499,1.2665744140740234,1.8363101426525499,0.9453895075501626,1.84725501905412,0.9225025861535998,12.539662185658269,5.7338542364769145,196.0036657559047,False,False,32.55207405191627,31.02611674058192,48.516893438025264
1237,C45,16.0,4,2,28.55545,491.15675,22.2611,2502.3588,0.1695731457354242,9.652532557361004,6.906122446106482,test,15.568350856801557,113.14677984161254,1761508.7668915058,0.6820078398064134,23.870259163223242,0.9929866466611392,0,0,True,True,window,2404.8994394484475,0.16643559300899505,12.525357075966895,9.726887827262283,4.173772731439208,3.393781229511384,4.176925960903302,3.4102215793681774,4.176925960903302,3.05665984358293,4.173772731439208,3.0383945179495098,18.320918666369153,10.536707271071872,195.05951650750353,False,False,18.687924621589694,18.355709167737242,26.82034893139698
1242,C45,20.0,4,1,6.5093,31.8074,21.5749,3913.0575,0.1124156035251265,9.780019975867644,6.1242470330461725,test,14.01896716295634,105.38899418405406,1477444.8488032506,0.6187901796364313,25.052895370884855,0.9942144736684229,0,0,True,True,window,1936.3955575225696,0.2555746010105142,8.12396899711643,12.144057044805958,3.4228695242304346,2.3414947676362337,3.4231368205565667,2.490418182005182,3.4231368205565667,2.153128329368446,3.4228695242304346,2.0025474078831653,16.588461132922394,9.124914724920552,195.3007074068987,False,False,31.592637374552773,27.24748344706053,37.10072245904651
1256,SS316L,10.0,4,2,10.0554,93.6877,15.2284,3929.2678,0.0971066537687012,8.49923031335301,4.7819814002645105,test,23.85678787344731,62.030901093172474,1479858.0489786067,0.7872222887160624,2.655586994081558,0.7220349409725194,0,1,True,True,window,3898.4604018686687,0.11031388827108471,12.742394311632426,6.470645367595046,5.84579128175452,4.22919130465607,5.863404143821531,4.251819785016794,5.863404143821531,3.590760546238019,5.84579128175452,3.56647903482957,27.64960012687526,12.303300734974373,141.834522106807,False,False,27.654083069029,27.48547293133321,38.759797923502745
1262,C45,8.0,4,1,44.690200000000004,151.13909999999998,22.7508,6031.9187,0.0496901732441339,7.034823546334729,2.4587599204549635,test,13.098416723440904,20.737448253603826,271627.73900649475,0.4790352985723288,86.60841773617395,0.6301343562635215,0,0,True,True,window,4829.122241090303,0.10367663572743735,11.922042149164294,5.184383918199863,2.020825062098922,1.1128979536492811,2.015825170609328,1.1277810079337232,2.015825170609328,0.5770379498275751,2.020825062098922,0.5592156931307362,14.734229333949047,2.652185394765916,123.78182856820862,False,False,44.9285356500194,44.05363002820199,71.37460340108996
1268,C45,16.0,5,1,38.70325,534.48355,22.3787,3267.2622,0.054377773335673,8.824935933093144,3.4444645850974966,test,17.46598867190788,27.00279365768038,471630.48813491146,0.6713312834154425,85.53340771883332,0.993532790238028,0,0,True,True,window,2408.057805117992,0.17913172148168086,9.35000654309988,9.677977621041238,2.4874956042523735,1.4395929281091222,2.4820110275479292,1.4610258214700034,2.4820110275479292,0.7280935749979021,2.4874956042523735,0.702846608599131,19.082197050424192,2.9594686521016955,195.16679942254552,False,False,42.12681519323539,41.13540168621229,70.66517566131796
1272,C45,16.0,5,1,65.99525,594.98295,30.4427,3444.07865,0.0610369850522779,7.744718411065062,3.947242717188111,test,14.938125613874824,32.13184048476274,479989.46936637437,0.6814226012193477,88.57337014011699,0.9913773783751282,0,0,True,True,window,2407.9838731401337,0.16061951352655887,9.70631467550993,10.374961372248068,2.39796088151117,1.4065753085683472,2.3880010507591356,1.4770844630823365,2.3880010507591356,0.8216787564242837,2.39796088151117,0.7459712882805857,16.57366501974641,2.9612282543428368,194.7433963513507,False,False,41.342858450554125,38.14556896393418,65.5913569986464
1273,C45,20.0,5,2,10.4112,139.2662,26.8827,3119.2138,0.0991698482472078,22.819891082422355,5.359323306288267,test,19.618817570123415,189.1552157010379,3711001.669276007,0.7122465923568349,12.378503140035491,0.9986360183011108,0,0,True,True,window,1952.43146448362,0.15672492192126808,12.979479609057307,9.878472976135091,7.588540127994607,6.443866403120305,7.617625669514932,6.689283296725767,7.617625669514932,6.649490110745819,7.588540127994607,6.403803984550862,22.779613026418666,21.932244556479873,196.16926325421895,False,False,15.084241574364585,12.186768070060323,12.709151128855101
1278,Ti6Al4V,16.0,6,2,23.4641,24.1342,21.1076,1421.6607,0.0999254680623226,6.309705506052205,8.769500947064136,test,26.653615158275503,47.1636457645134,1257081.6636685706,0.6553176891650069,7.657048638166011,0.9508810351622564,0,0,True,True,window,1155.9252913651078,0.1558163607123667,16.639092871003196,10.387862727705414,5.090879633421368,2.9640852478290185,5.115523137228294,3.148994236883171,5.115523137228294,2.1792569967120863,5.090879633421368,1.9897473721344232,29.020124861124955,7.487570656082057,186.78840808037518,False,False,41.77656001980584,38.442381113158895,57.39913713120537
1283,SS316L,10.0,4,2,14.9941,583.808,19.2788,2765.8762,0.0384710104202169,12.561724627762358,1.770973382128663,test,20.828729553617734,9.468640419147972,197219.75053088678,0.6857205688675644,29.5110625439006,0.6292600438558622,0,0,True,True,window,3414.230872308375,0.11037397781685857,12.630717325444916,6.492415480895714,3.2652658852213277,1.3852812525424578,3.248506864923246,1.3667340926473228,3.248506864923246,0.4823773310835864,3.2652658852213277,0.49732736211550604,21.75218908790647,1.8460203297002906,123.61008108692278,False,False,57.575238855363224,57.92731400985925,85.15079847014626
1292,C45,6.0,4,1,95.2828,178.56,21.4872,8000.2287,0.0379544939551522,3.1429534913868795,1.4762008917235008,test,18.85997558449409,5.635195879625389,106279.65670357655,0.31117055317042525,98.61049033258423,0.3831204439986199,0,0,True,True,window,6959.355600718222,0.07776276239392048,8.941229179248682,3.888312275939085,2.8086314816827755,1.2260014357375868,2.7912856586693877,1.2279035939827017,2.7912856586693877,0.3465369989543534,2.8086314816827755,0.3403316741237263,21.24611322730728,1.7306181467015487,75.25910728184569,False,False,56.34879678116279,56.009389788931664,87.58503996615136
1305,Ti6Al4V,8.0,5,1,9.72365,38.526849999999996,26.1215,2569.8127,0.0468228455070598,6.218788920606566,2.6265036521522567,test,28.18762149062624,9.826822319910715,276994.7480092808,0.15209103665715,3.675344073149087,0.24860262071639794,0,0,True,True,window,2899.515549926043,0.07775482921936733,8.390627283180487,5.163119649358476,3.103832984444991,1.975018306885385,3.078933042948456,1.9533434438446022,3.078933042948456,0.8503057599122202,3.103832984444991,0.8648010930084444,29.95413302070443,6.338106559403729,48.8348027261912,False,False,36.3684090998683,36.55778100409627,72.38310323572517
1309,Ti6Al4V,16.0,6,1,15.6333,291.7136,30.5832,1507.3352,0.0895871612263178,11.077946930268116,9.656801025795952,test,28.63799727554766,86.67611358663292,2482230.3047490534,0.6560595129096453,5.150708971540238,0.8663409221172421,0,1,True,False,window,1051.934315094453,0.1558472404758684,16.65693470675065,10.386721599276136,5.180052193449356,3.960866793806839,5.241872858785378,4.377629914549956,5.241872858785378,3.655931945476642,5.180052193449356,3.233412366647747,31.05500632861813,16.080279616109735,170.1815849861291,False,False,23.536160527190958,16.48729313964474,30.255234265186328
1321,C45,12.0,4,1,19.6749,194.7797,26.261,4307.884,0.0393970244213448,13.214020515825878,7.0937536857007295,test,16.643936008931373,63.6353584295399,1059142.8336066736,0.7003170415250054,37.24160022585649,0.9971296663933082,1,0,True,True,window,3186.0114614547247,0.15057354512438176,13.90630440478553,7.340195719208569,3.1731206582576577,2.128526157116991,3.183963864103483,2.1566814706296373,3.183963864103483,1.6268317744743066,3.1731206582576577,1.5952026791235387,17.82092450409601,6.488130010501977,195.87335970323556,False,False,32.92010023073776,32.26426044138225,48.90545735096218
1322,Al6061,12.0,3,1,33.2324,214.0412,26.5918,8001.9776,0.0982650745680354,10.800729772780938,5.889773872261362,test,5.136827720865687,150.0615733751545,770840.449950214,0.4022991122586075,182.1457408219278,0.9992450460009114,1,0,True,True,window,5310.219532551264,0.11916997826099396,13.593394056195393,7.606191256451867,1.1346007077805913,0.8756723514437985,1.1280696320301333,0.8880542966322712,1.1280696320301333,0.8086014546213162,1.1346007077805913,0.7956897227918278,6.399066566779815,4.703672340140245,196.2888989502902,False,False,22.8210994899947,21.276641847535416,28.319898731241036
1334,Ti6Al4V,10.0,4,2,11.60175,52.303349999999995,26.2993,2489.3562,0.0825609166768696,6.448139834818663,5.2746588594960295,test,29.08949780555384,27.96084971809891,813367.076516059,0.19444226991003982,1.2744819064831063,0.33225756761304515,0,0,True,False,window,2483.188312648899,0.09707792372574756,10.487001683075308,6.454418966302691,5.176933194372299,3.509074413667003,5.180124790446597,3.517021473845917,5.180124790446597,2.6814528248296083,5.176933194372299,2.6680168032748393,31.58057125110286,13.713725535914502,65.26774626071727,False,False,32.2171200223016,32.1054681861689,48.2357484944213
1335,Ti6Al4V,12.0,3,2,41.94215,75.40375,21.2368,1567.28305,0.0802680212152286,4.3244823155136976,2.392241008191832,test,26.391053042560088,3.9043640436460048,103040.2785733261,0.17369744510063354,17.21654510817892,0.3080560502391971,0,0,True,True,window,1774.968721051862,0.11669373999777108,12.525313017865619,7.775089050543124,3.7168579162450026,1.5140331177582413,3.6903717140629673,1.4909776833776736,3.6903717140629673,0.33625385094108884,3.7168579162450026,0.3537766301443687,27.42857365785953,1.8129757044196784,60.5136679520472,False,False,59.26577900271716,59.598170620699875,90.88834738084186
1338,Ti6Al4V,16.0,4,2,24.5976,44.7338,32.8856,1394.8322,0.0934831690056189,3.548079413487511,4.1862715451535895,test,26.953685616388434,7.747045551002809,208811.4302375704,0.43698944026156816,26.95895602159338,0.6624336433445226,0,0,True,True,window,1207.6016838698376,0.1558220863296827,16.642827534703887,10.387864769433142,4.070054461566159,1.7217178241097324,4.0396683080504046,1.7309800340828116,4.0396683080504046,0.42430526188214635,4.070054461566159,0.40367676981685274,28.41809434090784,1.7304931287944898,130.12661008439665,False,False,57.697916812464115,57.15044151933838,89.49653215248948
1340,Al6061,16.0,3,1,125.77494999999999,259.8351,25.7541,6101.18095,0.0795685061858906,4.321922231873641,8.363922550743066,test,7.527654148389624,52.64574982118826,396298.99703655014,0.3771821534377988,366.278312567452,0.9957488798335773,0,0,True,True,window,3986.704470912079,0.1464325037077069,10.757800176739693,10.381911025366843,1.1788562726706517,0.6821083329411639,1.1708224787554393,0.702609827919363,1.1708224787554393,0.41033797880873396,1.1788562726706517,0.3879706606168046,8.669650692252851,2.3956626852327565,195.6021218576444,False,False,42.13812584668403,39.990063338532494,64.9530149741475
1350,SS316L,12.0,4,1,25.48185,589.34515,18.6384,3944.45735,0.045497500941049,3.6263176878586463,7.717849262476522,test,24.868763960439296,20.090786518646432,499633.0277117941,0.6831371054020277,44.6219121980527,0.6537384260436194,0,0,True,False,window,2053.2330687884005,0.1324508147630818,15.152626218756602,7.7908880186431215,3.5404418399276834,1.925999119313011,3.5179554224964993,2.1455445659176884,3.5179554224964993,1.1553179573304173,3.5404418399276834,0.9319837708727594,26.728356374094005,4.331525397832121,128.41854594441568,False,False,45.600035069285276,39.01160451899321,67.159391789264
1356,C45,20.0,6,1,15.67125,9.55845,26.7029,3079.9322,0.2302071159594662,8.921047196944718,4.549055676344081,test,18.01143609418069,172.64270815591965,3109543.1050766343,0.6196545889804448,12.589922463594968,0.994669893785106,0,0,True,True,window,1916.8269870075474,0.24802982473745944,5.355691815172068,12.789367237213487,6.008609329865139,4.722469447110859,6.003068594217818,5.114708618578875,6.003068594217818,4.8638087802745815,6.008609329865139,4.469887235131366,25.99300485038801,20.643438388624404,195.3901688594436,False,False,21.404950998588998,14.798431197248279,18.97795762388217
1358,SS316L,16.0,4,1,20.60705,556.71865,27.3929,2441.0852999999997,0.0567274752043389,6.88574703819609,9.382411642011068,test,22.253169239461492,35.78507638506154,796331.3610438312,0.995503565939492,51.75001317149425,0.9952302349375921,0,0,True,True,window,1467.4295509851852,0.1761816027916197,18.484528147292718,10.227302911379233,3.340845831342817,2.1357699981970737,3.3215934480976097,2.246837325716495,3.3215934480976097,1.3501679458969162,3.340845831342817,1.232880912539941,23.537145633288123,4.512087518922154,195.50024070648277,False,False,36.07098004463666,32.35664265284075,59.35180006240066
1368,Al6061,12.0,3,1,176.8209,555.5803,27.5207,7997.685,0.0997294064005462,16.170420789313486,3.9872792394410426,test,9.711857575307535,154.27897913236188,1498335.472197342,0.4089315202867433,95.3891981997043,0.9984832329064717,0,0,True,True,window,5327.746699268072,0.11184232238866389,14.358064676402137,7.641834118184304,2.4285909902216702,1.7375507809131392,2.4095650724166617,1.91886776608154,2.4095650724166617,1.7740007614307343,2.4285909902216702,1.5916727480979327,12.132551361860752,9.061615350715972,196.13925051909513,False,False,28.454367659720926,20.364559229063655,26.37672326269617
1369,C45,12.0,5,1,27.9152,366.8492,17.5516,4567.4246,0.1287252116622118,12.56980103554091,5.295417865480726,test,13.603526951583701,195.67423531920235,2661859.7338953004,0.6900755976885248,14.374613252789793,0.9936646868417905,0,0,True,True,window,3197.2286043419836,0.15449603049668037,10.278817674843594,7.688814953762946,4.877862845942472,4.088033221644821,4.8868514668935115,4.46056483249944,4.8868514668935115,4.433215388579744,4.877862845942472,4.060590485277651,17.769201088814654,17.145504138271388,195.19270882207815,False,False,16.192124486539246,8.72313466619551,9.282788343107473
1372,C45,8.0,3,1,33.180049999999994,292.68005,22.4867,7985.0224,0.0590431078276114,4.409614034469372,2.6249604990389845,test,15.124851537395433,16.371555821999337,247617.35124392182,0.36268746399265117,69.22199876121985,0.47709979392967916,0,0,True,True,window,4875.661476913911,0.10368795309959075,11.919320703128042,5.184398289568079,2.5496666374874644,1.2235965581805002,2.5361372909079183,1.2946101926570863,2.5361372909079183,0.644309434723594,2.5496666374874644,0.569886589110579,17.353217366019813,3.059500294682629,93.72014764012316,False,False,52.00954743690425,48.953465677971025,74.59485190200661
1377,Ti6Al4V,25.0,5,1,26.744,76.0736,25.8508,964.804,0.1457073706820916,9.573530724221325,11.511035876017392,test,26.785227168530348,77.45994136306928,2074782.1258708506,0.9941545891971862,8.73624219560878,0.8329283255728221,0,1,True,False,window,610.8919873640593,0.2436766593283079,13.667560307512758,16.083923634946782,4.636034765046032,3.346123753770874,4.692033268813047,3.981483134904367,4.692033268813047,3.2783781339136486,4.636034765046032,2.638507048704329,28.746394823858314,13.663785335945796,163.61810807621356,False,False,27.82358365818575,15.143757369146469,30.128838691227212
1378,SS316L,6.0,4,2,5.97575,472.52555,28.3089,6265.37285,0.0598364168791127,5.501311739427248,1.3850987888649111,test,20.855860849168206,11.426665032814583,238312.935894437,0.3191539248498964,5.821156361740056,0.2601119506556284,0,0,True,True,window,6531.722424120785,0.06609160483646223,7.641464132896516,3.8723397370188573,4.18847137961397,2.0866709385794255,4.173534467935237,2.0771781516858367,4.173534467935237,1.1943547969961208,4.18847137961397,1.197456139099945,24.113698055452666,5.5029852745292756,51.09566327332981,False,False,50.180608879515766,50.22975926892311,71.38265405084816
1393,Al6061,12.0,2,1,13.470849999999999,594.09485,35.4857,8008.6952,0.0570345635551602,11.961766026972418,3.298326204736928,test,6.49560843293248,36.04282241528024,234120.06122738216,0.3726248708585082,520.0364711965727,0.9997882467115449,0,0,True,True,window,5324.946204871197,0.1551811928065809,15.266667442176399,7.7840068711093116,1.020505349805421,0.5239175818959406,1.0151328236646864,0.5204294596839556,1.0151328236646864,0.2355878272230047,1.020505349805421,0.23637347458681435,7.11373653359382,1.3973041431855562,196.39560377692507,False,False,48.660966647961665,48.73287046268723,76.7924135905172
1394,Ti6Al4V,25.0,4,2,7.2593,57.2353,24.6763,669.9121,0.091896756472518,7.78305557035657,8.197163175028253,test,25.8676916081734,15.71056153800111,406395.9608562431,0.9941691098119493,25.773619987366448,0.9963782827661231,0,0,True,True,window,733.325922927539,0.24217595736704245,17.52368435030803,15.722967339842526,3.7529349571877697,1.6928667489613367,3.732834403216768,1.6936261736197709,3.732834403216768,0.570291349923101,3.7529349571877697,0.562776957578931,26.531227528411996,2.22999890398223,195.72576000738545,False,False,54.892190558243186,54.62894972891672,84.72229709864298
1396,C45,10.0,4,2,4.2054,598.99335,16.3753,8000.0143499999995,0.1020879403755432,11.530196666923183,5.1947662490501685,test,18.372453824396764,195.67165780873967,3594968.497834234,0.7208031619178988,9.782926242715089,0.9978694736019962,0,0,True,False,window,3919.8032180260775,0.12946850757574735,14.900457480136494,6.480514272733018,8.16541643050849,6.534702747783368,8.189674739265335,6.994085201453813,8.189674739265335,6.889502697350887,8.16541643050849,6.42981129151178,24.624484940882258,22.217989904561886,196.01868535985002,False,False,19.970980005775058,14.598742634787156,15.8757470022684
1398,C45,8.0,4,1,30.182499999999997,558.58115,20.9705,7415.0496,0.0627214142154074,7.306166724564949,2.176841078671929,test,19.186202838733085,29.587358680051448,567669.0650978171,0.48358328532353495,40.25953155907776,0.6361330585729056,0,0,True,True,window,4875.661476913911,0.10368795309959075,11.919320703128042,5.184398289568079,3.5975718478056566,1.9327306212628346,3.5880256955094016,2.042482980630134,3.5880256955094016,1.259452858173891,3.5975718478056566,1.14602486619516,22.904188344165213,5.499715756683289,124.96019685349756,False,False,46.276802715095016,43.07501801934121,64.89844373884611
1400,C45,8.0,4,1,15.0586,511.6223,22.4205,7999.7963,0.0591011004865432,5.823531570886765,3.0621573208991206,test,16.125401371349806,33.72472531511176,543824.7318446988,0.5898033093793016,23.17876711839674,0.7758539041773758,0,0,True,True,window,5945.623997165682,0.10368368319189397,11.92163890566491,5.18441636791878,3.1373177789725757,1.7294406281368273,3.129026546651556,1.7841128991830904,3.129026546651556,1.1103187362453915,3.1373177789725757,1.0521300514927392,19.3020837057962,4.484790932253391,152.406568545672,False,False,44.87518479230391,42.981854817041715,64.51552201007787
1406,Ti6Al4V,20.0,4,1,43.9516,484.7347,25.7399,981.44985,0.0602481200569068,14.966305340796884,10.073961989756192,test,29.10932987228697,35.66042490354332,1038051.0719031598,0.8160230992091346,22.06956002931964,0.7520198174136983,0,0,True,True,window,702.0949054952329,0.19478060994570853,20.797722261038473,12.9848133644052,3.6510812974899203,2.448220722951058,3.636008492878905,2.570799755818158,3.636008492878905,1.5274465032830309,3.6510812974899203,1.398211901826725,29.82651715325247,7.427332971745385,147.72466727725813,False,False,32.94532431709521,29.296101457049687,57.9911183850499
1413,Ti6Al4V,10.0,4,2,12.3018,455.4687,23.0048,2401.39,0.0306149113981782,2.337922082831759,2.5042848707212952,test,28.58455878194632,1.7217474914604867,49215.392377320895,0.1818158038784045,25.857027553092966,0.3107532758954975,0,0,True,True,window,2319.612439940835,0.09719353652420916,10.48828410397561,6.453899561698095,4.036704714462148,1.4760658843135612,4.009373570183745,1.4674602990704155,4.009373570183745,0.16234305238136684,4.036704714462148,0.16386560230647718,29.460179353116164,0.8819708519019993,61.04350340773902,False,False,63.43389004835266,63.39926241886302,95.95091229241761
1419,Ti6Al4V,12.0,5,2,7.2288499999999996,75.80625,21.1174,2235.83795,0.0404000022655666,10.166740012355428,3.2505115056193596,test,29.295095466167783,14.925371253102538,437240.1757276351,0.31554978337578504,5.238802125888973,0.5593558966118957,0,0,True,False,window,1933.0103666173623,0.11663224382905099,12.585940924770734,7.7446794740377145,4.634713316596099,2.130957999010813,4.6107252612992085,2.1453759840085493,4.6107252612992085,0.9641467369507476,4.634713316596099,0.9441205291548928,30.673305482081652,4.446574201185151,109.87830613393025,False,False,54.02179480270711,53.46988028074295,79.08904386380483
1428,SS316L,8.0,4,2,30.4326,39.7087,19.664,4596.4578,0.0490790794755167,3.0448298432433485,4.365324278514538,test,24.496746096807794,11.993866638034259,293810.7057508989,0.44211239002029684,14.454754633251818,0.38516293396056933,0,0,True,True,window,4085.3016156825965,0.08813113071310988,10.133393069815172,5.18441636791878,4.460268798408752,2.054168292040557,4.4424900798572775,2.0667632807266187,4.4424900798572775,1.0717020839716358,4.460268798408752,1.0549163141343054,26.799337319812874,4.465847447708573,75.66032829099915,False,False,53.945190640227715,53.47736869244699,75.87609505689507
1440,Al6061,6.0,3,1,1163.7933,252.1865,25.8002,8012.0755,0.0668947091145196,8.070193770363122,3.2307067381122274,test,10.909010884588614,41.92176483498243,457324.98888598755,0.13779142483570278,359.5415238632153,0.30468742396067117,0,1,True,True,window,7336.894572991787,0.07786862701488331,8.994631278799359,3.8823872205570282,1.8285122866192356,1.4739861759395514,1.8165479805738056,1.4740194082117493,1.8165479805738056,1.3001529195381798,1.8285122866192356,1.299007014084166,12.736152458539392,9.005117266739177,59.85194443804715,False,False,19.38877377385158,18.856015697083844,28.42727340857292
1443,Al6061,12.0,3,1,64.4711,23.1317,23.6173,7993.4038,0.1285225105942851,11.259424593295067,5.054099270124713,test,6.583211967563952,175.38488911091682,1154595.9009248642,0.4089315202867433,123.78791507279108,0.9984832329064717,0,0,True,True,window,5327.746699268072,0.11184232238866389,14.358064676402137,7.641834118184304,1.678309975999895,1.304325696194431,1.6616356270361796,1.3580965591998766,1.6616356270361796,1.2794737795182762,1.678309975999895,1.2252592025040405,8.696695234368281,6.982751282228534,196.13925051909513,False,False,22.28338537895263,18.267486740021248,22.99913659167001
1444,Al6061,8.0,2,0,531.4227,23.8225,26.014,8020.0959,0.0623956337257629,2.400055717677291,1.6766314250038532,test,9.87810602730841,4.027380685577377,39782.89342446737,0.2185669750714301,1604.6742609548942,0.5238412885326317,0,1,True,True,window,7982.382321930015,0.10382483601984442,11.992841705065812,5.176516294076038,1.189162272808597,0.5597686246374538,1.180414163697422,0.5548848347988602,1.180414163697422,0.06695585250857572,1.189162272808597,0.06868158948197678,10.907937611978396,0.4533620204600225,102.90191596374225,False,False,52.927482023510855,52.99236048974629,94.32776608687503
1446,Ti6Al4V,8.0,3,1,28.8014,421.259,20.8134,2586.06,0.042143205609432,5.293980227491872,0.6492409938092296,test,27.811219907391045,1.1237654285822045,31253.287458623236,0.08694437821745463,22.960106983482117,0.1421946174402028,0,1,True,True,window,2751.473874378768,0.07786862701488331,8.394989193546067,5.176516294076038,2.6370579245131522,1.3884283403743825,2.609814771886851,1.3782992440762691,2.609814771886851,0.13960677670481603,2.6370579245131522,0.14399256819913445,28.758407988863112,1.1938083117215224,27.932312505024598,False,False,47.349342330782854,47.18785183824434,94.65070171995836
1452,Ti6Al4V,25.0,4,2,31.80155,12.681000000000001,28.9856,767.9086,0.2366902420671189,22.723635327035137,4.410124479070884,test,26.603420729818122,72.85821642723967,1938277.785238003,0.9998324374684819,6.7524061710180545,0.9357024460575813,0,1,True,True,window,682.2668633456179,0.24366916397156754,17.1576620968699,16.1097405455986,5.5762960036749565,3.8034031601581875,5.614576990050742,4.005934601439144,5.614576990050742,3.1793590666556923,5.5762960036749565,2.97066024470071,28.618147357377065,11.275655495606689,183.8067685367023,False,False,31.79337758161289,28.651176953529678,43.37313261017446
1453,Ti6Al4V,16.0,6,2,42.5501,432.3012,28.5775,1261.4063,0.0650337829117308,12.227433495543638,4.690784566525681,test,28.721077675144603,28.230986869770142,810824.3667326557,0.6557159058988601,18.282156128200867,0.8237268077800943,0,0,True,True,window,1001.2434887880999,0.15559260799076102,16.700141197842914,10.365896698811339,4.951104990669811,2.564127558253868,4.931284257769821,2.6552898944255876,4.931284257769821,1.4816490087166694,4.951104990669811,1.3818862524249638,30.1936436503367,5.498844982056251,161.81058768525992,False,False,48.211004147844186,46.154191167506426,69.95409448599204
1455,Al6061,12.0,3,1,116.40845,257.1974,21.0531,7996.8608,0.137978522174547,7.613422413167877,5.0473176666142425,test,7.264476463385984,127.20167951949779,924053.6069725587,0.4089315202867433,154.67178337774098,0.9984832329064717,0,0,True,True,window,5327.746699268072,0.11184232238866389,14.358064676402137,7.641834118184304,1.6849922371195325,1.146678609868623,1.6685174666659341,1.2353690972287992,1.6685174666659341,1.0471560750624376,1.6849922371195325,0.957576411603641,9.769347483126447,5.588480353833709,196.13925051909513,False,False,31.94754345997155,25.96007402323818,37.24032885583833
1462,Al6061,16.0,3,1,22.39,368.6981,22.5531,6301.8961,0.0644041418737471,17.00179036006933,7.881157180360477,test,9.570219260774413,163.15144976798064,1561395.1469927975,0.37404744185923,89.61053663379694,0.998829988756907,0,0,True,True,window,4003.428660968588,0.15335612414777278,10.371414587832987,10.271239132485345,1.9128257350542839,1.5484249745146217,1.9137168913868496,1.5536574823571434,1.9137168913868496,1.4945131853934617,1.9128257350542839,1.4889692087421968,10.784046687475703,9.484677497826805,196.2073662674383,False,False,19.050389894995895,18.81466431373635,21.90521011128222
1464,SS316L,10.0,4,1,18.986,332.201,20.9217,3756.8726,0.0779747343783868,6.829620724447129,4.859757867763027,test,21.329797125570465,38.89122125772547,829541.8593929576,0.5666011830456659,12.460032271217223,0.5196459079011011,0,0,True,True,window,2819.9192704729694,0.1102114306601224,12.674214301934356,6.478685436757087,3.509252999803459,2.47453865813653,3.5034081828073655,2.5944722352290044,3.5034081828073655,1.9309105160867521,3.509252999803459,1.8078739528438614,23.933286772068733,9.178913254489597,102.07778713955017,False,False,29.48531615488766,25.944334777742306,44.88479745059376
1474,C45,6.0,4,1,64.1861,455.3186,29.548,8002.0323,0.0734161601857607,6.276953930651478,1.135759943569286,test,17.98873995274235,16.752801651631312,301361.7923910682,0.31117055317042525,34.77643591367564,0.3831204439986199,0,0,True,True,window,6959.355600718222,0.07776276239392048,8.941229179248682,3.888312275939085,3.318209504541422,1.7937253391049306,3.3008741674461484,1.825507909271743,3.3008741674461484,0.988871421364549,3.318209504541422,0.9506936584187905,22.392072326561575,4.907262620250224,75.25910728184569,False,False,45.94297506983893,44.69622843320564,70.04213516779924
1475,C45,8.0,3,2,19.5629,128.0123,25.2737,7997.1718,0.0656717993004152,7.309953212728703,2.4677414951289225,test,17.70482286945612,28.42175275351092,503202.09814038756,0.4979487592868068,13.464917351768085,0.6551143747444033,0,1,True,True,window,6655.162569627812,0.10382483601984442,11.992841705065812,5.176516294076038,4.234406042987151,2.057277408521509,4.222159084379851,2.0990415171865426,4.222159084379851,1.362933028012285,4.234406042987151,1.3165907588966643,20.61056418929907,4.754552124402588,128.68883345454128,False,False,51.41520705297766,50.285115382030924,67.71952451875764
1476,C45,6.0,3,1,75.61070000000001,27.89875,23.3861,8008.4123500000005,0.0653280089534429,7.584466516034956,3.1799230819594984,test,15.916687233470986,37.85373670108733,602506.0876893688,0.233377914877819,13.045871163033393,0.28734033299896494,0,0,True,True,window,6959.355600718222,0.07776276239392048,8.941229179248682,3.888312275939085,3.3136037245910988,2.559343585744612,3.2957981683530475,2.6301260425226873,3.2957981683530475,2.353551091878165,3.3136037245910988,2.281230296911158,18.518934451114646,12.479569100955006,56.44433046138427,False,False,22.762532925978135,20.197599847657088,28.589344017559647
1478,C45,12.0,5,1,51.92115,393.84285,16.2651,4651.56725,0.0984646167167541,6.490004193854945,1.8824884546339349,test,17.157015316764546,27.97865299481847,480030.1779745408,0.6900755976885248,79.70999733676796,0.9936646868417905,0,0,True,True,window,3197.2286043419836,0.15449603049668037,10.278817674843594,7.688814953762946,2.908213277764969,1.542361163895497,2.9021304425702956,1.653264923740384,2.9021304425702956,0.8648201156298821,2.908213277764969,0.7516212612186554,21.249810475946184,3.091958339560415,195.19270882207815,False,False,46.96533518749222,43.03271488113551,70.20050846288125
1484,SS316L,10.0,5,1,2.30825,584.50415,22.9243,3150.8539499999997,0.1029912342349023,7.94811808132006,5.42519257492497,test,20.940224505726245,69.96454422598613,1465073.2635329624,0.9840278608950783,3.3529823096335547,0.9025436762156495,0,1,True,True,window,3898.4604018686687,0.11031388827108471,12.742394311632426,6.470645367595046,3.9780199613868588,3.2923684278464935,4.01097035377282,3.305210912533055,4.01097035377282,2.6495734649264735,3.9780199613868588,2.6331914996424097,24.479453315876988,10.114491487919897,177.29315263350875,False,False,17.236000326688313,17.59572819020988,33.9418337402016
1485,Al6061,6.0,3,1,2051.39205,9.130849999999999,20.6244,7995.73755,0.0719565197691764,3.829178481447242,1.3067691351000097,test,6.270836548711928,8.636830833827911,54160.15445781018,0.13768907428795987,3042.721657690277,0.30446110418228195,0,1,True,True,window,7331.444776829412,0.07786862701488331,8.994631278799359,3.8823872205570282,1.0307553340652822,0.4510516289428963,1.0208736855427791,0.45057066218346853,1.0208736855427791,0.16646056842478532,1.0307553340652822,0.16564394758162804,7.398304441749474,1.067132074213948,59.80748681447575,False,False,56.24066992077004,55.86421037545809,83.69430314620351
1491,Ti6Al4V,12.0,4,1,11.469,456.8852,28.5531,2012.9165,0.0495615708498833,8.848730866184562,6.97351050058795,test,25.555338652345174,24.624264045228276,629281.4067405757,0.24051629703952354,3.420944028931088,0.42658385232060836,0,1,True,True,window,1834.3159162525121,0.11680294052232497,12.592483790319102,7.7647744411140565,3.0540507476238843,2.139382780783618,3.040732968926895,2.1500026645400423,3.040732968926895,1.2738890896133528,3.0540507476238843,1.2568560687112356,26.617624073965153,8.17999820136001,83.79693751507381,False,False,29.949337533172855,29.293276111029254,58.10585465309961
1495,SS316L,6.0,6,1,15.468499999999999,45.5527,25.6926,7862.79185,0.0334446457967303,3.8625988147526407,2.7582058390090207,test,20.948418606166122,16.809736527475042,352137.39743690845,0.3855794622559178,11.237907159831389,0.31440524623209704,0,0,True,False,window,5269.802928130654,0.06609834803483242,7.60004480236138,3.888312275939085,3.81789757004548,2.049956164939262,3.785517125094739,2.1490468198837873,3.785517125094739,1.3365707944391756,3.81789757004548,1.2323104581828481,24.39139972209138,6.942887228703503,61.76088623514369,False,False,46.30667462053356,43.22976890957787,64.6925175538408
1509,SS316L,12.0,3,2,26.87885,407.65595,22.3255,3450.48895,0.0834365507146688,5.213348630678479,3.4045794733476,test,23.63009606952527,15.32987036659073,362246.3094959075,0.6796345958648083,19.784184445241028,0.6499624510584611,0,0,True,True,window,2723.534410455065,0.13219669606966483,15.20008960472276,7.77662455187817,4.24758653647659,1.9128646891896663,4.229095360554433,1.9881831884254262,4.229095360554433,0.96121564798325,4.24758653647659,0.8805725388306156,25.756043356059408,3.1564371097846577,127.67680399106112,False,False,54.965845362707924,52.987979250371495,77.27136500754537
1514,Ti6Al4V,12.0,6,1,45.0992,55.4054,21.2138,1470.9825,0.1024252239341223,6.423225486451836,5.700156295262988,test,27.367197171695373,33.098294100979054,905807.5407082556,0.29325921545311834,10.941530072403827,0.4376622406358905,0,0,True,True,window,1260.6120529824173,0.11657845680478089,12.584053578209485,7.748029189222637,3.467395540913541,2.5656591172128573,3.4754090575470755,2.669104857280289,3.4754090575470755,1.8379638527735855,3.467395540913541,1.7305428130432916,29.944258575681932,11.50366291517901,85.97314509624053,False,False,26.006159754797014,23.200267563205113,47.11517918207849
1518,Al6061,8.0,2,1,131.2337,61.1764,19.2229,7989.7495,0.0993503215901836,3.3866057184189975,2.747185139942566,test,8.86057720055356,14.770153274082093,130872.08334901332,0.2185669750714301,487.79375609317674,0.5238412885326317,0,1,True,True,window,7982.382321930015,0.10382483601984442,11.992841705065812,5.176516294076038,1.3545346055414342,0.6344696736794,1.3445742286666331,0.6310307931351564,1.3445742286666331,0.23871331927096676,1.3545346055414342,0.24056467468412526,10.325865956262826,1.4914056525720267,102.90191596374225,False,False,53.15958181623644,53.06835579015021,82.24617769837145
1522,Ti6Al4V,10.0,6,2,16.2972,172.4747,21.4986,2634.7283,0.0968770735201905,4.454638530959428,2.963162958295968,test,27.07063915085195,20.21510972762402,547235.940831387,0.2598421045342288,4.097745883529058,0.4443581795006338,0,1,True,False,window,2201.1790995030146,0.09733578376860415,10.493736491932586,6.470645367595046,4.9753914021510015,2.5635394081467373,4.975314717595745,2.690214728967459,4.975314717595745,1.5935625219004963,4.9753914021510015,1.4615283908963153,31.389163518781007,7.108789985763773,87.2884765782019,False,False,48.47562330395861,45.928752618337484,67.97061869745268
1524,SS316L,16.0,5,2,116.31885,389.6909,22.2834,1822.6787,0.0632535562399373,12.832942868302258,10.011878548047957,test,22.703938846065878,74.0639556890939,1681543.5206629208,0.9961884282376919,27.238400930440395,0.9519274025905493,0,0,True,True,window,1413.6356655833486,0.17591722048018124,15.692768375115673,9.583235191054642,5.927772146594561,4.023115312982103,5.899069085039477,4.251167331780559,5.899069085039477,3.6192658010675007,5.927772146594561,3.3879470469579633,24.06725018063759,10.157231850164663,186.99395356816024,False,False,32.131073639641535,27.93494582794651,38.64683140859876
1527,C45,16.0,6,1,8.354949999999999,197.54385,24.161,4514.185100000001,0.071212123519245,7.7445975625486145,2.4280200582887734,test,16.96012315216695,36.26900782306107,615126.8392860222,0.6600966160147864,63.18233917550971,0.9924102825809227,0,0,True,True,window,2391.3289343205374,0.2035944117680192,7.7677646381780505,8.591371722251177,2.955696918632659,1.6586590232060092,2.955417081366623,1.7113292332074734,2.955417081366623,0.9628573284962886,2.955696918632659,0.905820447844072,20.367673788796306,4.115506287594411,194.9462971614052,False,False,43.8826419329447,42.09517012007887,67.42059404857162
1532,C45,16.0,4,1,30.140900000000002,94.01205,23.5604,4105.61855,0.0729170191727862,4.553986977633485,8.276918965032309,test,18.75599229770644,45.13651067261698,846580.0465209486,0.6476368562635065,44.06180551558128,0.9971304942902575,0,0,True,True,window,2415.4852709882566,0.20588602035730408,9.52927156444639,10.332960889058903,3.299811009930264,1.9483235112134163,3.2873904282907613,2.1111405828233734,3.2873904282907613,1.3830841717858857,3.299811009930264,1.2161728358048232,21.095563717847885,5.217671293047852,195.87352233299416,False,False,40.956512195691154,35.780655541999764,57.92759631216048
1537,SS316L,20.0,5,1,213.5833,332.658,23.4695,1257.2661,0.1438186662465839,23.243006961089577,5.724047861250259,test,23.69975322381117,120.2840480911101,2850702.2565203444,0.9988744110020609,14.293181488635721,0.7908769984334418,0,0,True,True,window,1120.2807016159068,0.20684808878600597,10.505560927907936,12.763361280927722,7.020076304271257,5.804557447322393,6.950545922746344,6.103414250542427,6.950545922746344,5.857443984507799,7.020076304271257,5.557211832295888,25.931706288973725,20.56389162387432,155.3576631166697,False,False,17.314895227125945,12.18798755694277,15.726850097648619
1540,Ti6Al4V,12.0,3,2,81.01635,266.8892,23.8268,1428.5346,0.0319874229671211,12.595813787893896,4.784816998782448,test,25.51392706599652,8.261955192696549,210794.92220899096,0.1508368736306774,12.813837745515071,0.2674948878538947,0,0,True,True,window,1542.5478100846462,0.11664414359088071,12.517720850948155,7.77662455187817,3.6559952188482017,1.7999599348520212,3.626977615280603,1.7416275976235964,3.626977615280603,0.747388101864601,3.6559952188482017,0.8000361971924955,25.878259091405255,4.237195907198797,52.545946784333076,False,False,50.766895821622896,51.98129731250479,79.39363897047986
1542,C45,8.0,4,1,10.21285,513.58955,22.3691,7986.93495,0.075682619865199,7.224254260629058,0.7422168964428563,test,14.020264035437883,12.964630856216363,181767.54772613852,0.5898033093793016,69.34783997660863,0.7758539041773758,0,0,True,True,window,5945.623997165682,0.10368368319189397,11.92163890566491,5.18441636791878,2.452286096935647,1.0810398311599645,2.4418369168559657,1.0937064803230483,2.4418369168559657,0.364019861542139,2.452286096935647,0.3475585387811016,17.55145541428413,1.4989929697660698,152.406568545672,False,False,55.917059085772195,55.20968362902502,85.09237619313089
1549,Al6061,16.0,2,1,189.23685,354.99665,29.5474,5933.983200000001,0.0532423631823697,9.098033930830985,3.4281847038343067,test,11.820108253645893,19.708129015816418,232952.21844376976,0.3622019051088074,544.6373615922536,0.9965755723676829,0,0,True,True,window,3999.854451626291,0.18699799216538665,15.298642864450812,8.55401364957541,1.5539093343208508,0.7684658178048576,1.5453035295297173,0.7746916103355486,1.5453035295297173,0.2376938233381467,1.5539093343208508,0.22736336019476527,12.598115877281769,1.3753883253218901,195.76451502430498,False,False,50.54628987470996,49.86799709366414,84.61830839081277
1563,Ti6Al4V,12.0,5,2,28.3885,532.606,16.4271,2019.1046,0.0664825632408088,9.06257390355342,2.9765106603962437,test,27.71520616389105,18.104877114017334,501780.4017869032,0.26854400791108674,7.380787037199204,0.47593745881794275,0,0,True,False,window,1647.2245888374878,0.11616205022052467,12.541038229090557,7.792073516353639,4.580781514672971,2.259077593398975,4.5668652901755316,2.3513320042385955,4.5668652901755316,1.3187446451571,4.580781514672971,1.2234188600168416,29.65289241789262,5.901984230525989,93.49182178531197,False,False,50.68357689265924,48.51321738574382,71.12363598737959
1577,Ti6Al4V,12.0,5,1,94.8339,44.667649999999995,20.6054,1443.9089,0.047495014742618,3.7750248153422503,3.0872079740711103,test,26.195921680591365,3.996166020118321,104683.25208566003,0.24409776843068387,111.99691601509743,0.32433287068091843,0,0,True,True,window,1121.1648945942338,0.11686359184105902,12.48272725410803,7.790879625227552,2.473329690925615,1.3822463565178462,2.442525800412392,1.391950365520251,2.442525800412392,0.253351772207553,2.473329690925615,0.23845551020099395,27.13158644453922,1.7552213066020022,63.7110409845217,False,False,44.11394641041339,43.011845963500726,89.62746792010233
1578,Ti6Al4V,8.0,3,1,27.1219,169.1835,25.0242,2407.3389,0.034289669452585,3.738195706495659,2.2024504274148686,test,29.870605340521696,2.03887200800057,60902.34109082202,0.08694437821745463,11.78245057222683,0.1421946174402028,0,1,True,True,window,2751.473874378768,0.07786862701488331,8.394989193546067,5.176516294076038,2.8542752199940917,1.6031453009873529,2.8227862233277317,1.583211021060332,2.8227862233277317,0.27106327434339994,2.8542752199940917,0.2829494281361712,30.64114425678059,2.3263383442071137,27.932312505024598,False,False,43.83354170763283,43.91318024806309,90.39731481954563
1580,Ti6Al4V,10.0,4,2,26.99965,396.26245,29.4248,1987.2588500000002,0.0766952417604326,5.337539923729262,1.2584710081035158,test,27.247475176808276,4.095125382445613,111581.82720410434,0.17322806968948584,13.397843717323429,0.2962387863337559,0,1,True,True,window,2201.1790995030146,0.09733578376860415,10.493736491932586,6.470645367595046,4.066875748889673,1.6975370135135384,4.0371099167463145,1.6766120769487345,4.0371099167463145,0.3910861494648479,4.066875748889673,0.40223586823649976,28.97784082358799,2.0886432618576602,58.19231771880126,False,False,58.25943258834512,58.46999186239669,90.31271980377383
1586,C45,12.0,4,2,85.66114999999999,235.72385,20.3573,3324.1366,0.0557148164176306,11.462260735318209,2.567875570878019,test,13.616022162790443,21.804885788879396,296895.8081584963,0.6967892253721752,133.04775299152936,0.9936002742119193,1,0,True,True,window,3183.9452080287642,0.14985295261880227,13.62037342088297,7.508540749568493,2.4582447902067432,1.1375028218356744,2.4545741533665946,1.1232254756211333,2.4545741533665946,0.548032764396558,2.4582447902067432,0.5597396848078529,14.66674597314707,1.8235425619909509,195.18005578542164,False,False,53.72703213417537,54.23949714126328,77.6730002780768
1594,Ti6Al4V,8.0,4,2,28.9911,83.3113,25.1136,2957.6821,0.0262455800926481,2.207427070579864,3.784271063624355,test,25.853022300052704,2.5937986603525185,67057.5346079405,0.12167282932572003,12.145403332722998,0.19888209657311834,0,0,True,True,window,2899.515549926043,0.07775482921936733,8.390627283180487,5.163119649358476,3.802626060623688,1.5001930662172784,3.778574753951366,1.4836275706352704,3.778574753951366,0.33308665731154596,3.802626060623688,0.3425598141921456,26.689217650258595,1.8776770102983467,39.06784218095296,False,False,60.548498792667914,60.73578882927226,91.18485992732505
1595,SS316L,10.0,5,1,133.64765,211.86625,21.9139,2556.9538000000002,0.0968916612217321,3.748766770138459,4.800401356467033,test,22.03323681724228,22.29180620490538,491160.6451967511,0.5557098010213566,52.69285343446269,0.5092529180985653,0,0,True,True,window,2231.3875802105435,0.10983389102297514,12.60098972774191,6.478451601342256,3.0255072973120556,2.021596599661903,3.0115627490796335,2.0905235240499938,3.0115627490796335,1.2143433972637068,3.0255072973120556,1.1410033514413387,24.876298988131566,5.536552425352772,100.03621732311149,False,False,33.18156589944618,30.583431320204745,59.67730051001516
1599,Al6061,20.0,3,1,38.1851,19.58605,26.5994,6257.747649999999,0.2198387799238749,7.559426520113986,3.3861995257866355,test,11.617792765488433,105.64403978708447,1227350.561155362,0.35356780248358727,110.47675476723688,0.994486558875043,0,0,True,True,window,3208.3664760202237,0.19952414323575796,9.253914135042578,10.992500859890134,2.6392424968491954,1.5993952361415609,2.6126481964182693,1.6996558872234726,2.6126481964182693,1.274445018964296,2.6392424968491954,1.1713479987933963,16.612338542780783,7.539521697349505,195.35415506304858,False,False,39.399458820060474,34.94509174432424,51.22018262116356
1607,Al6061,16.0,2,1,30.1701,2.6032,27.8367,6864.2559,0.1663726274575889,6.536647025311424,4.478865735288408,test,11.614940133653956,66.86955209933441,776685.8443980234,0.36244564227564485,163.65162021639145,0.996943784017384,1,0,True,True,window,3982.1392855835843,0.1931954550296068,15.916292079724371,7.9966696852445605,2.1985497519265724,1.2246595953621704,2.175971381252008,1.2444759026265981,2.175971381252008,0.7822421481203388,2.1985497519265724,0.7591514218400914,14.378386749313213,4.601641636667627,195.83684548977965,False,False,44.29693509146152,42.80825964215793,64.05089906696045
1618,Ti6Al4V,10.0,5,2,6.42085,27.84535,25.0671,1903.5291,0.088480792945499,2.763205749444696,4.861823182618598,test,29.851944311309463,11.31334197004884,337725.2544646981,0.2430528373875498,3.8367785968206816,0.41532195951630646,0,0,True,True,window,2483.188312648899,0.09707792372574756,10.487001683075308,6.454418966302691,4.6863059217130845,2.2332925861126176,4.667132691169583,2.2107539684236373,4.667132691169583,0.9215414556262903,4.6863059217130845,0.9361535609815961,32.47060917192332,4.659304137216755,81.58468282589658,False,False,52.34428517000796,52.63143101531098,80.25465491114305
1626,C45,12.0,4,1,117.40965,58.45595,20.5906,3805.47815,0.146843469600152,3.1153086288071914,1.0566041185564845,test,14.28858021015904,7.357618045377769,105129.91559709383,0.6967892253721752,375.7381514456772,0.9936002742119193,1,0,True,True,window,3183.9452080287642,0.14985295261880227,13.62037342088297,7.508540749568493,1.9276536933364319,0.9407107373411538,1.9160319220057571,0.9584662981450819,1.9160319220057571,0.197141816401652,1.9276536933364319,0.1759185972478491,17.615495212915384,0.6457109543543105,195.18005578542164,False,False,51.199183723039596,49.97649636537726,89.71093257176642
1632,SS316L,12.0,4,2,66.8057,190.1453,23.1299,2421.2409,0.1238081885872251,11.629798371744554,2.154507889202448,test,21.05631046419984,30.044683709093086,632630.1879773511,0.6831371054020277,35.24109585267069,0.6537384260436194,0,0,True,True,window,2053.2330687884005,0.1324508147630818,15.152626218756602,7.7908880186431215,4.2114544784049786,2.3362099689869336,4.197768462044991,2.4286937948943743,4.197768462044991,1.5966904091414171,4.2114544784049786,1.4996542828142725,23.686326550070117,5.484532796418495,128.41854594441568,False,False,44.52724157494073,42.143216881685554,61.96335211009776
1634,Ti6Al4V,12.0,3,2,8.2543,73.06995,24.2744,2119.4509500000004,0.0684745051701239,2.7696178808596357,5.962559408403237,test,29.574679288397675,7.1899538210119065,212640.57835481656,0.20247816143719732,5.264993919780319,0.35883817302208876,0,0,True,False,window,2069.3235938740822,0.11649350847089705,12.584402019690367,7.74530275956323,4.375605070895134,1.900367944481511,4.3520517605254945,1.8951302157933312,4.3520517605254945,0.6196836382182683,4.375605070895134,0.6174298207147727,30.915968212076244,3.2438920163003866,70.48916596157464,False,False,56.56902499903298,56.45432729034222,85.76111516322031
1648,Ti6Al4V,12.0,4,2,16.21365,419.70115,31.1648,1866.0309499999998,0.1135464935988317,10.584552303262932,7.714899545963096,test,27.69012228476206,69.20784563307511,1916373.7086447857,0.24051629703952354,1.1233385540594232,0.42658385232060836,0,1,True,False,window,1834.3159162525121,0.11680294052232497,12.592483790319102,7.7647744411140565,5.814339466590815,5.325289140249725,5.874949753609897,5.409415100161677,5.874949753609897,5.156641316823131,5.814339466590815,5.0704524938080135,30.134713248380788,24.91084802750328,83.79693751507381,False,False,8.411107214347773,7.924061872395919,12.226631152809391
1655,C45,6.0,6,1,37.6687,116.1826,24.1011,8001.4768,0.0393260929533516,2.881697288542732,2.4848740564035205,test,15.051194953926734,13.519322925403184,203481.96499533442,0.466755829755638,77.25713475510254,0.5746806659979299,0,0,True,True,window,6959.355600718222,0.07776276239392048,8.941229179248682,3.888312275939085,2.551083002380692,1.2398596494576832,2.5391776678965514,1.2433372592790488,2.5391776678965514,0.5252533713918526,2.551083002380692,0.5176013987765173,18.011264741042975,2.412173469057532,112.88866092276854,False,False,51.39869426825251,51.03386127726043,79.31403627116131
1697,SS316L,20.0,4,2,30.6239,308.2238,24.3864,1897.9784,0.1237743419122663,13.81974533978766,1.6032777597661103,test,24.880806464567737,20.820477781123188,518030.27817195875,0.9972713486486613,45.59364576564232,0.9550870948249763,0,0,True,True,window,1336.7040335499637,0.21852189150783732,12.47074695705669,12.876091196491352,4.550996778443451,2.081896378532755,4.521832512688405,2.1841693559924567,4.521832512688405,1.0669740737060989,4.550996778443451,0.958095495691069,27.316233388645408,3.0971927397154944,187.61463466355283,False,False,54.25405730028196,51.69725216792952,76.40394528739984
1699,SS316L,8.0,4,2,22.663,31.1903,23.4878,5638.789000000001,0.0495591722812641,2.9562590509358637,4.428636106142691,test,23.045908305840335,14.634650787143427,337268.82012850145,0.46197285082380524,11.044321292371034,0.4027264280677517,0,0,True,False,window,4267.7885903854685,0.08829918225348685,10.104573860355933,5.193932384716571,4.685530223894987,2.146838085154937,4.66383543653387,2.2380623373110433,4.66383543653387,1.2849657760007518,4.685530223894987,1.1884061114397002,25.72935193223192,4.93267263464424,79.11045189563056,False,False,54.181533731089374,52.01240764673387,72.44830368723882
1701,Ti6Al4V,20.0,6,2,17.5501,275.0143,28.1627,1287.6171,0.0956959586588767,11.86617103582271,12.930919854231645,test,29.604631623699994,113.44140775917619,3358391.0875843535,0.9994715739820303,6.570843695114334,0.9940219970315444,0,0,True,False,window,760.7931327843011,0.19294477709682437,17.451318096439294,12.704004365152885,7.680065124830125,5.494463200680342,7.772856342735687,6.357816323521969,7.772856342735687,5.736694175870623,7.680065124830125,4.868874174089956,31.88455374215068,18.777272838270566,195.2628978352849,False,False,28.458117068351367,18.204890928367387,26.195803409746652
1705,Ti6Al4V,16.0,6,2,41.0979,364.9369,15.2061,1337.2487,0.0560183277796672,10.684619711567834,8.835726588484206,test,29.665718671580752,42.4321378354505,1258779.863660212,0.6557159058988601,11.776179531544694,0.8237268077800943,0,0,True,True,window,1001.2434887880999,0.15559260799076102,16.700141197842914,10.365896698811339,5.4413559096550115,3.071642442397558,5.4429948230669885,3.2693726364232116,5.4429948230669885,2.2995580627909464,5.4413559096550115,2.0994114007644264,31.054638621535517,8.5367875224249,161.81058768525992,False,False,43.550054556304445,39.93430560382191,57.751970421768576
1707,C45,6.0,4,1,124.0731,460.257,25.742,8019.8321,0.0195446763607817,7.548535280978934,2.127496834478942,test,15.309372857430615,10.068977320781801,154149.72809686136,0.31117055317042525,67.9877232954509,0.3831204439986199,0,0,True,True,window,6959.355600718222,0.07776276239392048,8.941229179248682,3.888312275939085,2.329587600932792,1.156955912185635,2.3173636567943534,1.1457088756397371,2.3173636567943534,0.502936757311832,2.329587600932792,0.5100830787338264,16.30923452349127,2.5101164703382066,75.25910728184569,False,False,50.33644960496968,50.559815146811495,78.29702921950745
1708,Ti6Al4V,12.0,4,2,33.30845,17.08795,28.9354,1685.2519499999999,0.0474004616520996,5.314743665894644,5.190625348288846,test,26.888476113180904,8.814737981601699,237014.8716622457,0.22205904006242944,11.355375435478894,0.3936076642479821,0,0,True,True,window,1700.5894556501464,0.11657268859964433,12.584511775502742,7.74808940996238,4.047423235751062,1.8582139215864388,4.0180275341037675,1.8322237763017837,4.0180275341037675,0.6665941816278508,4.047423235751062,0.6839062172684158,27.783433501374475,3.3186138414315978,77.31918746341371,False,False,54.08896442623653,54.39991984249888,83.40991503990436
1709,Al6061,8.0,2,0,261.90625,25.16375,29.4363,8006.29585,0.0624141892797368,11.220492950491082,0.7576599036846812,test,12.101282763162885,8.496326733029479,102816.45224460965,0.2185669750714301,620.898540174064,0.5238412885326317,0,1,True,True,window,7982.382321930015,0.10382483601984442,11.992841705065812,5.176516294076038,1.4986222668415592,0.7590995817382159,1.488780549487846,0.7518587155666696,1.488780549487846,0.16905758658654643,1.4986222668415592,0.17186462659284632,13.361093018755351,1.1716863836122982,102.90191596374225,False,False,49.346836855823184,49.498351800383496,88.64455969385793
1710,SS316L,16.0,6,1,18.9677,437.6448,19.1013,2336.723,0.0951841147735312,9.416243544627806,3.6978260653392496,test,24.694821265971818,46.46726604459839,1147500.8296897186,0.9959864034663446,37.05099267119367,0.9874339573506932,0,0,True,True,window,1453.073578494568,0.17627456152443166,12.195627694483846,10.349017852712505,4.197590207881246,2.732790163283947,4.185813779730828,2.9082495007017393,4.185813779730828,1.9647952840088596,4.197590207881246,1.785561337695212,28.127693287348112,6.862967472659308,193.96876176688957,False,False,34.89621359052732,30.521288004151096,53.0606140788421
1713,Ti6Al4V,8.0,3,2,12.8615,92.641,25.6509,3288.8361,0.0226912009648718,3.9096061017148016,4.712246615891944,test,27.08824591059269,4.124601380204977,111728.21647016244,0.09759193349451148,4.453471060824584,0.15948363245426164,0,0,True,False,window,3103.985390811123,0.07766233898059804,8.389601346460244,5.163535173042153,4.0404516059170215,1.7710466336564732,4.016346150493804,1.7564198968733618,4.016346150493804,0.6445672694261813,4.0404516059170215,0.6521352654467262,27.71997462560432,3.835002295733604,31.32851820514428,False,False,56.167111838120476,56.26821416631601,83.95140146605807
1719,Ti6Al4V,16.0,4,2,12.628350000000001,436.61365,22.9549,1562.73865,0.0431841536772152,11.395722436696026,4.714287134990497,test,25.739885227142622,14.502025044853918,373280.4602156877,0.43933108161182205,10.25257806738137,0.7583712930144147,0,1,True,True,window,1375.736937189384,0.15573725402976663,16.789978387092134,10.353032588152075,3.9100471989960046,1.7434447279654313,3.885471277632279,1.7471003937130074,3.885471277632279,0.6635921399521116,3.9100471989960046,0.6540753382445089,26.463664480900185,2.729393116511704,148.9723333601312,False,False,55.411159015852775,55.03504545843272,82.92119301531704
1724,C45,8.0,3,1,73.549,300.61,22.5225,6574.6862,0.0544629010811642,9.45444813281196,4.754298012283641,test,17.390126955028578,48.285823217263925,839696.5958762862,0.35927647392924666,21.012275866192393,0.4726007671976411,0,0,True,True,window,4829.122241090303,0.10367663572743735,11.922042149164294,5.184383918199863,3.500940896809651,2.410756836733471,3.4918702171507436,2.5881646983801896,3.4918702171507436,2.1842401053660483,3.500940896809651,2.004709492374849,19.336063054711055,10.460062548989113,92.83637142615646,False,False,31.13974477745815,25.88027224871918,37.4478440052586
1727,Ti6Al4V,8.0,5,2,17.678800000000003,158.48405,27.6545,3075.29465,0.0490717076769978,4.336573027690735,1.036319942318341,test,26.627505797766208,3.3910049863912586,90294.00493538736,0.15209103665715,11.274846055591762,0.24860262071639794,0,0,True,False,window,2899.515549926043,0.07775482921936733,8.390627283180487,5.163119649358476,4.1627801214798055,1.650387885402485,4.137080309317907,1.643920293800457,4.137080309317907,0.3853521465989907,4.1627801214798055,0.38298020975689456,28.720399462930576,2.0660789746693555,48.8348027261912,False,False,60.353709846779104,60.263756782824096,90.68540811907697
1728,Al6061,12.0,3,1,123.8749,474.5368,21.8667,8012.878,0.08640160667566,6.629809507543111,7.241477702194178,test,5.772320925900805,99.71485257124966,575586.130120138,0.4089315202867433,248.31213236018746,0.9984832329064717,0,0,True,True,window,5327.746699268072,0.11184232238866389,14.358064676402137,7.641834118184304,1.1676241704915982,0.759426814081511,1.1582570167301531,0.8023205915574203,1.1582570167301531,0.6419911092085677,1.1676241704915982,0.5982925188798794,7.0211725394571225,3.481022914519167,196.13925051909513,False,False,34.95965283403016,30.73034913939638,44.57265529709831
1729,C45,10.0,4,1,4.1265,233.5736,20.9712,7286.7746,0.078632588081431,10.957800089015176,3.810709146504312,test,14.910905884120302,95.70333513742406,1427023.4230305536,0.7160204979363927,25.225599703088104,0.991471878921441,0,0,True,True,window,3890.3206806825165,0.12959579465929671,14.902552686455367,6.480479897749828,3.8744949860102764,2.606937018944574,3.887594119872309,2.714887036679786,3.887594119872309,2.2827747025319494,3.8744949860102764,2.172796189633221,18.470747642446103,8.866202358389133,194.76195977406687,False,False,32.7154370219216,30.16536827231958,41.280528981586976
1730,Ti6Al4V,25.0,3,2,24.5339,591.7912,27.8461,711.4284,0.1199501063904911,15.69963608856296,7.16002634173301,test,28.628707191769315,28.77778052819379,823870.6523706606,0.9960491155998378,13.291337106397057,0.9870145263147686,0,0,True,True,window,723.690513925541,0.24170023011338837,22.968046019070727,16.086887745015016,4.526283318361697,2.3937736433386148,4.515999448563773,2.3791207417454197,4.515999448563773,1.2012946342850188,4.526283318361697,1.2076002634614396,29.392162455924915,4.481514067416499,193.88636990859945,False,False,47.1139238317709,47.31795765603883,73.39914125394617
1731,Al6061,6.0,3,0,1188.0758,401.3088,27.2835,7979.9901,0.0373204452434059,7.702327634485485,1.844365724929903,test,6.2720183636253655,12.692274459708523,79606.17848746508,0.13017982588589228,2396.1694967407357,0.2878082972741286,0,0,True,True,window,6970.689651059523,0.07776276239392048,8.941229179248682,3.888312275939085,0.7257220174283278,0.4363917163362685,0.7234966135458275,0.4349300990962133,0.7234966135458275,0.18960685233284158,0.7257220174283278,0.18937574791722625,6.855740968483709,1.6465711766105247,56.53625605329745,False,False,39.86792382534178,39.884984814975354,73.79298689408012
1733,Al6061,16.0,3,1,28.2796,217.7152,30.3174,8028.9059,0.1554880854523276,11.56215729040951,2.766308529735852,test,11.440315404550912,119.78825205899317,1370415.385314727,0.37404744185923,102.0985742854147,0.998829988756907,0,0,True,True,window,4003.428660968588,0.15335612414777278,10.371414587832987,10.271239132485345,2.7329991851829356,1.6988263095351908,2.7121838454348812,1.7889899188295486,2.7121838454348812,1.4244012290584263,2.7329991851829356,1.3313605069440486,15.903465615510875,8.324573054299497,196.2073662674383,False,False,37.84021895266396,34.03876651500756,47.48139100319607
1735,SS316L,8.0,4,2,32.355599999999995,102.74215000000001,28.9226,4748.2549,0.0658797856613096,8.305964015811856,1.845701232679706,test,23.651699473984127,19.182165844775437,453690.82182075153,0.44211239002029684,9.36091597182392,0.38516293396056933,0,0,True,True,window,4085.3016156825965,0.08813113071310988,10.133393069815172,5.18441636791878,4.863849464704138,2.596997840322374,4.8414644714143265,2.6609891630132414,4.8414644714143265,1.7158678222490098,4.863849464704138,1.6448440190861784,26.734442422258198,6.895984247744891,75.66032829099915,False,False,46.60612218432739,45.03751543103047,64.55890914040403
1742,Al6061,12.0,2,1,121.89875,46.13565,27.2674,7991.74965,0.0619081679262742,14.41747055174836,5.525054312665601,test,5.679553337439626,78.82163567573662,447671.6839645802,0.3784367934299922,282.7785296463064,0.9997968221254193,1,0,True,True,window,5307.17367264711,0.14743299357606096,16.253231101682317,7.721608837661266,1.0539646074717564,0.6326259421034673,1.0470342312007301,0.6520027002181019,1.0470342312007301,0.48182361716916133,1.0539646074717564,0.4612735441293151,6.264966883773014,2.650989071858716,196.3972883072154,False,False,39.976547825357585,37.7286166212168,53.98205686010762
1744,SS316L,16.0,4,1,15.002,367.9058,26.6965,2909.081,0.1101371308138674,8.85550296533251,4.239502274338377,test,22.750422001365585,48.11468745619832,1094629.444092323,0.995503565939492,37.647588090473896,0.9952302349375921,0,0,True,False,window,1467.4295509851852,0.1761816027916197,18.484528147292718,10.227302911379233,4.200524761568104,2.6055324920218452,4.185284500381175,2.97353062906624,4.185284500381175,2.055002410281104,4.200524761568104,1.6808471896900639,25.7875828124075,6.202272187371275,195.50024070648277,False,False,37.9712621656069,28.95272403117576,50.89933766524247
1747,C45,6.0,4,2,11.644649999999999,179.5959,24.8661,7996.4029,0.0656047292148564,7.302687333589996,3.3929197834592166,test,18.290322967385983,51.99314704449814,950971.4515346609,0.32909604754833405,9.523956478297306,0.40524646149656735,0,1,True,True,window,7318.772445778913,0.07786862701488331,8.994631278799359,3.8823872205570282,4.870985173874803,3.8044341732080227,4.874029872538411,3.823752667607934,4.874029872538411,3.4763310872743416,4.870985173874803,3.4549006217554337,22.28829680486723,14.782759161045032,79.60548020629349,False,False,21.89600178598682,21.548435943079042,28.676450941326358
1748,C45,8.0,5,2,19.9179,48.5733,18.0204,6730.988,0.0610986741860991,10.58881285512708,3.6794451597361055,test,16.90334552726026,80.11433167233405,1354200.2299429926,0.7163104663877257,12.674540175483221,0.9422457972000653,0,0,True,True,window,5778.0644730427675,0.1036735034851261,11.919776923453151,5.184413746004549,5.041578633961456,3.385065582813376,5.053948421912829,3.4433803398973706,5.053948421912829,2.96260929450295,5.041578633961456,2.902568097184778,20.52395799894575,9.599031728587061,185.09212611374863,False,False,32.85703093053739,31.867521145098813,41.38030214836155
1750,SS316L,10.0,4,1,46.4702,120.03945,25.7269,4076.1346000000003,0.0306630205607945,5.699365541449883,6.124760513949484,test,21.010980302591033,17.45175334999494,366678.4458824208,0.4736087716970827,48.18165380256132,0.43461033969890756,0,0,True,True,window,2358.054195086787,0.1103711700721113,12.631331149990269,6.492399687689626,2.955074286798542,1.6810778344920383,2.92890894023396,1.8112391422702538,2.92890894023396,1.0034107229441276,2.955074286798542,0.8680998473020605,22.105184873713142,4.760741835340583,85.37363822150223,False,False,43.11216330492732,38.15993671262539,65.74114308709183
1753,SS316L,12.0,5,1,136.77280000000002,375.8001,28.7651,2243.26105,0.0959925914578015,12.190191131174124,7.055309559930491,test,25.29380928048163,92.6006691478568,2342223.6646708692,0.7673594785861954,15.911437086014597,0.7333242020619342,0,0,True,True,window,1859.489650175453,0.13180066922757017,15.121187673290292,7.774141921610708,6.261576340528767,5.126199776298942,6.2569503085562905,5.572278798355403,6.2569503085562905,5.106122819548642,6.261576340528767,4.656599188476271,28.13062119849545,18.335034346945022,144.05215294528057,False,False,18.132439859927448,10.942575479057409,18.392786137903443
1755,C45,6.0,4,1,46.280550000000005,562.23485,30.7881,8012.8058,0.0400851724471513,3.383416977046277,3.032541848784997,test,19.46523242031311,13.182284846898987,256596.2383756604,0.31117055317042525,40.84350232981638,0.3831204439986199,0,0,True,True,window,6959.355600718222,0.07776276239392048,8.941229179248682,3.888312275939085,3.1579334814844566,1.668242446576853,3.139315718922717,1.6702783672806252,3.139315718922717,0.8067636207148406,3.1579334814844566,0.7977837570010249,22.07028639199017,4.178317095498581,75.25910728184569,False,False,47.17297066711301,46.794826744797895,74.30129069682458
1756,Al6061,6.0,3,0,555.8366,489.0121,29.7979,7988.1315,0.0363280233912782,5.437706174451076,1.165149772460276,test,8.525682498750365,5.515764563917248,47025.65740981672,0.1302573005805117,4049.0605710240484,0.28797958233914167,0,0,True,True,window,6974.83815908162,0.07776276239392048,8.941229179248682,3.888312275939085,0.9558045959914677,0.5134964366365028,0.9516797873638738,0.51034015424421,0.9516797873638738,0.11122167395822728,0.9558045959914677,0.11129492661682597,9.29883675498403,0.9721821873029447,56.569902811870435,False,False,46.27600256474529,46.374803687084935,88.31312008146057
1765,Al6061,12.0,3,1,230.78485,240.2937,24.6793,7215.90005,0.1070166904445296,10.501163685595085,5.814237221556207,test,6.782613354621135,141.4469068768979,959379.6795530998,0.4089315202867433,148.97649217842243,0.9984832329064717,0,0,True,True,window,5327.746699268072,0.11184232238866389,14.358064676402137,7.641834118184304,1.5335290083182684,1.1457817812921964,1.5189832992316228,1.234755606210452,1.5189832992316228,1.1137688324038801,1.5335290083182684,1.0240673499857182,8.419388823227361,5.802124953134885,196.13925051909513,False,False,25.284635955552723,18.711706255424083,26.676690061880226
1767,Al6061,20.0,3,1,99.8468,533.449,28.2451,4072.7085,0.1515511089594774,12.76010687766446,4.433343995388439,test,6.851442084226839,104.74889326478467,717680.975590531,0.35356780248358727,188.9331214981986,0.994486558875043,0,0,True,True,window,3208.3664760202237,0.19952414323575796,9.253914135042578,10.992500859890134,1.1482930701548806,0.8614269443432401,1.1398090007712998,0.8667018144279239,1.1398090007712998,0.6882172005644509,1.1482930701548806,0.6816538897610672,8.172964269326254,4.408659969280635,195.35415506304858,False,False,24.98196090070876,23.960785198096026,39.61995386080126
1771,SS316L,12.0,5,1,29.52715,487.7115,20.9443,3636.7831,0.0606946519465163,8.17334546242211,3.5063353300297813,test,24.36043011423331,31.629413081968174,770506.1069375025,0.817486436795261,41.27275929305759,0.7822986114580336,0,0,True,True,window,1965.0451625723224,0.13244540408653355,15.15759737998832,7.790879625227552,4.116804046153161,2.32767547974822,4.089865092717743,2.659986192812296,4.089865092717743,1.6943503614689623,4.116804046153161,1.3575160991186395,27.16103310900423,5.693601776002392,153.672548798704,False,False,43.459162650132576,34.961517494829714,58.571974305806386
1780,Al6061,6.0,3,0,482.8659,405.678,29.1649,7991.8109,0.0371998997854351,2.050241813257899,3.1968623248082433,test,9.242852627464016,5.845709691334475,54031.033179942715,0.13029231426260354,3521.240625427516,0.2880569923998449,0,0,True,True,window,6976.713023406735,0.07776276239392048,8.941229179248682,3.888312275939085,1.0346057484237612,0.5594234005502471,1.0297544771000497,0.5561313168348745,1.0297544771000497,0.12736174892162938,1.0346057484237612,0.1274296035767384,10.101555704775695,1.1167507439247069,56.5851090274468,False,False,45.928833142234346,45.993794714927816,87.63183343661684
1781,SS316L,10.0,6,2,23.34165,21.9413,22.8617,3548.3863499999998,0.0642393742001289,12.046940359172382,2.0091292572245907,test,24.914293245067284,33.1030561037996,824739.2470779778,0.8914208043940729,16.49441089850283,0.8174534817992605,0,1,True,True,window,2948.109212106374,0.11032922728082961,12.740163352235713,6.458421598693613,5.469084567239705,2.890650534238948,5.449029078077398,2.961512279133532,5.449029078077398,1.9449227857531375,5.469084567239705,1.8685955756765342,28.463741020996693,6.180162195502161,160.5782730948977,False,False,47.1456237565936,45.65064277141912,64.30698464102578
1787,SS316L,8.0,5,1,8.66845,205.00885,22.6036,4357.171850000001,0.068787284451789,10.00702390385143,4.277249259616206,test,22.151246737647504,64.14345596321232,1420857.5196465433,0.5526404875253711,3.7362663053191634,0.4814536674507116,0,0,True,True,window,4085.3016156825965,0.08813113071310988,10.133393069815172,5.18441636791878,4.440034803958531,3.839951127545874,4.455635561006517,3.8824976157392124,4.455635561006517,3.52876984684037,4.440034803958531,3.4843541581715947,25.60912580045182,17.840785092765298,94.57541036374892,False,False,13.515292174684076,12.863214179434237,20.802098858300035
1804,SS316L,6.0,3,2,73.33080000000001,472.7444,24.5816,5499.5373500000005,0.0392807260149215,1.824510604719888,1.1734490348505882,test,21.868758909505583,1.3875145335184444,30343.220816949968,0.1927897311279589,65.20875624531679,0.15720262311604852,0,0,True,True,window,5269.802928130654,0.06609834803483242,7.60004480236138,3.888312275939085,3.617404309042736,1.2521936079753107,3.6001408305452,1.2441306197614879,3.6001408305452,0.21606230586277977,3.617404309042736,0.2179769487890636,23.345076588449114,1.089561125385297,30.880443117571843,False,False,65.38419537884955,65.44216800615884,93.99850405768544
1812,SS316L,10.0,4,1,19.2134,160.8734,23.3608,4259.9288,0.0514736383309341,9.811996307515829,1.1562682212145206,test,23.572657746452055,9.950918384814058,234569.5933480993,0.5666011830456659,44.06418662722017,0.5196459079011011,0,0,True,True,window,2819.9192704729694,0.1102114306601224,12.674214301934356,6.478685436757087,3.0369753819345275,1.5788527325442772,3.0122715261771464,1.6252004376760485,3.0122715261771464,0.5661105496735148,3.0369753819345275,0.5138815387556676,25.72635431512318,2.595521763131634,102.07778713955017,False,False,48.012330230396486,46.04734587991875,81.20652322495104
1813,Al6061,20.0,2,0,43.5238,346.80215,26.8003,6605.5957,0.1437828591089721,17.856715756521407,5.129147195607845,test,10.92655192461658,173.97860648405387,1900986.2775204494,0.3202565991283835,63.64339127602243,0.9810196400017992,0,0,True,True,window,3190.423107025395,0.25506625316325093,9.570211990503594,12.372247489072084,2.2052723988725376,1.4988566091438997,2.1859124306576008,1.6702436400637737,2.1859124306576008,1.5974202136297047,2.2052723988725376,1.425542489857781,13.088578364300934,11.536946163927732,192.7087512269614,False,False,32.03304000402845,23.59055117494782,26.922039912223592
1823,SS316L,6.0,5,1,7.2676,448.7916,24.1512,7501.9447,0.0553965136717449,6.355000443961093,2.1258571557107167,test,20.049924088188238,28.07216843353077,562844.846083126,0.38095837674974464,3.593992392436193,0.31067989372595767,0,1,True,False,window,6212.755985527077,0.06618833296265082,7.645436586979455,3.8823872205570282,3.8417082362789796,2.610951160362895,3.8261184724184782,2.6671400792809843,3.8261184724184782,2.0596471520681994,3.8417082362789796,1.999916128219321,24.389704908146864,11.197790674768106,61.02908841982469,False,False,32.0367138840345,30.291231217545313,46.16875648478541
1837,C45,6.0,5,1,7.4041,322.3914,19.1719,8012.4478,0.065905643087504,4.692893572844881,3.382932318112458,test,15.798641525012048,41.91715840612456,662234.1594055073,0.41137005943541755,17.095559380102564,0.5065580768707091,0,1,True,True,window,7318.772445778913,0.07786862701488331,8.994631278799359,3.8823872205570282,3.229005771552454,2.2318578647000553,3.2304985801038972,2.246062609786325,3.2304985801038972,1.7349829679716562,3.229005771552454,1.7187199118550112,20.143807113878943,8.63057552790617,99.50685025786686,False,False,30.88095771265797,30.473190001709,46.293647096546415
1839,SS316L,20.0,4,1,72.72895,529.00955,26.2938,1626.5454,0.1329501909645249,7.859240504902218,11.443600794773989,test,23.3366610699959,77.79620729223505,1815503.7221100326,0.9802376588926685,21.547579527605073,0.7901988943568261,0,1,True,True,window,1122.2258684871495,0.22092728529010305,12.146911892981734,12.885600086771136,4.9435841458758745,3.6796221994584766,4.9342327608981496,4.198949372273059,4.9342327608981496,3.612748063523365,4.9435841458758745,3.0895711478995773,25.43938681615648,12.90423610921803,155.2244582505507,False,False,25.56772392499565,14.90167619273905,26.781969181653327
1840,Al6061,8.0,3,1,553.1545,11.1587,17.3392,7998.9739,0.082488773319541,9.56345718642664,4.105949547726806,test,5.803727195071255,77.72825293243703,451113.5753693618,0.327850462607145,212.26999781247395,0.7857619327989473,0,1,True,True,window,7982.382321930015,0.10382483601984442,11.992841705065812,5.176516294076038,1.1736601021902187,0.8670049975201483,1.1632604797975201,0.8524793779275529,1.1632604797975201,0.7070917549254521,1.1736601021902187,0.7211333473966262,7.000429525855477,3.6795407964715414,154.35287394561337,False,False,26.12810166229625,26.716381005573446,39.214667118362854
1842,Al6061,12.0,3,1,201.9079,570.6602,22.1365,8015.8276,0.0741727916177719,7.275392158937835,5.861367639683545,test,8.8570781353369,76.06232869115158,673689.9883732072,0.4089315202867433,212.1525060394737,0.9984832329064717,0,0,True,True,window,5327.746699268072,0.11184232238866389,14.358064676402137,7.641834118184304,1.7128817818983038,1.0046116757986976,1.7009377965369257,1.081325485954347,1.7009377965369257,0.7896131564710398,1.7128817818983038,0.7114066735511142,10.502713040169828,4.074334255274363,196.13925051909513,False,False,41.349619896982304,36.427687822805545,53.57777585525609
1847,SS316L,20.0,6,1,23.9007,528.4735,19.5329,1879.676,0.1915478023574167,8.417946935249129,9.32843666396214,test,21.039033149108807,169.63929983449955,3569046.852609644,0.9923630215025391,7.840500077738658,0.8978953593119982,0,1,True,True,window,1261.7275754566072,0.21834571133974942,8.208559718623292,12.9993305929861,6.893700325545324,5.77847590466281,6.94062113249062,6.6037074836291545,6.94062113249062,6.512266637513021,6.893700325545324,5.686654423169657,25.773444240082753,23.719100042148018,176.38005027624283,False,False,16.17744271171658,4.854229073019081,6.171702601261068
1850,Al6061,8.0,3,0,407.8051,61.05475,14.0,8007.33045,0.0949604813842362,4.306832008985696,3.933204748039234,test,10.766978133196446,38.64171567596237,416054.50771228113,0.327850462607145,230.15704885248414,0.7857619327989473,0,1,True,True,window,7982.382321930015,0.10382483601984442,11.992841705065812,5.176516294076038,1.52679065676531,0.9582221828661357,1.5206728805046017,0.9523956030339102,1.5206728805046017,0.5286373134812873,1.52679065676531,0.5336139338640342,13.32541386416167,3.393578952772068,154.35287394561337,False,False,37.239452008683045,37.37011981709841,65.23661858782734
1857,Al6061,10.0,3,0,208.4381,202.9057,21.6588,7981.8248,0.0910643805345307,10.14916832282748,5.783295690462554,test,12.172310339086371,127.99052961527042,1557940.4469410966,0.4023004042706677,83.01524587524744,0.9977930135224119,1,0,True,True,window,6369.199529859066,0.11715021102647351,13.489704719329803,6.4910143033071215,2.2484318725731183,1.7351256187261628,2.235387719168756,1.8045740321010437,2.235387719168756,1.5723593298685565,2.2484318725731183,1.5017627106307878,14.937174293003766,9.801907677808424,196.0036657559047,False,False,22.829522215388494,19.27243687407897,29.660554346552058
1868,C45,8.0,5,1,19.2782,461.57705,24.8205,8029.29785,0.0494211432133425,5.347165131651844,3.009544534625459,test,18.213543223561324,31.92895690734812,581539.4367152118,0.6044791066544187,49.12412039179062,0.795166323216132,0,0,True,True,window,4875.661476913911,0.10368795309959075,11.919320703128042,5.184398289568079,3.606991487367495,1.8773275029098706,3.5968304152759276,1.9709100270318904,3.5968304152759276,1.171558372839507,3.606991487367495,1.0731291993851373,21.977837504424038,4.703335809233846,156.20024606687196,False,False,47.95309305595262,45.20425487225275,67.42803419744682
1877,C45,8.0,4,1,31.35245,142.14069999999998,29.3379,6941.74005,0.0668185181015235,7.500641092659132,5.15436888820942,test,13.021251851679686,71.72970739510602,934010.5852389663,0.48358328532353495,24.46877048569051,0.6361330585729056,0,0,True,True,window,4875.661476913911,0.10368795309959075,11.919320703128042,5.184398289568079,3.0676724638590316,2.228956112321775,3.063418334217614,2.367603895805511,3.063418334217614,2.0575694184567395,3.0676724638590316,1.9165728458677935,15.537808339992527,9.04892136699854,124.96019685349756,False,False,27.3404791879958,22.713660443956687,32.834200426556
1882,C45,10.0,4,1,30.00035,217.37630000000001,18.439,5433.945750000001,0.1153149609480989,8.362586804083875,2.5602055866323097,test,15.20807556582472,53.66318257907758,816113.7357652604,0.7160204979363927,44.10846191988773,0.991471878921441,0,0,True,True,window,3890.3206806825165,0.12959579465929671,14.902552686455367,6.480479897749828,3.0892030588617216,1.9050847431040383,3.0871630524487834,2.028044545581713,3.0871630524487834,1.4052204796813845,3.0892030588617216,1.2799247747386124,19.178747211805685,5.070575165044641,194.76195977406687,False,False,38.330866996939825,34.307177459478915,54.481818556141924
1884,C45,20.0,4,1,28.79485,511.96955,22.0351,3206.83775,0.1067534735669077,14.285072133663732,9.893939086024584,test,13.338748161958884,193.5399674692774,2581580.885346406,0.6844908753415015,16.88169688531037,0.9915048457335023,0,0,True,True,window,1952.1807961880793,0.17182022273540495,13.304560097167268,10.910979788843543,4.7370346436537565,3.726983068248271,4.718662671560943,4.254955016494919,4.718662671560943,4.248863677074935,4.7370346436537565,3.72086078207239,15.241415372206033,15.10708226067854,194.76843568232113,False,False,21.322444343079894,9.827099060518954,9.956189437262692
1886,Al6061,10.0,3,1,192.52675,276.0161,21.6052,7996.21845,0.0535715255133404,12.49207762494349,1.7904822551591384,test,8.1806490472957,28.74382856485879,235143.17376474303,0.40736424334490723,560.9682752133244,0.9985640413184503,1,0,True,True,window,6366.564903947656,0.11316901621832566,14.187602240643082,6.396415803811627,1.2823252456607142,0.6174519492928257,1.2770861607021968,0.6203733288940003,1.2770861607021968,0.2674794797739899,1.2823252456607142,0.2628200367536536,9.275755775266331,1.4686691195921304,196.15512429728068,False,False,51.84903741213599,51.42275063470327,79.05548677883111
1890,Al6061,8.0,3,1,552.32215,60.31015,24.8589,8024.41735,0.0708306814195652,8.959449910535787,1.311104801248948,test,10.696694663820844,20.029722685485257,214251.82776764146,0.327850462607145,446.9407736426979,0.7857619327989473,0,1,True,True,window,7982.382321930015,0.10382483601984442,11.992841705065812,5.176516294076038,1.7453919376497686,0.8389079985516661,1.7335482516508074,0.8280290356595134,1.7335482516508074,0.3258666226969107,1.7453919376497686,0.33369419635796943,12.596611314727017,1.7475606677190967,154.35287394561337,False,False,51.93583856693614,52.235016540727635,81.2023332845453
1893,Al6061,16.0,2,1,59.95685,78.96205,24.6581,7999.5689999999995,0.0936872802636586,18.84953963772365,3.6289903796049265,test,5.5289002855823375,102.53302744912169,566894.8847450705,0.36244564227564485,224.21422428609753,0.996943784017384,1,0,True,True,window,3982.1392855835843,0.1931954550296068,15.916292079724371,7.9966696852445605,1.1548457389513394,0.6773263894360633,1.147473518846664,0.7386275864677667,1.147473518846664,0.5984222317260718,1.1548457389513394,0.5362788197567836,6.392166492284963,3.3586901629173687,195.83684548977965,False,False,41.34918919551011,35.6300973977885,47.848710937786926
1894,C45,10.0,5,1,36.744749999999996,58.82795,28.0044,6158.9915,0.060869638761339,3.0587108307107904,1.3491893155124624,test,12.90903643341788,7.735558015435436,99858.60025407375,0.7273621782285269,395.7695980840915,0.9957413379845037,1,0,True,True,window,3822.4406374186838,0.124844609471038,12.964719848737817,6.32304957077283,1.9684813563229773,0.8684309521963736,1.9568080103306746,0.8881005102885001,1.9568080103306746,0.1879138026254482,1.9684813563229773,0.16324534563209175,15.429630600528503,0.6374120285042868,195.60064035792954,False,False,55.883201565161976,54.61483673411461,90.39692184244007
1903,Al6061,10.0,3,1,113.5561,377.933,22.2055,8001.9845,0.0333172851847926,5.7187579922440746,0.921875270969026,test,8.88492798143189,4.216600446967658,37464.19129778116,0.40736424334490723,3520.9050574863813,0.9985640413184503,1,0,True,True,window,6366.564903947656,0.11316901621832566,14.187602240643082,6.396415803811627,1.2054809041587133,0.4698362544612713,1.197592224274098,0.4676924927755584,1.197592224274098,0.04131615671946283,1.2054809041587133,0.04126760712618894,9.625165759635783,0.2339957395684067,196.15512429728068,False,False,61.024994021853644,60.947267083414566,96.55006471468148
1922,C45,12.0,5,1,32.9364,234.6029,14.0,4543.1452,0.0449180697588782,4.09284676883555,2.270064588540414,test,16.930822749394913,9.48006699203607,160505.3338945521,0.6900755976885248,238.392103735673,0.9936646868417905,0,0,True,True,window,3197.2286043419836,0.15449603049668037,10.278817674843594,7.688814953762946,2.0934213105932744,1.0015861950831946,2.0869422407493117,1.0119034093241377,2.0869422407493117,0.2568531288670755,2.0934213105932744,0.24502146137169942,18.730333878199,1.033842929986602,195.19270882207815,False,False,52.15553648876605,51.51262983872442,87.69237002099048
1927,SS316L,8.0,4,1,83.00505,324.60105,23.325,3477.58465,0.0266908787094939,1.9480024340808813,5.0113313763362415,test,22.785233692743557,3.624458989346682,82584.14508202928,0.3079540973946879,152.1554914743017,0.26828147463764335,0,0,True,True,window,2845.691872146615,0.08812514036832175,10.13373582678965,5.184383918199863,2.398520654528831,1.2769291058447656,2.377661208264994,1.274595072687155,2.377661208264994,0.27049017735715586,2.398520654528831,0.267260943278939,23.666450613005786,1.7307893278064526,52.70046168968967,False,False,46.761804888621754,46.39290626197997,88.62368715875482
1930,SS316L,10.0,4,1,2.1348,458.4807,23.5374,3922.8593,0.1043272694182135,5.747060214674389,5.211885243725723,test,21.10023503624671,49.034432787482146,1034638.0566849151,0.7872222887160624,3.7983251848924513,0.7220349409725194,0,1,True,True,window,3898.4604018686687,0.11031388827108471,12.742394311632426,6.470645367595046,3.635114174724767,2.7403566940730673,3.650686689806124,2.7649219956034017,3.650686689806124,2.0269628060987586,3.635114174724767,1.9982535288478749,24.698363157839193,8.601813648295394,141.834522106807,False,False,24.614288235374236,24.262961175935985,44.477218169428724
1931,SS316L,20.0,4,1,18.14985,35.1729,31.086,1951.21665,0.0780764918132603,9.35659678710456,5.241612260432954,test,20.26010272935768,29.886054329418524,605494.5308891841,0.9988352758185752,42.87401306636291,0.9281833323245724,0,0,True,True,window,1295.470522973354,0.21950707415735837,12.431981645000633,12.893804837177706,2.8974974904098167,1.8184754139189139,2.8740405036281467,1.8820153554347268,2.8740405036281467,1.0196340403165882,2.8974974904098167,0.9490777844466225,21.546147789948137,3.7143518526804784,182.32973488850848,False,False,37.23979330654357,34.51674208978968,64.52262802039786
1955,Ti6Al4V,10.0,3,2,63.08995,183.2758,25.3696,1886.92595,0.0357802678630713,3.4290247821080837,1.8793097612370384,test,29.267754029905326,1.3052349454226944,38201.29533386832,0.11995089108491988,36.69422981377672,0.20500399179582401,0,0,True,True,window,2040.7073467801756,0.09714390716637028,10.487093146252287,6.456741174968649,4.040692418663052,1.533844844558667,4.008433276408763,1.5148230992243699,4.008433276408763,0.17325745344382085,4.040692418663052,0.18389128852655906,29.885255310906096,1.0073871291674172,40.27041013719464,False,False,62.04004943622579,62.20909780038722,95.67767650110305
1964,SS316L,8.0,6,2,15.96775,33.74825,24.0903,5335.9833,0.0416852145443325,6.297096434873087,3.9254217359990062,test,23.494250664153757,32.989400263957364,775061.2390615145,0.6929592762357079,7.2089243217252985,0.6040896421016276,0,0,True,True,window,4267.7885903854685,0.08829918225348685,10.104573860355933,5.193932384716571,5.47366763371116,3.067474637858895,5.452499596297398,3.1563893260818894,5.452499596297398,2.296058549461798,5.47366763371116,2.2021458357000614,26.760415645164777,8.06980283702203,118.66567784344583,False,False,43.959428245753024,42.111149751844394,57.88979881775742
1965,Al6061,8.0,3,0,138.4937,462.1432,24.448,8007.615,0.0770483738894916,9.179988171437236,2.7807396786852276,test,6.875432683788558,47.248755286406485,324855.6363644866,0.327850462607145,294.770559404399,0.7857619327989473,0,1,True,True,window,7982.382321930015,0.10382483601984442,11.992841705065812,5.176516294076038,0.9641387449655705,0.6545954651619994,0.9624489896213292,0.650119459389024,0.9624489896213292,0.3939289638132823,0.9641387449655705,0.3968847129595287,8.201045571787168,2.649708703596764,154.35287394561337,False,False,32.1056778829716,32.451541182997104,59.07014625593075
1967,Ti6Al4V,16.0,5,2,22.449550000000002,493.01195,20.6069,1250.9,0.0989879153254007,9.989945148059723,6.272194165689998,test,26.22446056562135,38.793357868694365,1017334.8836356121,0.5462368003269602,6.916771280445182,0.8280420541806532,0,0,True,True,window,1207.6016838698376,0.1558220863296827,16.642827534703887,10.387864769433142,4.564197475070969,2.6644420524590284,4.574105881020782,2.69021067791977,4.574105881020782,1.7457943827399003,4.564197475070969,1.7157184961189806,27.915719506568635,6.867401139979637,162.65826260549582,False,False,41.62298921087768,41.18608646375697,61.83310076000471
1969,C45,10.0,4,1,26.67135,415.22215,23.6245,5641.2072,0.074514694125372,9.17513625197683,4.055748226881249,test,17.745759151426235,62.56874949534974,1110329.9589503983,0.7160204979363927,32.42056232575043,0.991471878921441,0,0,True,True,window,3890.3206806825165,0.12959579465929671,14.902552686455367,6.480479897749828,3.713333323126126,2.390227826208636,3.712432116096939,2.5252613476317918,3.712432116096939,1.8850636683290378,3.713333323126126,1.746415517966106,20.853875843992235,6.898562379396456,194.76195977406687,False,False,35.63120737579285,31.978248526555625,49.222945783830326
1972,SS316L,16.0,3,1,13.0436,435.371,23.5351,2825.7251,0.0710082672425546,12.642363684017514,3.0459986428071115,test,23.32811186398863,23.180247256919277,540751.4010443285,0.9417201756562296,40.91054329803414,0.9616728337077851,0,0,True,True,window,1700.3132595235506,0.1756861190481515,20.29573593242052,10.386246693635115,3.186932616954765,1.8351161504559568,3.162336990188958,1.930955550810354,3.162336990188958,0.9379001943775861,3.186932616954765,0.8364851420888997,24.79085623407426,3.12972340835701,188.90831876962292,False,False,42.41747877903111,38.938969603774765,70.3415481244602
1976,C45,12.0,5,1,22.7722,530.0665,20.479,5349.7793,0.0756828145525192,11.892350844231782,3.8132196477601297,test,16.598057152751252,91.80422741442979,1523771.813488879,0.6900755976885248,25.11084918962386,0.9936646868417905,0,0,True,True,window,3197.2286043419836,0.15449603049668037,10.278817674843594,7.688814953762946,4.277339802639745,2.783502948082033,4.28198390358292,3.057877989754743,4.28198390358292,2.596913266721755,4.277339802639745,2.320457574453605,20.098227389728326,9.81488077725379,195.19270882207815,False,False,34.92443723165965,28.58735439906523,39.3525682208005
1982,Ti6Al4V,16.0,6,2,7.9559,330.8095,24.7041,1538.0669,0.1333374538566913,12.68079357935543,10.347229478742054,test,26.293054568812966,161.45412606148176,4245122.146894548,0.6489647017784267,1.8659837006022906,0.9991795761849331,0,1,True,False,window,1228.6272846713478,0.15594748902884054,16.747271550157993,10.19467601647601,7.387444913243577,6.523677719722397,7.565394872111916,7.003383187690382,7.565394872111916,6.751641613844997,7.387444913243577,6.2704199198920945,29.663198460617835,24.218336185197323,196.27603824295494,False,False,11.692367302430805,7.428715802968343,10.75625624336719
1990,Al6061,12.0,2,1,44.3259,35.0996,24.135,7971.8124,0.1526122056713974,17.214847676374237,3.21803960021637,test,7.21005726751686,134.79410613190728,971873.2245347971,0.3784367934299922,130.25561087598155,0.9997968221254193,1,0,True,True,window,5307.17367264711,0.14743299357606096,16.253231101682317,7.721608837661266,1.6046863206071356,1.1358278670695319,1.5906070472648377,1.1614981618106723,1.5906070472648377,1.010363130608792,1.6046863206071356,0.9838124687109948,9.037500167477488,5.755166989024229,196.3972883072154,False,False,29.21807505408349,26.977680388883524,36.47940059449734
1997,C45,12.0,3,1,116.13235,97.41445,25.331,3613.00465,0.0959378742204909,10.934666779172083,7.289218273194677,test,13.376171937628369,82.88317412524094,1108659.5878356136,0.6961898152316847,35.318965297063436,0.9984329114361035,0,0,True,True,window,3191.1996898662214,0.15121098838948197,17.482001024092156,7.749842814304735,2.868100455260327,2.210897444416433,2.856870641276109,2.269671678694742,2.856870641276109,1.883261103160829,2.868100455260327,1.8220760205944349,14.825078822011053,6.50509456436746,196.1293655103561,False,False,22.914225672902447,20.553921976637923,34.07958078495242
2007,Al6061,8.0,2,1,1110.09935,132.45665,15.5439,8013.6303,0.0291511955462083,8.116111453942787,1.9968887053214024,test,8.540974199322624,7.57212077127968,64673.28814165468,0.2185669750714301,987.0935426188332,0.5238412885326317,0,1,True,True,window,7982.382321930015,0.10382483601984442,11.992841705065812,5.176516294076038,1.128883904779645,0.487308528921069,1.122602765188387,0.47712802260995407,1.122602765188387,0.12219342576743726,1.128883904779645,0.13144181990168016,8.956647228297976,0.7370105605154669,102.90191596374225,False,False,56.83271531662149,57.498053861475576,89.11516793325093
2019,C45,10.0,3,1,27.4691,197.9367,30.7751,6394.9647,0.0410007640049465,12.338521508214928,3.0435805953559374,test,14.342950072058784,29.539237775991854,423679.8125877239,0.5370153734522946,63.72298236804579,0.7436039091910807,0,0,True,True,window,3890.3206806825165,0.12959579465929671,14.902552686455367,6.480479897749828,2.4717090338664316,1.3369000791059995,2.4651612771869917,1.4013716024633252,2.4651612771869917,0.8145165520500447,2.4717090338664316,0.7453282661963382,15.518168544607942,3.3574782654104762,146.07146983055014,False,False,45.91191516524415,43.15294437601918,66.9588939438683
2028,C45,10.0,6,1,22.879800000000003,213.75254999999999,22.655,6227.52345,0.0637648499159489,3.5665781677231507,5.118391618910544,test,18.26102949007697,43.49438777879493,794252.2978814177,0.7246121852979219,49.63407224253265,0.9911833167297496,1,0,True,True,window,3820.7871119570164,0.12475759492619387,10.826695949072018,6.287973369834945,3.645435308505233,2.0880424623022775,3.640184309243417,2.2209479363302065,3.640184309243417,1.4238571057828469,3.645435308505233,1.2867249482465934,22.79315562727026,5.2945460510229285,194.70527542510516,False,False,42.72172496297968,38.98803610875921,60.88502710790531
2034,Al6061,12.0,2,0,199.8024,53.5606,21.1652,7999.9243,0.0763171417301861,16.75411951003334,5.291258947380312,test,7.507184962381256,108.24767935086643,812635.3506354926,0.3726248708585082,149.8223900569946,0.9997882467115449,0,0,True,True,window,5324.946204871197,0.1551811928065809,15.266667442176399,7.7840068711093116,1.3530974904068545,0.8808605442707181,1.3455469045074402,0.9601610017054831,1.3455469045074402,0.7974228286321815,1.3530974904068545,0.7173468873037151,8.462054091461244,4.850070243400465,196.39560377692507,False,False,34.900437661305716,28.64158072163482,40.73615524208787
2038,SS316L,8.0,5,2,20.38985,22.33315,19.6589,4539.11915,0.0647292963089848,2.755192011078428,0.9199820665348504,test,20.034319070283697,3.7236916000634004,74601.6256350054,0.5774660635297566,62.413271488587775,0.5034080350846897,0,0,True,True,window,4267.7885903854685,0.08829918225348685,10.104573860355933,5.193932384716571,3.5999031888181783,1.2262093237139877,3.583273833511226,1.2245699925770723,3.583273833511226,0.23559838851355527,3.5999031888181783,0.2330744664155519,23.10013323265996,0.9024732774265142,98.8880648695382,False,False,65.9377138940077,65.82538623968003,93.42505207639424
2049,C45,10.0,3,1,14.4432,390.5221,20.4133,6898.0503,0.1116483982144522,11.510833892132572,5.553525738488655,test,13.407145760684042,147.69836379224907,1980213.4919772213,0.5747459329059698,11.117518347226854,0.7963817564233314,0,0,True,True,window,4163.665826318021,0.12985373996380567,14.855515900741768,6.4924066822026,4.3563280541361005,3.408799192165712,4.350905321660737,3.8428143750550876,4.350905321660737,3.760501799731416,4.3563280541361005,3.326117077070168,16.6338949255157,14.796742456444452,156.43900236288124,False,False,21.750631499635585,11.677821258857264,13.56967063820099
2055,C45,16.0,3,1,9.874849999999999,179.10505,19.7344,4780.73535,0.1866199579838319,7.813258239163475,2.7083061744504393,test,16.994962568878833,56.63748802158418,962551.9889221465,0.6408862169491099,38.88723575589159,0.9879645301792477,0,0,True,False,window,2405.953113619887,0.20717699860086475,12.581262864172459,10.315514649286296,3.468804898587695,2.032174806023064,3.4593239130125877,2.2427799727050006,3.4593239130125877,1.529487246337985,3.468804898587695,1.3158592715908752,21.73326769827194,5.7323122290654585,194.0729860077269,False,False,41.41570755822983,35.16710117059109,55.786526939999234
2061,Al6061,10.0,2,1,108.0727,326.3897,20.6242,8009.619,0.0852768537418952,12.661259685779102,3.8440297286695024,test,11.645235331876641,66.48699072481493,774256.6534987693,0.3676931140199851,85.57977397230297,0.9380705127235355,0,1,True,True,window,7318.772445778913,0.12978104502480553,14.991052131332266,6.470645367595046,2.0009741364839138,1.2800697665521208,1.9897275519136521,1.2748335769603676,1.9897275519136521,0.9037559746701096,2.0009741364839138,0.907297405944359,13.302340451145918,5.033152542354083,184.27194492197566,False,False,36.027670562427005,35.929239370773345,54.578908363564246
2062,C45,10.0,3,1,140.3863,176.4357,17.9558,4432.1032,0.0839679910449307,5.165739020961287,6.184747986574446,test,17.601597664113772,35.66969130731998,627843.5551945827,0.5238301571698207,44.94651460850818,0.7248312545101139,0,0,True,True,window,3824.414868796542,0.12921634237997076,14.824693797343423,6.478451601342256,2.8455850629698363,1.8629369523874846,2.8338988425584684,1.9294890170686652,2.8338988425584684,1.2891445730933737,2.8455850629698363,1.220308864438352,19.648634879797843,5.090477285164834,142.38382210845413,False,False,34.53237520008615,31.913977023727995,54.50985921820968
2065,Ti6Al4V,16.0,5,2,74.9282,154.7642,25.538,1133.9871,0.0783362196433568,2.90367958950031,6.486302856707693,test,28.252637981253102,8.365398662714894,236344.5799865427,0.5462068780458479,70.75844200330707,0.6200862652011964,0,0,True,True,window,905.435389627319,0.15489781541929637,16.719058570928794,10.389419094603076,4.12974946394117,1.7533517638713016,4.102040173479884,1.7818712291921384,4.102040173479884,0.5038073366587109,4.12974946394117,0.4672232546997387,29.559797228415157,2.082037208920235,121.80800969458043,False,False,57.54338661023726,56.56134133663242,87.71812767910276
2070,Ti6Al4V,10.0,3,1,105.3098,44.30695,24.7551,1532.4527,0.0901180156740703,4.046130813437597,4.968242472895851,test,26.48826979523313,8.328420731961495,220605.4553164091,0.09408412848076231,13.124053623575243,0.16088414214454977,0,0,True,True,window,1601.9895820609597,0.09724537999422565,10.437588248651823,6.478685436757087,2.6620154057439476,1.8275601859957338,2.6378067116450006,1.8089721796912595,2.6378067116450006,0.8695443270222372,2.6620154057439476,0.8824576228751463,27.631417403236874,7.320210406109799,31.60363040727735,False,False,31.346746451867748,31.42135200030861,67.03532813137896
2075,C45,8.0,5,2,23.2955,427.1555,25.3671,8010.3051,0.0816212955797782,9.866378119413907,4.871055567428496,test,18.26808227650585,157.10983975511294,2870095.479095053,0.7163104663877257,5.980241892674901,0.9422457972000653,0,0,True,True,window,5778.0644730427675,0.1036735034851261,11.919776923453151,5.184413746004549,8.065417200617695,6.379331065630947,8.068643045456215,7.015017014336566,8.068643045456215,6.822474798293958,8.065417200617695,6.18558517736462,24.4888541070032,20.34421273807306,185.09212611374863,False,False,20.905132283270078,13.058280372348221,15.444582690568094
2076,Ti6Al4V,20.0,3,2,13.4987,513.4641,24.3081,917.1932,0.1831462681893089,4.711764196601959,7.157530536676248,test,29.413176660378642,16.99522474769879,499883.54788690346,0.6154619796898342,8.971824871373075,0.8887163590012676,0,1,True,True,window,1100.5895497515073,0.1946715675372083,20.98747298386517,12.941290735190092,4.372702872284145,2.07857164243768,4.359643151771634,2.0545015501528194,4.359643151771634,0.7681406394310872,4.372702872284145,0.7846399750137989,30.957189306859643,3.055116093756454,174.5769531564038,False,False,52.464832321160934,52.87454778683138,82.38065335418709
2086,C45,12.0,4,1,11.0169,13.4021,20.9912,5585.0961,0.0765941792468656,8.697688214801492,6.225352869525211,test,13.880445853029995,92.65187599837323,1286049.347977069,0.7003170415250054,30.670809058225878,0.9971296663933082,1,0,True,True,window,3186.0114614547247,0.15057354512438176,13.90630440478553,7.340195719208569,3.4193592022764587,2.3152897029591526,3.420515218656225,2.4573717589151065,3.420515218656225,2.075957159353207,3.4193592022764587,1.9320818124961123,16.354553499915024,7.8781209718265375,195.87335970323556,False,False,32.28878377510807,28.15784752214892,39.30864134062347
2099,Al6061,10.0,2,1,190.3931,197.3418,27.4038,7953.7466,0.0417818423398021,5.332707694306191,3.7695213519579966,test,10.961661092893564,13.360518690154494,146453.47790674382,0.34767567528028387,523.5338551632143,0.8868528796264351,0,0,True,True,window,6959.355600718222,0.12960460398986748,14.902048632081137,6.480520459898474,1.5379270725396978,0.6888044826955244,1.5273255377683763,0.6830761027041945,1.5273255377683763,0.17770168197699399,1.5379270725396978,0.1799227198006774,11.72057842238013,0.9986369881216345,174.21089648575395,False,False,55.212149197812856,55.27632545827404,88.36517313547711
2104,SS316L,16.0,4,2,53.5187,8.5787,24.2175,1965.6468,0.1276591382398859,18.547350289735203,2.2409614290259494,test,20.16330251019862,41.718975925923175,841192.3320100824,0.9973653546062174,56.20110015352098,0.954647867963489,0,1,True,True,window,1402.6721597574629,0.1767408091095498,18.34584865128009,10.308040788149476,4.387737663856825,2.389066093807677,4.368055265659494,2.560336490093502,4.368055265659494,1.7622478514648292,4.387737663856825,1.5863055814648863,22.271483128425746,4.9490318043458075,187.52835416871747,False,False,45.5513005372412,41.384979484527214,59.656008354125916
2107,Ti6Al4V,8.0,5,1,4.1014,351.8396,27.8585,3241.336,0.043734367244615,7.759336959711064,4.659473994553171,test,29.820198931761123,25.62585762113024,764168.1720590906,0.15209103665715,1.332234241902727,0.24860262071639794,0,0,True,False,window,2899.515549926043,0.07775482921936733,8.390627283180487,5.163119649358476,3.8409244701471663,2.992095507758903,3.8332734691287245,3.013469114459538,3.8332734691287245,2.3260968851800143,3.8409244701471663,2.2998490381689494,32.02188912422085,17.48545536918628,48.8348027261912,False,False,22.099600473417805,21.386534544730047,39.31826403951505
2115,Ti6Al4V,10.0,4,2,21.5192,144.2779,22.3892,1620.096,0.0623870210760734,7.868647651515252,6.274682631099663,test,28.19171006135554,19.9612095120337,562740.6310372264,0.1818158038784045,2.2613681802060697,0.3107532758954975,0,0,True,True,window,2319.612439940835,0.09719353652420916,10.48828410397561,6.453899561698095,4.362485286536279,2.828016795311725,4.353211839647068,2.7025512986433053,4.353211839647068,1.825373185272714,4.362485286536279,1.9462706750519232,29.378968259821566,10.084666804048128,61.04350340773902,False,False,35.1741814685383,37.918222264542685,58.06835843254749
2117,Al6061,12.0,3,0,26.632550000000002,143.8655,24.8665,7996.33195,0.0462864632086623,6.397192475429025,7.680659109797151,test,5.9890052097547954,54.55743884703427,326744.7854857669,0.3903420661295198,409.52804752244316,0.9958292394050756,1,0,True,True,window,5310.2869990542695,0.1302959328331053,12.23555383644998,7.702201371459696,0.8141232488108183,0.5027328348884106,0.8138026973920157,0.5037803481431681,0.8138026973920157,0.2885265676064428,0.8141232488108183,0.2861704997618427,6.681712126855215,2.0314808499801162,195.6179074668627,False,False,38.24855934003268,38.0955175305234,64.54588212461317
2133,Ti6Al4V,10.0,4,2,17.99885,270.43465,17.2741,1937.7479,0.0525318247021922,3.0795270748106245,1.9069869467520597,test,28.213154376433227,2.3911757607253468,67462.61087852936,0.1818158038784045,18.863244991036566,0.3107532758954975,0,0,True,True,window,2319.612439940835,0.09719353652420916,10.48828410397561,6.453899561698095,3.9277589301065956,1.465739897255816,3.9024216564418177,1.4528394924992356,3.9024216564418177,0.2188273932200859,3.9277589301065956,0.22765054785079603,29.40978514298807,1.2089725086797853,61.04350340773902,False,False,62.682539245960356,62.77082231488235,94.39252309245306
2137,SS316L,16.0,6,1,63.2141,267.0329,23.2175,1810.0863,0.0778130397721362,7.852582078237216,4.1218141259612,test,24.348485965941407,27.35292665306385,666002.3507395497,0.9966430178229799,66.4992225099014,0.9736787890638607,0,1,True,True,window,1432.7553859354675,0.17678704979384044,12.296321996767075,10.235061784267332,3.3540593596358876,2.1327452621866376,3.3294351394128627,2.1876157055708445,3.3294351394128627,1.1603785202723316,3.3540593596358876,1.0998556919135745,26.491888013415576,4.033298140436266,191.2667350230954,False,False,36.413013798951795,34.294689219967054,65.14788630251073
2139,Ti6Al4V,10.0,4,2,15.7638,368.55475,24.6954,2532.0056,0.0549567751607474,6.4949404382813,2.511409868409827,test,26.106808939561112,9.079013523105765,237024.0714074138,0.1818158038784045,5.368922022056126,0.3107532758954975,0,0,True,False,window,2319.612439940835,0.09719353652420916,10.48828410397561,6.453899561698095,4.06912447036698,1.890436334987281,4.047463814082931,1.8949525224757324,4.047463814082931,0.8143836609457914,4.06912447036698,0.80336252126186,27.62046934795598,4.247620756078931,61.04350340773902,False,False,53.541938843252225,53.181730349698306,79.87916141184049
2144,C45,10.0,6,2,29.0563,191.356,27.2002,5396.5026,0.1048454566987382,9.54756790909111,5.817335889070893,test,12.711490562443753,188.55157013179266,2396771.5042642336,0.7437856220176046,17.195190033238248,0.9993044045142169,0,0,True,True,window,3828.223665312752,0.11423744316212833,11.661336333490908,6.415288431895347,5.459530707028842,4.70665367960625,5.473035440402598,5.063766048886473,5.473035440402598,4.985653518749132,5.459530707028842,4.628004349045215,17.206581717477885,15.546969405228868,196.3005591704401,False,False,13.790141823972247,7.47792328357405,8.905148284908867
2150,SS316L,20.0,6,1,14.36195,253.5488,25.6304,2325.11895,0.1226801379774494,5.3386407449826905,6.962034389975033,test,21.405741202625016,63.61177919620895,1361657.2829125747,0.9841836762393432,16.09840603278758,0.9633277165743379,0,0,True,False,window,1363.3845309685846,0.22034836378588063,8.144548611715436,12.889952847184006,4.347822413110699,2.908524453036309,4.341936844962234,3.2805280394557714,4.341936844962234,2.5044060616057435,4.347822413110699,2.1274806006836595,25.221928831142236,8.546721042937914,189.23339932625652,False,False,33.10388105397866,24.445514603418758,42.320532264040175
2155,Ti6Al4V,20.0,6,1,6.5373,88.7567,24.4192,1381.3547,0.1577581474193243,3.6543197410236496,2.998864628327958,test,26.42150979791426,14.32886079308242,378590.1358373767,0.9650778882709813,51.45730396853704,0.9909385397184564,0,0,True,False,window,783.3641161069025,0.19472868071333493,16.602045680401396,12.810438750475504,2.993472995425039,1.7345410157820773,2.9743053886392383,1.796453485377643,2.9743053886392383,0.5096262443320961,2.993472995425039,0.44009051571910884,30.020118745447053,2.1303337796573283,194.65719211438235,False,False,42.05589900316464,39.600906744833935,82.86570550963991
2157,Al6061,8.0,3,1,386.4275,22.6784,24.3721,8014.1231,0.0723348318974714,2.102519125471302,4.21057183278307,test,11.89809605102033,15.39592462460684,183182.1899778413,0.327850462607145,522.7466582226969,0.7857619327989473,0,1,True,True,window,7982.382321930015,0.10382483601984442,11.992841705065812,5.176516294076038,1.9585626033078436,0.8677470855381235,1.9402751290950517,0.8588673791196592,1.9402751290950517,0.27957846175242984,1.9585626033078436,0.28503590976234094,14.05351143305503,1.4941388998515277,154.35287394561337,False,False,55.69469752600333,55.7347632693598,85.59078258747634
2158,C45,12.0,6,1,44.278800000000004,424.70285,28.0651,4689.6074499999995,0.1364488416939797,4.637922203676075,5.796566845043341,test,15.354438039816763,103.2171593640357,1584841.4781009785,0.697195174520263,24.1120447910616,0.9955754082165154,0,0,True,True,window,3206.577601986677,0.1519022983747551,9.046549894614145,7.397033110722784,4.336234304966842,3.0772864075167825,4.32875303251595,3.4930147542069734,4.32875303251595,2.9756913786985515,4.336234304966842,2.5562592926284196,21.495172076596866,10.570813268379602,195.56804557890925,False,False,29.0332073616969,19.306674971550184,31.25753868732433
2169,C45,10.0,6,1,21.7011,571.6477,23.2069,5492.2897,0.0342668685558046,12.908555490908856,4.148285311882734,test,17.56280123337865,60.46796744752051,1061986.8932672134,0.7246121852979219,37.120962774372614,0.9911833167297496,1,0,True,True,window,3820.7871119570164,0.12475759492619387,10.826695949072018,6.287973369834945,3.6292290600193096,2.296448924819192,3.645242592120778,2.355533820448829,3.645242592120778,1.7815799901466836,3.6292290600193096,1.719339059777002,19.628664906896486,7.079285167929738,194.70527542510516,False,False,36.72350554784288,35.38060195114763,51.12588682032895
2173,Al6061,10.0,3,1,1.52565,438.15015,24.2874,8024.32785,0.0744416660749212,6.982374055987193,1.3272117433603214,test,8.79504332697078,16.60692904820426,146058.6605068861,0.40736424334490723,903.1156396835229,0.9985640413184503,1,0,True,True,window,6366.564903947656,0.11316901621832566,14.187602240643082,6.396415803811627,1.3725031993628207,0.5995637206425359,1.365067643309464,0.5964943002370768,1.365067643309464,0.1574523446259945,1.3725031993628207,0.15794099075010992,10.436814983583444,0.9122605640683831,196.15512429728068,False,False,56.316042037579145,56.302949296275266,88.46560129106366
2182,Ti6Al4V,16.0,6,2,30.84585,6.3665,23.8072,1099.69635,0.093490652319608,13.423252237320842,2.8538721351884964,test,25.953413870757604,23.63112983012812,613308.4927149209,0.6557234318324208,18.818675535302376,0.8954023097368834,0,0,True,True,window,1088.3594815497638,0.1555858306462466,16.700517215871514,10.366170927996508,4.26979008254142,2.104776844517967,4.252807863698863,2.106963364996282,4.252807863698863,1.0152916539502672,4.26979008254142,1.0068713605550077,27.621104480210136,3.8559083718932645,175.8903225982461,False,False,50.70537886337533,50.457123093170765,76.12655717140203
2186,SS316L,10.0,6,2,76.61185,317.002,24.5149,2910.71025,0.0467813256752302,5.867998437656915,5.594940083023857,test,25.455683815681432,26.823051268689532,682799.1120675734,0.7104131575456241,38.81194400547108,0.6519155095483613,0,0,True,True,window,2358.054195086787,0.1103711700721113,12.631331149990269,6.492399687689626,4.929800035443862,2.6926810994396333,4.90822579620798,2.7540943391097485,4.90822579620798,1.7649628400644466,4.929800035443862,1.6976570167538274,27.62207203388557,6.199145712342507,128.06045733225335,False,False,45.37950667207552,43.888189878356464,64.04071627209917
2189,Ti6Al4V,16.0,4,2,7.9864,396.50085,26.0176,1404.32805,0.1129725273545496,5.436571206379378,6.848720298154522,test,28.239974300179284,23.62848720223498,667267.8713432308,0.43756768920584854,4.88224198579784,0.7955283862924734,0,0,True,False,window,1449.7577749630216,0.15550965843873465,16.781254566360975,10.326239298716953,4.528708104160927,2.323155207552674,4.524243361640154,2.3266140264497457,4.524243361640154,1.139464507295921,4.528708104160927,1.128320574772073,30.10676002238599,4.671039388255179,156.27136872381183,False,False,48.70159095883913,48.57451643347743,74.81425254536182
2191,C45,10.0,4,1,50.714650000000006,86.83945,21.4086,4739.93065,0.0818860848549508,10.932432359735715,1.514774407629169,test,19.09656008678285,25.710282225722512,490977.9493716551,0.698440209559761,76.6344790338702,0.9664416726801519,0,0,True,True,window,3824.414868796542,0.12921634237997076,14.824693797343423,6.478451601342256,3.0016987310440992,1.662832151083423,2.9954402732960776,1.6994176842353776,2.9954402732960776,0.8388424971461883,3.0016987310440992,0.7980798751299454,22.184906417054382,3.1187203604260145,189.84509614460552,False,False,44.603629475332795,43.26651412864267,71.99601992987978
2200,Al6061,25.0,3,0,29.9477,321.3595,18.2471,5795.2743,0.1455915565549667,15.87968598559965,2.470747232205711,test,7.966934176971122,99.31198633943309,791212.0581505187,0.3253396281800372,167.94021023365994,0.9913831143283095,0,0,True,True,window,2567.851105910848,0.2571624208358116,6.707605287645691,14.655449931129978,1.2947350229354606,0.8005875489662413,1.2935275686860364,0.8656288515976763,1.2935275686860364,0.6378841181619683,1.2947350229354606,0.5720052847685269,10.067573236684158,4.9012278097740465,194.74452310593298,False,False,38.16591543564442,33.07998433485411,50.68646903212661
2214,Ti6Al4V,12.0,3,2,55.54,533.2228,25.6999,1652.8578,0.0473457942605917,7.421324894264194,7.085556517208632,test,28.05894096365008,12.345070206975166,346389.5961296317,0.15749729427464182,6.856086512753418,0.2794641932859705,0,0,True,True,window,1610.135578493117,0.11686656474726201,12.482120651027918,7.790898577074857,4.229152558593947,2.288596652556367,4.205180472542597,2.2549800924454377,4.205180472542597,1.2275202323925152,4.229152558593947,1.2545966355975515,28.74512118416798,6.680827794131432,54.89716362935484,False,False,45.8852188269782,46.376139926237244,70.80933290717213
2215,Al6061,8.0,2,1,553.9485999999999,20.887900000000002,28.8856,8002.64885,0.0337567746005944,8.433729922360085,4.046713706842226,test,7.193984569288765,18.43940359191012,132652.78490708926,0.2185669750714301,481.2457209192208,0.5238412885326317,0,1,True,True,window,7982.382321930015,0.10382483601984442,11.992841705065812,5.176516294076038,1.0911929494784942,0.5628274258505108,1.081810461436256,0.550213979301232,1.081810461436256,0.2602913293767337,1.0911929494784942,0.2707510128226361,7.598861441488519,1.5116983559606922,102.90191596374225,False,False,48.420907033948595,49.139521301102484,75.93928523937915
2217,Ti6Al4V,12.0,3,2,14.15505,255.89345,28.9207,1858.71335,0.0924655762418123,3.534123436900902,2.003748421099363,test,28.240804693105606,3.651225540965103,103113.54739287433,0.18932987002547097,13.328693387291779,0.33561353796713733,0,0,True,False,window,1933.0103666173623,0.11663224382905099,12.585940924770734,7.7446794740377145,4.1229724579442575,1.6662577219109163,4.0926740332106615,1.654761985546536,4.0926740332106615,0.3168658750855024,4.1229724579442575,0.31840739267841306,29.757574195529298,1.6742501467169066,65.92698368035815,False,False,59.586008907230884,59.5677062937653,92.25772997032642
2219,C45,8.0,3,2,27.96545,423.11445,22.1082,5138.1946499999995,0.0795041757975814,11.729898587572691,4.3250689095818124,test,12.867936186634083,62.17403247558672,800051.482361565,0.45469101190108235,10.88772395157952,0.5985094203158099,0,0,True,True,window,6109.987845367981,0.10388139088645512,11.887733953359922,5.193932384716571,3.0560020202811344,2.4384974444917913,3.061257800233725,2.3789196439765994,3.061257800233725,2.090552922231304,3.0560020202811344,2.148658103798411,14.510640556772243,8.15466666808746,117.5695147004608,False,False,20.206288205677833,22.289470563538604,31.709347639009966
2220,C45,12.0,5,1,58.180949999999996,411.6021,28.0254,5386.33705,0.0364145069828553,13.983887246272054,2.597671713313357,test,13.879122174846795,35.6246120356796,494438.3428747147,0.6900755976885248,77.38721067919762,0.9936646868417905,0,0,True,True,window,3197.2286043419836,0.15449603049668037,10.278817674843594,7.688814953762946,2.66647945470519,1.3704271926163232,2.6636914168732946,1.5133380359978958,2.6636914168732946,0.9399245325874446,2.66647945470519,0.7929158941392699,15.296967091180168,3.184763849849014,195.19270882207815,False,False,48.605372143478995,43.1864356955323,64.71346017660143
2222,C45,10.0,4,2,45.0031,396.2525,22.9491,4897.167,0.0904622689430179,2.7208599468061134,3.241787651833748,test,15.40404200168227,15.630149543348457,240767.4800583146,0.7160204979363927,149.51156039669723,0.991471878921441,0,0,True,True,window,3890.3206806825165,0.12959579465929671,14.902552686455367,6.480479897749828,3.0353450574624214,1.2231225013633353,3.0269448805588115,1.2427150037268906,3.0269448805588115,0.47801305269193656,3.0353450574624214,0.4542855426981334,18.247428147910416,1.4959062094320876,194.76195977406687,False,False,59.704004710888526,58.94490805866707,84.20806881016976
2228,Al6061,12.0,2,0,63.5237,41.8075,25.6443,8019.2511,0.0764872173829131,12.59785964564668,3.985917070204364,test,5.968783288210736,61.59957186812487,367674.4951273999,0.3726248708585082,331.1379279512614,0.9997882467115449,0,0,True,True,window,5324.946204871197,0.1551811928065809,15.266667442176399,7.7840068711093116,0.882942620658569,0.5311182403226131,0.8794406423799478,0.5395264745875681,0.8794406423799478,0.32833277085216683,0.882942620658569,0.3185842221816506,6.731506999040539,2.1944001410720886,196.39560377692507,False,False,39.84680001895675,38.651177966087836,62.66572693710963
2245,Al6061,6.0,3,0,2245.0518,329.479,23.3847,8008.7136,0.0557348362022369,6.782574429821431,1.8401503737292155,test,9.923988565500656,16.713162255767678,165861.23111959558,0.13045316270645158,1142.8431982547295,0.28841260446514033,0,0,True,True,window,6985.3259138856565,0.07776276239392048,8.941229179248682,3.888312275939085,1.2198258728956324,0.7612094025069289,1.216124015486481,0.7658257026492816,1.216124015486481,0.40478997924815346,1.2198258728956324,0.39816573988229803,11.30827438206982,3.4245204400123375,56.654964465839655,False,False,37.596880061253,37.02733496773094,66.714745034763
2256,Ti6Al4V,10.0,5,1,78.15950000000001,356.89635,18.6899,1664.339,0.0663364780059912,8.539134588698309,5.7151075848280595,test,27.74493941293861,26.94030282476377,747457.0696392898,0.1464944640389612,8.73972343564043,0.24222119734421735,0,0,True,True,window,1448.6966234037104,0.09681113463706023,10.449411606830497,6.493386934126923,3.327406243989161,2.659867132133779,3.323872766558604,2.731741917465609,3.323872766558604,2.1795837914261105,3.327406243989161,2.1055856095286583,29.340365731220622,16.856564190044573,47.58125378694549,False,False,20.061845861510527,17.81448601313528,34.42637716597201
2257,SS316L,25.0,5,2,17.908099999999997,36.8077,23.9676,1642.0285,0.0765992841196109,12.85985935993408,2.328545614685142,test,24.841815606410673,18.831996933914557,467820.9953327966,0.9910234323484937,26.277705343934965,0.9284474214615387,0,0,True,True,window,1250.5926132041266,0.2723286708472956,7.013411590337393,15.27117636911571,4.328609881251685,1.967218735591835,4.295249645427272,1.9950436606375352,4.295249645427272,0.9166370050777047,4.328609881251685,0.8825934356016756,26.469190106724927,3.020061712235989,182.38161181912454,False,False,54.55310620362528,53.55232348924209,78.65928454115449
2262,C45,25.0,5,1,120.1566,214.45425,23.6218,1724.0862000000002,0.0788036793567387,21.122320129285544,3.1845718535099885,test,16.459407279037816,45.69494385627653,752111.6915232223,0.6228940751474735,58.49053117950954,0.9979888961160417,0,0,True,True,window,1535.0139310230575,0.24518590614898128,6.473020544485535,16.0940234953933,2.666005524025037,1.7381671565037484,2.655780970722056,1.708851367556867,2.655780970722056,1.1108570368859494,2.666005524025037,1.1367970498014761,17.62411896777292,4.588517108091147,196.0421443841261,False,False,34.80256733003585,35.655410352147264,58.17211399839466
2264,C45,12.0,4,1,89.77815000000001,163.58294999999998,26.2497,3785.3117,0.0886953833738933,13.32841833259944,3.0180577753345013,test,19.050229367821697,54.021771082983776,1029127.1299867984,0.6967892253721752,38.38332407833697,0.9936002742119193,1,0,True,True,window,3183.9452080287642,0.14985295261880227,13.62037342088297,7.508540749568493,3.6053268759459973,2.4016612502330554,3.597327773986341,2.4786550466417223,3.597327773986341,1.7589746141162126,3.6053268759459973,1.6772652288543712,21.715195104280387,6.320928324554441,195.18005578542164,False,False,33.38575577553183,31.097325504619597,51.10329876426514
2269,Ti6Al4V,16.0,3,1,8.4947,499.30495,23.8042,1296.0751,0.0664246500839183,4.626815450066584,8.779767018788782,test,26.73404567196309,10.49170004636588,280485.5882160827,0.3294983112088666,10.233378879811756,0.5687784697608111,0,1,True,True,window,1375.736937189384,0.15573725402976663,16.789978387092134,10.353032588152075,2.591756586066294,1.5841288200540875,2.5684953475167194,1.5767283861280785,2.5684953475167194,0.43870456583353107,2.591756586066294,0.43960774026306065,27.45328619754112,2.6784864390167606,111.72925002009839,False,False,38.8781790477307,38.61276067124295,82.91978351225434
2271,SS316L,10.0,5,1,13.67035,222.6261,23.419,4587.69615,0.0769207885074579,9.055096414413574,4.323798500016542,test,20.31098323132954,69.08231829846217,1403129.808541435,0.7428506703283942,8.079311896527866,0.6812112348327173,0,1,True,False,window,2948.109212106374,0.11032922728082961,12.740163352235713,6.458421598693613,4.722488085297368,3.309556688059144,4.719077766190947,3.7119790418959324,4.719077766190947,3.1722816268351504,4.722488085297368,2.7668511541945686,24.044070070483283,12.261912980253062,133.81522757908144,False,False,29.91921571252103,21.341007166913133,32.77750899630351
2276,C45,12.0,3,1,34.5812,14.3904,19.9704,5391.9295,0.0417352280624942,8.326805145499854,2.3646394109266087,test,18.904757419944733,13.292650202592839,251294.32754819683,0.6908732468749663,150.04404838007116,0.9975611588238029,0,0,True,True,window,3209.646664803647,0.15545623407647183,16.829907946747095,7.778482923107983,2.6962380332419413,1.2194517339656303,2.683211861854321,1.2634981712664157,2.683211861854321,0.4261004916324865,2.6962380332419413,0.37843181571685097,20.23419553803566,1.4823440924791247,195.95812086810312,False,False,54.772103985961195,52.91097996290035,84.11975969210214
2285,Al6061,20.0,3,0,35.095650000000006,240.38774999999998,16.7547,6668.46285,0.1854937451087335,12.029515761894691,4.122004092947605,test,7.3395736334593185,184.0063559508234,1350528.1985255936,0.3264191047093908,89.93367852019487,0.9942144292727515,0,0,True,True,window,3212.097062937423,0.24623356822898912,6.457523261150794,12.746197517746085,1.5993752042563047,1.0881706142041003,1.5868311764114729,1.2082271839736904,1.5868311764114729,1.1405665410695602,1.5993752042563047,1.0203000582889927,10.176681574073127,8.624294327477855,195.30069868593733,False,False,31.962768254239002,23.8591223859096,28.12300652871683
2287,SS316L,16.0,4,1,39.358,235.6794,14.0,2044.5412,0.0943364983441665,4.140520372037644,7.548699737039704,test,24.10525873950292,24.113635189031125,581265.4153815777,0.9973653546062174,81.33278404089764,0.954647867963489,0,1,True,True,window,1402.6721597574629,0.1767408091095498,18.34584865128009,10.308040788149476,3.043252007725906,1.8758889057489965,3.0292083341049802,1.9668234238741653,3.0292083341049802,1.0015892265706785,3.043252007725906,0.9087186756948015,26.04246638328057,3.4197898839800946,187.52835416871747,False,False,38.35906783313784,35.07137156166285,66.93561102106861
2290,Ti6Al4V,12.0,4,2,7.931150000000001,542.42355,17.4669,1936.3361,0.0706406804322637,12.537958826825587,3.00214988785648,test,29.301754428272144,20.59466908886718,603459.9361735133,0.26997088191626306,2.4736275711152294,0.47845089736278495,0,0,True,False,window,2069.3235938740822,0.11649350847089705,12.584402019690367,7.74530275956323,4.671345696668388,2.493329411460634,4.661018711618361,2.479330113353094,4.661018711618361,1.4317112965680105,4.671345696668388,1.4421712187625004,30.97176030228197,7.065693829616598,93.98555461543285,False,False,46.6250289881376,46.80711950001503,69.2832965248727
2312,C45,12.0,5,1,31.081699999999998,349.1403,21.5542,4342.27855,0.1343003398967123,14.73756494968796,1.8701851962617329,test,14.617086816533535,80.36651618442936,1174724.3442101514,0.6900755976885248,32.57207054276712,0.9936646868417905,0,0,True,True,window,3197.2286043419836,0.15449603049668037,10.278817674843594,7.688814953762946,3.4414988903514363,2.3310749970391864,3.4465279071462263,2.4705282783320097,3.4465279071462263,1.9513471230067219,3.4414988903514363,1.8093463822379476,19.056794625800713,7.566604974901924,195.19270882207815,False,False,32.265705400208816,28.318344000364064,43.38223349473863
2330,C45,12.0,5,1,39.7232,442.169,24.1819,4884.0345,0.1111908506615774,10.447001789187652,5.912312433709477,test,19.51095743007112,167.71303778728858,3272241.9407356963,0.6900755976885248,11.693268682729554,0.9936646868417905,0,0,True,True,window,3197.2286043419836,0.15449603049668037,10.278817674843594,7.688814953762946,7.002723893967237,5.293468466322241,6.995163701219289,6.120193537059036,6.995163701219289,5.93814226470955,7.002723893967237,5.110353758113162,25.029509294855746,21.07708269594188,195.19270882207815,False,False,24.408436681581847,12.50821569776475,15.110746247803961
2341,Al6061,12.0,2,0,68.60045,344.64715,25.9004,8011.53,0.088082282233281,11.107769640211806,1.86880993492516,test,6.728454061652862,29.29719329723296,197124.8192357961,0.3726248708585082,617.6338978978476,0.9997882467115449,0,0,True,True,window,5324.946204871197,0.1551811928065809,15.266667442176399,7.7840068711093116,0.8714480406235914,0.4744606878122063,0.8690399127740537,0.4790371815734731,0.8690399127740537,0.17400134635979123,0.8714480406235914,0.1674623375011157,7.717640323991628,1.1765045899905415,196.39560377692507,False,False,45.55490795840319,44.877424554144675,79.97774972102681
2363,Ti6Al4V,16.0,6,2,12.517050000000001,311.70785,21.9022,1538.4556,0.1011391011037327,14.898990503905036,4.182649933441397,test,27.15837059832559,58.17865381844077,1580037.4413129045,0.6534303479898026,5.358028388584711,0.9875083619961411,0,0,True,False,window,1205.8105925193038,0.15493610651085996,16.732310605211048,10.3425020566418,5.53926820254949,3.318573441891106,5.564560289344218,3.527936282758473,5.564560289344218,2.5900664569202765,5.53926820254949,2.375983735834982,29.79948847064499,9.096295457473833,193.98337760710837,False,False,40.090038601783036,36.59990907971204,53.45424755519155
2366,Al6061,10.0,2,1,272.44515,544.3041000000001,31.6834,7993.20515,0.0752437224189052,11.862827505091271,1.4438612688174874,test,11.582932056412139,20.603210988287668,238645.59302126005,0.34767567528028387,321.28543804178975,0.8868528796264351,0,0,True,True,window,6959.355600718222,0.12960460398986748,14.902048632081137,6.480520459898474,1.7993104770087274,0.8604367989534626,1.7868056367408376,0.8586487198917594,1.7868056367408376,0.3047121994733976,1.7993104770087274,0.30188914563797986,13.034269846444953,1.6272765908297928,174.21089648575395,False,False,52.17963714723098,51.94504079033752,82.9465391642038
2367,C45,10.0,5,1,129.68275,203.07184999999998,29.794,4342.8719,0.0686302402276374,12.37526558137419,3.833048557294117,test,15.464369784036357,70.69055504424921,1093184.8834430464,0.7273621782285269,36.152162993071364,0.9957413379845037,1,0,True,True,window,3822.4406374186838,0.124844609471038,12.964719848737817,6.32304957077283,3.462268507063564,2.4940505704811784,3.458078091565553,2.5486980197683424,3.458078091565553,2.026868075930807,3.462268507063564,1.9681903560080622,17.864990423726127,6.977958756809512,195.60064035792954,False,False,27.96484254779983,26.297268243167775,41.38744058804073
2369,C45,12.0,6,1,21.986,545.3848,30.6112,5210.6401,0.137879227270221,8.886944209779848,4.276468356651036,test,18.036080253949855,163.82451284246764,2954752.061190985,0.6917503536026529,12.986461732118993,0.996004580471254,0,0,True,True,window,3196.8824910029166,0.1544810885685866,8.591323251603171,7.685493621204496,6.57105645691503,4.954358398487753,6.5757684082077565,5.60529142292759,6.5757684082077565,5.298173361650091,6.57105645691503,4.64478794013396,26.13472026204522,19.763469737656386,195.6523509749478,False,False,24.603320166667412,14.758381454992156,19.428832757598254
2377,SS316L,16.0,6,1,4.0639,15.5,25.444,3087.2933,0.0719566024825549,13.550382377449845,8.578586636226069,test,20.052984795835684,154.94125970852392,3107034.7251826585,0.9944087387259716,13.074691266841365,0.9996301403982762,0,0,True,False,window,1475.5446465498806,0.17501885323479166,12.228536049509422,10.363350104570536,6.396067169596165,5.01826184141873,6.4228749194842205,5.359127643364538,6.4228749194842205,5.151794709819417,6.396067169596165,4.809627305450749,22.837230650415485,18.376667265577396,196.36454581544427,False,False,21.54144557341206,16.561855702541155,19.789895110815507
2381,Al6061,12.0,3,0,20.3949,432.6927,23.6885,8022.1719,0.1170951012260972,10.217706615147408,5.474638515104438,test,10.938391801306473,157.63796574772098,1724305.8321095016,0.3903420661295198,77.60291216693396,0.9958292394050756,1,0,True,True,window,5310.2869990542695,0.1302959328331053,12.23555383644998,7.702201371459696,2.1081995684033528,1.659163410335625,2.1014969216432346,1.6793825411880363,2.1014969216432346,1.5220153928895395,2.1081995684033528,1.5009042078433035,14.14934656472199,10.720582035400437,195.6179074668627,False,False,21.29950905965728,20.086366822994545,27.574702717174485
2382,Al6061,12.0,3,0,153.8733,400.0895,18.2953,6859.9041,0.1008163379450652,7.327955938412357,4.7779033563387125,test,8.765014858431599,72.64244068776796,636712.0719810223,0.3903420661295198,210.1595994902292,0.9958292394050756,1,0,True,True,window,5310.2869990542695,0.1302959328331053,12.23555383644998,7.702201371459696,1.2643540680778587,0.8611856922693898,1.2608132598370239,0.8843600841801755,1.2608132598370239,0.5888707257437915,1.2643540680778587,0.5646042482449717,10.659327427100976,3.9586504165862255,195.6179074668627,False,False,31.887300083701067,29.857964509788683,53.29437399635926
2383,Al6061,10.0,2,0,32.8921,318.444,20.8492,8010.44,0.1125997302906689,11.089046637455615,4.688372279694222,test,5.215431428343801,93.78643270910821,489136.708703334,0.34767567528028387,156.75240178524678,0.8868528796264351,0,0,True,True,window,6959.355600718222,0.12960460398986748,14.902048632081137,6.480520459898474,0.8025915547680014,0.6118406563292,0.800131011818135,0.6121705899061003,0.800131011818135,0.48360789937066906,0.8025915547680014,0.4826801868637595,6.195468997486611,3.335325432628281,174.21089648575395,False,False,23.7668708704442,23.491205707042006,39.558910699915444
2384,Al6061,20.0,2,0,9.7481,86.1979,26.1304,8006.5695,0.2101634867281874,8.378114541718801,5.5771421187103085,test,6.181258471412128,157.25039446166159,972005.3328990444,0.3202565991283835,124.46970132328404,0.9810196400017992,0,0,True,True,window,3190.423107025395,0.25506625316325093,9.570211990503594,12.372247489072084,1.278176478530024,0.8397155885495741,1.2648996989050008,0.8884826627072092,1.2648996989050008,0.7740833731018315,1.278176478530024,0.7245713432316966,8.348161165969318,5.899029008948906,192.7087512269614,False,False,34.30362687355232,29.758646991824612,38.8027861994164
2388,SS316L,10.0,3,1,4.5768,274.8286,23.8022,4445.3469,0.0938093075416177,10.775274395337558,4.593874820107805,test,23.701773976997316,61.92704222803651,1467780.7579528897,0.5904167165370469,2.0080784033963157,0.5415262057293896,0,1,True,False,window,3898.4604018686687,0.11031388827108471,12.742394311632426,6.470645367595046,4.5924784794015725,3.7393781769431773,4.605017307068759,3.822379559005266,4.605017307068759,3.3107606331680053,4.5924784794015725,3.2248386511302756,26.790521866945777,15.652406673488914,106.37589158010523,False,False,18.57603266481848,16.99532696353029,28.10535960232014
2397,Al6061,12.0,3,0,79.8285,220.7802,20.8803,8005.0066,0.0830498061544407,8.248047241172095,5.2222905022912105,test,9.737281929680396,85.90802576171512,836510.6668640666,0.3903420661295198,159.96347606631298,0.9958292394050756,1,0,True,True,window,5310.2869990542695,0.1302959328331053,12.23555383644998,7.702201371459696,1.5654272629172532,1.0299289946306835,1.5606868836482097,1.0653572933416748,1.5606868836482097,0.7704468693175156,1.5654272629172532,0.7336439634587278,11.76024560093549,5.200864638167186,195.6179074668627,False,False,34.20780262179933,31.737922288977586,50.63411646565872
2398,Al6061,20.0,3,1,54.8481,61.5336,28.1359,6383.0245,0.1777104503758969,11.619975817987632,4.409812784561775,test,8.098147318837874,174.37575864676052,1412120.582355584,0.35356780248358727,96.02133744981265,0.994486558875043,0,0,True,True,window,3208.3664760202237,0.19952414323575796,9.253914135042578,10.992500859890134,2.0847575785659864,1.4479986467244108,2.0611672050604173,1.6212444649629458,2.0611672050604173,1.5125477490873696,2.0847575785659864,1.3385211851664296,10.968763797897887,8.674549967143454,195.35415506304858,False,False,30.543548007129644,21.343379567528896,26.616931155615127
2411,Ti6Al4V,12.0,5,2,103.08359999999999,172.78365,21.5075,1387.3897499999998,0.0703701600823042,2.458052308922994,6.675968401435499,test,29.364760331277648,8.010551522499853,235227.92557955947,0.24417770641980202,29.539735826100763,0.38612194114691945,0,0,True,True,window,1334.9913183841334,0.11669445599307077,12.525105898382188,7.7744225241085045,4.288411848971474,1.9277929716859517,4.2639651852993525,1.9228970495971023,4.2639651852993525,0.6805177835482713,4.288411848971474,0.6793387851174473,30.85794063462269,3.352911037393798,75.84871297746564,False,False,55.04645916533623,54.90354714371091,84.04025938357901
2417,C45,16.0,4,1,7.6941500000000005,27.206400000000002,21.06,4976.0634,0.0729253663887623,15.314684475635271,8.14546796446445,test,18.190909015112055,181.070878936412,3293843.8840186405,0.662022856290064,11.490436177311087,0.9941559705146862,0,0,True,False,window,2435.518407344718,0.18608754832297564,10.580762681551278,10.181049871309032,6.387882785780595,4.706856396421284,6.4011231775683575,5.128470167135175,6.4011231775683575,5.088411437202576,6.387882785780595,4.666608315781931,20.941383907000137,20.051585374512374,195.2892152111875,False,False,26.315861541812716,19.88171411687526,20.50752194499171
2422,SS316L,10.0,5,2,31.3376,74.1825,30.0859,4739.4729,0.0273962032540336,10.77324613939688,6.476878059861492,test,24.133030598465915,45.300472445987566,1093237.68766398,0.7428506703283942,10.369495565731027,0.6812112348327173,0,1,True,True,window,2948.109212106374,0.11032922728082961,12.740163352235713,6.458421598693613,6.282774803801088,3.4991350134929546,6.232352238605398,3.9189894503570626,6.232352238605398,3.1403829938309538,6.282774803801088,2.714442023332482,25.765071575615302,9.55377422050751,133.81522757908144,False,False,44.30589790714808,37.11861428368164,49.611593286106185
2427,SS316L,12.0,3,1,19.48835,42.15345,24.5183,3437.0733,0.0498148750878875,5.036444354058564,6.933036379221589,test,22.29617653214132,17.935629064326555,399895.95183322957,0.5867992443031441,27.914780717975592,0.5612175805331892,0,0,True,True,window,2349.932725394141,0.13225371679214687,15.209057162321226,7.7744225241085045,2.925470947140343,1.720883680700445,2.904836593893264,1.7786670003566591,2.904836593893264,0.8778604371949689,2.925470947140343,0.814709651170087,23.489143052565428,3.979665319406192,110.24401011071417,False,False,41.17584102543851,38.76877604420543,69.77935216595439
2429,SS316L,10.0,5,2,37.34095,500.82370000000003,30.3358,3647.83915,0.0523199086258644,3.072858565535584,5.769551554092117,test,23.933735818497965,16.91832217763887,404918.65349184396,0.7082514788070825,31.908008711217555,0.6495573848763765,0,0,True,True,window,2819.9192704729694,0.1102114306601224,12.674214301934356,6.478685436757087,4.465256118016527,2.118592556340835,4.44392303259497,2.176034209129363,4.44392303259497,1.0874659278541399,4.465256118016527,1.0214275474467294,26.3128315683167,3.6870876861636157,127.59723392443772,False,False,52.55384013040854,51.03348565740805,75.52914575977414
2438,C45,12.0,5,1,23.2832,60.9982,26.7502,5763.044,0.0679331325635044,10.696434508835118,6.4832496139987015,test,15.928201054995018,135.74860035211378,2162230.9993426357,0.6900755976885248,17.69616854977647,0.9936646868417905,0,0,True,True,window,3197.2286043419836,0.15449603049668037,10.278817674843594,7.688814953762946,5.273201368637712,3.589322659186921,5.271038515060889,4.119563080398829,5.271038515060889,3.873308112851135,5.273201368637712,3.3414125445892644,19.176074340512773,13.92730806776088,195.19270882207815,False,False,31.93275947066301,21.845323864964367,26.51717300520632
2439,SS316L,8.0,5,1,67.05945,265.0606,30.6129,4036.9424,0.0624487888763661,2.7375222917053184,5.098716378337977,test,23.903020243576858,17.594020602364136,420550.23062421824,0.38494262174335975,37.34878222599642,0.33535184329705414,0,0,True,True,window,2845.691872146615,0.08812514036832175,10.13373582678965,5.184383918199863,3.4651975024769834,2.184137933372724,3.444820829269993,2.3069605183729993,3.444820829269993,1.3513719411220726,3.4651975024769834,1.2209182790602033,27.041563535776707,7.217842887392086,65.87557711211208,False,False,36.96930891207602,33.031044785517125,60.770907745339905
2440,Ti6Al4V,20.0,6,2,20.6971,427.031,24.2853,898.5473,0.1911155352926609,20.62405331722224,5.73681629619189,test,29.941684808465897,121.90826516349884,3650138.851072366,0.9994715739820303,6.045650262619098,0.9940219970315444,0,0,True,True,window,760.7931327843011,0.19294477709682437,17.451318096439294,12.704004365152885,7.304949434408596,5.885607020461369,7.422945397151151,6.195880776445626,7.422945397151151,5.6083150094586625,7.304949434408596,5.294587857169766,33.15529492838468,20.40847873779255,195.2628978352849,False,False,19.429873220773857,16.53069711622101,24.446231119912657
2441,Al6061,6.0,3,0,2402.6322499999997,455.41315,20.8767,8020.6659500000005,0.0227518690661409,4.462714060430699,3.384444640838046,test,9.009733101693403,8.268661996241857,74498.4376942545,0.13056690293125744,2537.750353729516,0.2886640672414207,0,0,True,True,window,6991.4163184669205,0.07776276239392048,8.941229179248682,3.888312275939085,0.9695320641093729,0.5387728916510491,0.9669301751739291,0.5359965295778788,0.9669301751739291,0.17693177039331276,0.9695320641093729,0.17803496894504697,9.523527607974286,1.537016390294003,56.70436110951639,False,False,44.42959530730175,44.567193853324,81.70170143242383
2455,C45,10.0,4,1,9.429400000000001,59.498599999999996,18.7783,6386.880450000001,0.0537209474785094,6.944771654784045,6.260468189994327,test,18.437691563430114,59.67016324452575,1100180.0654420902,0.7160204979363927,32.71966359600805,0.991471878921441,0,0,True,True,window,3890.3206806825165,0.12959579465929671,14.902552686455367,6.480479897749828,3.7459109833375694,2.323758658761392,3.7504294676879715,2.403736431603423,3.7504294676879715,1.7735668979814594,3.7459109833375694,1.691144657854139,21.073584429335764,6.835500338291589,194.76195977406687,False,False,37.965459694641595,35.90770197618847,52.71029856015901
2463,C45,10.0,6,1,13.0763,218.1966,24.7521,6039.0367,0.1265620334605084,5.536589917611858,5.986480031846179,test,19.806873761110108,151.99743494066414,3010594.005882281,0.7246121852979219,13.094417863989234,0.9911833167297496,1,0,True,True,window,3820.7871119570164,0.12475759492619387,10.826695949072018,6.287973369834945,6.542686280040268,5.2660678247617945,6.560787169340962,5.661246485095484,6.560787169340962,5.235754852949015,6.542686280040268,4.838006408468622,29.26852779128081,20.06884795624115,194.70527542510516,False,False,19.512145327417663,13.710865190827978,20.196239905234535
2477,Al6061,8.0,2,0,669.3329,366.9302,23.4884,7986.422,0.0537716870168058,2.633955474709299,1.4309717566007298,test,9.825629738484267,3.237243768353704,31807.958641059027,0.2185669750714301,2007.000380783601,0.5238412885326317,0,1,True,True,window,7982.382321930015,0.10382483601984442,11.992841705065812,5.176516294076038,1.0656561881661557,0.529441116961985,1.0612222203821429,0.5249411414694278,1.0612222203821429,0.050962596733849376,1.0656561881661557,0.052809151103774675,10.70470300650046,0.3624804320379173,102.90191596374225,False,False,50.31783019314337,50.534286656719445,95.19774503821661
2484,SS316L,10.0,5,2,101.34445,117.55789999999999,26.5524,3055.4130999999998,0.0733413198161093,3.7651648450513666,1.9575619252620604,test,25.393265888776423,8.258252664403633,209704.0056838978,0.5713822210385754,117.03280690391937,0.5239872551516472,0,0,True,True,window,2276.5534977172924,0.11015642546040219,12.667169783487061,6.480479897749828,4.393969058873458,1.8099786682327352,4.36871914965604,1.8682205390786883,4.36871914965604,0.6475912865280944,4.393969058873458,0.5812265515707689,28.3569778218271,2.3034365258280087,102.93058923767515,False,False,58.8076601363965,57.23642387893536,85.17663268468333
2486,SS316L,12.0,6,1,7.6221,167.38765,15.8046,3816.9449,0.1199086823817586,3.0854662472403973,7.505942424991794,test,24.312645150560336,63.59805010433655,1546236.8244542913,0.9940157049111497,21.738621733722006,0.9508788769017291,0,1,True,False,window,2035.350586890411,0.1322122797737055,14.844367866736613,7.793363903503554,4.997842435161815,3.4336848081351072,5.023323904195517,3.7626164838540825,5.023323904195517,2.8281502974307813,4.997842435161815,2.4966680402350336,31.267350745636897,9.670284391517669,186.78798411772033,False,False,31.296657454069283,25.09707604736542,43.69962297138177
2494,Ti6Al4V,12.0,4,2,4.8497,352.75805,20.4782,1957.04515,0.0865916408826773,10.265404458692238,4.97784930091889,test,27.091657039312075,34.63814420518645,938404.7232851463,0.26997088191626306,1.5907157105481158,0.47845089736278495,0,0,True,False,window,2069.3235938740822,0.11649350847089705,12.584402019690367,7.74530275956323,4.656221004602546,3.013788002286992,4.6677685422755255,3.022231706378172,4.6677685422755255,2.214593510743054,4.656221004602546,2.20250461847301,29.004596130066442,10.987441030538378,93.98555461543285,False,False,35.27394856670366,35.2531797794575,52.55562715490934
2499,C45,12.0,4,1,57.626400000000004,328.2484,20.96,4168.635700000001,0.0711723903851628,17.665147720326484,4.504934382431557,test,17.46500095980316,94.44331662189192,1649452.6154483361,0.6967892253721752,23.94813878139524,0.9936002742119193,1,0,True,True,window,3183.9452080287642,0.14985295261880227,13.62037342088297,7.508540749568493,4.205022885435791,3.0040572349828243,4.207435826416926,3.1680818075057546,4.207435826416926,2.7410203864804417,4.205022885435791,2.5749927792246243,19.62405179424063,10.130985233215588,195.18005578542164,False,False,28.56026431181964,24.70278957994924,34.85294845685838
