job_id,material,tool_diameter_mm,n_flutes,coolant_mode,tool_age_min,machine_on_min,ambient_temp_c,n_base,fz_base,ap_base,ae_base,split,t_base_min,mrr_base_cm3_min,volume_mm3,power_util_opt,life_ratio_opt,trust_ratio_opt,at_lower_bound,at_upper_bound,feasible_found,baseline_feasible,objective,n_opt,fz_opt,ap_opt,ae_opt,e_pred_base,e_pred_opt,e_true_base,e_true_opt,eop_true_base,eop_true_opt,eop_pred_base,eop_pred_opt,t_op_base_min,t_op_opt_min,mrr_opt_cm3,true_overload_opt,true_overload_base,save_pred_pct,save_true_pct,save_true_op_pct
5,Ti6Al4V,6.0,5,1,54.5038,91.63185,23.4955,3384.1669,0.028187050768182,4.610942751777854,3.316554548312133,test,29.3905587909189,7.293706617607121,214366.1131484963,0.08633771086227468,3.1382299061991867,0.1333074538501901,0,1,True,True,operation,3668.6318325050242,0.058401470261162484,6.296241895159551,3.8823872205570282,3.265203923442862,1.2215765396805023,3.238908762195839,1.1466538794059986,3.238908762195839,1.1466538794059986,3.265203923442862,1.2215765396805023,30.850744271161172,9.099609112739845,26.18654297346056,False,False,62.58804753632476,64.59752454932946,64.59752454932946
14,C45,10.0,5,1,9.1177,309.4989,24.2087,6273.0001,0.0634065515241133,10.468890511882629,4.118645949008904,test,16.085354970683277,85.75008335457164,1379320.5295239643,0.7326891648667807,28.3452523545863,0.9967879155744981,0,0,True,True,operation,3853.076861818464,0.11992552206851542,13.058222588666549,6.4901261375628225,3.9026629601839113,2.1635723383417425,3.917139955654949,2.270846499549153,3.917139955654949,2.270846499549153,3.9026629601839113,2.1635723383417425,19.417614733708948,8.739653728811057,195.8062271292908,False,False,44.561640079731994,42.02794576510184,42.02794576510184
18,Ti6Al4V,12.0,4,1,18.20975,591.4893,22.3581,1681.8020999999999,0.0628797135745852,8.422616311856565,6.445996972513475,test,25.69077929981455,22.96585142073941,590010.6202825486,0.24051629703952354,3.6486402056214002,0.42658385232060836,0,1,True,True,operation,1834.3159162525121,0.11680294052232497,12.592483790319102,7.7647744411140565,2.8948309819105917,1.20585656061852,2.885142853765421,1.169500277393546,2.885142853765421,1.169500277393546,2.8948309819105917,1.20585656061852,26.822792475663853,7.66951917059296,83.79693751507381,False,False,58.34449167658648,59.46473583215394,59.46473583215394
21,C45,12.0,4,1,16.27525,44.224599999999995,22.734,4512.762199999999,0.0814420278361829,4.6217046905581265,3.339618373117532,test,13.863149203246708,22.690812802603894,314566.12342543836,0.7003170415250054,125.39231358334753,0.9971296663933082,1,0,True,True,operation,3186.0114614547247,0.15057354512438176,13.90630440478553,7.340195719208569,2.0525115042975117,0.47277734288633655,2.0461140372051236,0.4915498080380078,2.0461140372051236,0.4915498080380078,2.0525115042975117,0.47277734288633655,15.98610857709982,1.9269789124983943,195.87335970323556,False,False,76.96591020822812,75.97642169009127,75.97642169009127
44,Ti6Al4V,12.0,5,2,112.9862,288.0462,25.5954,1125.6839,0.0646716639996451,7.530325327455982,3.910118312365544,test,25.806495034880026,10.71776257439167,276587.8866610616,0.24418050895239118,19.560329110221456,0.41971983268916413,0,0,True,True,operation,1451.1459753996853,0.11668937298468493,12.525387911903637,7.774628195997382,3.7860367439588742,0.8154676488736083,3.760864664506964,0.7239951629147972,3.760864664506964,0.7239951629147972,3.7860367439588742,0.8154676488736083,26.78498930159718,3.650534273021303,82.44858871792786,False,False,78.46117975017555,80.74923647884813,80.74923647884813
48,SS316L,10.0,3,1,49.921850000000006,162.70139999999998,27.4181,4018.7447,0.0391166287756234,7.353927086651621,1.1774684817392709,test,22.062387599374386,4.083585952485729,90093.65607910058,0.4627653804296286,66.63250008871279,0.4244122070871838,0,0,True,True,operation,3070.813329626562,0.11020663004109134,12.674499672759634,6.478856829997817,2.5286588576571147,0.23815178877709994,2.5042239787247724,0.25888255122273174,2.5042239787247724,0.25888255122273174,2.5286588576571147,0.23815178877709994,23.14620062915942,1.194930102126538,83.37034560602653,False,False,90.58189332040799,89.6621646696889,89.6621646696889
49,Al6061,10.0,3,0,155.86565000000002,308.64875,22.1623,7990.46305,0.0571031913780222,6.4157840544948765,5.288583420993339,test,8.493812090232746,46.44539706583577,394498.4751334564,0.40736424334490723,334.3684929843426,0.9985640413184503,1,0,True,True,operation,6366.564903947656,0.11316901621832566,14.187602240643082,6.396415803811627,1.1499614158129108,0.37532643255393966,1.1475546168839272,0.3831286864307007,1.1475546168839272,0.3831286864307007,1.1499614158129108,0.37532643255393966,9.704926018678703,2.4639785152103095,196.15512429728068,False,False,67.36182384966192,66.6134682573062,66.6134682573062
57,C45,10.0,4,1,10.3266,441.13565,17.2575,6676.4698,0.1098843206740808,8.37197396856599,1.57829387431862,test,19.218529898822343,38.77558405455567,745209.721496777,0.7208031619178988,47.1938444234972,0.9978694736019962,0,0,True,True,operation,3919.8032180260775,0.12946850757574735,14.900457480136494,6.480514272733018,3.843942335254265,1.1366545146338682,3.841300626031048,1.2442070584701848,3.841300626031048,1.2442070584701848,3.843942335254265,1.1366545146338682,25.093308962822515,4.605620905710707,196.01868535985002,False,False,70.42998006996163,67.60974525038051,67.60974525038051
60,SS316L,12.0,6,2,267.81255,313.31804999999997,24.8938,2100.3708500000002,0.0535103392920968,11.915258586647504,4.528299849989681,test,21.71007404476179,36.385101105857565,789923.2391343119,0.9208313743034348,56.61534078571146,0.8799890424743212,0,0,True,True,operation,1859.489650175453,0.13180066922757017,15.121187673290292,7.774141921610708,4.653412120843372,1.9008174704608127,4.621770370350407,1.9192034234829436,4.621770370350407,1.9192034234829436,4.653412120843372,1.9008174704608127,23.23509218265399,5.269623364117005,172.8625835343367,False,False,59.152178635828335,58.47471272491117,58.47471272491117
62,C45,16.0,3,1,23.43075,387.84865,18.8258,4494.81315,0.0882609751105909,13.993894271917071,5.275426106522305,test,19.13090266202972,87.86132558610673,1680866.467544709,0.6570868249655386,24.008400383698483,0.9951265449941614,1,0,True,True,operation,2387.9700123802054,0.19202220055612168,13.807919779792428,10.29134708121419,4.654921712289486,2.3384492035459505,4.645011992253207,2.7989269019475715,4.645011992253207,2.7989269019475715,4.654921712289486,2.3384492035459505,21.502635942506483,9.83081181947477,195.47987214432706,False,False,49.76394130599024,39.743386957546576,39.743386957546576
72,Ti6Al4V,16.0,3,2,8.125399999999999,443.75475,25.2577,1287.2095,0.0654281559359468,12.416464953317693,3.176386635784305,test,26.335076831704153,9.964752084883667,262422.5117642955,0.33983485070721947,7.5843855831138685,0.6379345298170466,0,0,True,True,operation,1551.9926954055616,0.1553246779611961,16.77920269292049,10.327070346084305,3.7994574368680554,0.506057763684566,3.773886708170004,0.4921772017845045,3.773886708170004,0.4921772017845045,3.7994574368680554,0.506057763684566,27.02818102734261,2.251872818843872,125.31407282057712,False,False,86.6807887154089,86.95834719365048,86.95834719365048
75,Al6061,12.0,2,0,108.17505,264.38095,27.5065,6374.7186,0.1088258765524727,14.20672284686171,2.054442292482004,test,12.034597300549914,40.495898835349536,487351.83480723994,0.3820333946663701,260.87915440859985,0.9997647522370662,1,0,True,True,operation,5307.075940261333,0.146176968503491,17.24488167651779,7.340017386583637,1.459993496724288,0.4202682679630851,1.4575534810973807,0.4252380036030177,1.4575534810973807,0.4252380036030177,1.459993496724288,0.4202682679630851,13.773933427318026,2.8826030357404457,196.390988588143,False,False,71.21437397454035,70.82522122736387,70.82522122736387
85,Al6061,12.0,3,0,2.7756499999999997,242.68805,24.7407,8001.8549,0.0580371024666784,4.667104210794783,3.1250691393216856,test,7.251196519391044,20.320050221807175,147344.6774422194,0.4089315202867433,970.0046300154088,0.9984832329064717,0,0,True,True,operation,5327.746699268072,0.11184232238866389,14.358064676402137,7.641834118184304,0.8904978043163131,0.1276848535366688,0.8889180461596652,0.12779216298154403,0.8889180461596652,0.12779216298154403,0.8904978043163131,0.1276848535366688,8.303536549525164,0.8911093781946152,196.13925051909513,False,False,85.66140725807854,85.6238532299309,85.6238532299309
88,Al6061,12.0,3,1,92.7912,424.9052,23.5372,8004.977,0.1340456760542717,8.063080981967605,1.5692304601802434,test,9.031794475840044,40.73070280063171,367871.33655182814,0.41994663546029964,406.19012614767854,0.9971299641364776,0,0,True,True,operation,5332.680259533486,0.10129272254928948,15.839369988301769,7.631195066769866,1.71647202611329,0.3807072133517042,1.7059178317071304,0.40949883790138636,1.7059178317071304,0.40949883790138636,1.71647202611329,0.3807072133517042,12.060359941927945,2.1951330496556483,195.87341819107004,False,False,77.82036598558717,75.99539495453912,75.99539495453912
94,C45,10.0,5,1,64.77715,11.8915,24.9393,4370.9421,0.1126514881713048,8.2167070846488,4.452200756977433,test,12.537802228696913,90.0646852440399,1129213.2113796093,0.7464585900164495,37.11054133685405,0.996868975323221,1,0,True,True,operation,3821.728359576212,0.11145759928040205,14.377084664760295,6.395160979809071,3.0363534661854157,1.9241806126929366,3.034178220338268,2.0189961548043187,3.034178220338268,2.0189961548043187,3.0363534661854157,1.9241806126929366,15.75318124496784,7.0458538950694445,195.82215027936263,False,False,36.6285699566364,33.458221363831775,33.458221363831775
103,Ti6Al4V,16.0,5,2,31.68965,302.23535,31.8572,1217.2744,0.1170183860914533,7.530939476374619,2.041552677022617,test,29.229409433693096,10.950207392940769,320068.0952721188,0.5462368003269602,21.984923863602624,0.8280420541806532,0,0,True,True,operation,1207.6016838698376,0.1558220863296827,16.642827534703887,10.387864769433142,4.539429427610844,0.5676466597006253,4.508756820075508,0.5735571752372255,4.508756820075508,0.5735571752372255,4.539429427610844,0.5676466597006253,31.397919311415365,2.1605825551639595,162.65826260549582,False,False,87.49519804740339,87.27903947528445,87.27903947528445
107,Al6061,10.0,2,0,178.84665,239.40555,29.3782,8006.2489000000005,0.0851557890858538,14.904731068663107,3.494595754331686,test,11.806039046128976,71.0222374482414,838491.3084573816,0.3676931140199851,79.02372837338032,0.9380705127235355,0,1,True,True,operation,7318.772445778913,0.12978104502480553,14.991052131332266,6.470645367595046,1.7875482526737447,0.8841165087177864,1.7799682858933519,0.8840127197401889,1.7799682858933519,0.8840127197401889,1.7875482526737447,0.8841165087177864,13.482935486814961,5.450717978119099,184.27194492197566,False,False,50.5402717160021,50.335479191051434,50.335479191051434
109,Ti6Al4V,10.0,6,2,123.37505,194.7652,24.1014,1529.62345,0.0689656907056881,5.7804077100246625,6.333165812174713,test,27.56505991359604,23.17118281911287,638715.0426777336,0.20454271054047926,7.058638215655629,0.34976652724097,0,0,True,True,operation,1741.375170479622,0.09724114415390413,10.437823259919698,6.478856829997817,4.584179013909176,2.1985081829229656,4.577871637595022,2.040126596134563,4.577871637595022,2.040126596134563,4.584179013909176,2.1985081829229656,29.38248526261161,10.280040756809852,68.70715726493987,False,False,52.041397679882934,55.435041485646806,55.435041485646806
122,Al6061,10.0,3,1,224.624,175.10825,24.7162,7992.77555,0.0922482689694922,10.39800140661476,3.5521173933871486,test,7.1111080284972275,81.69853702737088,580967.122571815,0.4112169697518311,227.59141373333446,0.9991758834024462,0,0,True,True,operation,6394.517053980668,0.10888434489822368,14.481417626808982,6.48873671608305,1.4072557616713293,0.6570766297102252,1.3978074124395516,0.6858448987676699,1.3978074124395516,0.6858448987676699,1.4072557616713293,0.6570766297102252,8.749595559889586,3.603994682140808,196.275312843103,False,False,53.30794532119398,50.93423509818959,50.93423509818959
127,Al6061,10.0,2,1,205.456,15.2608,19.2712,7983.2945,0.0422210027780296,3.9461401216065584,3.03699848428655,test,8.613104721651172,8.07900296568389,69585.29858996574,0.3676931140199851,952.2228221426533,0.9380705127235355,0,1,True,True,operation,7318.772445778913,0.12978104502480553,14.991052131332266,6.470645367595046,1.2496876568890425,0.088001373628276,1.2384207828796114,0.0858614394462273,1.2384207828796114,0.0858614394462273,1.2496876568890425,0.088001373628276,9.217928956340517,0.45234796617619344,184.27194492197566,False,False,92.95813052620319,93.06686058299346,93.06686058299346
137,C45,8.0,6,1,17.655,8.6641,22.7304,8001.7791,0.0780812146653656,4.984310506433275,4.107808553673233,test,17.057585923572507,76.75375890610366,1309233.8374980316,0.754888806232103,22.859014077136266,0.9906804317885027,0,1,True,True,operation,5096.172480517252,0.10294219078216661,11.998387246155373,5.152828284180174,4.959712569905688,2.320161018159337,4.945685448051803,2.575358597364672,4.945685448051803,2.575358597364672,4.959712569905688,2.320161018159337,23.718452028442435,8.933453414824227,194.60649011532445,False,False,53.21984922599141,47.927165517994,47.927165517994
141,C45,16.0,6,1,55.4279,558.82095,26.3981,3578.9702500000003,0.1214093575045919,6.732318487594618,9.271153495106452,test,17.267674858863025,162.72711469575842,2809918.9072872675,0.6600966160147864,13.831414314105466,0.9924102825809227,0,0,True,True,operation,2391.3289343205374,0.2035944117680192,7.7677646381780505,8.591371722251177,5.936601891972038,4.378564788448899,5.914527559463081,5.11632009643595,5.914527559463081,5.11632009643595,5.936601891972038,4.378564788448899,21.95714882364207,18.79976322280748,194.9462971614052,False,False,26.24459466669047,13.495709589686857,13.495709589686857
162,Al6061,10.0,2,0,273.35675,356.07115,25.4521,7006.0305499999995,0.1190056362620576,9.116254623916287,4.8180863409044585,test,10.755349772372021,73.24206464081104,787744.0232626038,0.34767567528028387,97.33282846503839,0.8868528796264351,0,0,True,True,operation,6959.355600718222,0.12960460398986748,14.902048632081137,6.480520459898474,1.537659372430934,0.8479101145956999,1.5283781495380182,0.8379303792656904,1.5283781495380182,0.8379303792656904,1.537659372430934,0.8479101145956999,12.623547581959588,5.37146901559216,174.21089648575395,False,False,44.85709060159325,45.17519244049838,45.17519244049838
172,Al6061,10.0,3,1,85.4928,56.6414,20.2264,7995.1566,0.0846240487140186,9.62744643512152,2.8448102899245957,test,11.399127264190069,55.59125136819137,633691.7491215937,0.4112169697518311,208.65527907218438,0.9991758834024462,0,0,True,True,operation,6394.517053980668,0.10888434489822368,14.481417626808982,6.48873671608305,2.053695786454137,0.7008155185187039,2.0427071534501136,0.7094882952764052,2.0427071534501136,0.7094882952764052,2.053695786454137,0.7008155185187039,13.80926797305993,3.931068739037674,196.275312843103,False,False,65.87539775164484,65.2672536012768,65.2672536012768
184,SS316L,10.0,3,2,36.5354,87.8534,27.1576,3139.6519,0.0844539952432391,8.448651116746452,4.6724116248863865,test,24.3003108027747,31.40157460963528,763068.0227106558,0.5142904266506733,5.7204903949464745,0.47194503289189677,0,0,True,True,operation,3414.230872308375,0.11037397781685857,12.630717325444916,6.492415480895714,4.787370989493056,2.3894246813103233,4.775356593855509,2.302230157558931,4.775356593855509,2.302230157558931,4.787370989493056,2.3894246813103233,26.313866044751933,9.20021353160063,92.7075608151921,False,False,50.08900111241756,51.78935620177079,51.78935620177079
189,Al6061,12.0,3,1,94.67904999999999,125.84825000000001,17.0271,7991.1955,0.1291997580938297,10.841436459297125,2.798288874447384,test,11.561512898071618,93.96672383510351,1086397.489609083,0.41994663546029964,137.5423875968913,0.9971299641364776,0,0,True,True,operation,5332.680259533486,0.10129272254928948,15.839369988301769,7.631195066769866,2.451896817526875,1.112350212910018,2.436213743797915,1.1970930200356995,2.436213743797915,1.1970930200356995,2.451896817526875,1.112350212910018,15.291764673725556,6.482666077920539,195.87341819107004,False,False,54.6330740772363,50.86256191258895,50.86256191258895
191,Al6061,10.0,3,1,339.9178,597.6937,20.5095,7997.6289,0.1014276289460002,7.569497307340436,1.723984692396683,test,11.024264375142119,31.75698182665045,350097.36341357825,0.4112169697518311,377.6753057191936,0.9991758834024462,0,0,True,True,operation,6394.517053980668,0.10888434489822368,14.481417626808982,6.48873671608305,1.93819916943739,0.4014165483688727,1.926704519347827,0.43227532532750085,1.926704519347827,0.43227532532750085,1.93819916943739,0.4014165483688727,13.81884834093372,2.171807985258383,196.275312843103,False,False,79.28920026906245,77.56400522308307,77.56400522308307
196,C45,20.0,4,1,95.8562,5.9969,25.8504,2576.8002,0.1047445180858011,17.261725754367486,9.245868713218568,test,19.984569788021087,172.30741801282574,3443489.620271038,0.6885928419814323,14.246838869773434,0.9946733810438061,0,0,True,True,operation,1917.4482873688798,0.157538129594177,12.764641413232312,12.668531496181398,7.007287592894335,5.344141483140481,6.956504653219357,6.064208327833615,6.956504653219357,6.064208327833615,7.007287592894335,5.344141483140481,22.232048621753343,19.84175564674879,195.39085388677833,False,False,23.73452049321266,12.826791181298232,12.826791181298232
209,C45,16.0,5,1,14.1756,61.9625,15.22,4008.6086,0.1138918068123899,17.282462606005513,4.420434834786398,test,17.658248290515825,174.39208077079795,3079458.6621504403,0.6892825595383554,14.167562077648771,0.9982181995533542,0,0,True,True,operation,2396.5146057886595,0.16065341682732107,10.222274518571794,9.96464033490343,5.878498556586127,4.440854314872068,5.895505110222772,4.8189913453484206,5.895505110222772,4.8189913453484206,5.878498556586127,4.440854314872068,21.85711924042012,18.85369239504561,196.08718810930213,False,False,24.45597677494294,18.25990724709377,18.25990724709377
210,SS316L,25.0,4,1,66.07675,27.61575,28.8158,1190.5883,0.1327885243502381,23.247076347340688,2.6579002247462475,test,22.356560891072164,39.07411606777093,873562.855133942,0.9988466043526221,29.185969904562924,0.7404255442590449,0,0,True,True,operation,985.6274829457398,0.2704977610946823,8.514273024193244,16.018471949446997,3.4835658900808397,1.5357782518243912,3.447470098645434,1.600893311717201,3.447470098645434,1.600893311717201,3.4835658900808397,1.5357782518243912,23.82926639612765,6.6732484902940445,145.44712072272284,False,False,55.91361552260601,53.563243018519074,53.563243018519074
219,C45,12.0,4,2,35.8756,369.3928,20.3249,5022.1204,0.0571257053466404,10.883587974348352,6.046932408101858,test,14.939454845623516,75.52415820128986,1128289.7512018967,0.7003170415250054,34.95925931193043,0.9971296663933082,1,0,True,True,operation,3186.0114614547247,0.15057354512438176,13.90630440478553,7.340195719208569,4.105899846740259,2.027600666186377,4.106293657799971,2.224107617564359,4.106293657799971,2.224107617564359,4.105899846740259,2.027600666186377,16.72529343814559,6.9117123423160445,195.87335970323556,False,False,50.617386154800585,45.836615621982354,45.836615621982354
231,C45,10.0,4,2,31.4252,23.126649999999998,19.2279,6389.4218,0.0417085907204126,5.777025646198068,3.1234104952828674,test,15.477857982907596,19.23447899999333,297708.53433711524,0.7208031619178988,118.13336738063413,0.9978694736019962,0,0,True,True,operation,3919.8032180260775,0.12946850757574735,14.900457480136494,6.480514272733018,3.283904270845795,0.5574830729782233,3.274662099321574,0.6142499009020898,3.274662099321574,0.6142499009020898,3.283904270845795,0.5574830729782233,17.196505008548115,1.8399285597047086,196.01868535985002,False,False,83.02377210177812,81.24234249911322,81.24234249911322
241,SS316L,20.0,4,1,50.2392,221.8926,34.9656,1381.6334,0.1568322224263293,21.76230225064751,9.404151886864843,test,24.920427208129045,177.38324037051828,4420466.129595558,0.9930366348765493,5.411807160020825,0.9465417998476059,0,0,True,False,operation,1329.605652297814,0.2183162229219232,12.349670759635046,12.96699370411675,7.980239770551599,7.37037880456783,7.975941586408584,7.40123097312089,7.975941586408584,7.40123097312089,7.980239770551599,7.37037880456783,27.170374589801273,26.64955034381663,185.93602084502413,False,False,7.642138375769816,7.205551934671019,7.205551934671019
246,SS316L,8.0,5,1,34.8693,527.2787,20.7494,3933.9524,0.0857104308162936,6.822217825547773,5.153355690625535,test,20.077678933468142,59.27185017095866,1190041.1775251366,0.5526404875253711,4.460939819204372,0.4814536674507116,0,0,True,True,operation,4085.3016156825965,0.08813113071310988,10.133393069815172,5.18441636791878,3.957530447451257,3.161138468242074,3.96724937096611,3.126267629532026,3.96724937096611,3.126267629532026,3.957530447451257,3.161138468242074,23.603620048953236,14.942574189316932,94.57541036374892,False,False,20.123458044955246,21.19810636529982,21.19810636529982
258,Al6061,16.0,3,1,42.5786,245.6686,21.222,7991.542,0.2070509899379961,9.618838567063762,3.172047024336327,test,6.663971423879454,151.4577166564066,1009309.895724325,0.40033551464484973,157.2172175491136,0.9980002691981146,0,0,True,True,operation,4001.115690308356,0.11958637660741805,13.212425153702497,10.33683972510764,1.8099007818269486,0.9587353539899977,1.7916083830845595,1.0978221188182058,1.7916083830845595,1.0978221188182058,1.8099007818269486,0.9587353539899977,10.109779188479159,5.918183569915793,196.04437848052385,False,False,47.028292179517614,38.72421399769755,38.72421399769755
275,C45,10.0,4,1,32.3513,435.4214,25.6548,4441.092,0.0904587270978156,4.9744701842464645,3.1463127044836865,test,14.840761420800707,25.15063471219406,373254.5693453807,0.7160204979363927,96.44227986125469,0.991471878921441,0,0,True,True,operation,3890.3206806825165,0.12959579465929671,14.902552686455367,6.480479897749828,2.2184123134206732,0.5929336679191799,2.2119685458290586,0.6049956228746947,2.2119685458290586,0.6049956228746947,2.2184123134206732,0.5929336679191799,17.324953564039724,2.319058320697711,194.76195977406687,False,False,73.27216116083905,72.64899521218378,72.64899521218378
279,Ti6Al4V,8.0,5,1,53.41015,182.34255000000002,18.264,2298.5567,0.0237884477962302,4.053618681850259,0.699220923946241,test,26.27829067055515,0.7749053145542786,20363.187098015303,0.13378708915942414,73.42751621568678,0.21867092458221218,0,0,True,True,operation,2550.8841834752193,0.07771512573309622,8.389674517001827,5.16539293997492,2.407795831750136,0.07255550406192018,2.381635457860164,0.06680096739670131,2.381635457860164,0.06680096739670131,2.407795831750136,0.07255550406192018,27.026662118466316,0.5230044449242995,42.95510414634093,False,False,96.98664217683348,97.19516405517744,97.19516405517744
280,Al6061,8.0,3,1,441.663,328.12775,28.4667,7989.32095,0.0652427225165601,11.860384433898894,1.706264730136645,test,6.086876550319799,31.645238861818708,192620.66235727308,0.327850462607145,497.13190934428354,0.7857619327989473,0,1,True,True,operation,7982.382321930015,0.10382483601984442,11.992841705065812,5.176516294076038,1.0011035101471872,0.29186271352065835,0.995482805376074,0.2850024653434025,0.995482805376074,0.2850024653434025,1.0011035101471872,0.29186271352065835,7.078362259951242,1.5711244885650872,154.35287394561337,False,False,70.84590049257271,71.37042811746667,71.37042811746667
282,Al6061,12.0,3,1,55.769850000000005,541.16275,23.5789,8012.4339,0.1034854557276818,15.91226267596295,1.343304549452359,test,10.9186217776099,53.17058713534829,580549.5306243186,0.4113157334691698,250.38709426023937,0.9997162158513011,0,0,True,True,operation,5316.172869513475,0.11029300537146629,14.679919326910749,7.605162224719258,2.024894807953499,0.5964256188491115,2.016796329171141,0.6171789461256295,2.016796329171141,0.6171789461256295,2.024894807953499,0.5964256188491115,13.747808558503397,3.4979053784680283,196.38145423642518,False,False,70.54535294838841,69.3980528822523,69.3980528822523
284,C45,8.0,4,2,30.60585,344.6488,25.4269,7985.7287,0.0750686232791375,7.859185229699635,3.2011824593216174,test,19.280816293569316,60.32828055110394,1163178.4946127457,0.6639316790490756,7.766735365297351,0.8734858329925377,0,1,True,True,operation,6655.162569627812,0.10382483601984442,11.992841705065812,5.176516294076038,5.891528648950374,2.7746140419175265,5.880478357681053,2.9703359965689424,5.880478357681053,2.9703359965689424,5.891528648950374,2.7746140419175265,24.09682405306584,8.730728336977908,171.5851112727217,False,False,52.905023343782815,49.488190995735856,49.488190995735856
291,Al6061,6.0,3,0,1081.48925,377.7582,25.138,8007.47375,0.0503721381026413,7.928038845934675,1.525464570273749,test,6.299046661627607,14.6344046226156,92182.79758299442,0.13776259676161295,1784.8294155896556,0.3046236786902913,0,1,True,True,operation,7335.359582402992,0.07786862701488331,8.994631278799359,3.8823872205570282,0.7536162566209773,0.21461783071063045,0.7514586300476841,0.21472862031716747,0.7514586300476841,0.21472862031716747,0.7536162566209773,0.21461783071063045,7.0930288432422275,1.8154798376358319,59.83942249562048,False,False,71.52160282835166,71.42509091903811,71.42509091903811
299,SS316L,16.0,4,2,30.746299999999998,338.66134999999997,24.1149,2478.16895,0.1077163402095946,16.657533552815167,8.47220708465949,test,21.062081899888693,150.6883755794837,3173810.9078162727,0.9966857347718938,12.868507718280306,0.9995913541985479,0,0,True,True,operation,1474.7546280819395,0.17387952923689975,18.518533916607794,10.337402112671725,8.07646734726058,5.7618679665302475,8.0801269105586,6.82475722088814,8.0801269105586,6.82475722088814,8.07646734726058,5.7618679665302475,23.404705725837267,17.890476091510042,196.35692676297097,False,False,28.658561735105774,15.536509556923209,15.536509556923209
305,C45,10.0,5,1,23.4062,302.3617,20.3472,6907.34,0.0603243221906642,13.119837453833032,5.081884777258342,test,16.569984139837896,138.90777579413844,2301699.6418090323,0.7326891648667807,16.986225212465055,0.9967879155744981,0,0,True,True,operation,3853.076861818464,0.11992552206851542,13.058222588666549,6.4901261375628225,5.792370852215785,3.6519971274642966,5.798015820856136,4.284421459301619,5.798015820856136,4.284421459301619,5.792370852215785,3.6519971274642966,20.1660211157236,14.584034259304401,195.8062271292908,False,False,36.951600292179506,26.105385157969778,26.105385157969778
310,C45,6.0,3,2,67.2816,35.2325,20.1393,7986.8747,0.0465557155038713,4.2906893685665715,1.030589649291314,test,16.946931850593646,4.932691810398301,83593.9919508014,0.24682203566125055,81.25892637580128,0.30393484612242555,0,1,True,True,operation,7318.772445778913,0.07786862701488331,8.994631278799359,3.8823872205570282,3.416833130003505,0.3832168796857429,3.3984714407757193,0.3843871093188315,3.3984714407757193,0.3843871093188315,3.416833130003505,0.3832168796857429,18.9161370847952,1.649495007062055,59.70411015472013,False,False,88.78444263722795,88.6894118130034,88.6894118130034
312,Al6061,16.0,3,1,31.877499999999998,411.6286,20.5175,7988.22325,0.0654459160015536,5.6472856804619385,2.36335285471806,test,10.814248513221843,20.932559044691352,226369.89552698188,0.40033551464484973,700.9805481473601,0.9980002691981146,0,0,True,True,operation,4001.115690308356,0.11958637660741805,13.212425153702497,10.33683972510764,1.6779838226490353,0.2142405253820192,1.6694724068630609,0.22571313310046595,1.6694724068630609,0.22571313310046595,1.6779838226490353,0.2142405253820192,12.58101483277259,1.3273411883769477,196.04437848052385,False,False,87.23226514521473,86.4799722252025,86.4799722252025
314,C45,6.0,5,1,141.9076,576.3807,22.5982,7984.4328,0.0274800953182206,4.340989147391327,3.6153997647567673,test,14.159811245656185,17.21778715139716,243800.6161316681,0.38896319146303154,53.73391393655448,0.4789005549982749,0,0,True,True,operation,6959.355600718222,0.07776276239392048,8.941229179248682,3.888312275939085,2.399180358304288,0.7409679962680429,2.3887054812414443,0.7439870530759712,2.3887054812414443,0.7439870530759712,2.399180358304288,0.7409679962680429,15.77796036150822,3.3220613260920158,94.07388410230712,False,False,69.11578599319017,68.85396467172208,68.85396467172208
321,C45,16.0,5,1,71.5564,246.35275000000001,19.9067,3046.1181,0.1351391043464792,5.187812209464065,5.367271203297931,test,17.022760707501963,57.31068047619299,975585.9997303379,0.6892825595383554,44.72022125535724,0.9982181995533542,0,0,True,True,operation,2396.5146057886595,0.16065341682732107,10.222274518571794,9.96464033490343,3.177435612193376,1.5010795920367965,3.1653660879884664,1.6469954840230565,3.1653660879884664,1.6469954840230565,3.177435612193376,1.5010795920367965,20.67245542511736,5.972932376037938,196.08718810930213,False,False,52.758142878602506,47.968246381583846,47.968246381583846
322,C45,6.0,4,1,33.978049999999996,56.821349999999995,25.4523,8011.1327,0.0776090770374148,4.46110175638729,2.189036138632325,test,13.20903012511722,24.28630788800961,320798.5725205909,0.32909604754833405,28.232702674940953,0.40524646149656735,0,1,True,True,operation,7318.772445778913,0.07786862701488331,8.994631278799359,3.8823872205570282,2.558975283409249,0.9829420951747718,2.546690685115088,0.9996238178110982,2.546690685115088,0.9996238178110982,2.558975283409249,0.9829420951747718,16.630920823335046,4.98678275685975,79.60548020629349,False,False,61.58844903475478,60.748126042408494,60.748126042408494
325,SS316L,16.0,4,1,61.4057,534.072,19.7507,1722.2953,0.1658171331603475,17.68499909607343,7.31339493994972,test,21.31468351400255,147.74781908372472,3149198.0036536986,0.9973653546062174,15.012055274016749,0.954647867963489,0,1,True,True,operation,1402.6721597574629,0.1767408091095498,18.34584865128009,10.308040788149476,6.075894083933883,5.0781505860879985,6.10256713852828,5.489393196671161,6.10256713852828,5.489393196671161,6.075894083933883,5.0781505860879985,23.85100713021397,18.527844923433843,187.52835416871747,False,False,16.421344481368706,10.047803292255049,10.047803292255049
330,SS316L,10.0,6,2,29.7177,204.8294,23.7836,3614.1758,0.1047627074235595,9.024952683716585,0.982631270624096,test,23.37232905775727,20.146645835826874,470874.035885041,0.9255307608592572,25.497967987976896,0.8488244141743676,0,0,True,True,operation,3070.813329626562,0.11020663004109134,12.674499672759634,6.478856829997817,4.969921662600111,1.0734664029701129,4.952557950385334,1.155801828183555,4.952557950385334,1.155801828183555,4.969921662600111,1.0734664029701129,28.903256950631967,3.4213061614824074,166.74069121205306,False,False,78.40073796236642,76.66252793480936,76.66252793480936
331,Al6061,12.0,3,1,234.6159,40.6646,28.2255,7054.1609,0.0360844521981225,14.401599649663837,6.233331509195742,test,10.060114828142959,68.55161507506136,689637.1193097732,0.4198085383465499,219.77779881915401,0.9939282438388546,0,0,True,True,operation,5321.275665022219,0.09950955787673593,15.867697447305545,7.745742347844708,1.7435471496572659,0.7530915900576762,1.7387524704759403,0.7726715726555939,1.7387524704759403,0.7726715726555939,1.7435471496572659,0.7530915900576762,10.860351477779679,4.116655897550749,195.24448122062182,False,False,56.806927176835245,55.56172682566517,55.56172682566517
338,Al6061,10.0,3,1,160.10725,446.24760000000003,22.8292,8000.2755,0.1245125709483269,3.2148849193812645,3.50090431005143,test,7.112330470588006,33.63450727246453,239219.73093716335,0.4112169697518311,552.7266845452572,0.9991758834024462,0,0,True,True,operation,6394.517053980668,0.10888434489822368,14.481417626808982,6.48873671608305,1.283476699556416,0.2659479262766858,1.2741471666029949,0.27697743572782196,1.2741471666029949,0.27697743572782196,1.283476699556416,0.2659479262766858,9.326343093839712,1.4839852457470502,196.275312843103,False,False,79.27909977885845,78.26173906847261,78.26173906847261
346,Ti6Al4V,10.0,5,2,6.36325,51.60725,27.0102,2157.9407,0.0927181160370901,2.836975359783043,6.382145735879103,test,28.65067657043326,18.113250355438847,518956.87757296365,0.2430528373875498,2.496887668193182,0.41532195951630646,0,0,True,False,operation,2483.188312648899,0.09707792372574756,10.487001683075308,6.454418966302691,4.75707391985287,1.4360726897684262,4.74977257009366,1.4274148860999005,4.74977257009366,1.4274148860999005,4.75707391985287,1.4360726897684262,31.636318752806044,7.1596005769404085,81.58468282589658,False,False,69.81184833443072,69.94772139012639,69.94772139012639
353,C45,10.0,4,1,43.99995,16.3067,20.5918,5536.652700000001,0.0835600025831454,11.396468952317448,3.9473579696564345,test,19.310762850846242,83.24967418775239,1607614.7156499021,0.7160204979363927,22.39188363098976,0.991471878921441,0,0,True,True,operation,3890.3206806825165,0.12959579465929671,14.902552686455367,6.480479897749828,4.861285596473491,2.615608978770767,4.853988925490967,2.930866615217398,4.853988925490967,2.930866615217398,4.861285596473491,2.615608978770767,23.033256072956558,9.988229452468534,194.76195977406687,False,False,46.195118001949915,39.61942105335666,39.61942105335666
356,SS316L,16.0,4,1,69.1991,480.4206,22.7658,2006.1019,0.1732333980150579,10.455321257359346,8.570286066014713,test,24.0980847501647,124.55962871407763,3001648.489200891,0.9973653546062174,15.74999027026595,0.954647867963489,0,1,True,True,operation,1402.6721597574629,0.1767408091095498,18.34584865128009,10.308040788149476,6.8803088708380775,4.898624973272424,6.908096110757496,6.0058892277527045,6.908096110757496,6.0058892277527045,6.8803088708380775,4.898624973272424,27.587526068302576,17.659758979286202,187.52835416871747,False,False,28.80225197396215,13.060137967678934,13.060137967678934
361,Al6061,12.0,2,0,43.1408,544.9601,21.1526,8021.231949999999,0.0746342302903979,13.389438179557295,3.632298593683329,test,7.99333971252807,58.23083609986472,465458.85469076183,0.3784367934299922,271.97235433386305,0.9997968221254193,1,0,True,True,operation,5307.17367264711,0.14743299357606096,16.253231101682317,7.721608837661266,1.100509284050339,0.38768173870191075,1.0994449345910113,0.3960134430035856,1.0994449345910113,0.3960134430035856,1.100509284050339,0.38768173870191075,8.990273158992062,2.756319824067121,196.3972883072154,False,False,64.77251538714165,63.9806023435907,63.9806023435907
364,SS316L,10.0,5,1,112.8322,524.6429,19.7118,2466.0391,0.0844739608290763,5.853538578336251,5.803660217960562,test,21.446582126013194,35.38451796454648,758876.9705160353,0.5713822210385754,32.34022029617439,0.5239872551516472,0,0,True,True,operation,2276.5534977172924,0.11015642546040219,12.667169783487061,6.480479897749828,3.217160474415344,1.7232198743981169,3.209304667294705,1.764565283329615,3.209304667294705,1.764565283329615,3.217160474415344,1.7232198743981169,23.773492615372025,8.335677360075165,102.93058923767515,False,False,46.43662048871596,45.017208826824735,45.017208826824735
366,SS316L,10.0,3,2,19.2789,278.6376,25.7556,4662.7699,0.0344463733415171,3.361407211309045,3.5708441295155695,test,24.358035403546083,5.783633492311266,140877.94936685267,0.5904167165370469,20.921789777693725,0.5415262057293896,0,1,True,False,operation,3898.4604018686687,0.11031388827108471,12.742394311632426,6.470645367595046,4.049481523710025,0.4104839743240373,4.0276850972625295,0.4181398229733795,4.0276850972625295,0.4181398229733795,4.049481523710025,0.4104839743240373,25.58062238688296,1.502321748578157,106.37589158010523,False,False,89.86329553745037,89.61835861354767,89.61835861354767
374,Al6061,8.0,3,1,1273.9126,17.214,22.361,7999.885,0.0290995362043647,3.216797789663413,3.3576505200843583,test,8.940291215624992,7.5431078682051265,67437.58101262605,0.327850462607145,1419.9482872747674,0.7857619327989473,0,1,True,True,operation,7982.382321930015,0.10382483601984442,11.992841705065812,5.176516294076038,1.3157786708914134,0.11977254003359471,1.303886457329908,0.10872743242728965,1.303886457329908,0.10872743242728965,1.3157786708914134,0.11977254003359471,9.590677685951691,0.5500595506312157,154.35287394561337,False,False,90.89721222244383,91.66128064172543,91.66128064172543
380,C45,8.0,4,1,43.4535,528.6299,25.5652,7732.1415,0.0535770079523449,11.464412133049589,4.271692064906432,test,18.824826631322498,81.15026997120856,1527639.7632930174,0.5898033093793016,8.2514131377942,0.7758539041773758,0,0,True,True,operation,5945.623997165682,0.10368368319189397,11.92163890566491,5.18441636791878,5.211306201084267,3.170298459500295,5.203714416532816,3.4908532398112135,5.203714416532816,3.4908532398112135,5.211306201084267,3.170298459500295,22.07418785186902,12.598075366904677,152.406568545672,False,False,39.164993627880065,32.91612566745861,32.91612566745861
389,Ti6Al4V,8.0,5,2,15.03355,542.66545,23.2264,3417.9171,0.0377409604742346,3.288882256270804,1.2945457042710062,test,26.263341979769564,2.7460610699309864,72120.7409769294,0.16265322249085248,11.498735130082823,0.26580605409043606,0,0,True,False,operation,3103.985390811123,0.07766233898059804,8.389601346460244,5.163535173042153,4.044159748118687,0.29385905760832215,4.021613921113875,0.29649528104296413,4.021613921113875,0.29649528104296413,4.044159748118687,0.29385905760832215,28.027848361076185,1.5546682472042066,52.2141970085738,False,False,92.73374258410482,92.62745537341776,92.62745537341776
390,SS316L,8.0,5,1,37.50335,249.66039999999998,17.8864,5100.00595,0.0425403129147594,5.009166210690708,4.188804053683619,test,20.92684709978019,22.761289090605786,476322.0165930022,0.5196116605064908,13.443377295322664,0.45270635422632943,0,0,True,True,operation,3838.5166620332025,0.08816530403287307,10.139599738207707,5.183085463998254,3.340302844413029,1.2601891509820546,3.3213808543710925,1.3964640769556362,3.3213808543710925,1.3964640769556362,3.340302844413029,1.2601891509820546,23.29153557843138,6.300348603359061,88.92836864642831,False,False,62.273206661789985,57.95531623186711,57.95531623186711
398,C45,12.0,6,1,26.73695,484.4567,25.7421,5778.14935,0.0816717550416942,14.20391935840096,4.503976243927555,test,16.463702044963778,181.14076218163547,2982247.5367560894,0.699316426159402,12.644930374357855,0.995176371764945,0,0,True,True,operation,3208.139333161003,0.1552543859233102,9.518391500227153,6.872454565269873,6.956283132640823,4.722940004737769,6.960966337119279,5.6900580782075165,6.960966337119279,5.6900580782075165,6.956283132640823,4.722940004737769,21.31958451127485,20.004213585606053,195.48965997566484,False,False,32.10540866894254,18.257641214764362,18.257641214764362
401,Ti6Al4V,25.0,5,2,8.24385,5.48535,20.7085,968.6792499999999,0.2426041660103973,21.033300142718492,2.8099321601776746,test,27.961047387888854,69.44668338077254,1941802.0049414942,0.9987052948128105,5.5296799010228135,0.9981742486502649,0,0,True,False,operation,728.9529258473492,0.24261374860376508,13.704200476058759,16.180483597037764,5.829390203571537,2.713957867163035,5.874067394769682,2.960901606882805,5.874067394769682,2.960901606882805,5.829390203571537,2.713957867163035,31.38344495109609,10.815380736320295,196.0785545169618,False,False,53.44353744753176,49.593673209823635,49.593673209823635
402,SS316L,8.0,6,1,38.4566,56.736,22.8785,3455.6156,0.0211373295804959,6.0420989248828745,5.02842775133041,test,24.532350885787896,13.31517385927076,326652.51722090086,0.5913189768214675,27.65650764068733,0.5148235329711719,0,0,True,True,operation,3637.69264544857,0.08805056087891544,10.187596038101832,5.165365181134243,3.019113722841682,0.8178287207827541,2.9957248846358757,0.7865117053132884,2.9957248846358757,0.7865117053132884,3.019113722841682,0.8178287207827541,25.65229081842185,3.8766195474139873,101.13049331096468,False,False,72.91162917794998,73.74552952619054,73.74552952619054
409,Ti6Al4V,12.0,4,2,32.509100000000004,13.149149999999999,28.9281,1537.9722,0.0801829255465832,8.576693804191544,2.9600573452307746,test,29.977618261855966,12.523058371174159,375411.46332199866,0.24051629703952354,5.734338668982194,0.42658385232060836,0,1,True,True,operation,1834.3159162525121,0.11680294052232497,12.592483790319102,7.7647744411140565,4.668332707300783,1.0691851940193586,4.639799828440938,1.001793344366957,4.639799828440938,1.001793344366957,4.668332707300783,1.0691851940193586,31.51795710190688,4.879955234415273,83.79693751507381,False,False,77.09706524671506,78.40869474096301,78.40869474096301
420,SS316L,25.0,5,1,43.68745,477.9996,28.1104,1545.2393,0.098339023736286,14.583528724774007,6.975271764565153,test,21.406725983187254,77.28859208648323,1654495.7124216813,0.9998948987121455,12.987151072230192,0.7867511384732028,0,0,True,True,operation,1042.2747689174623,0.27497790002827693,6.7340375188885,16.015317890071504,4.844885705559748,2.8152569321775744,4.8027606025322305,3.2096596944078115,4.8027606025322305,3.2096596944078115,4.844885705559748,2.8152569321775744,23.100949316680964,12.303464299890503,154.5471907384882,False,False,41.892190997469214,33.17052503688118,33.17052503688118
428,Al6061,10.0,3,1,155.0858,437.10195,27.7946,7990.113950000001,0.0971075604533811,5.444906664065849,5.019655273470138,test,6.430798503831509,63.619698111525075,409125.4594298077,0.4112169697518311,323.18479750193075,0.9991758834024462,0,0,True,True,operation,6394.517053980668,0.10888434489822368,14.481417626808982,6.48873671608305,1.2033939898461141,0.4588092823452324,1.1940621819146797,0.4725495458829082,1.1940621819146797,0.4725495458829082,1.2033939898461141,0.4588092823452324,7.990067129971996,2.537985236731148,196.275312843103,False,False,61.87372662515098,60.42504711729715,60.42504711729715
437,C45,8.0,4,1,57.5141,381.2441,26.622,6637.2711,0.0993944087643333,11.472519273788723,2.0532011479359005,test,17.613274754824662,62.158682003481594,1094817.9445250966,0.4999548203575608,18.89540280465815,0.6580923659714487,0,0,True,True,operation,5040.02532511621,0.10388299197104454,11.884412720593414,5.19392534576208,4.3018868520852385,2.291602812447598,4.295109720862016,2.580154512046458,4.295109720862016,2.580154512046458,4.3018868520852385,2.291602812447598,22.4547796984467,10.316538575528108,129.27382171280664,False,False,46.730286238542114,39.92808846036585,39.92808846036585
443,Al6061,8.0,3,0,209.1683,453.04975,31.2937,8024.715,0.0861123189065638,6.353201289591915,3.583608809962163,test,9.826037271722603,47.19862723170406,463775.47035286546,0.327850462607145,206.4746494332138,0.7857619327989473,0,1,True,True,operation,7982.382321930015,0.10382483601984442,11.992841705065812,5.176516294076038,1.4312261435496605,0.5836833179858478,1.4251791279862471,0.5786361251642774,1.4251791279862471,0.5786361251642774,1.4312261435496605,0.5836833179858478,11.94792954100617,3.7828184668770337,154.35287394561337,False,False,59.21795303862857,59.399059823316385,59.399059823316385
447,SS316L,16.0,4,1,42.8364,3.5804,27.0787,1718.5521,0.1757440864998982,20.254298426538472,1.6029078008828126,test,20.28859014942674,39.221948208757645,795758.0320695261,0.995503565939492,51.787298100802126,0.9952302349375921,0,0,True,True,operation,1467.4295509851852,0.1761816027916197,18.484528147292718,10.227302911379233,3.2115097757527793,1.2788632167222889,3.1959945389325437,1.3461956604186402,3.1959945389325437,1.3461956604186402,3.2115097757527793,1.2788632167222889,22.841785534712592,4.508838983656875,195.50024070648277,False,False,60.17875373203487,57.87866205590367,57.87866205590367
457,C45,6.0,4,1,146.45355,233.39485,28.349,6818.1483499999995,0.077136633610769,8.394778202798765,3.137874661092866,test,16.464016061462246,55.41558696157213,912363.1137906814,0.31117055317042525,11.486971471670921,0.3831204439986199,0,0,True,True,operation,6959.355600718222,0.07776276239392048,8.941229179248682,3.888312275939085,3.6999422539802618,3.093206852369718,3.691427073063685,3.0552072007247917,3.691427073063685,3.0552072007247917,3.6999422539802618,3.093206852369718,20.07189259780415,14.856579425271592,75.25910728184569,False,False,16.398510029658986,17.235065456971498,17.235065456971498
458,SS316L,10.0,3,2,19.309800000000003,244.81045,19.7193,4510.8281,0.0660899244737143,3.987665660355314,5.639617790151817,test,24.6020237085352,20.113201186161415,494825.4524364814,0.5904167165370469,5.956481879525427,0.5415262057293896,0,1,True,False,operation,3898.4604018686687,0.11031388827108471,12.742394311632426,6.470645367595046,4.739938168375956,1.4308906853883372,4.725632088484293,1.4944697174419181,4.725632088484293,1.4944697174419181,4.739938168375956,1.4308906853883372,26.89401195986888,5.276816153886074,106.37589158010523,False,False,69.81203900643703,68.37524188385862,68.37524188385862
462,Ti6Al4V,8.0,5,2,85.43875,238.08455,24.6914,1997.90275,0.0674219813519938,4.124990509020879,1.0159047088737907,test,28.650611338952377,2.8224209501230995,80864.0856768936,0.13378708915942414,18.49051081609931,0.21867092458221218,0,0,True,True,operation,2550.8841834752193,0.07771512573309622,8.389674517001827,5.16539293997492,4.22273108672539,0.40938656458003014,4.1929448671845035,0.3707855926254521,4.1929448671845035,0.3707855926254521,4.22273108672539,0.40938656458003014,30.660669020667832,2.076898672108,42.95510414634093,False,False,90.30517084388866,91.15691705065446,91.15691705065446
471,C45,16.0,4,1,27.5908,326.3746,25.4283,4331.5143,0.0765881074644798,18.650628894414993,2.38960405300311,test,16.854218237065453,59.13988949902109,996756.6041324369,0.6820078398064134,42.18449179033807,0.9929866466611392,0,0,True,True,operation,2404.8994394484475,0.16643559300899505,12.525357075966895,9.726887827262283,3.6152480450400395,1.4564850692013431,3.6113071242660832,1.720077399781398,3.6113071242660832,1.720077399781398,3.6152480450400395,1.4564850692013431,19.183909987816477,5.9622368935379955,195.05951650750353,False,False,59.71272092382219,52.36967279178823,52.36967279178823
477,SS316L,16.0,6,1,22.235100000000003,412.50145,29.4391,2242.6769,0.1352909756154094,9.56404701357394,3.068089080709466,test,20.27468867591571,53.41908637824062,1083055.3456706782,0.9786530528095292,35.519828465419664,0.9890161039316786,0,1,True,True,operation,1490.0755957226693,0.17663525012249343,12.574235831853004,9.783822542853654,3.787969378019883,1.7277155128184893,3.7807033343197216,1.9194607824613208,3.7807033343197216,1.9194607824613208,3.787969378019883,1.7277155128184893,24.119453232694816,6.491768374257323,194.27955421124793,False,False,54.38940127542339,49.230060845102045,49.230060845102045
481,Al6061,10.0,2,1,41.23935,286.4656,17.1712,7991.7481,0.0338908880321243,2.7993392045726684,4.305941011996924,test,10.44071316742405,6.529476050872171,68172.38658072107,0.37238292611985735,921.53862362859,0.9493019040653773,0,0,True,True,operation,7440.34998364292,0.12959138203227888,14.983263005679445,6.453899561698095,1.3647546863287578,0.07750606085787028,1.3563587996795905,0.07661930509295468,1.3563587996795905,0.07661930509295468,1.3647546863287578,0.07750606085787028,11.029846591084107,0.43901424192880933,186.4782079892713,False,False,94.32087966912466,94.35110347563976,94.35110347563976
486,C45,6.0,6,1,66.18594999999999,62.1749,29.0017,7997.12965,0.0511729023663052,8.029804450710728,3.6900563517298424,test,16.853316877254258,72.75509367910895,1226164.6482083413,0.466755829755638,12.820817834577223,0.5746806659979299,0,0,True,True,operation,6959.355600718222,0.07776276239392048,8.941229179248682,3.888312275939085,4.512196668215805,3.274417911401773,4.508459233903263,3.378089764824871,4.508459233903263,3.378089764824871,4.512196668215805,3.274417911401773,21.163935394694413,14.53554782200103,112.88866092276854,False,False,27.431844128892315,25.07219008609641,25.07219008609641
487,Al6061,12.0,2,1,48.161,5.2563,24.3214,7999.3417,0.0655608321789857,16.090537663580392,1.2500387680774705,test,10.639821705105275,21.09709896696233,224469.37150343988,0.38522065814264267,580.1529260097338,0.9981326297598316,1,0,True,True,operation,5305.291019695485,0.13924940510745856,17.61378266827274,7.534020522364589,1.734436373667702,0.23303133160617254,1.7201781222747483,0.23624545553644555,1.7201781222747483,0.23624545553644555,1.734436373667702,0.23303133160617254,11.802318646970548,1.3210410213068424,196.07037901865797,False,False,86.5644346979765,86.26622135944639,86.26622135944639
489,C45,12.0,6,1,24.29555,133.52235000000002,26.9864,5468.5429,0.0488542672245811,15.149726654422915,5.321400999630098,test,19.144297510798022,129.2278625999281,2473976.6482975525,0.699316426159402,15.242792403611015,0.995176371764945,0,0,True,True,operation,3208.139333161003,0.1552543859233102,9.518391500227153,6.872454565269873,6.103348987228139,3.9171745761289007,6.120590167886387,4.332090446143422,6.120590167886387,4.332090446143422,6.103348987228139,3.9171745761289007,22.3409364039939,16.594852261049475,195.48965997566484,False,False,35.81925948645611,29.221033800415118,29.221033800415118
491,SS316L,20.0,6,1,44.675250000000005,57.31815,19.2724,2011.22455,0.0935524895975307,13.314547233891387,6.087368527202769,test,21.19871205503025,91.50043496532207,1939691.3737398842,0.9984340421823876,12.817648269961088,0.9419423698938839,0,0,True,True,operation,1313.7327015946075,0.22035383226854224,8.245363596710376,12.919906990921307,5.638918714845458,3.1953212813966645,5.604941852856747,3.8904282827179557,5.604941852856747,3.8904282827179557,5.638918714845458,3.1953212813966645,23.69161519192158,12.379647270505359,185.03252170331885,False,False,43.3345035993441,30.58931948178788,30.58931948178788
492,SS316L,10.0,3,2,57.7384,585.5121,18.72,3000.7997,0.1025954506369981,5.77188721700915,2.27178820613919,test,21.31082641302579,12.110777987733224,258090.6874232765,0.49218080518287216,19.283563639184266,0.4513628132350422,0,0,True,True,operation,3268.2412925460776,0.11016391339138736,12.666741337268967,6.480520459898474,3.606006729109957,0.8408205648605391,3.591428197420613,0.8072396314849364,3.591428197420613,0.8072396314849364,3.606006729109957,0.8408205648605391,23.361117030846717,3.2383814080344338,88.66444721601462,False,False,76.6827788181063,77.52315827823868,77.52315827823868
496,C45,16.0,3,1,2.7864,180.6591,22.3328,4748.04465,0.0665965986555223,14.800810741510205,4.128553571980383,test,15.785454879497253,57.96575907168554,915015.8743819006,0.6573600675612778,43.56629830916941,0.9997967722975138,0,0,True,True,operation,2392.5010564284494,0.19564395003833357,13.59382139518857,10.28854805398402,2.912323054021392,1.2447405415077823,2.9219846079952356,1.2792727870044718,2.9219846079952356,1.2792727870044718,2.912323054021392,1.2447405415077823,17.345273016581018,5.340498399749303,196.39727851916115,False,False,57.25953067641241,56.219044292564675,56.219044292564675
500,SS316L,20.0,5,1,44.2031,570.9531,26.4502,1893.2684,0.0955707675647091,19.6407027515622,10.186098386196516,test,23.417642212055508,180.9973240952711,4238530.577002512,0.9890183021753552,4.95919291946272,0.9746543792240625,0,0,True,False,operation,1392.0666123466808,0.20767225861663172,10.311849741905462,12.844857467179828,9.17934978715148,7.065604759450927,9.120894181697485,8.01491842477225,9.120894181697485,8.01491842477225,9.17934978715148,7.065604759450927,25.62452464624612,25.471460008042172,191.458377222513,False,False,23.027175962497964,12.125738276237776,12.125738276237776
501,Ti6Al4V,12.0,6,2,103.55695,561.81545,26.9852,1267.34375,0.0991124828340093,10.508625193847308,2.4405823979934187,test,27.160072168092693,19.329179123927435,524981.8999558599,0.2939597733199164,13.976179581603176,0.48545937632319647,0,1,True,True,operation,1394.3385135847834,0.11681918182676077,12.590279077503528,7.750105918432338,4.464486367468939,1.381636239302598,4.4476580810682735,1.3242697896738214,4.4476580810682735,1.3242697896738214,4.464486367468939,1.381636239302598,29.29230055041195,6.065572815889244,95.362280598675,False,False,69.0527392048933,70.22545875748281,70.22545875748281
507,Ti6Al4V,8.0,6,2,29.89995,587.61285,26.3783,3012.3532,0.0386511797093654,7.2297485006634,4.617623669151957,test,25.934559058626714,23.321776096295956,604839.9795214562,0.18250924398858,2.01980895415308,0.29832314485967754,0,0,True,False,operation,2899.515549926043,0.07775482921936733,8.390627283180487,5.163119649358476,4.721152712962021,2.3846343009711113,4.708004715821332,2.3556646283177285,4.708004715821332,2.3556646283177285,4.721152712962021,2.3846343009711113,27.821800791344756,11.775519703793837,58.60176327142945,False,False,49.49042223472142,49.964692677526926,49.964692677526926
510,Al6061,10.0,2,0,114.51570000000001,521.12725,24.8916,8012.379199999999,0.087483006365906,7.69949048693825,0.8433020438195185,test,6.801478676823592,9.102492491138264,61910.40858442376,0.3676931140199851,1070.2676806375837,0.9380705127235355,0,1,True,True,operation,7318.772445778913,0.12978104502480553,14.991052131332266,6.470645367595046,0.8059481657858322,0.06303948682437023,0.8031525925915055,0.06298899389386409,0.8031525925915055,0.06298899389386409,0.8059481657858322,0.06303948682437023,7.794702888056823,0.40245638052546334,184.27194492197566,False,False,92.17822069699679,92.15728188206182,92.15728188206182
514,C45,10.0,3,2,7.7454,459.7564,14.8244,6745.9258,0.0809905686863847,4.675477901436892,4.372712330298642,test,13.353251012538646,33.509980794427115,447467.1849733345,0.7140801406129579,25.114277490150336,0.9861473017595151,0,1,True,True,operation,5202.994683271447,0.1285142509218117,14.998267793203299,6.438704534639421,2.9922841060696257,0.8402052758088163,2.9901426713422405,0.8697122081992069,2.9901426713422405,0.8697122081992069,2.9922841060696257,0.8402052758088163,15.633136546587265,2.7925832865462916,193.7160147451942,False,False,71.92093912123777,70.91402304864593,70.91402304864593
519,Ti6Al4V,10.0,5,2,23.884050000000002,17.0698,32.9762,2206.44025,0.0734554700577558,4.8622958554197995,5.634858739236063,test,25.679335613017162,22.20295260173558,570157.0714598804,0.22726975484800566,2.7899411855891834,0.3884415948693719,0,0,True,True,operation,2319.612439940835,0.09719353652420916,10.48828410397561,6.453899561698095,4.52328413081952,1.7937608018458073,4.513288544249858,1.7562343873928363,4.513288544249858,1.7562343873928363,4.52328413081952,1.7937608018458073,27.847034068355903,8.349538871434104,76.30437925967378,False,False,60.343839786141906,61.08747822847796,61.08747822847796
520,Ti6Al4V,10.0,4,1,4.6765,244.6176,32.2316,2501.8319,0.0650322947751535,7.65770508339869,5.234054131704429,test,26.413700589363955,26.084591673204987,688990.5944518527,0.19444226991003982,1.5045511951777706,0.33225756761304515,0,0,True,False,operation,2483.188312648899,0.09707792372574756,10.487001683075308,6.454418966302691,3.2863418394500066,1.6603378641414004,3.280241927883658,1.671114086273062,3.280241927883658,1.671114086273062,3.2863418394500066,1.6603378641414004,28.204327939992353,11.616683514669814,65.26774626071727,False,False,49.47762754895668,49.05515742397608,49.05515742397608
538,Al6061,8.0,3,1,956.33405,86.44,19.9448,8005.9217,0.0378776573868136,7.048373705189647,3.1086379130259747,test,9.14767169691334,19.93309635563734,182341.42136431014,0.327850462607145,525.1570210452167,0.7857619327989473,0,1,True,True,operation,7982.382321930015,0.10382483601984442,11.992841705065812,5.176516294076038,1.363607505809394,0.29711104654667386,1.3560296939543963,0.2777937219599656,1.3560296939543963,0.2777937219599656,1.363607505809394,0.29711104654667386,10.014543827936933,1.487281109302113,154.35287394561337,False,False,78.2113954872727,79.5141859209679,79.5141859209679
542,Ti6Al4V,16.0,6,2,19.1579,32.2559,24.3888,1385.1798,0.0740517887550149,10.94153220723386,8.525268711291334,test,25.976743272042835,57.40889308798059,1491296.0772786262,0.6534303479898026,5.676864302513396,0.9875083619961411,0,0,True,True,operation,1205.8105925193038,0.15493610651085996,16.732310605211048,10.3425020566418,5.136978547741704,2.3243783917424894,5.156592633513804,2.424255072090146,5.156592633513804,2.424255072090146,5.136978547741704,2.3243783917424894,27.642096728620725,8.585410306623043,193.98337760710837,False,False,54.752032344687855,52.98726805886524,52.98726805886524
544,Al6061,16.0,3,0,25.3224,286.9229,18.5615,6722.0659,0.207945763224997,13.54162150865196,3.016523674867796,test,8.539897214219367,171.29768982408902,1462864.6641309513,0.3933711983091899,105.92061827973411,0.9984121435215554,1,0,True,True,operation,3982.2161283104456,0.1303677939325571,12.73464780766517,9.88849624642786,1.7222989967276152,1.1574785466046527,1.715195218009716,1.2095989319359535,1.715195218009716,1.2095989319359535,1.7222989967276152,1.1574785466046527,12.270298115038225,8.668912014065409,196.12528591937246,False,False,32.79456419565516,29.477477593509626,29.477477593509626
549,C45,10.0,5,1,120.1884,167.98714999999999,27.5112,4772.4896,0.0807045032317056,8.80178483575471,4.80261293948644,test,15.844475683064825,81.40687770433597,1289849.2942205835,0.7464585900164495,32.48884481837628,0.996868975323221,1,0,True,True,operation,3821.728359576212,0.11145759928040205,14.377084664760295,6.395160979809071,3.990329538916378,2.295520169834585,3.9825652262296516,2.584528634115307,3.9825652262296516,2.584528634115307,3.990329538916378,2.295520169834585,19.02295509636377,8.048160951494141,195.82215027936263,False,False,42.4729174007528,35.10392203765322,35.10392203765322
550,C45,20.0,4,1,120.5608,304.31285,25.538,2470.6579,0.0848317269884384,11.353779090530978,6.3404955357023605,test,16.733173354760034,60.35240146539656,1009887.1960965542,0.6885928419814323,48.57853625569515,0.9946733810438061,0,0,True,True,operation,1917.4482873688798,0.157538129594177,12.764641413232312,12.668531496181398,3.205894407938451,1.5856786838420476,3.1887797480511195,1.7454745897600157,3.1887797480511195,1.7454745897600157,3.205894407938451,1.5856786838420476,18.19446866978922,5.819078082236507,195.39085388677833,False,False,50.53864906106756,45.26198961133036,45.26198961133036
554,Al6061,12.0,3,0,38.35165000000001,43.2738,24.8097,8010.47575,0.0689989098621327,8.859153891522446,1.8839687908302003,test,6.116227224356972,27.675007289976143,169266.63302122976,0.4089315202867433,844.3779897787288,0.9984832329064717,0,0,True,True,operation,5327.746699268072,0.11184232238866389,14.358064676402137,7.641834118184304,0.8343305610950064,0.1510008462714943,0.8318866745834671,0.15416368350326562,0.8318866745834671,0.15416368350326562,0.8343305610950064,0.1510008462714943,7.172641283856125,1.0236887189888046,196.13925051909513,False,False,81.90155637193546,81.46818692817062,81.46818692817062
557,C45,8.0,4,1,16.9421,457.42685,23.739,8011.678400000001,0.0531348501948078,3.541756378062098,4.746420595928892,test,17.254938560039662,28.62515612931877,493925.3102829381,0.6639316790490756,18.29041630826145,0.8734858329925377,0,1,True,True,operation,6655.162569627812,0.10382483601984442,11.992841705065812,5.176516294076038,3.1909549460183837,0.9603565529091492,3.178859389049322,0.9927872679543785,3.178859389049322,0.9927872679543785,3.1909549460183837,0.9603565529091492,20.315528481575818,3.7073653981829735,171.5851112727217,False,False,69.90378839076168,68.76907259961303,68.76907259961303
559,C45,10.0,6,1,15.62705,542.3862,24.7363,6933.51485,0.066974169436861,4.128270738175598,6.3657813540824195,test,17.332249396266665,73.22037115388054,1269073.733726267,0.7437856220176046,32.474820325107466,0.9993044045142169,0,0,True,True,operation,3828.223665312752,0.11423744316212833,11.661336333490908,6.415288431895347,4.320776359114885,2.042430040482238,4.31736284141676,2.3036575486187143,4.31736284141676,2.3036575486187143,4.320776359114885,2.042430040482238,22.36257078849652,8.232011468810699,196.3005591704401,False,False,52.73002185883484,46.642021223707026,46.642021223707026
560,Al6061,12.0,3,0,27.1325,584.6999,21.6836,8004.2088,0.0489074993775338,16.764342481216758,5.80347743511486,test,7.102883363922051,114.25887580592129,811567.468142314,0.4089315202867433,176.1098429120583,0.9984832329064717,0,0,True,True,operation,5327.746699268072,0.11184232238866389,14.358064676402137,7.641834118184304,1.166860888930884,0.7019533563673708,1.1718091794321912,0.7103863773475768,1.1718091794321912,0.7103863773475768,1.166860888930884,0.7019533563673708,7.971800920324165,4.908188028596239,196.13925051909513,False,False,39.84258423379643,39.376957458909835,39.376957458909835
577,C45,12.0,4,1,4.2776,95.1736,20.6397,6798.8178,0.054939908027878,4.061558716412848,7.590527972406649,test,19.678098513424516,46.06234494181676,906419.3615244116,0.7003170415250054,43.51647335172051,0.9971296663933082,1,0,True,False,operation,3186.0114614547247,0.15057354512438176,13.90630440478553,7.340195719208569,3.748870655107169,1.3319558997441017,3.7466570646483444,1.4137513731262992,3.7466570646483444,1.4137513731262992,3.748870655107169,1.3319558997441017,22.7407192556088,5.552571829788303,195.87335970323556,False,False,64.4704759837593,62.26632572097997,62.26632572097997
581,C45,8.0,5,1,14.09855,280.87565,25.4554,7997.557349999999,0.0785778269410772,3.8496755698090106,4.105128157926816,test,18.28527602511444,49.65674322381327,907987.2563556569,0.7368496714553385,17.375915007154376,0.9699064222933359,0,0,True,True,operation,5942.428321245066,0.10387757380824447,11.885066336430858,5.193931363852707,4.196504660747728,1.6304134257052523,4.186806645321906,1.7456609769378342,4.186806645321906,1.7456609769378342,4.196504660747728,1.6304134257052523,24.270186649542598,6.297877553565017,190.52570185732046,False,False,61.14829941795543,58.30567005313383,58.30567005313383
585,SS316L,10.0,6,2,47.683049999999994,78.90625,24.6904,3474.9218499999997,0.0288686958147853,8.846088292104639,3.660531167909789,test,20.77080600911856,19.49031398000077,404829.53073540743,0.8499017745684988,38.29803986724492,0.7794688618516517,0,0,True,True,operation,2819.9192704729694,0.1102114306601224,12.674214301934356,6.478685436757087,3.894409860616352,0.9627808556875753,3.8688562008169614,0.9849813458447092,3.8688562008169614,0.9849813458447092,3.894409860616352,0.9627808556875753,22.073089614729327,3.157490489638433,153.11668070932524,False,False,75.27787546390405,74.5407610229422,74.5407610229422
587,C45,12.0,4,1,82.1872,569.7782,24.7243,4463.33,0.0528362586960481,10.6686039083069,2.884744842394709,test,13.471390890240125,29.03127062205923,391091.5945901045,0.6967892253721752,101.00273361664209,0.9936002742119193,1,0,True,True,operation,3183.9452080287642,0.14985295261880227,13.62037342088297,7.508540749568493,2.1817656212819116,0.6306607830247191,2.175531815957414,0.7008184965623416,2.175531815957414,0.7008184965623416,2.1817656212819116,0.6306607830247191,14.795099068552535,2.402095781666416,195.18005578542164,False,False,71.09401775915005,67.7863365903512,67.7863365903512
588,Al6061,12.0,3,1,40.6493,176.9746,20.6314,7994.6866,0.0436795997272452,8.627365872519373,5.452922744493058,test,9.790075241567497,49.28433593397704,482497.3570243239,0.4113157334691698,301.2702721184873,0.9997162158513011,0,0,True,True,operation,5316.172869513475,0.11029300537146629,14.679919326910749,7.605162224719258,1.574917380192913,0.4915127908069126,1.570578597779208,0.4971926220507168,1.570578597779208,0.4971926220507168,1.574917380192913,0.4915127908069126,10.85843161400644,2.9071250792624337,196.38145423642518,False,False,68.79120155835052,68.34334666512423,68.34334666512423
591,C45,20.0,3,1,4.304,25.6055,23.8888,3039.1305,0.0830263607287608,24.63395688495474,8.683803094530369,test,16.205183206421786,161.9312804541617,2624126.066610158,0.6206493365779788,15.050674992993699,0.9986640266794624,0,0,True,True,operation,1913.779348623039,0.24881187920906214,10.581997940316796,12.977506012495999,4.553729684541089,3.47274336567078,4.58117071727657,3.514773590437515,4.58117071727657,3.514773590437515,4.553729684541089,3.47274336567078,17.483002137665956,15.366936074577854,196.17476514163886,False,False,23.73848238159635,23.27782989656868,23.27782989656868
596,SS316L,8.0,3,2,193.4976,121.989,27.8928,3171.5119,0.0213493559202043,5.555978731212824,4.6933819164264525,test,22.575836642472314,5.29686430982703,119581.1433759969,0.2702288267542,49.51193542041535,0.23528986623347584,0,0,True,True,operation,3324.0750715065797,0.08808150069694556,10.187090991883867,5.165352792815091,3.4685389683052246,0.6179604859839728,3.444636455880956,0.568889580388721,3.444636455880956,0.568889580388721,3.4685389683052246,0.6179604859839728,23.053525375950137,2.8239576583416803,46.219682511278535,False,False,82.18383902759159,83.48477153757494,83.48477153757494
597,SS316L,10.0,5,2,45.66315,302.57675,21.8997,3506.9272499999997,0.0490026966546701,11.760772905100406,3.150920844454334,test,20.844244326731573,31.84124925994528,663706.7792426603,0.7712756340493809,15.074843626812617,0.7073536784786395,0,0,True,True,operation,3070.813329626562,0.11020663004109134,12.674499672759634,6.478856829997817,4.384446852909607,1.6818396139541771,4.3626915145373495,1.7166246641585579,4.3626915145373495,1.7166246641585579,4.384446852909607,1.6818396139541771,22.70990073128795,5.618496978394417,138.9505760100442,False,False,61.640780003113164,60.65216487486165,60.65216487486165
598,Ti6Al4V,10.0,4,2,11.95035,372.81405,22.8478,2553.48295,0.0972220848492087,2.1268989235374423,4.189449028096394,test,29.545148688563387,8.848336816195797,261425.42688099438,0.19444226991003982,3.9652670159764782,0.33225756761304515,0,0,True,False,operation,2483.188312648899,0.09707792372574756,10.487001683075308,6.454418966302691,4.718065353587139,0.8488534566102156,4.70161002716522,0.8645930516111475,4.70161002716522,0.8645930516111475,4.718065353587139,0.8488534566102156,32.60128577087807,4.407747320818016,65.26774626071727,False,False,82.00844216867762,81.61070257601854,81.61070257601854
620,SS316L,8.0,4,1,100.6687,25.77185,36.0,3443.49075,0.0369980687072488,2.927157988878523,2.0453661511362884,test,24.433578188229465,3.051091236876923,74549.07629565404,0.3603051023389333,105.89344438198748,0.31371982164463447,0,0,True,True,operation,3324.0750715065797,0.08808150069694556,10.187090991883867,5.165352792815091,2.7840500765279943,0.25042670046888293,2.7531549448182817,0.24356089429051694,2.7531549448182817,0.24356089429051694,2.7840500765279943,0.25042670046888293,25.73061949030788,1.3572746536329123,61.62624334837138,False,False,91.00494985416384,91.15338950505044,91.15338950505044
624,Ti6Al4V,8.0,6,2,54.7493,586.1577,25.1728,2438.3064,0.0551238134549509,5.166515283241255,5.059340935870094,test,29.447924476846005,21.079992310568237,620762.0215341079,0.17388875643490925,2.311928883349324,0.2843892348804056,0,1,True,True,operation,2751.473874378768,0.07786862701488331,8.394989193546067,5.176516294076038,5.118632501772201,2.6394010361064355,5.1109635294164475,2.459142641179456,5.1109635294164475,2.459142641179456,5.118632501772201,2.6394010361064355,31.921711123592754,12.599874983539735,55.864625010049195,False,False,48.435426157423734,51.88495032246429,51.88495032246429
629,SS316L,25.0,4,2,5.7762,341.522,30.7076,1705.2163,0.1770675622774167,14.573708471515992,9.866160448533993,test,25.051494674643106,173.6587724128475,4350411.812305508,0.9841490423104722,2.235459714872356,0.9892796231602707,0,0,True,False,operation,1364.7178469344024,0.245663496896741,8.944718442871817,16.200657189974446,8.833643843039383,7.693772212617617,8.884938474465546,7.974180534847142,8.884938474465546,7.974180534847142,8.833643843039383,7.693772212617617,28.203165741058765,25.51380072093771,194.33131919065872,False,False,12.90375354356115,10.250582401170632,10.250582401170632
631,Ti6Al4V,20.0,6,1,343.79585,570.9706,20.7033,654.84455,0.0593726274433584,3.8026889441479383,10.005835669141405,test,25.56457726543579,8.876053355528608,226912.5518195417,0.995359922122878,164.43338390292874,0.827407747618144,0,0,True,True,operation,640.027461716407,0.1863939390172375,17.799178448854946,12.757386575955897,2.4115923191808815,0.3921419136264244,2.3824041955608357,0.3529108210620885,2.3824041955608357,0.3529108210620885,2.4115923191808815,0.3921419136264244,26.185793960502355,1.5001897188100886,162.53366120041485,False,False,83.73929496675379,85.18677805723848,85.18677805723848
633,C45,6.0,6,2,99.29825,339.37445,23.3031,7109.7257,0.0321515621726264,4.186662564012956,2.0379483031197525,test,14.317558532668354,11.702194097497141,167546.84895156146,0.466755829755638,93.82709187459835,0.5746806659979299,0,0,True,True,operation,6959.355600718222,0.07776276239392048,8.941229179248682,3.888312275939085,2.935002218392311,0.5439632731030941,2.9274006660345995,0.5308106241953124,2.9274006660345995,0.5308106241953124,2.935002218392311,0.5439632731030941,16.36307937660326,1.9861812513674764,112.88866092276854,False,False,81.46634201179386,81.86751030174703,81.86751030174703
639,Ti6Al4V,10.0,4,2,38.4659,59.0672,32.228,2017.8183,0.0228713005546872,9.154232915852232,5.207182332049955,test,26.63641370139157,8.799493037276314,234386.93690340655,0.17322806968948584,6.378153587928262,0.2962387863337559,0,1,True,True,operation,2201.1790995030146,0.09733578376860415,10.493736491932586,6.470645367595046,4.0310620040777865,0.8841091390788708,3.9977931431052927,0.8218563648778028,3.9977931431052927,0.8218563648778028,4.0310620040777865,0.8841091390788708,27.148611169390378,4.38736941935245,58.19231771880126,False,False,78.06758769315596,79.4422488743521,79.4422488743521
653,Al6061,8.0,3,0,395.31885,537.17545,17.1059,7998.48365,0.074400163495997,11.520154068301837,2.516764077583693,test,10.941459084014934,51.76111223870768,566342.0917029247,0.327850462607145,169.08133628016054,0.7857619327989473,0,1,True,True,operation,7982.382321930015,0.10382483601984442,11.992841705065812,5.176516294076038,1.554243961006652,0.7154019996642501,1.5523386111790827,0.7031469120414313,1.5523386111790827,0.7031469120414313,1.554243961006652,0.7154019996642501,12.976189202361475,4.619410598481113,154.35287394561337,False,False,53.971061325475645,54.70402481921426,54.70402481921426
660,Al6061,25.0,3,0,7.7265,24.54985,20.1721,5712.5648,0.2962989301434477,8.499556074550021,3.8350741275433258,test,11.870626268876675,165.52076458153124,1964835.1360860765,0.3309632244887462,71.41735149197494,0.9995106300352634,0,0,True,True,operation,2562.3022786380216,0.2384792373282835,6.700863201742595,15.983732727270958,2.4135951570144365,1.43400683902555,2.397070977491667,1.4782272009500819,2.397070977491667,1.4782272009500819,2.4135951570144365,1.43400683902555,18.149545210711146,11.918189961373029,196.34106953436302,False,False,40.58627293570705,38.33193865219118,38.33193865219118
663,Al6061,16.0,2,0,363.8315,467.2038,21.5136,4547.4075,0.1228845628475014,17.927438978870164,9.613074470113068,test,7.120289780894077,192.60686297864618,1371416.67819692,0.4124245197263829,122.4249393974977,0.9949223940117348,0,0,True,True,operation,3985.020940851425,0.10964111326634883,22.995595070793396,9.725999627205871,1.2552579545369482,1.154267447957473,1.2397020693106147,1.2094968087397164,1.2397020693106147,1.2094968087397164,1.2552579545369482,1.154267447957473,7.949219354304728,7.655813839466616,195.4397692969619,False,False,8.045398654074216,2.4364935187770604,2.4364935187770604
666,SS316L,8.0,5,1,9.019,414.0271,25.5678,4932.9369,0.0868229522402577,4.706312100396279,3.866295880188126,test,25.185790149407044,38.96600881449005,981389.7209616916,0.6629437365988471,3.203532055830775,0.5776279527780155,0,1,True,True,operation,4873.075502335835,0.08825111061686776,10.19391544930594,5.176516294076038,4.565241425863667,2.3686248773686476,4.566620811765153,2.3925530633338368,4.566620811765153,2.3925530633338368,4.565241425863667,2.3686248773686476,30.803954776182263,10.586349828530034,113.46761768544557,False,False,48.11610917333812,47.60780099872067,47.60780099872067
672,Ti6Al4V,16.0,5,2,45.1105,312.5678,20.8236,1184.7824,0.1283972854858373,6.617266879215835,2.361825297445056,test,29.93950093157293,11.887509062554784,355906.0886524406,0.546058527385317,22.486930135743822,0.7925774454930212,0,0,True,True,operation,1156.9108575634846,0.15552552478784096,16.690294467930872,10.36883273583756,4.58286843763859,0.6495189157135548,4.5602658180133355,0.6642252949354942,4.5602658180133355,0.6642252949354942,4.58286843763859,0.6495189157135548,32.311626989484544,2.5001921689066355,155.6916941758017,False,False,85.82724063429079,85.43450488540026,85.43450488540026
709,C45,8.0,6,1,86.6582,11.617,26.5703,5294.2103,0.1037852809725482,2.951822509928637,4.252895600022328,test,16.906432714668142,41.38692561338065,699705.2731495955,0.7185529478584933,50.43248119893177,0.9452015343952822,0,0,True,True,operation,4829.122241090303,0.10367663572743735,11.922042149164294,5.184383918199863,3.49597640591483,1.3443049893187733,3.484019316111509,1.401565861194933,3.484019316111509,1.401565861194933,3.49597640591483,1.3443049893187733,22.712324699589523,4.947710207887,185.67274285231292,False,False,61.54708060831451,59.77158178447725,59.77158178447725
715,Al6061,16.0,2,1,35.5313,154.8966,23.1394,7976.3032,0.1679069461977755,8.113786657146782,5.85997170567203,test,9.629483623839189,127.35600174622145,1226372.5332128746,0.40579684839875807,128.16212997033486,0.9985613405949773,0,0,True,True,operation,4007.297032786449,0.12052898270636797,21.89506573241602,9.27425875144764,2.127673002419107,1.1393715083253007,2.103342225669838,1.2628085123101611,2.103342225669838,1.2628085123101611,2.127673002419107,1.1393715083253007,12.316263450608455,6.8811801803933905,196.15459377472365,False,False,46.449877070871985,39.96181425454897,39.96181425454897
718,SS316L,10.0,4,1,14.8172,58.4626,26.7006,4616.1606,0.0351722338772235,3.3168843969757065,2.713628599061243,test,21.32305316409996,5.845499080622212,124643.88766680488,0.6857205688675644,46.69434259277759,0.6292600438558622,0,0,True,True,operation,3414.230872308375,0.11037397781685857,12.630717325444916,6.492415480895714,2.6175397696547145,0.2662556383972676,2.5955199709342525,0.2830809658708066,2.5955199709342525,0.2830809658708066,2.6175397696547145,0.2662556383972676,22.765563754297805,1.1666942584929683,123.61008108692278,False,False,89.82801936826388,89.0934776445233,89.0934776445233
719,Ti6Al4V,10.0,6,2,41.5925,349.303,26.2462,2128.89735,0.0387264609959425,9.5898452355214,5.166150544673343,test,28.883735704695276,24.50712910904648,707857.4400665427,0.2502056908005171,3.4807652242845566,0.4278556253322181,0,0,True,True,operation,2129.962465262234,0.0972447833314759,10.437760848221348,6.479240875452603,5.024400171069617,2.111065677940271,5.003923524964482,2.02647349191255,5.003923524964482,2.02647349191255,5.024400171069617,2.111065677940271,30.372054314174367,9.512478521680844,84.04676104450999,False,False,57.98372728956304,59.50230890215426,59.50230890215426
738,C45,10.0,5,1,30.009,229.58445,26.864,5089.02785,0.1054450401277373,13.056543778600114,5.3059750591039325,test,14.853144429452437,185.87647243895958,2760850.091173002,0.7429588111578797,14.973411064073805,0.9994782884579311,1,0,True,True,operation,3822.122901368701,0.11503789465874434,13.959594729754908,6.397476691529381,5.189740111774001,4.453413095823176,5.205016806879221,4.760595267483347,5.205016806879221,4.760595267483347,5.189740111774001,4.453413095823176,19.004387459067438,17.28220930191775,196.33471644546827,False,False,14.18812888684569,8.538330535426962,8.538330535426962
743,Al6061,10.0,3,1,200.591,49.2056,22.9302,8008.8448,0.1184709471955888,3.9919163569018834,3.5019129993817453,test,5.030826562797703,39.79145122161498,200183.8897779697,0.4112169697518311,660.5083401334625,0.9991758834024462,0,0,True,True,operation,6394.517053980668,0.10888434489822368,14.481417626808982,6.48873671608305,0.9460109602187093,0.22835570078389167,0.9380962946511687,0.23967887342610078,0.9380962946511687,0.23967887342610078,0.9460109602187093,0.22835570078389167,6.522490895738362,1.2418287475826697,196.275312843103,False,False,75.8611992475121,74.45050419741554,74.45050419741554
752,Al6061,10.0,3,1,96.9888,312.301,23.6083,7985.976,0.1001060646519702,8.989861271112265,3.3050137916023385,test,11.062071325708319,71.25837432486652,788265.2193356958,0.4112169697518311,167.73939216820546,0.9991758834024462,0,0,True,True,operation,6394.517053980668,0.10888434489822368,14.481417626808982,6.48873671608305,2.090740455845453,0.8666556221796365,2.0787169041677283,0.8823251423379771,2.0787169041677283,0.8823251423379771,2.090740455845453,0.8666556221796365,13.825669299275761,4.88995598585053,196.275312843103,False,False,58.54790967685282,57.55433842054407,57.55433842054407
759,C45,6.0,5,1,40.15025,532.56555,15.3757,7021.8752,0.0771071390360776,6.664668572712518,2.511319612141188,test,16.519240130989157,45.31043648146575,748493.9806772642,0.41137005943541755,15.12539003373851,0.5065580768707091,0,1,True,True,operation,7318.772445778913,0.07786862701488331,8.994631278799359,3.8823872205570282,3.350279491236936,2.0177639508903975,3.3535622941734635,2.008519724397481,3.3535622941734635,2.008519724397481,3.350279491236936,2.0177639508903975,21.17763751863912,9.754757800801762,99.50685025786686,False,False,39.77326500167808,40.10787490403511,40.10787490403511
775,Ti6Al4V,20.0,4,2,242.27235000000002,347.50425,28.6267,663.0348,0.1122044941338988,5.920389867302253,2.2025855726546104,test,26.33423648355917,3.880517654647593,102190.4695961161,0.8159543155995845,282.53485418745015,0.6958211662295243,0,0,True,True,operation,650.0598541539028,0.19439369198894504,20.863573761037514,12.960959795499656,3.6444234631696752,0.20612289281773186,3.608850401198302,0.20216652086369644,3.608850401198302,0.20216652086369644,3.6444234631696752,0.20612289281773186,27.150548265884435,0.7869992426636817,136.68516159486228,False,False,94.34415635557181,94.39803542988183,94.39803542988183
777,Al6061,12.0,3,0,132.38400000000001,310.11705,22.6133,8008.88235,0.0544274939175542,12.067255422566127,5.026792928168266,test,9.06858715262394,79.32516925134722,719367.210752487,0.4089315202867433,198.68158736005563,0.9984832329064717,0,0,True,True,operation,5327.746699268072,0.11184232238866389,14.358064676402137,7.641834118184304,1.4212087443266004,0.6391304073992609,1.4202136169808928,0.6827407677427864,1.4202136169808928,0.6827407677427864,1.4212087443266004,0.6391304073992609,10.303908381132773,4.350580414542781,196.13925051909513,False,False,55.02909689019014,51.926896096506596,51.926896096506596
783,SS316L,8.0,5,2,9.1105,45.7575,25.0716,3953.975,0.0242473501314994,6.993787442998629,2.9510727290391627,test,20.085611358333036,9.89374126743322,198721.841977565,0.6964467592424888,13.433534589142706,0.606434566116106,0,0,True,True,operation,5139.550518320931,0.08812213978194963,10.188618843862022,5.163119649358476,3.3963417519455494,0.5796445472533345,3.3793133361298735,0.5550122932007194,3.3793133361298735,0.5550122932007194,3.3963417519455494,0.5796445472533345,21.088567701101745,2.0616627668086958,119.12630815106274,False,False,82.93326792213142,83.57618137191321,83.57618137191321
795,C45,25.0,4,2,40.936099999999996,469.5376,27.9462,2616.90585,0.0786458914265777,6.344043610260754,6.919305909058143,test,13.661966385179523,36.13706027554185,493703.30274365906,0.6195487026328738,85.65437932478582,0.9989062065231858,0,0,True,True,operation,1540.3058251893467,0.25860743978992107,8.058613953565512,15.281997742922975,2.803378995550895,0.8147997100110712,2.7915191369179753,0.9139936425036538,2.7915191369179753,0.9139936425036538,2.803378995550895,0.8147997100110712,14.833530627994215,2.9336343228494246,196.22233827203635,False,False,70.93508543424917,67.2581989349081,67.2581989349081
799,SS316L,6.0,4,1,28.1134,44.15835,25.5747,6598.44585,0.0607206415433485,7.556189211026864,3.425689503394631,test,22.702280892089696,41.48478284679505,941799.1929352855,0.3047667013997956,1.7182941842539234,0.24854391498076608,0,1,True,True,operation,6212.755985527077,0.06618833296265082,7.645436586979455,3.8823872205570282,4.811739427318106,4.148923268003998,4.793448091104721,4.223896722343325,4.793448091104721,4.223896722343325,4.811739427318106,4.148923268003998,26.49225514481582,22.595075368052996,48.82327073585974,False,False,13.774980323145618,11.881872045685064,11.881872045685064
808,C45,12.0,4,1,52.2287,261.1758,27.4078,4731.5246,0.0964883176517385,10.52952179676818,1.4399571600260035,test,17.682317539551082,27.688156914784955,489590.7826521446,0.7003170415250054,80.56559761519398,0.9971296663933082,1,0,True,True,operation,3186.0114614547247,0.15057354512438176,13.90630440478553,7.340195719208569,3.028408416121019,0.7667699938942831,3.0180733401721307,0.8938322653567897,3.0180733401721307,0.8938322653567897,3.028408416121019,0.7667699938942831,21.04591317502175,2.9991503969049895,195.87335970323556,False,False,74.6807600384227,70.38401110206914,70.38401110206914
813,C45,12.0,4,1,23.6939,500.2056,19.8697,5005.3626,0.1144760086416969,3.0297240836075683,7.32721343762519,test,19.61597085335414,50.88056625831039,998071.7047251706,0.7003170415250054,39.520380955115776,0.9971296663933082,1,0,True,True,operation,3186.0114614547247,0.15057354512438176,13.90630440478553,7.340195719208569,3.7045499872215633,1.4963598448021282,3.6941070432301344,1.6733357693172528,3.6941070432301344,1.6733357693172528,3.7045499872215633,1.4963598448021282,24.299234300942633,6.1140185955929836,195.87335970323556,False,False,59.60751373409303,54.70256411806398,54.70256411806398
819,Al6061,10.0,3,1,220.43555,100.53020000000001,28.5806,8000.7603,0.1196774152685375,10.295377490578495,1.1780278757932954,test,11.829679787521908,34.838749445057466,412131.2501327364,0.4112169697518311,320.8277186360444,0.9991758834024462,0,0,True,True,operation,6394.517053980668,0.10888434489822368,14.481417626808982,6.48873671608305,2.214263991553711,0.4711161289740741,2.199543082739252,0.49706407112785517,2.199543082739252,0.49706407112785517,2.214263991553711,0.4711161289740741,15.36937991086711,2.5566314789849756,196.275312843103,False,False,78.7235789964005,77.40148510713304,77.40148510713304
826,C45,10.0,5,1,14.44105,405.23255,25.2813,7774.8285,0.0756636451015264,8.095183029835818,2.3787079097255917,test,19.892844367143184,56.63903835973746,1126711.57519491,0.7326891648667807,34.700263446263925,0.9967879155744981,0,0,True,False,operation,3853.076861818464,0.11992552206851542,13.058222588666549,6.4901261375628225,5.035219858718369,1.7812011164027186,5.026251565329454,2.147590306780091,5.026251565329454,2.147590306780091,5.035219858718369,1.7812011164027186,25.987844702074668,7.139072324867976,195.8062271292908,False,False,64.62515706600955,57.27252647690896,57.27252647690896
828,Ti6Al4V,12.0,6,1,25.8382,52.20165,27.459,1862.5381,0.0860044811344705,6.707012283713913,1.4572324831741468,test,26.847212447595034,9.393673068061302,252193.93652149363,0.31499458854928364,18.833736218555508,0.558928386571941,0,0,True,True,operation,1610.135578493117,0.11686656474726201,12.482120651027918,7.790898577074857,3.0094936223905173,0.45154242724114346,2.9804458117113373,0.48493971432751803,2.9804458117113373,0.48493971432751803,3.0094936223905173,0.45154242724114346,29.535065132483165,2.5671060291341,109.79432725870969,False,False,84.99606631887553,83.72928934248694,83.72928934248694
830,SS316L,25.0,4,2,8.54015,16.69875,26.1222,1483.0689499999999,0.1523737563303415,15.430318487336889,12.401453415860171,test,20.26925333088546,172.97326540441912,3506038.935952657,0.9841490423104722,2.7738340980150262,0.9892796231602707,0,0,True,True,operation,1364.7178469344024,0.245663496896741,8.944718442871817,16.200657189974446,7.017652386720434,6.280605616982911,7.048434386053274,6.3643098944799235,7.048434386053274,6.3643098944799235,7.017652386720434,6.280605616982911,22.177779087440534,20.56181864868999,194.33131919065872,False,False,10.502754042537688,9.706048947934121,9.706048947934121
841,SS316L,20.0,5,2,9.3608,152.9171,21.8752,2167.2381,0.1096082647459227,13.823549160788598,10.209918678196477,test,24.90071390775946,167.6338725718014,4174203.102160232,0.9664226997027817,4.3331455394145015,0.997391756627189,0,0,True,True,operation,1443.1933166964957,0.220085670680189,9.879734625283163,12.486995332804222,9.146783278937182,7.45051659056901,9.18115089914351,7.957887870715758,9.18115089914351,7.957887870715758,9.146783278937182,7.45051659056901,27.981492580601994,24.82963701669636,195.92484397492646,False,False,18.544953309151442,13.323634932760644,13.323634932760644
844,Al6061,12.0,3,1,74.6023,382.3149,22.4509,7979.6185,0.0620293016171273,14.10713792302059,3.0978913272255846,test,7.351799077234896,64.89412275253015,477088.5517700193,0.4113157334691698,304.68580624680516,0.9997162158513011,0,0,True,True,operation,5316.172869513475,0.11029300537146629,14.679919326910749,7.605162224719258,1.3041644704006123,0.4908135615412252,1.300379583237182,0.5065791026963494,1.300379583237182,0.5065791026963494,1.3041644704006123,0.4908135615412252,8.488961947731338,2.874536147582871,196.38145423642518,False,False,62.36566992271631,61.04375143792517,61.04375143792517
845,Ti6Al4V,16.0,5,2,22.139,31.6568,26.0678,1253.317,0.0913984706889154,6.548100210081487,8.54284835141584,test,27.24141054188493,32.03965846673472,872805.4899141002,0.5464784381287958,6.022291630641201,0.9127586673753986,0,0,True,True,operation,1331.2265407888965,0.15559165333036143,16.700417357154155,10.366785400724165,4.6165017613613815,1.4829050174518081,4.617071670085125,1.4462481970528784,4.617071670085125,1.4462481970528784,4.6165017613613815,1.4829050174518081,28.866690657736306,5.392996157225325,179.2997568949546,False,False,67.8781663236167,68.67607218611327,68.67607218611327
847,SS316L,12.0,3,1,46.02005,5.831300000000001,30.6775,2847.7502000000004,0.0550518562850688,10.194242891174731,6.022075746376553,test,22.064539955230508,28.87329207180717,637075.9065574296,0.5867992443031441,17.52225706627698,0.5612175805331892,0,0,True,True,operation,2349.932725394141,0.13225371679214687,15.209057162321226,7.7744225241085045,3.323386240641779,1.3954421783373512,3.2966456587230146,1.4484025221474204,3.2966456587230146,1.4484025221474204,3.323386240641779,1.3954421783373512,23.14552268871354,6.340021396898737,110.24401011071417,False,False,58.01143540668095,56.064355345109426,56.064355345109426
856,SS316L,12.0,5,1,31.554850000000002,337.305,22.3087,3000.45895,0.0830359695935766,3.5706170100608414,3.0813234983716415,test,23.337372614070745,13.705804113394688,319857.4575697554,0.9231280632997236,69.41405118372826,0.8823369983755347,0,0,True,True,operation,2216.0500476710536,0.13212225104541836,15.280636487825802,7.748029189222637,2.9831822242665353,0.5601366177336765,2.963105934353378,0.6208745302694842,2.963105934353378,0.6208745302694842,2.9831822242665353,0.5601366177336765,26.365712958144332,2.126851327126158,173.32380941729457,False,False,81.22351986488538,79.04649566958615,79.04649566958615
865,Ti6Al4V,10.0,6,2,32.6932,38.1238,19.0999,1938.7907,0.0337187381606543,4.130434938877352,2.6488693867036384,test,27.599332271951,4.291506967428355,118442.72674144796,0.2598421045342288,18.932642683548142,0.4443581795006338,0,1,True,True,operation,2201.1790995030146,0.09733578376860415,10.493736491932586,6.470645367595046,3.9697001211413685,0.3397616193662302,3.941960962936346,0.3152066403387514,3.941960962936346,0.3152066403387514,3.9697001211413685,0.3397616193662302,28.726999174932345,1.5386132505605847,87.2884765782019,False,False,91.44112630682687,92.0038112172487,92.0038112172487
866,Ti6Al4V,16.0,3,1,44.85755,47.5967,18.6766,1133.21345,0.1465975764844853,12.652499618326042,3.143801171160238,test,26.639313483025706,19.82399457537793,528097.6059792938,0.3276351164311902,9.092904712838722,0.47554646729581274,0,0,True,True,operation,1156.9108575634846,0.15552552478784096,16.690294467930872,10.36883273583756,2.8885337350993363,0.9752351244515592,2.8768647341196893,0.9813980824625242,2.8768647341196893,0.9813980824625242,2.8885337350993363,0.9752351244515592,28.02227966838706,5.97111072484291,93.41501650548102,False,False,66.23771041337618,65.88654062100598,65.88654062100598
874,SS316L,12.0,5,2,25.091250000000002,242.8318,28.4361,3906.15035,0.03975679824633,7.668182838357008,3.718352282432558,test,22.98281334227059,22.139782720321733,508834.4936995822,0.9879722906300193,35.01653561470525,0.9436893834295735,0,0,True,True,operation,2382.036174186464,0.13168100117457252,15.241255839747978,7.755156644707967,4.6515926919613495,1.0297431393476195,4.620061759298278,1.205612553600751,4.620061759298278,1.205612553600751,4.6515926919613495,1.0297431393476195,24.841740270453833,3.193311686019058,185.37570015063181,False,False,77.86256863961519,73.90483901704668,73.90483901704668
876,C45,6.0,5,2,11.3305,392.6242,17.7756,7762.0248,0.0393573962232813,8.833694408769944,0.8485611526193833,test,14.865747203752056,11.449773785380463,170209.44263361322,0.41655950712633005,63.06337421212161,0.5126230281953038,0,0,True,True,operation,7440.34998364292,0.07775482921936733,8.989957803407666,3.8723397370188573,3.101977856122583,0.5421392247992111,3.097179701326233,0.5438715715625161,3.097179701326233,0.5438715715625161,3.101977856122583,0.5421392247992111,17.231050840345144,2.199601212404699,100.69823231420654,False,False,82.52278868692908,82.43977992850635,82.43977992850635
878,SS316L,12.0,4,2,118.6745,504.6176,23.4994,2515.8321,0.0315507491215874,5.910319776841888,7.796560911998808,test,20.218528222456168,14.630709117507022,295811.4052068625,0.6721637616255393,79.33600065677105,0.6428531665886894,0,0,True,True,operation,2018.9494475740346,0.1322515660173243,15.20935241251431,7.773892669534066,3.378769969888334,0.7387620007704665,3.355512591152182,0.7558817465059852,3.355512591152182,0.7558817465059852,3.378769969888334,0.7387620007704665,20.887225609635507,2.6031108853281686,126.28027605581569,False,False,78.13517915234455,77.47343435697142,77.47343435697142
887,Al6061,25.0,2,1,14.4367,319.05005,30.0698,5285.87685,0.3244445336902534,21.053514464774945,2.496654818736637,test,8.277717325655496,180.28957001486248,1492386.097347007,0.3479358686733706,98.24656660720905,0.9995830814435454,0,0,True,True,operation,2561.525994959926,0.21899230454582722,13.190994382603094,13.268061608297284,1.871454732675106,1.2905520271271929,1.851885077475882,1.34346789209989,1.851885077475882,1.34346789209989,1.871454732675106,1.2905520271271929,11.235231648375997,8.488665982595018,196.35530168614198,False,False,31.040168666946904,27.45403543447546,27.45403543447546
899,C45,16.0,5,1,24.4315,483.9174,21.4989,3566.1083,0.1172206910509442,8.420628033682846,4.567834526440421,test,18.05030753416281,80.39400348973867,1451136.486892341,0.6892825595383554,30.06500226246903,0.9982181995533542,0,0,True,True,operation,2396.5146057886595,0.16065341682732107,10.222274518571794,9.96464033490343,3.888035226156516,2.1283077347262513,3.8860589593856956,2.3013664626394896,3.8860589593856956,2.3013664626394896,3.888035226156516,2.1283077347262513,21.980213714946522,8.884444945914572,196.08718810930213,False,False,45.260070680219336,40.7789102869585,40.7789102869585
900,C45,6.0,5,1,39.32105,97.81845,26.8318,8000.28085,0.0678592681928394,2.175705162736266,2.7281345369036787,test,16.710416031169274,16.112029010876608,269238.7078780169,0.41137005943541755,42.0491670193962,0.5065580768707091,0,1,True,True,operation,7318.772445778913,0.07786862701488331,8.994631278799359,3.8823872205570282,3.0858141142887843,0.7430069085693073,3.069171829727922,0.7567390030287451,3.069171829727922,0.7567390030287451,3.0858141142887843,0.7430069085693073,21.435401081323587,3.5088570566385178,99.50685025786686,False,False,75.92185138019713,75.3438697794959,75.3438697794959
908,Al6061,12.0,2,0,85.6795,120.9975,30.1653,7986.3087,0.1338093804490107,6.122658455552922,5.595653381204549,test,11.310907263739681,73.22400633808742,828229.9451695934,0.3820333946663701,153.5080146588499,0.9997647522370662,1,0,True,True,operation,5307.075940261333,0.146176968503491,17.24488167651779,7.340017386583637,1.7956002996764686,0.71677649434051,1.78126024523771,0.7668318196413219,1.78126024523771,0.7668318196413219,1.7956002996764686,0.71677649434051,13.829099365501696,4.898838957241875,196.390988588143,False,False,60.08151176686377,56.9500401925274,56.9500401925274
909,Al6061,8.0,2,0,443.17965,91.02350000000001,25.8666,7999.94675,0.0707256618511908,11.328415337106806,2.9895009056249715,test,12.369348739363568,38.32321757116148,474033.242952202,0.2185669750714301,134.67111442855392,0.5238412885326317,0,1,True,True,operation,7982.382321930015,0.10382483601984442,11.992841705065812,5.176516294076038,1.6420005542622438,0.7733113292790703,1.6354328891937853,0.7588876004383512,1.6354328891937853,0.7588876004383512,1.6420005542622438,0.7733113292790703,13.82738966131355,5.402037164492751,102.90191596374225,False,False,52.904319838885705,53.5971420501114,53.5971420501114
912,Ti6Al4V,12.0,5,2,60.8551,60.1208,21.2823,1509.7691,0.0361401570942736,6.060365034677238,2.6511374963327388,test,27.54104633916096,4.383304173368497,120720.78335737939,0.2513947893844624,37.29117521777815,0.4458248130898245,0,0,True,True,operation,1542.5478100846462,0.11664414359088071,12.517720850948155,7.77662455187817,3.8737726050366605,0.32486982018261346,3.8424890831771954,0.30907246938476146,3.8424890831771954,0.30907246938476146,3.8737726050366605,0.32486982018261346,28.323718300507235,1.5076394428388602,87.57657797388848,False,False,91.6136063391997,91.95645159441281,91.95645159441281
921,Ti6Al4V,10.0,6,2,25.0613,416.072,24.8858,2272.8317,0.0466492864570613,6.589315899825462,3.60848670564772,test,26.144923945053563,15.126169820235631,395472.5595300251,0.2598421045342288,5.670264016613058,0.4443581795006338,0,1,True,True,operation,2201.1790995030146,0.09733578376860415,10.493736491932586,6.470645367595046,4.2695169127279815,1.1022522847180516,4.249522933404556,1.0926201862189933,4.249522933404556,1.0926201862189933,4.2695169127279815,1.1022522847180516,27.877449636280314,5.137329552149482,87.2884765782019,False,False,74.18320837582127,74.28840358454949,74.28840358454949
922,SS316L,16.0,5,1,43.3041,411.3292,23.5831,1904.4795,0.1038104428195753,5.755902941512454,2.910964332201386,test,20.418904476932727,16.56295021028774,338197.2982000582,0.9892514258590466,115.22973617815488,0.9933829852922943,0,1,True,True,operation,1486.9042138818036,0.1766363901327798,15.757885199433009,9.429948976017535,2.5016919542032543,0.5465259344643001,2.481459757916343,0.5831530330991992,2.481459757916343,0.5831530330991992,2.5016919542032543,0.5465259344643001,22.521465235151584,1.9702023828993156,195.13737215845944,False,False,78.15374776474592,76.4995974148351,76.4995974148351
926,Al6061,8.0,3,1,200.59695,524.2436,20.6446,7984.7183,0.0885799779885967,9.381457803655938,1.8353092680384056,test,9.00780062455645,36.53389774470261,329090.06692221365,0.327850462607145,290.97772093943456,0.7857619327989473,0,1,True,True,operation,7982.382321930015,0.10382483601984442,11.992841705065812,5.176516294076038,1.5194560106668769,0.47194571110354244,1.5117732381732902,0.46750200220873944,1.5117732381732902,0.46750200220873944,1.5194560106668769,0.47194571110354244,10.998767129309037,2.6842471454386554,154.35287394561337,False,False,68.93982400343336,69.07591757784833,69.07591757784833
935,Al6061,12.0,3,1,20.1374,1.9478,26.6759,8000.2399,0.0617614229177565,6.136983632734907,3.884616270515039,test,10.170338187850792,35.338218193012715,359401.6299790008,0.42050358228025214,419.7769031402543,0.9956752220522862,0,0,True,True,operation,5326.4491639425,0.1000059033036232,15.947750232182443,7.674627955859484,1.798842895621393,0.38731055788439067,1.7836635957476785,0.38921324611978997,1.7836635957476785,0.38921324611978997,1.798842895621393,0.38731055788439067,11.740721673404595,2.143428325584451,195.58765272932933,False,False,78.46890582678716,78.1789992772354,78.1789992772354
937,Al6061,10.0,3,0,83.5025,67.9894,24.0414,8015.2565,0.1000982980312755,13.112512160323186,3.525823386266842,test,8.016383436092159,111.2786455590218,892052.2910501126,0.40736424334490723,147.87009902717105,0.9985640413184503,1,0,True,True,operation,6366.564903947656,0.11316901621832566,14.187602240643082,6.396415803811627,1.4290452877660835,0.8491445832311938,1.4246715540796597,0.8664039700544437,1.4246715540796597,0.8664039700544437,1.4290452877660835,0.8491445832311938,10.026274974836543,5.5716252866327105,196.15512429728068,False,False,40.579589009485055,39.1857044121203,39.1857044121203
942,Al6061,6.0,2,0,1552.1125499999998,152.5863,23.2766,7988.522199999999,0.0198848817753468,8.49145687664127,1.9283095168938993,test,9.487301808652186,5.202096550523586,49353.86001256572,0.09176258205541156,2228.217202662539,0.20290743619046095,0,1,True,True,operation,7329.037976298123,0.07786862701488331,8.994631278799359,3.8823872205570282,0.9853191791931935,0.15391683563999561,0.9820711032223085,0.1520934583377773,0.9820711032223085,0.1520934583377773,0.9853191791931935,0.15391683563999561,9.801273822654709,1.38544488870351,39.85856862443281,False,False,84.37898714546215,84.51298914724829,84.51298914724829
944,C45,20.0,6,1,3.4639,49.1326,19.9823,3763.4687,0.2063458786931015,6.7240523898608835,4.068934475884963,test,16.246482498603154,127.48149351949448,2071125.8533602585,0.6196545889804448,18.902234514916017,0.994669893785106,0,0,True,False,operation,1916.8269870075474,0.24802982473745944,5.355691815172068,12.789367237213487,4.551636670685618,2.8806171192256214,4.56444435943769,3.019069323001859,4.56444435943769,3.019069323001859,4.551636670685618,2.8806171192256214,24.131877841891885,13.749659517222204,195.3901688594436,False,False,36.71249865399053,33.85680522626003,33.85680522626003
946,SS316L,16.0,4,1,5.2926,35.300200000000004,19.841,2244.1172,0.1485852947728183,16.418095583867093,8.295883934192668,test,22.756130033399664,181.6631342995899,4133949.9063964146,0.9997513886473968,10.138370955255844,0.9972981248764756,0,1,True,True,operation,1461.5133839281432,0.17666110507878519,18.34973512216894,10.337492490462699,6.8962578034897275,6.226305412372112,6.988648023972827,6.477802237263605,6.988648023972827,6.477802237263605,6.8962578034897275,6.226305412372112,25.917741730072798,23.371773567665613,195.90645121598521,False,False,9.714723698098956,7.309651093557609,7.309651093557609
948,Ti6Al4V,10.0,3,2,15.8896,41.6814,19.2086,2253.8231,0.0532324656127087,6.048462934335186,6.150566301682914,test,26.864378496389296,13.389914095330049,359711.7202910845,0.14583170243252988,2.1613591465200104,0.24919317570978386,0,0,True,True,operation,2483.188312648899,0.09707792372574756,10.487001683075308,6.454418966302691,4.115679222368071,1.4431093408905427,4.101180360919132,1.400130548642214,4.101180360919132,1.400130548642214,4.115679222368071,1.4431093408905427,27.871595914038327,7.902005444002374,48.95080969553795,False,False,64.93630181265172,65.86030299997766,65.86030299997766
952,Al6061,6.0,3,1,1828.9761,360.11,22.9347,7989.5529,0.0755290942276308,5.410434682425249,1.1403034646147336,test,11.119912538753635,11.168905337796701,124197.25050991794,0.13765032999537127,1327.9961259736053,0.304375431951836,0,1,True,True,operation,7329.381783501876,0.07786862701488331,8.994631278799359,3.8823872205570282,1.7182307453204428,0.35516950047930923,1.706870680483295,0.3578213508739788,1.706870680483295,0.3578213508739788,1.7182307453204428,0.35516950047930923,13.216862881675217,2.447676297455901,59.790657601409194,False,False,79.32934785117749,79.03641119591657,79.03641119591657
954,Ti6Al4V,25.0,4,2,6.8592,44.6343,17.7227,964.5414,0.0709455883920394,8.779417938873333,4.299538780994229,test,28.500475270187867,10.332224970249738,294473.3222506203,0.9829008963765564,33.50965108221549,0.9998221329299184,0,0,True,True,operation,744.7682400893382,0.24274651819468157,17.465162255539326,15.550333510521487,4.0430118520121745,0.4034624851455855,4.015580762920365,0.4207331255522797,4.015580762920365,0.4207331255522797,4.0430118520121745,0.4034624851455855,29.313094562494463,1.6122815446844536,196.40226029078096,False,False,90.02074443722479,89.52248378522717,89.52248378522717
959,C45,16.0,5,2,15.40175,301.43365,21.97,4088.8886,0.0684136470102388,10.603054953234906,3.124714153117652,test,18.24364165456245,46.34035240723442,845416.7834637251,0.6953514789889463,52.21710193848256,0.9997759421935356,0,0,True,True,operation,2404.3320924950335,0.15335612414777278,10.371414587832987,10.271239132485345,4.198227901152765,1.460374001348742,4.20073095112458,1.5528087949189973,4.20073095112458,1.5528087949189973,4.198227901152765,1.460374001348742,20.90166215081752,5.131398041542832,196.39318671185998,False,False,65.21451346298406,63.034795301439296,63.034795301439296
960,C45,12.0,6,1,17.10755,570.79675,24.8004,4721.21695,0.0627278425175958,6.096507116947892,1.1242471996908598,test,18.414200339427232,12.178911038857951,224264.90778559214,0.706684885740235,170.01399979857942,0.9992019452531203,0,0,True,True,operation,3203.5989256955104,0.15484572368811067,10.095436499454081,6.532257537703961,2.6084050484497783,0.35125549477242946,2.5997241034511727,0.3668705687534343,2.5997241034511727,0.3668705687534343,2.6084050484497783,0.35125549477242946,21.822573912370824,1.4968172800692952,196.28043236007622,False,False,86.53370591422575,85.8880960380985,85.8880960380985
972,Al6061,12.0,3,0,94.55315,399.45535,22.3078,8002.4407,0.0810525423905534,5.214644449589043,5.62894334990659,test,7.973832768505283,57.11654664902545,455437.7912938598,0.4089315202867433,313.8189716778707,0.9984832329064717,0,0,True,True,operation,5327.746699268072,0.11184232238866389,14.358064676402137,7.641834118184304,1.1742860472845753,0.4008099129319329,1.1699037399305645,0.42651743637397554,1.1699037399305645,0.42651743637397554,1.1742860472845753,0.4008099129319329,9.59007425940102,2.754391227775097,196.13925051909513,False,False,65.86777865080083,63.542518771733306,63.542518771733306
973,Ti6Al4V,10.0,3,2,14.326,12.7233,22.8177,1660.1031,0.0634849357415185,6.356782045164082,3.572860657339681,test,27.921210190729894,7.180925144424838,200500.12032138332,0.14583170243252988,3.8776346643352433,0.24919317570978386,0,0,True,True,operation,2483.188312648899,0.09707792372574756,10.487001683075308,6.454418966302691,4.046831375709412,0.8111335582274469,4.020780950723865,0.7718019087413038,4.020780950723865,0.7718019087413038,4.046831375709412,0.8111335582274469,28.84079122271463,4.404507701391042,48.95080969553795,False,False,79.95632921361211,80.80467654915755,80.80467654915755
979,Al6061,12.0,3,0,195.89544999999998,265.34735,25.2102,7980.502,0.0625886939816847,17.675515332342698,3.5069771675485786,test,9.680973615383538,92.8864527353208,899231.2981572107,0.4198085383465499,168.55166004173728,0.9939282438388546,0,0,True,True,operation,5321.275665022219,0.09950955787673593,15.867697447305545,7.745742347844708,1.6869504463530014,0.8152725261235707,1.685662898169367,0.910410213847841,1.685662898169367,0.910410213847841,1.6869504463530014,0.8152725261235707,11.192080409805222,5.367787961480508,195.24448122062182,False,False,51.67181538224203,45.99096801403482,45.99096801403482
1000,Al6061,10.0,3,1,150.6215,39.1924,25.9495,8002.57205,0.1249313329249666,4.815366848130599,3.3659760194088664,test,6.551577663503881,48.61414111571168,318499.3210641223,0.4112169697518311,415.14414635780895,0.9991758834024462,0,0,True,True,operation,6394.517053980668,0.10888434489822368,14.481417626808982,6.48873671608305,1.2850905409963287,0.3636844659420086,1.2738162211326587,0.3770651094522188,1.2738162211326587,0.3770651094522188,1.2850905409963287,0.3636844659420086,8.598478869179548,1.9757914256820324,196.275312843103,False,False,71.69970096736961,70.39878255617297,70.39878255617297
1003,Al6061,16.0,2,1,13.4433,494.89065,15.8995,8005.1530999999995,0.111245550576187,5.498424520524429,8.872338561629158,test,8.808167753939392,86.88777202673664,765322.0717775387,0.40579684839875807,205.37042088518805,0.9985613405949773,0,0,True,True,operation,4007.297032786449,0.12052898270636797,21.89506573241602,9.27425875144764,1.5874431183444588,0.6963906783346138,1.5763220612551418,0.7171119408826443,1.5763220612551418,0.7171119408826443,1.5874431183444588,0.6963906783346138,10.442335490649407,4.294224576390669,196.15459377472365,False,False,56.131298798228556,54.507269896886044,54.507269896886044
1007,C45,20.0,4,2,55.3215,419.1918,24.0097,2489.1461,0.166311219572508,9.91065339044652,10.22766329587282,test,12.97891236520175,167.84586155513762,2178456.7279859167,0.6885928419814323,22.519998281120753,0.9946733810438061,0,0,True,True,operation,1917.4482873688798,0.157538129594177,12.764641413232312,12.668531496181398,4.508498287320281,3.7715972659671206,4.486554076055915,4.0734815776372715,4.486554076055915,4.0734815776372715,4.508498287320281,3.7715972659671206,15.217628322192605,12.55250076238367,195.39085388677833,False,False,16.34471112977072,9.206898912088265,9.206898912088265
1008,SS316L,16.0,6,1,177.6641,250.6423,27.7912,1507.004,0.1535309680573527,9.822429396425983,2.2701308137522895,test,23.15450320959753,30.955045246789012,716748.6945200129,0.9889315787760863,68.42067832062132,0.9132263357293926,1,0,True,True,operation,1393.7851624584,0.15814726074934005,13.618019626615569,9.960461137157049,3.5155070858744164,1.3506746558898588,3.4920250091232856,1.42090315469221,3.4920250091232856,1.42090315469221,3.5155070858744164,1.3506746558898588,26.502814891951683,4.545871471074535,179.3916243569418,False,False,61.57952116447225,59.31005216228551,59.31005216228551
1024,SS316L,12.0,3,1,18.9039,439.7199,25.0478,2760.6522,0.0997490193159167,10.848802482646676,5.854020962702823,test,21.49989297002878,52.465964439109364,1128012.6200101874,0.710164969038158,5.57243547876039,0.6796008473643314,0,0,True,True,operation,2845.192393590313,0.13244877338023028,15.1568607905339,7.790898577074857,3.6089038819228474,2.241769615705815,3.6100163662366995,2.218390786761571,3.6100163662366995,2.218390786761571,3.6089038819228474,2.241769615705815,23.350041733711716,9.44465545443797,133.49888757387663,False,False,37.88225763132862,38.54901026185219,38.54901026185219
1031,SS316L,6.0,3,1,25.33155,30.3666,27.4715,5645.0848000000005,0.0427960683530861,5.069931046407499,0.4946204562161553,test,22.994563375538654,1.8174803491306952,41792.16707188189,0.22857502604984675,29.04171144988083,0.18640793623557458,0,1,True,True,operation,6212.755985527077,0.06618833296265082,7.645436586979455,3.8823872205570282,2.8907709641429076,0.2177657598573902,2.8659016201042835,0.2102053733026354,2.8659016201042835,0.2102053733026354,2.8907709641429076,0.2177657598573902,24.730562620512465,1.287981900197313,36.617453051894806,False,False,92.46686221224185,92.665296958275,92.665296958275
1043,SS316L,10.0,6,2,21.6137,139.2068,22.2189,3472.6718,0.0977389473180621,7.598793308151529,3.4360293624486857,test,21.572742855252383,53.1721407849305,1147068.9202165832,0.9834957543689422,8.697607684916164,0.902509513780215,0,0,True,True,operation,3265.4028618947527,0.11036992217125975,12.627882982457786,6.4924142048158835,5.321857491406356,2.5469499993278326,5.327729272128787,2.610622665508512,5.327729272128787,2.610622665508512,5.321857491406356,2.5469499993278326,26.14906703554004,7.9275538489303585,177.28644186034686,False,False,52.14170985524126,50.999337012757174,50.999337012757174
1047,SS316L,25.0,5,1,36.097449999999995,16.35275,24.5795,1305.49825,0.1997319460376567,19.68728708648752,3.5054145465695052,test,24.45378556360031,89.97442724015393,2200215.3499384825,0.9872332835052247,8.804648933021156,0.8027571381880388,0,2,True,True,operation,1074.540867130031,0.27597534816257485,6.550960894926098,16.23452822718881,5.555121865459073,3.6996949424235424,5.53345291488029,3.9313767359542533,5.53345291488029,3.9313767359542533,5.555121865459073,3.6996949424235424,27.77478420777509,16.107678539002514,157.6913645056714,False,False,33.40029198229298,28.95255825919856,28.95255825919856
1056,Ti6Al4V,12.0,5,1,13.7454,380.62545,22.5992,2175.1043,0.0974924232904071,6.725381015807558,4.194922749709965,test,27.75817275463131,29.913127217356333,830333.7529306409,0.30064537129940444,3.2407698460235137,0.5332298154007604,0,1,True,False,operation,1834.3159162525121,0.11680294052232497,12.592483790319102,7.7647744411140565,3.6799433707754248,1.4865826949364462,3.6846592304708383,1.6235623096501213,3.6846592304708383,1.6235623096501213,3.6799433707754248,1.4865826949364462,30.823950010454944,8.811691915537414,104.74617189384225,False,False,59.603109473306965,55.93724661906776,55.93724661906776
1070,Ti6Al4V,16.0,5,2,40.23665,124.757,26.3745,1098.7186000000002,0.060105625428454,9.55622598545398,9.657398899338911,test,26.87769033306279,30.473208508952062,819049.4617584676,0.546058527385317,9.771370013760393,0.7925774454930212,0,0,True,True,operation,1156.9108575634846,0.15552552478784096,16.690294467930872,10.36883273583756,4.4333549590165475,1.484407124921939,4.424363473264809,1.4275263645874299,4.424363473264809,1.4275263645874299,4.4333549590165475,1.484407124921939,27.802159251864126,5.753711767025916,155.6916941758017,False,False,66.51729584830659,67.73487591574309,67.73487591574309
1071,SS316L,8.0,6,1,12.9461,98.2628,24.8378,4214.3094,0.0801792944332993,6.092918773528165,2.0970006494431037,test,20.255686110831146,25.903822221481782,524699.6919891078,0.7336071333538378,9.024047501276126,0.6387494489401736,0,0,True,True,operation,4512.014058709447,0.08807714249750905,10.18746191350222,5.16539293997492,3.2428557899262285,1.2179437975283214,3.2355853183797545,1.2072779390306578,3.2355853183797545,1.2072779390306578,3.2428557899262285,1.2179437975283214,24.533438305662564,5.220387631926593,125.47415325135067,False,False,62.44224608100664,62.68749483524014,62.68749483524014
1077,C45,10.0,4,1,23.3371,421.8408,19.2793,7095.8491,0.0718212252308098,7.96727024653399,1.957589510547285,test,17.24560640231157,31.794232810726264,548310.8249172454,0.7160204979363927,65.65167054969648,0.991471878921441,0,0,True,True,operation,3890.3206806825165,0.12959579465929671,14.902552686455367,6.480479897749828,3.3761133944980375,0.8536088403227565,3.367851546829343,1.0343141653662071,3.367851546829343,1.0343141653662071,3.3761133944980375,0.8536088403227565,20.907657578414906,3.406695819110942,194.76195977406687,False,False,74.71622719444612,69.2886057777707,69.2886057777707
1082,Ti6Al4V,10.0,5,1,18.8794,164.3186,22.6329,2610.1759,0.0690528832005871,5.548578698695136,5.765221140383226,test,28.09686248746266,28.828318870661338,809985.3110536963,0.21653508711185732,2.3070725205948714,0.37029848291719486,0,1,True,False,operation,2201.1790995030146,0.09733578376860415,10.493736491932586,6.470645367595046,3.7963501046932344,1.8822765410950475,3.8009284019123415,2.0304650680666385,3.8009284019123415,2.0304650680666385,3.7963501046932344,1.8822765410950475,30.73445796398183,12.377879410985997,72.74039714850159,False,False,50.41878411666814,46.579760170040004,46.579760170040004
1083,Ti6Al4V,16.0,3,2,4.335,5.5316,24.9479,1685.6175,0.0404599344909726,2.964236033883664,4.581609125067504,test,26.083072144049474,2.7786655637833846,72476.13436434793,0.3878427069288154,18.525163145672607,0.7282062018449496,0,0,True,False,operation,1769.8439149745222,0.15551185209603122,16.781154519987005,10.323728071013687,3.6760960881691487,0.13120592279006257,3.6454045718688755,0.12914446882829375,3.6454045718688755,0.12914446882829375,3.6760960881691487,0.13120592279006257,26.638967404152936,0.5502381527137324,143.0467873130567,False,False,96.4308353306562,96.45733508360402,96.45733508360402
1084,Ti6Al4V,20.0,6,2,35.4281,242.3015,15.2351,1057.7812,0.0491123230358097,10.531185115223892,5.8005275037608595,test,29.455110769114032,19.040673608738597,560845.1502639416,0.9994715739820303,39.346801685271885,0.9940219970315444,0,0,True,True,operation,760.7931327843011,0.19294477709682437,17.451318096439294,12.704004365152885,4.524672052043025,0.8256824714028894,4.49865783472595,0.891729445022574,4.49865783472595,0.891729445022574,4.524672052043025,0.8256824714028894,30.41148309048669,3.1357701148801573,195.2628978352849,False,False,81.75155100953518,80.17787798531478,80.17787798531478
1103,Ti6Al4V,10.0,6,2,2.5044,383.97339999999997,21.414,2515.71655,0.0529050756137642,5.4984923174608085,5.1010440015510365,test,25.979346655858112,22.39819333399045,581890.4290886683,0.33406957060127757,1.7736906571251612,0.5707435187634802,0,0,True,False,operation,2846.2403598567116,0.09699731173747829,10.48829228350057,6.453234112129458,4.352211907362164,1.31274828219194,4.348986055009441,1.3122556133332637,4.348986055009441,1.3122556133332637,4.352211907362164,1.31274828219194,28.14040896337633,6.085654892264978,112.11525874404549,False,False,69.8372158770278,69.8261710491869,69.8261710491869
1112,SS316L,12.0,5,1,113.84225,537.0768,21.6599,2662.9526,0.0496954948875935,8.10507205527302,7.2695098275091805,test,20.491713149246536,38.98634022607259,798896.9006516109,0.7890009541018209,44.237044446156645,0.7545416474183719,0,0,True,True,operation,1897.1279147644102,0.13218771055248263,15.200603740184473,7.776575877299795,3.5043909552920156,1.5409428535617007,3.4795016838340476,1.7754593081786776,3.4795016838340476,1.7754593081786776,3.5043909552920156,1.5409428535617007,21.90411245402229,6.09393429235043,148.2200485022522,False,False,56.02822649582783,48.97374769417249,48.97374769417249
1113,Ti6Al4V,20.0,3,2,12.7171,128.9709,23.9118,933.0702,0.1011318440297451,17.58662473397695,8.812889171888003,test,28.32251956033133,43.87572497171932,1242671.0787352382,0.6129916309560985,3.0721655436735213,0.9322598276864925,0,0,True,True,operation,1159.8062199704175,0.19438707304841832,20.97656820795122,12.90779912339619,4.794500079689737,1.9354541849424411,4.807631584200263,1.8477359852480886,4.807631584200263,1.8477359852480886,4.794500079689737,1.9354541849424411,29.15770738124179,7.263790489797052,183.13051022321704,False,False,59.63178323551746,61.56660607438258,61.56660607438258
1122,Ti6Al4V,12.0,4,2,178.6849,94.4361,36.0,1305.0754,0.0401044551409995,6.620187255947215,4.55467746972399,test,25.81323212310018,6.312714057478243,162951.55329244345,0.19534216513584157,34.113554072462364,0.3088975529175355,0,0,True,True,operation,1334.9913183841334,0.11669445599307077,12.525105898382188,7.7744225241085045,3.785185060683622,0.5935165991188506,3.7497952540105506,0.5551693358661861,3.7497952540105506,0.5551693358661861,3.785185060683622,0.5935165991188506,26.37616857172609,2.859786168632781,60.678970381972505,False,False,84.32001105352406,85.19467602204651,85.19467602204651
1126,C45,20.0,4,1,19.3129,45.1703,19.8064,3473.45625,0.1225549049109984,14.51673867940805,7.975188692508832,test,17.519153727006955,197.13446019535627,3453628.9130529803,0.6885928419814323,14.205012467993024,0.9946733810438061,0,0,True,False,operation,1917.4482873688798,0.157538129594177,12.764641413232312,12.668531496181398,6.366089180878875,4.898242057187888,6.345847028091195,5.661002041589519,6.345847028091195,5.661002041589519,6.366089180878875,4.898242057187888,20.62653405632637,19.900179336666667,195.39085388677833,False,False,23.057281825391307,10.792018519672299,10.792018519672299
1137,C45,8.0,4,1,3.6562,170.1137,34.8188,8007.8813,0.0566380624404599,5.7751058186332775,3.7673631539807033,test,15.619423120386399,39.471482523803296,616521.7867282209,0.6851713089260104,13.12526811123321,0.9008575844560505,0,0,True,True,operation,6895.173447929639,0.1036731056258231,11.986610404543555,5.163119649358476,3.1206947235249345,1.1554772076794304,3.1154351474364383,1.169151750350414,3.1154351474364383,1.169151750350414,3.1206947235249345,1.1554772076794304,18.571174419675426,4.521615401098861,176.96194148931005,False,False,62.97371867331264,62.47228091676181,62.47228091676181
1139,SS316L,12.0,3,1,5.3368,182.793,22.7362,3329.1263,0.1307704377643337,15.155316506313602,3.087494018107675,test,21.80661078058612,61.112808061579905,1332663.2191075387,0.856486852562343,2.704265071917824,0.8186866642567432,0,0,True,True,operation,3426.3670122139542,0.13218320967292446,15.282928265793032,7.7446794740377145,4.0230851891122414,2.418989490353631,4.03547898616639,2.434815071743775,4.03547898616639,2.434815071743775,4.0230851891122414,2.418989490353631,24.77334091525613,9.45949035972504,160.8205160039347,False,False,39.87227770119827,39.66478130377301,39.66478130377301
1140,C45,10.0,4,1,10.6906,106.64959999999999,27.7992,6111.3537,0.1079113405435726,14.597439811050478,2.468342512158512,test,13.833442376711695,95.04879490427064,1314852.027284116,0.7208031619178988,26.747733531536856,0.9978694736019962,0,0,True,True,operation,3919.8032180260775,0.12946850757574735,14.900457480136494,6.480514272733018,3.594130839899222,2.0402121889740243,3.601947323654176,2.170692076878097,3.601947323654176,2.170692076878097,3.594130839899222,2.0402121889740243,17.634666974598144,8.126182214333902,196.01868535985002,False,False,43.23489377945876,39.73559628084927,39.73559628084927
1144,C45,6.0,4,1,55.58615,300.846,22.0087,8002.4666,0.0528705783235839,8.946525512505408,3.603748977617827,test,15.416649950997003,54.56408281398348,841195.3646403949,0.32909604754833405,10.766833838166873,0.40524646149656735,0,1,True,True,operation,7318.772445778913,0.07786862701488331,8.994631278799359,3.8823872205570282,3.409248851320796,2.586689310882819,3.404815792391856,2.616113017825722,3.404815792391856,2.616113017825722,3.409248851320796,2.586689310882819,18.13444498593703,13.076300516486299,79.60548020629349,False,False,24.127295375323065,23.164330250362127,23.164330250362127
1149,Ti6Al4V,20.0,5,2,5.70965,279.56960000000004,22.4122,1263.3258,0.1932010849273618,5.431668456643957,2.8986466215469116,test,27.325775488407576,19.214250881606308,525044.3057687114,0.8956613725561368,26.95160419268495,0.9990131681095792,0,0,True,False,operation,850.4577209218213,0.1943739102107702,18.35890375310555,12.932649239972225,4.484765114429438,0.7314446036753322,4.475739965729549,0.7973293857299307,4.475739965729549,0.7973293857299307,4.484765114429438,0.7314446036753322,30.79950656145282,2.9058268620756493,196.24334950657502,False,False,83.69045903157877,82.1855292792917,82.1855292792917
1153,Al6061,8.0,2,1,852.49205,13.058250000000001,23.9565,7988.2666,0.0497710882783957,5.631446000537998,2.8306672275401104,test,8.838138051365348,12.675597030564553,112028.67643960619,0.2185669750714301,569.8414650017703,0.5238412885326317,0,1,True,True,operation,7982.382321930015,0.10382483601984442,11.992841705065812,5.176516294076038,1.3509350281079973,0.23692859795104326,1.3380385225150613,0.22705100925252597,1.3380385225150613,0.22705100925252597,1.3509350281079973,0.23692859795104326,9.570202355820909,1.2766680029584092,102.90191596374225,False,False,82.46188062183383,83.03105587530122,83.03105587530122
1159,SS316L,6.0,4,1,5.4261,171.1168,26.6284,6869.7125,0.05261155208279,6.591699402554034,2.6231927579114953,test,24.365597032305747,24.998115270409095,609094.0032459168,0.3191539248498964,2.2775743242816957,0.2601119506556284,0,0,True,True,operation,6531.722424120785,0.06609160483646223,7.641464132896516,3.8723397370188573,4.169595776976742,2.416526078384841,4.154851379688838,2.425073787375079,4.154851379688838,2.425073787375079,4.169595776976742,2.416526078384841,28.034916218697884,14.064848465259539,51.09566327332981,False,False,42.044116321103026,41.63271882045765,41.63271882045765
1171,SS316L,12.0,4,2,56.7057,543.44425,26.1643,3006.7877,0.0331828334343019,2.8458627248675277,6.4980257757993005,test,23.44493890265932,7.38025895499918,173029.7202857601,0.7823989924041921,86.01996456250349,0.7482901073775854,0,0,True,True,operation,2349.932725394141,0.13225371679214687,15.209057162321226,7.7744225241085045,3.7154833686176483,0.40320292598031976,3.691396413865993,0.4193922415963802,3.691396413865993,0.4193922415963802,3.7154833686176483,0.40320292598031976,24.419601040594735,1.3295698963296023,146.9920134809522,False,False,89.14803577413583,88.63865609174303,88.63865609174303
1173,SS316L,10.0,4,1,11.56,15.7673,27.3924,3580.5363,0.0878773296879655,8.087406527858008,2.8733058037888175,test,23.808222860838818,29.246644642824585,696310.6335881253,0.7576199235251626,6.211407704754288,0.6948404461686614,0,0,True,True,operation,3770.270460235264,0.11021075444233935,12.674423887125924,6.479240875452603,3.707710218464505,1.4803727527690118,3.694289049100216,1.4638267251588175,3.694289049100216,1.4638267251588175,3.707710218464505,1.4803727527690118,26.929559930071456,5.984698113446828,136.49251169212255,False,False,60.07312692894087,60.375955814411746,60.375955814411746
1174,C45,16.0,3,1,22.65445,569.76625,26.078,4218.51325,0.1864703987156238,6.1220488029313405,3.4572954291271114,test,17.604465109770345,49.94866107558286,879319.4611848425,0.6570868249655386,45.8933492612229,0.9951265449941614,1,0,True,True,operation,2387.9700123802054,0.19202220055612168,13.807919779792428,10.29134708121419,3.4237777341200837,1.235307345269964,3.407338602261081,1.5020372347856723,3.407338602261081,1.5020372347856723,3.4237777341200837,1.235307345269964,21.932015890853517,5.142838124873358,195.47987214432706,False,False,63.91975644448661,55.91758230928582,55.91758230928582
1178,Al6061,10.0,3,1,338.2506,323.4612,25.8655,8003.3041,0.0815748780590372,10.12545949597184,5.715408049684009,test,10.479730411965807,113.34672854410768,1187843.1582205181,0.4112169697518311,111.3136257456644,0.9991758834024462,0,0,True,True,operation,6394.517053980668,0.10888434489822368,14.481417626808982,6.48873671608305,2.262169688676091,1.375415133971717,2.243425528964536,1.4582890360683243,2.243425528964536,1.4582890360683243,2.262169688676091,1.375415133971717,12.617819931219314,7.368713751809433,196.275312843103,False,False,39.19929433867257,34.99721665637795,34.99721665637795
1179,Al6061,6.0,3,1,2188.0613,573.5965,27.2994,7996.0461,0.02584825962077,1.7561779083966564,2.3188051477255804,test,10.209483535875375,2.52499554767781,25778.900472175228,0.13769100722700703,6392.333721310651,0.30446537833954285,0,1,True,True,operation,7331.547698836512,0.07786862701488331,8.994631278799359,3.8823872205570282,1.3675628811872624,0.0750347696291265,1.3566678379807766,0.07390207876715035,1.3566678379807766,0.07390207876715035,1.3675628811872624,0.0750347696291265,10.868900918493944,0.5079225509685105,59.808326417960444,False,False,94.51324903144604,94.55267702983627,94.55267702983627
1180,SS316L,16.0,3,2,20.322400000000002,101.2656,26.1947,2843.7754999999997,0.0542538838680893,5.37070284856203,9.591367112360556,test,23.7872702642849,23.842897668134782,567157.4507156103,0.9756690443508039,32.78384582788936,0.997323236296583,0,0,True,True,operation,1791.1155635121024,0.17641520774143887,19.892808080392577,10.389214123761409,4.394062912209043,1.038674168872621,4.371143374671964,1.1700914756132479,4.371143374671964,1.1700914756132479,4.394062912209043,1.038674168872621,24.93415763488928,3.180829493952933,195.91138403303913,False,False,76.36187306315911,73.23145512926448,73.23145512926448
1183,Al6061,12.0,3,1,11.68095,252.51785,20.7638,8000.7703,0.147547216407858,11.187713246196433,3.892571196125363,test,9.407284125553254,154.22755315605212,1450862.41252785,0.4113157334691698,100.19014125116341,0.9997162158513011,0,0,True,True,operation,5316.172869513475,0.11029300537146629,14.679919326910749,7.605162224719258,2.1734704620416228,1.4691037982126889,2.1626834683848934,1.4786372232882063,2.1626834683848934,1.4786372232882063,2.1734704620416228,1.4691037982126889,12.877664714360455,8.74168209341358,196.38145423642518,False,False,32.407464289498364,31.62951282961151,31.62951282961151
1187,Ti6Al4V,25.0,4,1,3.7071500000000004,199.0066,21.4079,895.4811,0.1864895031605999,17.924736372841174,6.113456680359529,test,29.75971143401206,73.19988917089974,2178407.5787276407,0.9095426227586599,3.4297248774630824,0.9938514570020243,0,1,True,False,operation,796.842808348715,0.24365385061395023,15.649523954052711,16.063425177785263,4.3139143257175325,2.4198556519344776,4.372515480633049,2.532469889565266,4.372515480633049,2.532469889565266,4.3139143257175325,2.4198556519344776,31.830464390206167,12.060863641282621,195.22939742939803,False,False,43.905801802589494,42.08208293870654,42.08208293870654
1188,Al6061,12.0,3,1,152.1035,93.11404999999999,21.2158,8010.784250000001,0.0470835280438927,7.018549321332768,6.251245436572528,test,8.43028144476531,49.64542060393,418524.86813488044,0.41994663546029964,357.0294526726806,0.9971299641364776,0,0,True,True,operation,5332.680259533486,0.10129272254928948,15.839369988301769,7.631195066769866,1.4153381489279868,0.43820787644358716,1.408211164647515,0.4649450040159579,1.408211164647515,0.4649450040159579,1.4153381489279868,0.43820787644358716,9.423937603145363,2.4973888391443433,195.87341819107004,False,False,69.03864445570856,66.98328946054501,66.98328946054501
1190,C45,6.0,5,1,58.3451,149.73215,20.3095,7992.9801,0.0669521516045962,5.214819925209108,2.1995578582104947,test,16.218237680031265,30.691490563841967,497761.8887188258,0.41137005943541755,22.744335499024668,0.5065580768707091,0,1,True,True,operation,7318.772445778913,0.07786862701488331,8.994631278799359,3.8823872205570282,3.29371644814326,1.3876513127023706,3.2845519245558465,1.4224476829580812,3.2845519245558465,1.4224476829580812,3.29371644814326,1.3876513127023706,20.738625562121715,6.4870884633278045,99.50685025786686,False,False,57.8697397134893,56.69279354898821,56.69279354898821
1197,SS316L,6.0,4,2,61.259550000000004,458.98585,20.4203,4454.2877,0.0595270135585773,5.325978231632319,0.513282027189649,test,21.401846977376582,2.8993977335632795,62052.466620273786,0.282417943901759,32.255197667193336,0.23015656662846634,0,0,True,True,operation,5780.571068073304,0.06605785687313179,7.640596435126665,3.87404470498119,3.565323975307031,0.36002793747243655,3.549938161987076,0.3325320320259669,3.549938161987076,0.3325320320259669,3.565323975307031,0.36002793747243655,23.766309158685957,1.5908701924922517,45.21131151010936,False,False,89.90195729852482,90.63273733647709,90.63273733647709
1216,C45,16.0,4,2,19.631050000000002,212.87675000000002,26.6912,3683.3220499999998,0.1408470380291081,8.515769780703407,7.550781213425401,test,12.868740464109525,133.43298486042988,1717114.4515203277,0.6933082747522233,25.647143933829454,0.9974202732046804,0,0,True,True,operation,2398.7568899410026,0.15624590465426444,13.141194221563637,9.945170267975177,4.131296553620584,2.9501107534820594,4.127271995574106,3.1684954787079285,4.127271995574106,3.1684954787079285,4.131296553620584,2.9501107534820594,15.650452769363252,10.132511974501332,195.93044569156243,False,False,28.59116465757844,23.230272148148337,23.230272148148337
1224,Al6061,20.0,3,0,19.3287,474.6039,20.2829,6560.3642,0.1077205391461913,8.62024429104843,10.456197528517738,test,9.299008798425572,191.0913706919054,1776960.3373672308,0.3581409735220719,74.54496143831798,0.995056004660049,0,0,True,True,operation,3256.7085201425925,0.1857035964820534,9.268184691900387,11.624013896845282,1.7773283677692462,1.3509509602645051,1.7680939643926155,1.4100900642896075,1.7680939643926155,1.4100900642896075,1.7773283677692462,1.3509509602645051,11.352595998399144,10.809020231345334,195.46601539860694,False,False,23.989793627155926,20.248013245494633,20.248013245494633
1227,C45,10.0,4,1,115.5766,459.507,24.0589,4589.4698,0.1030883239478282,6.350696347956603,5.022619553607309,test,16.902293916966517,60.36477934333129,1020303.2426938146,0.698440209559761,36.8771143644262,0.9664416726801519,0,0,True,True,operation,3824.414868796542,0.12921634237997076,14.824693797343423,6.478451601342256,3.52397886435137,1.782277195206701,3.512529062723781,1.9619893771298083,3.512529062723781,1.9619893771298083,3.52397886435137,1.782277195206701,20.23430473618123,6.48102526981141,189.84509614460552,False,False,49.42429385044708,44.143113349547946,44.143113349547946
1232,Al6061,12.0,3,1,94.64665,527.26205,27.0567,8001.0238,0.1302169631028882,5.622578009359654,1.1823340654594816,test,9.887162739550103,20.77830284950798,205438.46172474304,0.4113157334691698,707.5700860821893,0.9997162158513011,0,0,True,True,operation,5316.172869513475,0.11029300537146629,14.679919326910749,7.605162224719258,1.7788807330384642,0.21418314426674315,1.7669859834314388,0.22954962946117077,1.7669859834314388,0.22954962946117077,1.7788807330384642,0.21418314426674315,13.106265415621259,1.2378001571001103,196.38145423642518,False,False,87.95966810541019,87.00897281508755,87.00897281508755
1236,Al6061,10.0,3,0,128.5719,9.9762,27.5783,7994.0328,0.0930470719588503,12.9332582776436,3.103633771491644,test,10.174628991020993,89.57118320919069,911353.5574402845,0.40736424334490723,144.73840535113956,0.9985640413184503,1,0,True,True,operation,6366.564903947656,0.11316901621832566,14.187602240643082,6.396415803811627,1.84725501905412,0.920697504332226,1.8363101426525499,0.944735180128465,1.8363101426525499,0.944735180128465,1.84725501905412,0.920697504332226,12.539662185658269,5.69217811180053,196.15512429728068,False,False,50.1586140064372,48.55252616729574,48.55252616729574
1237,C45,16.0,4,2,28.55545,491.15675,22.2611,2502.3588,0.1695731457354242,9.652532557361004,6.906122446106482,test,15.568350856801557,113.14677984161254,1761508.7668915058,0.6907309042752166,25.39092552656241,0.9934342729893092,0,0,True,True,operation,2392.8130361353415,0.15328516099601983,12.903922100551426,10.307949200577728,4.173772731439208,3.0349058832269473,4.176925960903302,3.0582802815200276,4.176925960903302,3.0582802815200276,4.173772731439208,3.0349058832269473,18.320918666369153,10.406046200050302,195.1474469700555,False,False,27.28626883858994,26.781553943114563,26.781553943114563
1242,C45,20.0,4,1,6.5093,31.8074,21.5749,3913.0575,0.1124156035251265,9.780019975867644,6.1242470330461725,test,14.01896716295634,105.38899418405406,1477444.8488032506,0.6187901796364313,25.052895370884855,0.9942144736684229,0,0,True,True,operation,1936.3955575225696,0.2555746010105142,8.12396899711643,12.144057044805958,3.4228695242304346,2.0025474078831653,3.4231368205565667,2.153128329368446,3.4231368205565667,2.153128329368446,3.4228695242304346,2.0025474078831653,16.588461132922394,9.124914724920552,195.3007074068987,False,False,41.495070328939896,37.10072245904651,37.10072245904651
1256,SS316L,10.0,4,2,10.0554,93.6877,15.2284,3929.2678,0.0971066537687012,8.49923031335301,4.7819814002645105,test,23.85678787344731,62.030901093172474,1479858.0489786067,0.7872222887160624,2.655586994081558,0.7220349409725194,0,1,True,True,operation,3898.4604018686687,0.11031388827108471,12.742394311632426,6.470645367595046,5.84579128175452,3.56647903482957,5.863404143821531,3.590760546238019,5.863404143821531,3.590760546238019,5.84579128175452,3.56647903482957,27.64960012687526,12.303300734974373,141.834522106807,False,False,38.990653909231796,38.759797923502745,38.759797923502745
1262,C45,8.0,4,1,44.690200000000004,151.13909999999998,22.7508,6031.9187,0.0496901732441339,7.034823546334729,2.4587599204549635,test,13.098416723440904,20.737448253603826,271627.73900649475,0.5898033093793016,46.406110284456,0.7758539041773758,0,0,True,True,operation,5945.623997165682,0.10368368319189397,11.92163890566491,5.18441636791878,2.020825062098922,0.563558248452038,2.015825170609328,0.5499526280606617,2.015825170609328,0.5499526280606617,2.020825062098922,0.563558248452038,14.734229333949047,2.240048216844799,152.406568545672,False,False,72.11246737673073,72.71823786710499,72.71823786710499
1268,C45,16.0,5,1,38.70325,534.48355,22.3787,3267.2622,0.054377773335673,8.824935933093144,3.4444645850974966,test,17.46598867190788,27.00279365768038,471630.48813491146,0.6892825595383554,92.50551620210256,0.9982181995533542,0,0,True,True,operation,2396.5146057886595,0.16065341682732107,10.222274518571794,9.96464033490343,2.4874956042523735,0.703364458329674,2.4820110275479292,0.7314302116956161,2.4820110275479292,0.7314302116956161,2.4874956042523735,0.703364458329674,19.082197050424192,2.8875127491438395,196.08718810930213,False,False,71.72399190867824,70.53074287029969,70.53074287029969
1272,C45,16.0,5,1,65.99525,594.98295,30.4427,3444.07865,0.0610369850522779,7.744718411065062,3.947242717188111,test,14.938125613874824,32.13184048476274,479989.46936637437,0.6892825595383554,90.89453945554828,0.9982181995533542,0,0,True,True,operation,2396.5146057886595,0.16065341682732107,10.222274518571794,9.96464033490343,2.39796088151117,0.7451126458856587,2.3880010507591356,0.8222622948475539,2.3880010507591356,0.8222622948475539,2.39796088151117,0.7451126458856587,16.57366501974641,2.9386898156883565,196.08718810930213,False,False,68.92723932109783,65.56692072701726,65.56692072701726
1273,C45,20.0,5,2,10.4112,139.2662,26.8827,3119.2138,0.0991698482472078,22.819891082422355,5.359323306288267,test,19.618817570123415,189.1552157010379,3711001.669276007,0.7122465923568349,12.378503140035491,0.9986360183011108,0,0,True,True,operation,1952.43146448362,0.15672492192126808,12.979479609057307,9.878472976135091,7.588540127994607,6.403803984550862,7.617625669514932,6.649490110745819,7.617625669514932,6.649490110745819,7.588540127994607,6.403803984550862,22.779613026418666,21.932244556479873,196.16926325421895,False,False,15.612174719524482,12.709151128855101,12.709151128855101
1278,Ti6Al4V,16.0,6,2,23.4641,24.1342,21.1076,1421.6607,0.0999254680623226,6.309705506052205,8.769500947064136,test,26.653615158275503,47.1636457645134,1257081.6636685706,0.655294009705711,7.143048539442976,0.972528136108843,0,0,True,True,operation,1183.7420491233856,0.15484677776361333,16.719516273542936,10.389429576985298,5.090879633421368,1.9869634542769676,5.115523137228294,2.1609172546506294,5.115523137228294,2.1609172546506294,5.090879633421368,1.9869634542769676,29.020124861124955,7.334013043526887,191.04070397844,False,False,60.97013488135425,57.75764869628831,57.75764869628831
1283,SS316L,10.0,4,2,14.9941,583.808,19.2788,2765.8762,0.0384710104202169,12.561724627762358,1.770973382128663,test,20.828729553617734,9.468640419147972,197219.75053088678,0.7872222887160624,19.926461611353844,0.7220349409725194,0,1,True,True,operation,3898.4604018686687,0.11031388827108471,12.742394311632426,6.470645367595046,3.2652658852213277,0.49193211822075034,3.248506864923246,0.45815008634760235,3.248506864923246,0.45815008634760235,3.2652658852213277,0.49193211822075034,21.75218908790647,1.6396531433084762,141.834522106807,False,False,84.93439323127568,85.89659479268401,85.89659479268401
1292,C45,6.0,4,1,95.2828,178.56,21.4872,8000.2287,0.0379544939551522,3.1429534913868795,1.4762008917235008,test,18.85997558449409,5.635195879625389,106279.65670357655,0.31117055317042525,98.61049033258423,0.3831204439986199,0,0,True,True,operation,6959.355600718222,0.07776276239392048,8.941229179248682,3.888312275939085,2.8086314816827755,0.3403316741237263,2.7912856586693877,0.3465369989543534,2.7912856586693877,0.3465369989543534,2.8086314816827755,0.3403316741237263,21.24611322730728,1.7306181467015487,75.25910728184569,False,False,87.88265116505002,87.58503996615136,87.58503996615136
1305,Ti6Al4V,8.0,5,1,9.72365,38.526849999999996,26.1215,2569.8127,0.0468228455070598,6.218788920606566,2.6265036521522567,test,28.18762149062624,9.826822319910715,276994.7480092808,0.16265322249085248,2.9939098262297583,0.26580605409043606,0,0,True,True,operation,3103.985390811123,0.07766233898059804,8.389601346460244,5.163535173042153,3.103832984444991,0.8492338025771237,3.078933042948456,0.8226554570859909,3.078933042948456,0.8226554570859909,3.103832984444991,0.8492338025771237,29.95413302070443,5.971027661933129,52.2141970085738,False,False,72.63919138584131,73.28115143750584,73.28115143750584
1309,Ti6Al4V,16.0,6,1,15.6333,291.7136,30.5832,1507.3352,0.0895871612263178,11.077946930268116,9.656801025795952,test,28.63799727554766,86.67611358663292,2482230.3047490534,0.655294009705711,3.617470677256968,0.972528136108843,0,0,True,False,operation,1183.7420491233856,0.15484677776361333,16.719516273542936,10.389429576985298,5.180052193449356,3.183053097618704,5.241872858785378,3.519857122918051,5.241872858785378,3.519857122918051,5.180052193449356,3.183053097618704,31.05500632861813,14.481723787888251,191.04070397844,False,False,38.55171765172632,32.85115420114071,32.85115420114071
1321,C45,12.0,4,1,19.6749,194.7797,26.261,4307.884,0.0393970244213448,13.214020515825878,7.0937536857007295,test,16.643936008931373,63.6353584295399,1059142.8336066736,0.7003170415250054,37.24160022585649,0.9971296663933082,1,0,True,True,operation,3186.0114614547247,0.15057354512438176,13.90630440478553,7.340195719208569,3.1731206582576577,1.5952026791235387,3.183963864103483,1.6268317744743066,3.183963864103483,1.6268317744743066,3.1731206582576577,1.5952026791235387,17.82092450409601,6.488130010501977,195.87335970323556,False,False,49.727638784481165,48.90545735096218,48.90545735096218
1322,Al6061,12.0,3,1,33.2324,214.0412,26.5918,8001.9776,0.0982650745680354,10.800729772780938,5.889773872261362,test,5.136827720865687,150.0615733751545,770840.449950214,0.4113157334691698,188.57613148941192,0.9997162158513011,0,0,True,True,operation,5316.172869513475,0.11029300537146629,14.679919326910749,7.605162224719258,1.1346007077805913,0.793518932735993,1.1280696320301333,0.8075015379931657,1.1280696320301333,0.8075015379931657,1.1346007077805913,0.793518932735993,6.399066566779815,4.644439128082593,196.38145423642518,False,False,30.0618334455117,28.417403051623367,28.417403051623367
1334,Ti6Al4V,10.0,4,2,11.60175,52.303349999999995,26.2993,2489.3562,0.0825609166768696,6.448139834818663,5.2746588594960295,test,29.08949780555384,27.96084971809891,813367.076516059,0.19444226991003982,1.2744819064831063,0.33225756761304515,0,0,True,False,operation,2483.188312648899,0.09707792372574756,10.487001683075308,6.454418966302691,5.176933194372299,2.6680168032748393,5.180124790446597,2.6814528248296083,5.180124790446597,2.6814528248296083,5.176933194372299,2.6680168032748393,31.58057125110286,13.713725535914502,65.26774626071727,False,False,48.46337197908664,48.2357484944213,48.2357484944213
1335,Ti6Al4V,12.0,3,2,41.94215,75.40375,21.2368,1567.28305,0.0802680212152286,4.3244823155136976,2.392241008191832,test,26.391053042560088,3.9043640436460048,103040.2785733261,0.18038722277964267,15.669138084006043,0.3199378892404563,0,1,True,True,operation,1834.3159162525121,0.11680294052232497,12.592483790319102,7.7647744411140565,3.7168579162450026,0.351745963732683,3.6903717140629673,0.3284006103066527,3.6903717140629673,0.3284006103066527,3.7168579162450026,0.351745963732683,27.42857365785953,1.7492963817119258,62.847703136305356,False,False,90.53647000614868,91.10115089341244,91.10115089341244
1338,Ti6Al4V,16.0,4,2,24.5976,44.7338,32.8856,1394.8322,0.0934831690056189,3.548079413487511,4.1862715451535895,test,26.953685616388434,7.747045551002809,208811.4302375704,0.43933108161182205,18.327957693863805,0.7583712930144147,0,1,True,True,operation,1375.736937189384,0.15573725402976663,16.789978387092134,10.353032588152075,4.070054461566159,0.3994287856499532,4.0396683080504046,0.398050852185617,4.0396683080504046,0.398050852185617,4.070054461566159,0.3994287856499532,28.41809434090784,1.5268103774038275,148.9723333601312,False,False,90.18615624380973,90.14644713794037,90.14644713794037
1340,Al6061,16.0,3,1,125.77494999999999,259.8351,25.7541,6101.18095,0.0795685061858906,4.321922231873641,8.363922550743066,test,7.527654148389624,52.64574982118826,396298.99703655014,0.40033551464484973,400.4070023824194,0.9980002691981146,0,0,True,True,operation,4001.115690308356,0.11958637660741805,13.212425153702497,10.33683972510764,1.1788562726706517,0.3861164947558394,1.1708224787554393,0.4113851908842231,1.1708224787554393,0.4113851908842231,1.1788562726706517,0.3861164947558394,8.669650692252851,2.3237364688202904,196.04437848052385,False,False,67.24651650017454,64.86357254418986,64.86357254418986
1350,SS316L,12.0,4,1,25.48185,589.34515,18.6384,3944.45735,0.045497500941049,3.6263176878586463,7.717849262476522,test,24.868763960439296,20.090786518646432,499633.0277117941,0.8206204058347284,26.138072905664945,0.7847553425272902,0,1,True,False,operation,2456.7576767553114,0.13239507273699552,15.288196022682856,7.750105918432338,3.5404418399276834,0.9139222059988097,3.5179554224964993,1.1050706270787847,3.5179554224964993,1.1050706270787847,3.5404418399276834,0.9139222059988097,26.728356374094005,3.680359470504078,154.1551421711018,False,False,74.18621044153413,68.58770239065234,68.58770239065234
1356,C45,20.0,6,1,15.67125,9.55845,26.7029,3079.9322,0.2302071159594662,8.921047196944718,4.549055676344081,test,18.01143609418069,172.64270815591965,3109543.1050766343,0.6196545889804448,12.589922463594968,0.994669893785106,0,0,True,True,operation,1916.8269870075474,0.24802982473745944,5.355691815172068,12.789367237213487,6.008609329865139,4.469887235131366,6.003068594217818,4.8638087802745815,6.003068594217818,4.8638087802745815,6.008609329865139,4.469887235131366,25.99300485038801,20.643438388624404,195.3901688594436,False,False,25.60862273214739,18.97795762388217,18.97795762388217
1358,SS316L,16.0,4,1,20.60705,556.71865,27.3929,2441.0852999999997,0.0567274752043389,6.88574703819609,9.382411642011068,test,22.253169239461492,35.78507638506154,796331.3610438312,0.9997513886473968,52.63075110661773,0.9972981248764756,0,1,True,True,operation,1461.5133839281432,0.17666110507878519,18.34973512216894,10.337492490462699,3.340845831342817,1.2301994043162294,3.3215934480976097,1.3478586853150287,3.3215934480976097,1.3478586853150287,3.340845831342817,1.2301994043162294,23.537145633288123,4.502153310167054,195.90645121598521,False,False,63.17700766749347,59.42132273632122,59.42132273632122
1368,Al6061,12.0,3,1,176.8209,555.5803,27.5207,7997.685,0.0997294064005462,16.170420789313486,3.9872792394410426,test,9.711857575307535,154.27897913236188,1498335.472197342,0.4198085383465499,101.15687099338844,0.9939282438388546,0,0,True,True,operation,5321.275665022219,0.09950955787673593,15.867697447305545,7.745742347844708,2.4285909902216702,1.5882210711399332,2.4095650724166617,1.7808760371854477,2.4095650724166617,1.7808760371854477,2.4285909902216702,1.5882210711399332,12.132551361860752,8.94402488703636,195.24448122062182,False,False,34.60318853464214,26.091390617671653,26.091390617671653
1369,C45,12.0,5,1,27.9152,366.8492,17.5516,4567.4246,0.1287252116622118,12.56980103554091,5.295417865480726,test,13.603526951583701,195.67423531920235,2661859.7338953004,0.6975896828540293,14.545540090776775,0.9997186915120277,0,0,True,True,operation,3203.2122200443096,0.15046299052778883,10.477113674394786,7.778117238520514,4.877862845942472,4.053986002082789,4.8868514668935115,4.429201487047031,4.8868514668935115,4.429201487047031,4.877862845942472,4.053986002082789,17.769201088814654,16.9570009978216,196.38194054828648,False,False,16.890119092729392,9.364925104576601,9.364925104576601
1372,C45,8.0,3,1,33.180049999999994,292.68005,22.4867,7985.0224,0.0590431078276114,4.409614034469372,2.6249604990389845,test,15.124851537395433,16.371555821999337,247617.35124392182,0.44235248203447614,38.179433153603284,0.5818904281330318,0,0,True,True,operation,5945.623997165682,0.10368368319189397,11.92163890566491,5.18441636791878,2.5496666374874644,0.558328478153572,2.5361372909079183,0.6122570501136788,2.5361372909079183,0.6122570501136788,2.5496666374874644,0.558328478153572,17.353217366019813,2.583612274928703,114.30492640925398,False,False,78.10190281566497,75.85867877466147,75.85867877466147
1377,Ti6Al4V,25.0,5,1,26.744,76.0736,25.8508,964.804,0.1457073706820916,9.573530724221325,11.511035876017392,test,26.785227168530348,77.45994136306928,2074782.1258708506,0.9992838879266616,5.793413934881689,0.9601566918115971,0,0,True,False,operation,701.9021838172871,0.24241851625930885,13.899258710298454,15.950041700029287,4.636034765046032,2.589666242797169,4.692033268813047,3.1165081208384198,4.692033268813047,3.1165081208384198,4.636034765046032,2.589666242797169,28.746394823858314,11.975226170162388,188.61049210073304,False,False,44.14049130256133,33.57872925681942,33.57872925681942
1378,SS316L,6.0,4,2,5.97575,472.52555,28.3089,6265.37285,0.0598364168791127,5.501311739427248,1.3850987888649111,test,20.855860849168206,11.426665032814583,238312.935894437,0.34035043707817586,4.782926570267178,0.2773138498526284,0,0,True,True,operation,6972.267403808677,0.06601298813350832,7.640529797669152,3.872651379781615,4.18847137961397,1.1739580262524967,4.173534467935237,1.1633406779425315,4.173534467935237,1.1633406779425315,4.18847137961397,1.1739580262524967,24.113698055452666,5.213707035221601,54.47475618627073,False,False,71.97168322633507,72.12576805390401,72.12576805390401
1393,Al6061,12.0,2,1,13.470849999999999,594.09485,35.4857,8008.6952,0.0570345635551602,11.961766026972418,3.298326204736928,test,6.49560843293248,36.04282241528024,234120.06122738216,0.38522065814264267,556.2383761330386,0.9981326297598316,1,0,True,True,operation,5305.291019695485,0.13924940510745856,17.61378266827274,7.534020522364589,1.020505349805421,0.23600101311836422,1.0151328236646864,0.23555262768237875,1.0151328236646864,0.23555262768237875,1.020505349805421,0.23600101311836422,7.11373653359382,1.3778369971847217,196.07037901865797,False,False,76.87410328977086,76.79588107179703,76.79588107179703
1394,Ti6Al4V,25.0,4,2,7.2593,57.2353,24.6763,669.9121,0.091896756472518,7.78305557035657,8.197163175028253,test,25.8676916081734,15.71056153800111,406395.9608562431,0.9941691098119493,25.773619987366448,0.9963782827661231,0,0,True,True,operation,733.325922927539,0.24217595736704245,17.52368435030803,15.722967339842526,3.7529349571877697,0.562776957578931,3.732834403216768,0.570291349923101,3.732834403216768,0.570291349923101,3.7529349571877697,0.562776957578931,26.531227528411996,2.22999890398223,195.72576000738545,False,False,85.00435088806752,84.72229709864298,84.72229709864298
1396,C45,10.0,4,2,4.2054,598.99335,16.3753,8000.0143499999995,0.1020879403755432,11.530196666923183,5.1947662490501685,test,18.372453824396764,195.67165780873967,3594968.497834234,0.7208031619178988,9.782926242715089,0.9978694736019962,0,0,True,False,operation,3919.8032180260775,0.12946850757574735,14.900457480136494,6.480514272733018,8.16541643050849,6.42981129151178,8.189674739265335,6.889502697350887,8.189674739265335,6.889502697350887,8.16541643050849,6.42981129151178,24.624484940882258,22.217989904561886,196.01868535985002,False,False,21.255561841426225,15.8757470022684,15.8757470022684
1398,C45,8.0,4,1,30.182499999999997,558.58115,20.9705,7415.0496,0.0627214142154074,7.306166724564949,2.176841078671929,test,19.186202838733085,29.587358680051448,567669.0650978171,0.5898033093793016,22.20516774237254,0.7758539041773758,0,0,True,True,operation,5945.623997165682,0.10368368319189397,11.92163890566491,5.18441636791878,3.5975718478056566,1.1356288644796722,3.5880256955094016,1.206157748394747,3.5880256955094016,1.206157748394747,3.5975718478056566,1.1356288644796722,22.904188344165213,4.681429377137047,152.406568545672,False,False,68.43346255412939,66.38380405401458,66.38380405401458
1400,C45,8.0,4,1,15.0586,511.6223,22.4205,7999.7963,0.0591011004865432,5.823531570886765,3.0621573208991206,test,16.125401371349806,33.72472531511176,543824.7318446988,0.6639316790490756,16.612152815517838,0.8734858329925377,0,1,True,True,operation,6655.162569627812,0.10382483601984442,11.992841705065812,5.176516294076038,3.1373177789725757,1.0480404640365797,3.129026546651556,1.0847386010923343,3.129026546651556,1.0847386010923343,3.1373177789725757,1.0480404640365797,19.3020837057962,4.081906619367701,171.5851112727217,False,False,66.59437972586261,65.33303297624181,65.33303297624181
1406,Ti6Al4V,20.0,4,1,43.9516,484.7347,25.7399,981.44985,0.0602481200569068,14.966305340796884,10.073961989756192,test,29.10932987228697,35.66042490354332,1038051.0719031598,0.8165306585396663,14.87524922342617,0.8580487581042653,0,0,True,True,operation,800.9947910304799,0.1944907599884513,20.875176497303645,12.957370873514174,3.6510812974899203,1.3788766084357758,3.636008492878905,1.4506357621659678,3.636008492878905,1.4506357621659678,3.6510812974899203,1.3788766084357758,29.82651715325247,6.55837550242162,168.55269550547916,False,False,62.2337467702037,60.10362008210303,60.10362008210303
1413,Ti6Al4V,10.0,4,2,12.3018,455.4687,23.0048,2401.39,0.0306149113981782,2.337922082831759,2.5042848707212952,test,28.58455878194632,1.7217474914604867,49215.392377320895,0.19444226991003982,21.06295555669422,0.33225756761304515,0,0,True,True,operation,2483.188312648899,0.09707792372574756,10.487001683075308,6.454418966302691,4.036704714462148,0.16017118157658028,4.009373570183745,0.1560382283239588,4.009373570183745,0.1560382283239588,4.036704714462148,0.16017118157658028,29.460179353116164,0.8297930942765321,65.26774626071727,False,False,96.03213034129692,96.10816439045844,96.10816439045844
1419,Ti6Al4V,12.0,5,2,7.2288499999999996,75.80625,21.1174,2235.83795,0.0404000022655666,10.166740012355428,3.2505115056193596,test,29.295095466167783,14.925371253102538,437240.1757276351,0.3374636023953288,4.267491927343186,0.5980636217034812,0,0,True,False,operation,2069.3235938740822,0.11649350847089705,12.584402019690367,7.74530275956323,4.634713316596099,0.9260460404690773,4.6107252612992085,0.9329603906528332,4.6107252612992085,0.9329603906528332,4.634713316596099,0.9260460404690773,30.673305482081652,4.189045625419802,117.48194326929107,False,False,80.01934581038554,79.76543086434206,79.76543086434206
1428,SS316L,8.0,4,2,30.4326,39.7087,19.664,4596.4578,0.0490790794755167,3.0448298432433485,4.365324278514538,test,24.496746096807794,11.993866638034259,293810.7057508989,0.4890714222358919,10.743685989507034,0.4258329659601158,0,0,True,True,operation,4512.014058709447,0.08807714249750905,10.18746191350222,5.16539293997492,4.460268798408752,1.047294838158378,4.4424900798572775,1.029083534124152,4.4424900798572775,1.029083534124152,4.460268798408752,1.047294838158378,26.799337319812874,4.094008634917755,83.64943550090045,False,False,76.51946809725881,76.8354342806498,76.8354342806498
1440,Al6061,6.0,3,1,1163.7933,252.1865,25.8002,8012.0755,0.0668947091145196,8.070193770363122,3.2307067381122274,test,10.909010884588614,41.92176483498243,457324.98888598755,0.13948276932288717,341.3757703755434,0.30818926225638776,0,0,True,True,operation,7455.237885238013,0.07775482921936733,8.989957803407666,3.8723397370188573,1.8285122866192356,1.2985891299249155,1.8165479805738056,1.297663422294246,1.8165479805738056,1.297663422294246,1.8285122866192356,1.2985891299249155,12.736152458539392,8.922546797995757,60.539835747710484,False,False,28.9811099751538,28.564318907538897,28.564318907538897
1443,Al6061,12.0,3,1,64.4711,23.1317,23.6173,7993.4038,0.1285225105942851,11.259424593295067,5.054099270124713,test,6.583211967563952,175.38488911091682,1154595.9009248642,0.42050358228025214,130.66779736121924,0.9956752220522862,0,0,True,True,operation,5326.4491639425,0.1000059033036232,15.947750232182443,7.674627955859484,1.678309975999895,1.2229095987417256,1.6616356270361796,1.2809020096671262,1.6616356270361796,1.2809020096671262,1.678309975999895,1.2229095987417256,8.696695234368281,6.885871827544718,195.58765272932933,False,False,27.134461676952927,22.913183322155835,22.913183322155835
1444,Al6061,8.0,2,0,531.4227,23.8225,26.014,8020.0959,0.0623956337257629,2.400055717677291,1.6766314250038532,test,9.87810602730841,4.027380685577377,39782.89342446737,0.2185669750714301,1604.6742609548942,0.5238412885326317,0,1,True,True,operation,7982.382321930015,0.10382483601984442,11.992841705065812,5.176516294076038,1.189162272808597,0.06868158948197678,1.180414163697422,0.06695585250857572,1.180414163697422,0.06695585250857572,1.189162272808597,0.06868158948197678,10.907937611978396,0.4533620204600225,102.90191596374225,False,False,94.22437197576386,94.32776608687503,94.32776608687503
1446,Ti6Al4V,8.0,3,1,28.8014,421.259,20.8134,2586.06,0.042143205609432,5.293980227491872,0.6492409938092296,test,27.811219907391045,1.1237654285822045,31253.287458623236,0.09125462199429,19.544523245507865,0.14916157242983877,0,0,True,True,operation,2899.515549926043,0.07775482921936733,8.390627283180487,5.163119649358476,2.6370579245131522,0.14265499658806943,2.609814771886851,0.13579841431425527,2.609814771886851,0.13579841431425527,2.6370579245131522,0.14265499658806943,28.758407988863112,1.1417810799936998,29.300881635714724,False,False,94.59037303420607,94.79662634386595,94.79662634386595
1452,Ti6Al4V,25.0,4,2,31.80155,12.681000000000001,28.9856,767.9086,0.2366902420671189,22.723635327035137,4.410124479070884,test,26.603420729818122,72.85821642723967,1938277.785238003,0.9952232104348994,5.616835773273077,0.9885561444260813,0,0,True,True,operation,724.499124408123,0.24310433218139893,17.114454906550236,16.105397532281692,5.5762960036749565,2.9570528533612377,5.614576990050742,3.0994061470171195,5.614576990050742,3.0994061470171195,5.5762960036749565,2.9570528533612377,28.618147357377065,10.713892569689168,194.18920105385502,False,False,46.97102070240809,44.79715653540075,44.79715653540075
1453,Ti6Al4V,16.0,6,2,42.5501,432.3012,28.5775,1261.4063,0.0650337829117308,12.227433495543638,4.690784566525681,test,28.721077675144603,28.230986869770142,810824.3667326557,0.6557234318324208,14.234468031537295,0.8954023097368834,0,0,True,True,operation,1088.3594815497638,0.1555858306462466,16.700517215871514,10.366170927996508,4.951104990669811,1.3713987062761803,4.931284257769821,1.4287903398240778,4.931284257769821,1.4287903398240778,4.951104990669811,1.3713987062761803,30.1936436503367,5.0977028705075345,175.8903225982461,False,False,72.30115885523465,71.02599920958015,71.02599920958015
1455,Al6061,12.0,3,1,116.40845,257.1974,21.0531,7996.8608,0.137978522174547,7.613422413167877,5.0473176666142425,test,7.264476463385984,127.20167951949779,924053.6069725587,0.41994663546029964,161.70674890784736,0.9971299641364776,0,0,True,True,operation,5332.680259533486,0.10129272254928948,15.839369988301769,7.631195066769866,1.6849922371195325,0.9559196997753525,1.6685174666659341,1.049765820987564,1.6685174666659341,1.049765820987564,1.6849922371195325,0.9559196997753525,9.769347483126447,5.51394036657487,195.87341819107004,False,False,43.268599183015695,37.083917791689196,37.083917791689196
1462,Al6061,16.0,3,1,22.39,368.6981,22.5531,6301.8961,0.0644041418737471,17.00179036006933,7.881157180360477,test,9.570219260774413,163.15144976798064,1561395.1469927975,0.40033551464484973,101.62763330997875,0.9980002691981146,0,0,True,True,operation,4001.115690308356,0.11958637660741805,13.212425153702497,10.33683972510764,1.9128257350542839,1.4815956874244547,1.9137168913868496,1.4923841994853562,1.9137168913868496,1.4923841994853562,1.9128257350542839,1.4815956874244547,10.784046687475703,9.155387403040917,196.04437848052385,False,False,22.544136652238805,22.01645885019901,22.01645885019901
1464,SS316L,10.0,4,1,18.986,332.201,20.9217,3756.8726,0.0779747343783868,6.829620724447129,4.859757867763027,test,21.329797125570465,38.89122125772547,829541.8593929576,0.6857205688675644,7.016118990147833,0.6292600438558622,0,0,True,True,operation,3414.230872308375,0.11037397781685857,12.630717325444916,6.492415480895714,3.509252999803459,1.778128926509942,3.5034081828073655,1.825247836572195,3.5034081828073655,1.825247836572195,3.509252999803459,1.778128926509942,23.933286772068733,7.76469462442076,123.61008108692278,False,False,49.33027266459476,47.90079427428922,47.90079427428922
1474,C45,6.0,4,1,64.1861,455.3186,29.548,8002.0323,0.0734161601857607,6.276953930651478,1.135759943569286,test,17.98873995274235,16.752801651631312,301361.7923910682,0.32909604754833405,30.053613116178692,0.40524646149656735,0,1,True,True,operation,7318.772445778913,0.07786862701488331,8.994631278799359,3.8823872205570282,3.318209504541422,0.9483967824207471,3.3008741674461484,0.9738591912539879,3.3008741674461484,0.9738591912539879,3.318209504541422,0.9483967824207471,22.392072326561575,4.684639891206703,79.60548020629349,False,False,71.41841763991283,70.4969307567561,70.4969307567561
1475,C45,8.0,3,2,19.5629,128.0123,25.2737,7997.1718,0.0656717993004152,7.309953212728703,2.4677414951289225,test,17.70482286945612,28.42175275351092,503202.09814038756,0.4979487592868068,13.464917351768085,0.6551143747444033,0,1,True,True,operation,6655.162569627812,0.10382483601984442,11.992841705065812,5.176516294076038,4.234406042987151,1.3165907588966643,4.222159084379851,1.362933028012285,4.222159084379851,1.362933028012285,4.234406042987151,1.3165907588966643,20.61056418929907,4.754552124402588,128.68883345454128,False,False,68.90730965498342,67.71952451875764,67.71952451875764
1476,C45,6.0,3,1,75.61070000000001,27.89875,23.3861,8008.4123500000005,0.0653280089534429,7.584466516034956,3.1799230819594984,test,15.916687233470986,37.85373670108733,602506.0876893688,0.24682203566125055,11.274173284190294,0.30393484612242555,0,1,True,True,operation,7318.772445778913,0.07786862701488331,8.994631278799359,3.8823872205570282,3.3136037245910988,2.2722811636770266,3.2957981683530475,2.314476827809766,3.2957981683530475,2.314476827809766,3.3136037245910988,2.2722811636770266,18.518934451114646,11.88878243729547,59.70411015472013,False,False,31.42568174903208,29.7749222014302,29.7749222014302
1478,C45,12.0,5,1,51.92115,393.84285,16.2651,4651.56725,0.0984646167167541,6.490004193854945,1.8824884546339349,test,17.157015316764546,27.97865299481847,480030.1779745408,0.719970305241393,87.86990707744376,0.9970748482064445,0,0,True,True,operation,3190.15754549115,0.1302959328331053,12.23555383644998,7.702201371459696,2.908213277764969,0.7553540398533939,2.9021304425702956,0.8775797277774982,2.9021304425702956,0.8775797277774982,2.908213277764969,0.7553540398533939,21.249810475946184,2.9814414559257796,195.862591372099,False,False,74.026869156106,69.76084482955692,69.76084482955692
1484,SS316L,10.0,5,1,2.30825,584.50415,22.9243,3150.8539499999997,0.1029912342349023,7.94811808132006,5.42519257492497,test,20.940224505726245,69.96454422598613,1465073.2635329624,0.9840278608950783,3.3529823096335547,0.9025436762156495,0,1,True,True,operation,3898.4604018686687,0.11031388827108471,12.742394311632426,6.470645367595046,3.9780199613868588,2.6331914996424097,4.01097035377282,2.6495734649264735,4.01097035377282,2.6495734649264735,3.9780199613868588,2.6331914996424097,24.479453315876988,10.114491487919897,177.29315263350875,False,False,33.80647846914275,33.9418337402016,33.9418337402016
1485,Al6061,6.0,3,1,2051.39205,9.130849999999999,20.6244,7995.73755,0.0719565197691764,3.829178481447242,1.3067691351000097,test,6.270836548711928,8.636830833827911,54160.15445781018,0.13768907428795987,3042.721657690277,0.30446110418228195,0,1,True,True,operation,7331.444776829412,0.07786862701488331,8.994631278799359,3.8823872205570282,1.0307553340652822,0.16564394758162804,1.0208736855427791,0.16646056842478532,1.0208736855427791,0.16646056842478532,1.0307553340652822,0.16564394758162804,7.398304441749474,1.067132074213948,59.80748681447575,False,False,83.92984813104668,83.69430314620351,83.69430314620351
1491,Ti6Al4V,12.0,4,1,11.469,456.8852,28.5531,2012.9165,0.0495615708498833,8.848730866184562,6.97351050058795,test,25.555338652345174,24.624264045228276,629281.4067405757,0.252439826700628,2.9120387001299974,0.44748471728951644,0,0,True,True,operation,1933.0103666173623,0.11663224382905099,12.585940924770734,7.7446794740377145,3.0540507476238843,1.247874732156948,3.040732968926895,1.2469402668099039,3.040732968926895,1.2469402668099039,3.0540507476238843,1.247874732156948,26.617624073965153,7.831332948163369,87.9026449071442,False,False,59.14034064012129,58.99211540268984,58.99211540268984
1495,SS316L,6.0,6,1,15.468499999999999,45.5527,25.6926,7862.79185,0.0334446457967303,3.8625988147526407,2.7582058390090207,test,20.948418606166122,16.809736527475042,352137.39743690845,0.4571500520996935,6.893423225144743,0.37281587247114917,0,1,True,False,operation,6212.755985527077,0.06618833296265082,7.645436586979455,3.8823872205570282,3.81789757004548,1.2109973280944697,3.785517125094739,1.2773292618903982,3.785517125094739,1.2773292618903982,3.81789757004548,1.2109973280944697,24.39139972209138,6.0441033483534055,73.23490610378961,False,False,68.28104196414982,66.25746972790591,66.25746972790591
1509,SS316L,12.0,3,2,26.87885,407.65595,22.3255,3450.48895,0.0834365507146688,5.213348630678479,3.4045794733476,test,23.63009606952527,15.32987036659073,362246.3094959075,0.710164969038158,17.352219689915835,0.6796008473643314,0,0,True,True,operation,2845.192393590313,0.13244877338023028,15.1568607905339,7.790898577074857,4.24758653647659,0.8791219308181365,4.229095360554433,0.9458709361384497,4.229095360554433,0.9458709361384497,4.24758653647659,0.8791219308181365,25.756043356059408,3.033025980506893,133.49888757387663,False,False,79.30302482907446,77.6342017500772,77.6342017500772
1514,Ti6Al4V,12.0,6,1,45.0992,55.4054,21.2138,1470.9825,0.1024252239341223,6.423225486451836,5.700156295262988,test,27.367197171695373,33.098294100979054,905807.5407082556,0.3016737472613548,5.963942249039976,0.5349897757077894,0,0,True,True,operation,1542.5478100846462,0.11664414359088071,12.517720850948155,7.77662455187817,3.467395540913541,1.7047097997292764,3.4754090575470755,1.6876511941189405,3.4754090575470755,1.6876511941189405,3.467395540913541,1.7047097997292764,29.944258575681932,9.588473048344527,105.09189356866615,False,False,50.836015689166416,51.44021419711453,51.44021419711453
1518,Al6061,8.0,2,1,131.2337,61.1764,19.2229,7989.7495,0.0993503215901836,3.3866057184189975,2.747185139942566,test,8.86057720055356,14.770153274082093,130872.08334901332,0.2185669750714301,487.79375609317674,0.5238412885326317,0,1,True,True,operation,7982.382321930015,0.10382483601984442,11.992841705065812,5.176516294076038,1.3545346055414342,0.24056467468412526,1.3445742286666331,0.23871331927096676,1.3445742286666331,0.23871331927096676,1.3545346055414342,0.24056467468412526,10.325865956262826,1.4914056525720267,102.90191596374225,False,False,82.24004955650676,82.24617769837145,82.24617769837145
1522,Ti6Al4V,10.0,6,2,16.2972,172.4747,21.4986,2634.7283,0.0968770735201905,4.454638530959428,2.963162958295968,test,27.07063915085195,20.21510972762402,547235.940831387,0.27272370581760674,3.4881583841240267,0.46612991384324626,0,0,True,False,operation,2319.612439940835,0.09719353652420916,10.48828410397561,6.453899561698095,4.9753914021510015,1.4507287768968347,4.975314717595745,1.559185921077004,4.975314717595745,1.559185921077004,4.9753914021510015,1.4507287768968347,31.389163518781007,6.818583767807229,91.56525511160852,False,False,70.84191655214013,68.66156193973474,68.66156193973474
1524,SS316L,16.0,5,2,116.31885,389.6909,22.2834,1822.6787,0.0632535562399373,12.832942868302258,10.011878548047957,test,22.703938846065878,74.0639556890939,1681543.5206629208,0.9961884282376919,27.238400930440395,0.9519274025905493,0,0,True,True,operation,1413.6356655833486,0.17591722048018124,15.692768375115673,9.583235191054642,5.927772146594561,3.3879470469579633,5.899069085039477,3.6192658010675007,5.899069085039477,3.6192658010675007,5.927772146594561,3.3879470469579633,24.06725018063759,10.157231850164663,186.99395356816024,False,False,42.84619983404219,38.64683140859876,38.64683140859876
1527,C45,16.0,6,1,8.354949999999999,197.54385,24.161,4514.185100000001,0.071212123519245,7.7445975625486145,2.4280200582887734,test,16.96012315216695,36.26900782306107,615126.8392860222,0.6670355003570291,60.64916956199345,0.9992665460214506,0,0,True,True,operation,2425.751063824611,0.1998169971331954,7.806130478158593,8.646480534113945,2.955696918632659,0.9056483586572068,2.955417081366623,0.9625147484445048,2.955417081366623,0.9625147484445048,2.955696918632659,0.9056483586572068,20.367673788796306,4.08304802563493,196.29312235412488,False,False,69.35922783733284,67.43218564604678,67.43218564604678
1532,C45,16.0,4,1,30.140900000000002,94.01205,23.5604,4105.61855,0.0729170191727862,4.553986977633485,8.276918965032309,test,18.75599229770644,45.13651067261698,846580.0465209486,0.6820078398064134,49.66768465284112,0.9929866466611392,0,0,True,True,operation,2404.8994394484475,0.16643559300899505,12.525357075966895,9.726887827262283,3.299811009930264,1.2392300331256363,3.2873904282907613,1.422653870941357,3.2873904282907613,1.422653870941357,3.299811009930264,1.2392300331256363,21.095563717847885,5.063935132984241,195.05951650750353,False,False,62.44542401378845,56.72391515476156,56.72391515476156
1537,SS316L,20.0,5,1,213.5833,332.658,23.4695,1257.2661,0.1438186662465839,23.243006961089577,5.724047861250259,test,23.69975322381117,120.2840480911101,2850702.2565203444,0.9988744110020609,14.293181488635721,0.7908769984334418,0,0,True,True,operation,1120.2807016159068,0.20684808878600597,10.505560927907936,12.763361280927722,7.020076304271257,5.557211832295888,6.950545922746344,5.857443984507799,6.950545922746344,5.857443984507799,7.020076304271257,5.557211832295888,25.931706288973725,20.56389162387432,155.3576631166697,False,False,20.838298738794496,15.726850097648619,15.726850097648619
1540,Ti6Al4V,12.0,3,2,81.01635,266.8892,23.8268,1428.5346,0.0319874229671211,12.595813787893896,4.784816998782448,test,25.51392706599652,8.261955192696549,210794.92220899096,0.15749729427464182,11.266291489829715,0.2794641932859705,0,0,True,True,operation,1610.135578493117,0.11686656474726201,12.482120651027918,7.790898577074857,3.6559952188482017,0.7962860204175626,3.626977615280603,0.7261362757311798,3.626977615280603,0.7261362757311798,3.6559952188482017,0.7962860204175626,25.878259091405255,4.065608756414751,54.89716362935484,False,False,78.21971931712679,79.97957658542092,79.97957658542092
1542,C45,8.0,4,1,10.21285,513.58955,22.3691,7986.93495,0.075682619865199,7.224254260629058,0.7422168964428563,test,14.020264035437883,12.964630856216363,181767.54772613852,0.6639316790490756,49.701388742249215,0.8734858329925377,0,1,True,True,operation,6655.162569627812,0.10382483601984442,11.992841705065812,5.176516294076038,2.452286096935647,0.3438693481094088,2.4418369168559657,0.3554756513443163,2.4418369168559657,0.3554756513443163,2.452286096935647,0.3438693481094088,17.55145541428413,1.3643332360644493,171.5851112727217,False,False,85.97760071554846,85.4422853184636,85.4422853184636
1549,Al6061,16.0,2,1,189.23685,354.99665,29.5474,5933.983200000001,0.0532423631823697,9.098033930830985,3.4281847038343067,test,11.820108253645893,19.708129015816418,232952.21844376976,0.41603519347712953,715.9224275068954,0.9993833223770391,0,0,True,True,operation,4003.5948528847703,0.10802297087758779,23.34924614139946,9.720458138387047,1.5539093343208508,0.22560288578578896,1.5453035295297173,0.2410991777719897,1.5453035295297173,0.2410991777719897,1.5539093343208508,0.22560288578578896,12.598115877281769,1.2935325896937286,196.3160615744429,False,False,85.48159272854934,84.39794039392613,84.39794039392613
1563,Ti6Al4V,12.0,5,2,28.3885,532.606,16.4271,2019.1046,0.0664825632408088,9.06257390355342,2.9765106603962437,test,27.71520616389105,18.104877114017334,501780.4017869032,0.30064537129940444,5.362745493946061,0.5332298154007604,0,1,True,False,operation,1834.3159162525121,0.11680294052232497,12.592483790319102,7.7647744411140565,4.580781514672971,1.2081966157841075,4.5668652901755316,1.2482541608998234,4.5668652901755316,1.2482541608998234,4.580781514672971,1.2081966157841075,29.65289241789262,5.325008521206182,104.74617189384225,False,False,73.6246618199523,72.66715609971833,72.66715609971833
1577,Ti6Al4V,12.0,5,1,94.8339,44.667649999999995,20.6054,1443.9089,0.047495014742618,3.7750248153422503,3.0872079740711103,test,26.195921680591365,3.996166020118321,104683.25208566003,0.24417770641980202,66.37710084566358,0.38612194114691945,0,0,True,True,operation,1334.9913183841334,0.11669445599307077,12.525105898382188,7.7744225241085045,2.473329690925615,0.23331556786087407,2.442525800412392,0.23284720717005683,2.442525800412392,0.23284720717005683,2.473329690925615,0.23331556786087407,27.13158644453922,1.4921426972732996,75.84871297746564,False,False,90.5667421243159,90.46694994457201,90.46694994457201
1578,Ti6Al4V,8.0,3,1,27.1219,169.1835,25.0242,2407.3389,0.034289669452585,3.738195706495659,2.2024504274148686,test,29.870605340521696,2.03887200800057,60902.34109082202,0.09125462199429,10.029673610127501,0.14916157242983877,0,0,True,True,operation,2899.515549926043,0.07775482921936733,8.390627283180487,5.163119649358476,2.8542752199940917,0.2799037859500578,2.8227862233277317,0.26349793768988594,2.8227862233277317,0.26349793768988594,2.8542752199940917,0.2799037859500578,30.64114425678059,2.224954442852928,29.300881635714724,False,False,90.19352499754255,90.66532436950706,90.66532436950706
1580,Ti6Al4V,10.0,4,2,26.99965,396.26245,29.4248,1987.2588500000002,0.0766952417604326,5.337539923729262,1.2584710081035158,test,27.247475176808276,4.095125382445613,111581.82720410434,0.1818158038784045,11.40475818171455,0.3107532758954975,0,0,True,True,operation,2319.612439940835,0.09719353652420916,10.48828410397561,6.453899561698095,4.066875748889673,0.39933878954949514,4.0371099167463145,0.3802491838261974,4.0371099167463145,0.3802491838261974,4.066875748889673,0.39933878954949514,28.97784082358799,1.999616673610736,61.04350340773902,False,False,90.18069854584267,90.58115355618911,90.58115355618911
1586,C45,12.0,4,2,85.66114999999999,235.72385,20.3573,3324.1366,0.0557148164176306,11.462260735318209,2.567875570878019,test,13.616022162790443,21.804885788879396,296895.8081584963,0.716614126559474,139.3638853136612,0.9965904976173318,0,0,True,True,operation,3195.211252040911,0.13357280574738978,15.087314108149522,7.600653390246586,2.4582447902067432,0.5605231595886906,2.4545741533665946,0.550507522170816,2.4545741533665946,0.550507522170816,2.4582447902067432,0.5605231595886906,14.66674597314707,1.7862671247287893,195.7674468985553,False,False,77.19823665154398,77.57217799202512,77.57217799202512
1594,Ti6Al4V,8.0,4,2,28.9911,83.3113,25.1136,2957.6821,0.0262455800926481,2.207427070579864,3.784271063624355,test,25.853022300052704,2.5937986603525185,67057.5346079405,0.13012257799268198,9.893561434700548,0.21264484327234884,0,0,True,True,operation,3103.985390811123,0.07766233898059804,8.389601346460244,5.163535173042153,3.802626060623688,0.33814102132662843,3.778574753951366,0.31970945572973564,3.778574753951366,0.31970945572973564,3.802626060623688,0.33814102132662843,26.689217650258595,1.7665928676297125,41.77135760685904,False,False,91.10769726142443,91.53888763493678,91.53888763493678
1595,SS316L,10.0,5,1,133.64765,211.86625,21.9139,2556.9538000000002,0.0968916612217321,3.748766770138459,4.800401356467033,test,22.03323681724228,22.29180620490538,491160.6451967511,0.5713822210385754,49.96786416865868,0.5239872551516472,0,0,True,True,operation,2276.5534977172924,0.11015642546040219,12.667169783487061,6.480479897749828,3.0255072973120556,1.1385164415060782,3.0115627490796335,1.202523582665736,3.0115627490796335,1.202523582665736,3.0255072973120556,1.1385164415060782,24.876298988131566,5.395020312109944,102.93058923767515,False,False,62.36940355365966,60.06978160978913,60.06978160978913
1599,Al6061,20.0,3,1,38.1851,19.58605,26.5994,6257.747649999999,0.2198387799238749,7.559426520113986,3.3861995257866355,test,11.617792765488433,105.64403978708447,1227350.561155362,0.3581409735220719,107.92632848252155,0.995056004660049,0,0,True,True,operation,3256.7085201425925,0.1857035964820534,9.268184691900387,11.624013896845282,2.6392424968491954,1.16947048030109,2.6126481964182693,1.2740110719672273,2.6126481964182693,1.2740110719672273,2.6392424968491954,1.16947048030109,16.612338542780783,7.465814946740524,195.46601539860694,False,False,55.68916150383157,51.236792090347485,51.236792090347485
1607,Al6061,16.0,2,1,30.1701,2.6032,27.8367,6864.2559,0.1663726274575889,6.536647025311424,4.478865735288408,test,11.614940133653956,66.86955209933441,776685.8443980234,0.41603519347712953,214.72738163606041,0.9993833223770391,0,0,True,True,operation,4003.5948528847703,0.10802297087758779,23.34924614139946,9.720458138387047,2.1985497519265724,0.7542323556566779,2.175971381252008,0.785968514143482,2.175971381252008,0.785968514143482,2.1985497519265724,0.7542323556566779,14.378386749313213,4.312766190398583,196.3160615744429,False,False,65.69409652905284,63.87964837610813,63.87964837610813
1618,Ti6Al4V,10.0,5,2,6.42085,27.84535,25.0671,1903.5291,0.088480792945499,2.763205749444696,4.861823182618598,test,29.851944311309463,11.31334197004884,337725.2544646981,0.2430528373875498,3.8367785968206816,0.41532195951630646,0,0,True,True,operation,2483.188312648899,0.09707792372574756,10.487001683075308,6.454418966302691,4.6863059217130845,0.9361535609815961,4.667132691169583,0.9215414556262903,4.667132691169583,0.9215414556262903,4.6863059217130845,0.9361535609815961,32.47060917192332,4.659304137216755,81.58468282589658,False,False,80.02363531915167,80.25465491114305,80.25465491114305
1626,C45,12.0,4,1,117.40965,58.45595,20.5906,3805.47815,0.146843469600152,3.1153086288071914,1.0566041185564845,test,14.28858021015904,7.357618045377769,105129.91559709383,0.6967892253721752,375.7381514456772,0.9936002742119193,1,0,True,True,operation,3183.9452080287642,0.14985295261880227,13.62037342088297,7.508540749568493,1.9276536933364319,0.1759185972478491,1.9160319220057571,0.197141816401652,1.9160319220057571,0.197141816401652,1.9276536933364319,0.1759185972478491,17.615495212915384,0.6457109543543105,195.18005578542164,False,False,90.87395221164623,89.71093257176642,89.71093257176642
1632,SS316L,12.0,4,2,66.8057,190.1453,23.1299,2421.2409,0.1238081885872251,11.629798371744554,2.154507889202448,test,21.05631046419984,30.044683709093086,632630.1879773511,0.7823989924041921,23.527189644282107,0.7482901073775854,0,0,True,True,operation,2349.932725394141,0.13225371679214687,15.209057162321226,7.7744225241085045,4.2114544784049786,1.4961410003159297,4.197768462044991,1.520048433166874,4.197768462044991,1.520048433166874,4.2114544784049786,1.4961410003159297,23.686326550070117,4.861165192054271,146.9920134809522,False,False,64.4744824386047,63.78913113215479,63.78913113215479
1634,Ti6Al4V,12.0,3,2,8.2543,73.06995,24.2744,2119.4509500000004,0.0684745051701239,2.7696178808596357,5.962559408403237,test,29.574679288397675,7.1899538210119065,212640.57835481656,0.20247816143719732,5.264993919780319,0.35883817302208876,0,0,True,False,operation,2069.3235938740822,0.11649350847089705,12.584402019690367,7.74530275956323,4.375605070895134,0.6174298207147727,4.3520517605254945,0.6196836382182683,4.3520517605254945,0.6196836382182683,4.375605070895134,0.6174298207147727,30.915968212076244,3.2438920163003866,70.48916596157464,False,False,85.88926992470866,85.76111516322031,85.76111516322031
1648,Ti6Al4V,12.0,4,2,16.21365,419.70115,31.1648,1866.0309499999998,0.1135464935988317,10.584552303262932,7.714899545963096,test,27.69012228476206,69.20784563307511,1916373.7086447857,0.24543695911447513,1.041440120765586,0.4350696241800843,0,0,True,False,operation,1879.6454998047036,0.11627883692761082,12.546478825057486,7.7915528364437705,5.814339466590815,5.050408538550174,5.874949753609897,5.102808339702349,5.874949753609897,5.102808339702349,5.814339466590815,5.050408538550174,30.134713248380788,24.465240556326957,85.46385877898805,False,False,13.138739704315284,13.142944983199234,13.142944983199234
1655,C45,6.0,6,1,37.6687,116.1826,24.1011,8001.4768,0.0393260929533516,2.881697288542732,2.4848740564035205,test,15.051194953926734,13.519322925403184,203481.96499533442,0.4936440713225011,66.76520975748632,0.6078696922448511,0,1,True,True,operation,7318.772445778913,0.07786862701488331,8.994631278799359,3.8823872205570282,2.551083002380692,0.5164536683120706,2.5391776678965514,0.519048733072624,2.5391776678965514,0.519048733072624,2.551083002380692,0.5164536683120706,18.011264741042975,2.3110640785085668,119.40822030944025,False,False,79.75551293979413,79.55839248134997,79.55839248134997
1697,SS316L,20.0,4,2,30.6239,308.2238,24.3864,1897.9784,0.1237743419122663,13.81974533978766,1.6032777597661103,test,24.880806464567737,20.820477781123188,518030.27817195875,0.9989304897430784,42.32324508155759,0.9807676462570768,0,0,True,True,operation,1371.3420428224822,0.21792533543194773,12.525857677857857,12.866750741801326,4.550996778443451,0.9541006882162335,4.521832512688405,1.0576576713519625,4.521832512688405,1.0576576713519625,4.550996778443451,0.9541006882162335,27.316233388645408,3.0236590091254993,192.65925028133063,False,False,79.03534687751286,76.60997685376135,76.60997685376135
1699,SS316L,8.0,4,2,22.663,31.1903,23.4878,5638.789000000001,0.0495591722812641,2.9562590509358637,4.428636106142691,test,23.045908305840335,14.634650787143427,337268.82012850145,0.5303549892790778,7.457347356724523,0.4621023622224124,0,1,True,False,operation,4873.075502335835,0.08825111061686776,10.19391544930594,5.176516294076038,4.685530223894987,1.175628813341555,4.66383543653387,1.2210598254342746,4.66383543653387,1.2210598254342746,4.685530223894987,1.175628813341555,25.72935193223192,4.381247627765418,90.77409414835647,False,False,74.90937509385483,73.8185482303004,73.8185482303004
1701,Ti6Al4V,20.0,6,2,17.5501,275.0143,28.1627,1287.6171,0.0956959586588767,11.86617103582271,12.930919854231645,test,29.604631623699994,113.44140775917619,3358391.0875843535,0.9994715739820303,6.570843695114334,0.9940219970315444,0,0,True,False,operation,760.7931327843011,0.19294477709682437,17.451318096439294,12.704004365152885,7.680065124830125,4.868874174089956,7.772856342735687,5.736694175870623,7.772856342735687,5.736694175870623,7.680065124830125,4.868874174089956,31.88455374215068,18.777272838270566,195.2628978352849,False,False,36.6037384455428,26.195803409746652,26.195803409746652
1705,Ti6Al4V,16.0,6,2,41.0979,364.9369,15.2061,1337.2487,0.0560183277796672,10.684619711567834,8.835726588484206,test,29.665718671580752,42.4321378354505,1258779.863660212,0.6557234318324208,9.168921318686543,0.8954023097368834,0,0,True,True,operation,1088.3594815497638,0.1555858306462466,16.700517215871514,10.366170927996508,5.4413559096550115,2.0837719171760525,5.4429948230669885,2.2199953918577067,5.4429948230669885,2.2199953918577067,5.4413559096550115,2.0837719171760525,31.054638621535517,7.914026745613967,175.8903225982461,False,False,61.704914146882814,59.213714801830434,59.213714801830434
1707,C45,6.0,4,1,124.0731,460.257,25.742,8019.8321,0.0195446763607817,7.548535280978934,2.127496834478942,test,15.309372857430615,10.068977320781801,154149.72809686136,0.31117055317042525,67.9877232954509,0.3831204439986199,0,0,True,True,operation,6959.355600718222,0.07776276239392048,8.941229179248682,3.888312275939085,2.329587600932792,0.5100830787338264,2.3173636567943534,0.502936757311832,2.3173636567943534,0.502936757311832,2.329587600932792,0.5100830787338264,16.30923452349127,2.5101164703382066,75.25910728184569,False,False,78.10414690868102,78.29702921950745,78.29702921950745
1708,Ti6Al4V,12.0,4,2,33.30845,17.08795,28.9354,1685.2519499999999,0.0474004616520996,5.314743665894644,5.190625348288846,test,26.888476113180904,8.814737981601699,237014.8716622457,0.24051629703952354,9.08270631209273,0.42658385232060836,0,1,True,True,operation,1834.3159162525121,0.11680294052232497,12.592483790319102,7.7647744411140565,4.047423235751062,0.6764541196733828,4.0180275341037675,0.636603952052944,4.0180275341037675,0.636603952052944,4.047423235751062,0.6764541196733828,27.783433501374475,3.0809447142810873,83.79693751507381,False,False,83.28679556666486,84.15630687819714,84.15630687819714
1709,Al6061,8.0,2,0,261.90625,25.16375,29.4363,8006.29585,0.0624141892797368,11.220492950491082,0.7576599036846812,test,12.101282763162885,8.496326733029479,102816.45224460965,0.2185669750714301,620.898540174064,0.5238412885326317,0,1,True,True,operation,7982.382321930015,0.10382483601984442,11.992841705065812,5.176516294076038,1.4986222668415592,0.17186462659284632,1.488780549487846,0.16905758658654643,1.488780549487846,0.16905758658654643,1.4986222668415592,0.17186462659284632,13.361093018755351,1.1716863836122982,102.90191596374225,False,False,88.53182483701768,88.64455969385793,88.64455969385793
1710,SS316L,16.0,6,1,18.9677,437.6448,19.1013,2336.723,0.0951841147735312,9.416243544627806,3.6978260653392496,test,24.694821265971818,46.46726604459839,1147500.8296897186,0.9786530528095292,33.52497802304898,0.9890161039316786,0,1,True,True,operation,1490.0755957226693,0.17663525012249343,12.574235831853004,9.783822542853654,4.197590207881246,1.7974894355489588,4.185813779730828,1.9730328128032133,4.185813779730828,1.9730328128032133,4.197590207881246,1.7974894355489588,28.127693287348112,6.878050715866968,194.27955421124793,False,False,57.178062971129094,52.86381772745537,52.86381772745537
1713,Ti6Al4V,8.0,3,2,12.8615,92.641,25.6509,3288.8361,0.0226912009648718,3.9096061017148016,4.712246615891944,test,27.08824591059269,4.124601380204977,111728.21647016244,0.11137856986168185,3.0042371025089047,0.1820515504612374,0,0,True,False,operation,3539.6878299490445,0.07775592604801561,8.390577259993503,5.161864035506843,4.0404516059170215,0.6176183033322665,4.016346150493804,0.5911062917641762,4.016346150493804,0.5911062917641762,4.0404516059170215,0.6176183033322665,27.71997462560432,3.3929584117987233,35.76169682826418,False,False,84.71412694492372,85.28248637903133,85.28248637903133
1719,Ti6Al4V,16.0,4,2,12.628350000000001,436.61365,22.9549,1562.73865,0.0431841536772152,11.395722436696026,4.714287134990497,test,25.739885227142622,14.502025044853918,373280.4602156877,0.43756768920584854,8.727387485976317,0.7955283862924734,0,0,True,True,operation,1449.7577749630216,0.15550965843873465,16.781254566360975,10.326239298716953,3.9100471989960046,0.6511750888596688,3.885471277632279,0.6492775450762079,3.885471277632279,0.6492775450762079,3.9100471989960046,0.6511750888596688,26.463664480900185,2.613055127356217,156.27136872381183,False,False,83.3461066908125,83.28960636476862,83.28960636476862
1724,C45,8.0,3,1,73.549,300.61,22.5225,6574.6862,0.0544629010811642,9.45444813281196,4.754298012283641,test,17.390126955028578,48.285823217263925,839696.5958762862,0.37496611526817064,18.477232873006756,0.4935692744785865,0,0,True,True,operation,5040.02532511621,0.10388299197104454,11.884412720593414,5.19392534576208,3.500940896809651,2.000480624208499,3.4918702171507436,2.1568710843365837,3.4918702171507436,2.1568710843365837,3.500940896809651,2.000480624208499,19.336063054711055,10.077676773994842,96.95536628460499,False,False,42.858771879539475,38.2316366243267,38.2316366243267
1727,Ti6Al4V,8.0,5,2,17.678800000000003,158.48405,27.6545,3075.29465,0.0490717076769978,4.336573027690735,1.036319942318341,test,26.627505797766208,3.3910049863912586,90294.00493538736,0.16265322249085248,9.184411506305992,0.26580605409043606,0,0,True,False,operation,3103.985390811123,0.07766233898059804,8.389601346460244,5.163535173042153,4.1627801214798055,0.3758249165136073,4.137080309317907,0.3708835960352023,4.137080309317907,0.3708835960352023,4.1627801214798055,0.3758249165136073,28.720399462930576,1.9464195803375304,52.2141970085738,False,False,90.97178074397051,91.03513665906208,91.03513665906208
1728,Al6061,12.0,3,1,123.8749,474.5368,21.8667,8012.878,0.08640160667566,6.629809507543111,7.241477702194178,test,5.772320925900805,99.71485257124966,575586.130120138,0.41994663546029964,259.6061593230428,0.9971299641364776,0,0,True,True,operation,5332.680259533486,0.10129272254928948,15.839369988301769,7.631195066769866,1.1676241704915982,0.5972273234273673,1.1582570167301531,0.6433261357775047,1.1582570167301531,0.6433261357775047,1.1676241704915982,0.5972273234273673,7.0211725394571225,3.4345925099606203,195.87341819107004,False,False,48.85106539239248,44.45739361081853,44.45739361081853
1729,C45,10.0,4,1,4.1265,233.5736,20.9712,7286.7746,0.078632588081431,10.957800089015176,3.810709146504312,test,14.910905884120302,95.70333513742406,1427023.4230305536,0.7208031619178988,24.64522382155991,0.9978694736019962,0,0,True,True,operation,3919.8032180260775,0.12946850757574735,14.900457480136494,6.480514272733018,3.8744949860102764,2.1702552206350463,3.887594119872309,2.279981761871359,3.887594119872309,2.279981761871359,3.8744949860102764,2.1702552206350463,18.470747642446103,8.819435281718606,196.01868535985002,False,False,43.98611358457723,41.3523713749663,41.3523713749663
1730,Ti6Al4V,25.0,3,2,24.5339,591.7912,27.8461,711.4284,0.1199501063904911,15.69963608856296,7.16002634173301,test,28.628707191769315,28.77778052819379,823870.6523706606,0.9995114569671761,13.238868427172394,0.9923304474253314,0,0,True,True,operation,725.3760075507284,0.24171064001242115,23.137199291813886,16.01729059193317,4.526283318361697,1.2060068596289897,4.515999448563773,1.1986862701622631,4.515999448563773,1.1986862701622631,4.526283318361697,1.2060068596289897,29.392162455924915,4.458054601739488,194.9306145669793,False,False,73.35547125968448,73.45689954538231,73.45689954538231
1731,Al6061,6.0,3,0,1188.0758,401.3088,27.2835,7979.9901,0.0373204452434059,7.702327634485485,1.844365724929903,test,6.2720183636253655,12.692274459708523,79606.17848746508,0.13759042298023436,2074.575128503732,0.30424296424464015,0,1,True,True,operation,7326.191951806863,0.07786862701488331,8.994631278799359,3.8823872205570282,0.7257220174283278,0.18704587755481278,0.7234966135458275,0.18624796284113132,0.7234966135458275,0.18624796284113132,0.7257220174283278,0.18704587755481278,6.855740968483709,1.5694562681368762,59.76463601591722,False,False,74.22623634630384,74.2572446983079,74.2572446983079
1733,Al6061,16.0,3,1,28.2796,217.7152,30.3174,8028.9059,0.1554880854523276,11.56215729040951,2.766308529735852,test,11.440315404550912,119.78825205899317,1370415.385314727,0.40033551464484973,115.79036192309094,0.9980002691981146,0,0,True,True,operation,4001.115690308356,0.11958637660741805,13.212425153702497,10.33683972510764,2.7329991851829356,1.323982979587988,2.7121838454348812,1.4274689579192008,2.7121838454348812,1.4274689579192008,2.7329991851829356,1.323982979587988,15.903465615510875,8.035559595409575,196.04437848052385,False,False,51.5556760219317,47.368281824924914,47.368281824924914
1735,SS316L,8.0,4,2,32.355599999999995,102.74215000000001,28.9226,4748.2549,0.0658797856613096,8.305964015811856,1.845701232679706,test,23.651699473984127,19.182165844775437,453690.82182075153,0.4890714222358919,6.957623586642117,0.4258329659601158,0,0,True,True,operation,4512.014058709447,0.08807714249750905,10.18746191350222,5.16539293997492,4.863849464704138,1.6344509853677038,4.8414644714143265,1.6481012995845854,4.8414644714143265,1.6481012995845854,4.863849464704138,1.6344509853677038,26.734442422258198,6.321805522266633,83.64943550090045,False,False,66.39593808919155,65.95862038613434,65.95862038613434
1742,Al6061,12.0,2,1,121.89875,46.13565,27.2674,7991.74965,0.0619081679262742,14.41747055174836,5.525054312665601,test,5.679553337439626,78.82163567573662,447671.6839645802,0.38522065814264267,290.8974754087644,0.9981326297598316,1,0,True,True,operation,5305.291019695485,0.13924940510745856,17.61378266827274,7.534020522364589,1.0539646074717564,0.4614042553046814,1.0470342312007301,0.48301405160752864,1.0470342312007301,0.48301405160752864,1.0539646074717564,0.4614042553046814,6.264966883773014,2.6346251813052373,196.07037901865797,False,False,56.22203515813544,53.868361013028945,53.868361013028945
1744,SS316L,16.0,4,1,15.002,367.9058,26.6965,2909.081,0.1101371308138674,8.85550296533251,4.239502274338377,test,22.750422001365585,48.11468745619832,1094629.444092323,0.9997513886473968,38.28831563748538,0.9972981248764756,0,1,True,False,operation,1461.5133839281432,0.17666110507878519,18.34973512216894,10.337492490462699,4.200524761568104,1.6773597406114864,4.185284500381175,2.0516186349264625,4.185284500381175,2.0516186349264625,4.200524761568104,1.6773597406114864,25.7875828124075,6.188616719385134,195.90645121598521,False,False,60.067852570274844,50.980187016208546,50.980187016208546
1747,C45,6.0,4,2,11.644649999999999,179.5959,24.8661,7996.4029,0.0656047292148564,7.302687333589996,3.3929197834592166,test,18.290322967385983,51.99314704449814,950971.4515346609,0.33324760570106404,9.029908738410926,0.41009842255624307,0,0,True,True,operation,7440.34998364292,0.07775482921936733,8.989957803407666,3.8723397370188573,4.870985173874803,3.44882222655836,4.874029872538411,3.46749288985333,4.874029872538411,3.46749288985333,4.870985173874803,3.44882222655836,22.28829680486723,14.650261701561863,80.55858585136522,False,False,29.1966182722977,28.85778338392808,28.85778338392808
1748,C45,8.0,5,2,19.9179,48.5733,18.0204,6730.988,0.0610986741860991,10.58881285512708,3.6794451597361055,test,16.90334552726026,80.11433167233405,1354200.2299429926,0.7481450664559817,11.156343090629335,0.9833786758304504,0,0,True,True,operation,6032.62352386477,0.10323118517574222,11.942511623959243,5.194714788492649,5.041578633961456,2.8915108687908186,5.053948421912829,2.930961557648052,5.053948421912829,2.930961557648052,5.041578633961456,2.8915108687908186,20.52395799894575,9.284138885749257,193.1721536198413,False,False,42.64671685743809,42.00650040392111,42.00650040392111
1750,SS316L,10.0,4,1,46.4702,120.03945,25.7269,4076.1346000000003,0.0306630205607945,5.699365541449883,6.124760513949484,test,21.010980302591033,17.45175334999494,366678.4458824208,0.5666011830456659,28.18850809048147,0.5196459079011011,0,0,True,True,operation,2819.9192704729694,0.1102114306601224,12.674214301934356,6.478685436757087,2.955074286798542,0.850410269522273,2.92890894023396,0.9491455709474794,2.92890894023396,0.9491455709474794,2.955074286798542,0.850410269522273,22.105184873713142,4.057311405007047,102.07778713955017,False,False,71.22203413560925,67.59388597203495,67.59388597203495
1753,SS316L,12.0,5,1,136.77280000000002,375.8001,28.7651,2243.26105,0.0959925914578015,12.190191131174124,7.055309559930491,test,25.29380928048163,92.6006691478568,2342223.6646708692,0.7673594785861954,15.911437086014597,0.7333242020619342,0,0,True,True,operation,1859.489650175453,0.13180066922757017,15.121187673290292,7.774141921610708,6.261576340528767,4.656599188476271,6.2569503085562905,5.106122819548642,6.2569503085562905,5.106122819548642,6.261576340528767,4.656599188476271,28.13062119849545,18.335034346945022,144.05215294528057,False,False,25.632158178190664,18.392786137903443,18.392786137903443
1755,C45,6.0,4,1,46.280550000000005,562.23485,30.7881,8012.8058,0.0400851724471513,3.383416977046277,3.032541848784997,test,19.46523242031311,13.182284846898987,256596.2383756604,0.32909604754833405,35.29674002180709,0.40524646149656735,0,1,True,True,operation,7318.772445778913,0.07786862701488331,8.994631278799359,3.8823872205570282,3.1579334814844566,0.7927224520561366,3.139315718922717,0.7939103925622891,3.139315718922717,0.7939103925622891,3.1579334814844566,0.7927224520561366,22.07028639199017,3.988763687296909,79.60548020629349,False,False,74.8974303384155,74.71071839710578,74.71071839710578
1756,Al6061,6.0,3,0,555.8366,489.0121,29.7979,7988.1315,0.0363280233912782,5.437706174451076,1.165149772460276,test,8.525682498750365,5.515764563917248,47025.65740981672,0.13764142550805417,3507.9888085619277,0.30435574215397254,0,1,True,True,operation,7328.907651786135,0.07786862701488331,8.994631278799359,3.8823872205570282,0.9558045959914677,0.10957303967064938,0.9516797873638738,0.10920797402310678,0.9516797873638738,0.10920797402310678,0.9558045959914677,0.10957303967064938,9.29883675498403,0.9268313582178273,59.786789792648335,False,False,88.53604176730413,88.52471435527596,88.52471435527596
1765,Al6061,12.0,3,1,230.78485,240.2937,24.6793,7215.90005,0.1070166904445296,10.501163685595085,5.814237221556207,test,6.782613354621135,141.4469068768979,959379.6795530998,0.4198085383465499,157.98430099800268,0.9939282438388546,0,0,True,True,operation,5321.275665022219,0.09950955787673593,15.867697447305545,7.745742347844708,1.5335290083182684,1.0215271706191216,1.5189832992316228,1.1177795102591586,1.5189832992316228,1.1177795102591586,1.5335290083182684,1.0215271706191216,8.419388823227361,5.7268321342323185,195.24448122062182,False,False,33.387163524257645,26.412653067049064,26.412653067049064
1767,Al6061,20.0,3,1,99.8468,533.449,28.2451,4072.7085,0.1515511089594774,12.76010687766446,4.433343995388439,test,6.851442084226839,104.74889326478467,717680.975590531,0.3581409735220719,184.57147999146218,0.995056004660049,0,0,True,True,operation,3256.7085201425925,0.1857035964820534,9.268184691900387,11.624013896845282,1.1482930701548806,0.6807620232261434,1.1398090007712998,0.6873980117845324,1.1398090007712998,0.6873980117845324,1.1482930701548806,0.6807620232261434,8.172964269326254,4.365560683421454,195.46601539860694,False,False,40.71530683936611,39.691824567153304,39.691824567153304
1771,SS316L,12.0,5,1,29.52715,487.7115,20.9443,3636.7831,0.0606946519465163,8.17334546242211,3.5063353300297813,test,24.36043011423331,31.629413081968174,770506.1069375025,0.9231280632997236,28.815607989782084,0.8823369983755347,0,0,True,True,operation,2216.0500476710536,0.13212225104541836,15.280636487825802,7.748029189222637,4.116804046153161,1.341609879334818,4.089865092717743,1.64983375333672,4.089865092717743,1.64983375333672,4.116804046153161,1.341609879334818,27.16103310900423,5.123381985681709,173.32380941729457,False,False,67.41137386443133,59.66043583505112,59.66043583505112
1780,Al6061,6.0,3,0,482.8659,405.678,29.1649,7991.8109,0.0371998997854351,2.050241813257899,3.1968623248082433,test,9.242852627464016,5.845709691334475,54031.033179942715,0.1376644754381473,3051.62831081073,0.3044067106654813,0,1,True,True,operation,7330.134977123758,0.07786862701488331,8.994631278799359,3.8823872205570282,1.0346057484237612,0.12542541435994237,1.0297544771000497,0.12506344348537202,1.0297544771000497,0.12506344348537202,1.0346057484237612,0.12542541435994237,10.101555704775695,1.0647493916435102,59.796801904337286,False,False,87.87698458557475,87.85502308884635,87.85502308884635
1781,SS316L,10.0,6,2,23.34165,21.9413,22.8617,3548.3863499999998,0.0642393742001289,12.046940359172382,2.0091292572245907,test,24.914293245067284,33.1030561037996,824739.2470779778,0.9834957543689422,12.096860299726893,0.902509513780215,0,0,True,True,operation,3265.4028618947527,0.11036992217125975,12.627882982457786,6.4924142048158835,5.469084567239705,1.8605068998418821,5.449029078077398,1.8873121171403622,5.449029078077398,1.8873121171403622,5.469084567239705,1.8605068998418821,28.463741020996693,5.69988836529757,177.28644186034686,False,False,65.98138359413052,65.36424948192294,65.36424948192294
1787,SS316L,8.0,5,1,8.66845,205.00885,22.6036,4357.171850000001,0.068787284451789,10.00702390385143,4.277249259616206,test,22.151246737647504,64.14345596321232,1420857.5196465433,0.6629437365988471,2.2126873292303704,0.5776279527780155,0,1,True,True,operation,4873.075502335835,0.08825111061686776,10.19391544930594,5.176516294076038,4.440034803958531,3.4058786375299466,4.455635561006517,3.350724348127437,4.455635561006517,3.350724348127437,4.440034803958531,3.4058786375299466,25.60912580045182,15.326933264326438,113.46761768544557,False,False,23.29162297346359,24.798060742415906,24.798060742415906
1804,SS316L,6.0,3,2,73.33080000000001,472.7444,24.5816,5499.5373500000005,0.0392807260149215,1.824510604719888,1.1734490348505882,test,21.868758909505583,1.3875145335184444,30343.220816949968,0.22043697275383603,43.7484757676114,0.17975994615218657,0,0,True,True,operation,6020.954284178136,0.06612645266540361,7.604654332275554,3.887544525271562,3.617404309042736,0.21564384897998676,3.6001408305452,0.2019771840446536,3.6001408305452,0.2019771840446536,3.617404309042736,0.21564384897998676,23.345076588449114,0.9662146476115485,35.311540494286305,False,False,94.03871310594386,94.38974213644676,94.38974213644676
1812,SS316L,10.0,4,1,19.2134,160.8734,23.3608,4259.9288,0.0514736383309341,9.811996307515829,1.1562682212145206,test,23.572657746452055,9.950918384814058,234569.5933480993,0.6857205688675644,24.81210079165034,0.6292600438558622,0,0,True,True,operation,3414.230872308375,0.11037397781685857,12.630717325444916,6.492415480895714,3.0369753819345275,0.5053933153276475,3.0122715261771464,0.5358630025979421,3.0122715261771464,0.5358630025979421,3.0369753819345275,0.5053933153276475,25.72635431512318,2.1956230899009563,123.61008108692278,False,False,83.35866275591223,82.21066733389728,82.21066733389728
1813,Al6061,20.0,2,0,43.5238,346.80215,26.8003,6605.5957,0.1437828591089721,17.856715756521407,5.129147195607845,test,10.92655192461658,173.97860648405387,1900986.2775204494,0.3562325708992262,73.72661691918522,0.99860983178393,0,0,True,True,operation,3215.61064581305,0.18493788320571186,13.20449202787131,12.490463025553023,2.2052723988725376,1.4173470635785532,2.1859124306576008,1.611067472789894,2.1859124306576008,1.611067472789894,2.2052723988725376,1.4173470635785532,13.088578364300934,10.89142041764474,196.1641192481062,False,False,35.72916142680683,26.297712104357853,26.297712104357853
1823,SS316L,6.0,5,1,7.2676,448.7916,24.1512,7501.9447,0.0553965136717449,6.355000443961093,2.1258571557107167,test,20.049924088188238,28.07216843353077,562844.846083126,0.39894240606237047,3.0809042503472814,0.3251399383195355,0,0,True,False,operation,6531.722424120785,0.06609160483646223,7.641464132896516,3.8723397370188573,3.8417082362789796,1.9906501079641779,3.8261184724184782,2.037302951633737,3.8261184724184782,2.037302951633737,3.8417082362789796,1.9906501079641779,24.389704908146864,10.79378730297255,63.86957909166226,False,False,48.18320430568951,46.75274782210379,46.75274782210379
1837,C45,6.0,5,1,7.4041,322.3914,19.1719,8012.4478,0.065905643087504,4.692893572844881,3.382932318112458,test,15.798641525012048,41.91715840612456,662234.1594055073,0.41137005943541755,17.095559380102564,0.5065580768707091,0,1,True,True,operation,7318.772445778913,0.07786862701488331,8.994631278799359,3.8823872205570282,3.229005771552454,1.7187199118550112,3.2304985801038972,1.7349829679716562,3.2304985801038972,1.7349829679716562,3.229005771552454,1.7187199118550112,20.143807113878943,8.63057552790617,99.50685025786686,False,False,46.7724732177026,46.293647096546415,46.293647096546415
1839,SS316L,20.0,4,1,72.72895,529.00955,26.2938,1626.5454,0.1329501909645249,7.859240504902218,11.443600794773989,test,23.3366610699959,77.79620729223505,1815503.7221100326,0.9988184752339074,21.110899750342398,0.8148867866602257,0,0,True,True,operation,1137.5982053475645,0.21952580957945664,12.452797975973226,12.868253014283484,4.9435841458758745,3.072591918251651,4.9342327608981496,3.5853583448973207,4.9342327608981496,3.5853583448973207,4.9435841458758745,3.072591918251651,25.43938681615648,12.52180305936329,160.0740786885321,False,False,37.846877334637384,27.337064977763653,27.337064977763653
1840,Al6061,8.0,3,1,553.1545,11.1587,17.3392,7998.9739,0.082488773319541,9.56345718642664,4.105949547726806,test,5.803727195071255,77.72825293243703,451113.5753693618,0.327850462607145,212.26999781247395,0.7857619327989473,0,1,True,True,operation,7982.382321930015,0.10382483601984442,11.992841705065812,5.176516294076038,1.1736601021902187,0.7211333473966262,1.1632604797975201,0.7070917549254521,1.1632604797975201,0.7070917549254521,1.1736601021902187,0.7211333473966262,7.000429525855477,3.6795407964715414,154.35287394561337,False,False,38.556883202309805,39.214667118362854,39.214667118362854
1842,Al6061,12.0,3,1,201.9079,570.6602,22.1365,8015.8276,0.0741727916177719,7.275392158937835,5.861367639683545,test,8.8570781353369,76.06232869115158,673689.9883732072,0.4198085383465499,224.9802293067773,0.9939282438388546,0,0,True,True,operation,5321.275665022219,0.09950955787673593,15.867697447305545,7.745742347844708,1.7128817818983038,0.7098230281208757,1.7009377965369257,0.7927797791058514,1.7009377965369257,0.7927797791058514,1.7128817818983038,0.7098230281208757,10.502713040169828,4.021462572277403,195.24448122062182,False,False,58.5597187370273,53.3916066348849,53.3916066348849
1847,SS316L,20.0,6,1,23.9007,528.4735,19.5329,1879.676,0.1915478023574167,8.417946935249129,9.32843666396214,test,21.039033149108807,169.63929983449955,3569046.852609644,0.9958005915574518,6.2050231545421735,0.9715407331092433,0,0,True,True,operation,1365.3024723053209,0.2171249336888521,8.416017471521627,12.749357363396097,6.893700325545324,5.645321151411374,6.94062113249062,6.393843998851962,6.94062113249062,6.393843998851962,6.893700325545324,5.645321151411374,25.773444240082753,22.165978186438107,190.84674129792703,False,False,18.108985235519317,7.877927972167654,7.877927972167654
1850,Al6061,8.0,3,0,407.8051,61.05475,14.0,8007.33045,0.0949604813842362,4.306832008985696,3.933204748039234,test,10.766978133196446,38.64171567596237,416054.50771228113,0.327850462607145,230.15704885248414,0.7857619327989473,0,1,True,True,operation,7982.382321930015,0.10382483601984442,11.992841705065812,5.176516294076038,1.52679065676531,0.5336139338640342,1.5206728805046017,0.5286373134812873,1.5206728805046017,0.5286373134812873,1.52679065676531,0.5336139338640342,13.32541386416167,3.393578952772068,154.35287394561337,False,False,65.0499607461209,65.23661858782734,65.23661858782734
1857,Al6061,10.0,3,0,208.4381,202.9057,21.6588,7981.8248,0.0910643805345307,10.14916832282748,5.783295690462554,test,12.172310339086371,127.99052961527042,1557940.4469410966,0.40736424334490723,84.66810196370888,0.9985640413184503,1,0,True,True,operation,6366.564903947656,0.11316901621832566,14.187602240643082,6.396415803811627,2.2484318725731183,1.4991987751407585,2.235387719168756,1.5725698662160081,2.235387719168756,1.5725698662160081,2.2484318725731183,1.4991987751407585,14.937174293003766,9.73066318682573,196.15512429728068,False,False,33.322472722953044,29.651136009605576,29.651136009605576
1868,C45,8.0,5,1,19.2782,461.57705,24.8205,8029.29785,0.0494211432133425,5.347165131651844,3.009544534625459,test,18.213543223561324,31.92895690734812,581539.4367152118,0.7368496714553385,27.129904522264518,0.9699064222933359,0,0,True,True,operation,5942.428321245066,0.10387757380824447,11.885066336430858,5.193931363852707,3.606991487367495,1.0572325923624841,3.5968304152759276,1.127731234331118,3.5968304152759276,1.127731234331118,3.606991487367495,1.0572325923624841,21.977837504424038,4.033607453590732,190.52570185732046,False,False,70.6893516088088,68.64652752207654,68.64652752207654
1877,C45,8.0,4,1,31.35245,142.14069999999998,29.3379,6941.74005,0.0668185181015235,7.500641092659132,5.15436888820942,test,13.021251851679686,71.72970739510602,934010.5852389663,0.5898033093793016,13.495764407667602,0.7758539041773758,0,0,True,True,operation,5945.623997165682,0.10368368319189397,11.92163890566491,5.18441636791878,3.0676724638590316,1.8984041461337469,3.063418334217614,1.9662698711954762,3.063418334217614,1.9662698711954762,3.0676724638590316,1.8984041461337469,15.537808339992527,7.7025592217909935,152.406568545672,False,False,38.11581358507823,35.81451644286596,35.81451644286596
1882,C45,10.0,4,1,30.00035,217.37630000000001,18.439,5433.945750000001,0.1153149609480989,8.362586804083875,2.5602055866323097,test,15.20807556582472,53.66318257907758,816113.7357652604,0.7160204979363927,44.10846191988773,0.991471878921441,0,0,True,True,operation,3890.3206806825165,0.12959579465929671,14.902552686455367,6.480479897749828,3.0892030588617216,1.2799247747386124,3.0871630524487834,1.4052204796813845,3.0871630524487834,1.4052204796813845,3.0892030588617216,1.2799247747386124,19.178747211805685,5.070575165044641,194.76195977406687,False,False,58.56780048605073,54.481818556141924,54.481818556141924
1884,C45,20.0,4,1,28.79485,511.96955,22.0351,3206.83775,0.1067534735669077,14.285072133663732,9.893939086024584,test,13.338748161958884,193.5399674692774,2581580.885346406,0.69379959121102,18.207803446478902,0.9986510210440461,0,0,True,True,operation,1914.2854568892471,0.17528141479007897,14.729410860454664,9.923149804314598,4.7370346436537565,3.719805337253988,4.718662671560943,4.260389448931289,4.718662671560943,4.260389448931289,4.7370346436537565,3.719805337253988,15.241415372206033,14.99960653489732,196.1722103510335,False,False,21.473968060642303,9.711930149015222,9.711930149015222
1886,Al6061,10.0,3,1,192.52675,276.0161,21.6052,7996.21845,0.0535715255133404,12.49207762494349,1.7904822551591384,test,8.1806490472957,28.74382856485879,235143.17376474303,0.4112169697518311,562.3090249304618,0.9991758834024462,0,0,True,True,operation,6394.517053980668,0.10888434489822368,14.481417626808982,6.48873671608305,1.2823252456607142,0.2624960835811314,1.2770861607021968,0.26728752784932064,1.2770861607021968,0.26728752784932064,1.2823252456607142,0.2624960835811314,9.275755775266331,1.4586965679543933,196.275312843103,False,False,79.52967981645864,79.07051723884047,79.07051723884047
1890,Al6061,8.0,3,1,552.32215,60.31015,24.8589,8024.41735,0.0708306814195652,8.959449910535787,1.311104801248948,test,10.696694663820844,20.029722685485257,214251.82776764146,0.327850462607145,446.9407736426979,0.7857619327989473,0,1,True,True,operation,7982.382321930015,0.10382483601984442,11.992841705065812,5.176516294076038,1.7453919376497686,0.33369419635796943,1.7335482516508074,0.3258666226969107,1.7335482516508074,0.3258666226969107,1.7453919376497686,0.33369419635796943,12.596611314727017,1.7475606677190967,154.35287394561337,False,False,80.88141756817667,81.2023332845453,81.2023332845453
1893,Al6061,16.0,2,1,59.95685,78.96205,24.6581,7999.5689999999995,0.0936872802636586,18.84953963772365,3.6289903796049265,test,5.5289002855823375,102.53302744912169,566894.8847450705,0.40579684839875807,277.2551318122367,0.9985613405949773,0,0,True,True,operation,4007.297032786449,0.12052898270636797,21.89506573241602,9.27425875144764,1.1548457389513394,0.5334091110181939,1.147473518846664,0.6059907346837239,1.147473518846664,0.6059907346837239,1.1548457389513394,0.5334091110181939,6.392166492284963,3.1808489994916185,196.15459377472365,False,False,53.811224042567154,47.18913118859505,47.18913118859505
1894,C45,10.0,5,1,36.744749999999996,58.82795,28.0044,6158.9915,0.060869638761339,3.0587108307107904,1.3491893155124624,test,12.90903643341788,7.735558015435436,99858.60025407375,0.7395358791611549,405.98840024996883,0.9961881314181507,0,0,True,True,operation,3832.1228583592865,0.1163664162531495,13.877330129138077,6.324440198979839,1.9684813563229773,0.16381993770215392,1.9568080103306746,0.18908967184004424,1.9568080103306746,0.18908967184004424,1.9684813563229773,0.16381993770215392,15.429630600528503,0.6288124217968079,195.68840720901352,False,False,91.67785170146792,90.33683065268673,90.33683065268673
1903,Al6061,10.0,3,1,113.5561,377.933,22.2055,8001.9845,0.0333172851847926,5.7187579922440746,0.921875270969026,test,8.88492798143189,4.216600446967658,37464.19129778116,0.4112169697518311,3529.320243635895,0.9991758834024462,0,0,True,True,operation,6394.517053980668,0.10888434489822368,14.481417626808982,6.48873671608305,1.2054809041587133,0.041212264578834756,1.197592224274098,0.041274893277572194,1.197592224274098,0.041274893277572194,1.2054809041587133,0.041212264578834756,9.625165759635783,0.23240686256083093,196.275312843103,False,False,96.58125944287802,96.55351024823243,96.55351024823243
1922,C45,12.0,5,1,32.9364,234.6029,14.0,4543.1452,0.0449180697588782,4.09284676883555,2.270064588540414,test,16.930822749394913,9.48006699203607,160505.3338945521,0.6975896828540293,241.2267962436398,0.9997186915120277,0,0,True,True,operation,3203.2122200443096,0.15046299052778883,10.477113674394786,7.778117238520514,2.0934213105932744,0.2446363912493898,2.0869422407493117,0.25657763990742266,2.0869422407493117,0.25657763990742266,2.0934213105932744,0.2446363912493898,18.730333878199,1.0224765311066017,196.38194054828648,False,False,88.31403931872366,87.70557062397188,87.70557062397188
1927,SS316L,8.0,4,1,83.00505,324.60105,23.325,3477.58465,0.0266908787094939,1.9480024340808813,5.0113313763362415,test,22.785233692743557,3.624458989346682,82584.14508202928,0.3817216162029705,80.10152227138606,0.3325733810567047,0,0,True,True,operation,3524.899088091212,0.08816914452809792,10.139371441547485,5.182948349405669,2.398520654528831,0.2618736893161681,2.377661208264994,0.24778437524909755,2.377661208264994,0.24778437524909755,2.398520654528831,0.2618736893161681,23.666450613005786,1.427807513796764,65.32978376931212,False,False,89.08186640704118,89.57865088651936,89.57865088651936
1930,SS316L,10.0,4,1,2.1348,458.4807,23.5374,3922.8593,0.1043272694182135,5.747060214674389,5.211885243725723,test,21.10023503624671,49.034432787482146,1034638.0566849151,0.8853712089062883,2.6192080307575827,0.8113268616767816,0,0,True,True,operation,4406.076985531261,0.11002164688918055,12.734216329448588,6.454418966302691,3.635114174724767,1.9639786544476507,3.650686689806124,1.9719561037453253,3.650686689806124,1.9719561037453253,3.635114174724767,1.9639786544476507,24.698363157839193,7.803112774544667,159.37477699257428,False,False,45.97202288436089,45.98396763952238,45.98396763952238
1931,SS316L,20.0,4,1,18.14985,35.1729,31.086,1951.21665,0.0780764918132603,9.35659678710456,5.241612260432954,test,20.26010272935768,29.886054329418524,605494.5308891841,0.985086868908947,32.44607844617792,0.9997056737471014,0,0,True,True,operation,1416.0940151598625,0.21810857178727894,12.270887203223538,12.953738196905606,2.8974974904098167,0.9409873303118823,2.8740405036281467,0.9991607072943516,2.8740405036281467,0.9991607072943516,2.8974974904098167,0.9409873303118823,21.546147789948137,3.4800862769187986,196.3793833749941,False,False,67.52413648583382,65.23498169100172,65.23498169100172
1955,Ti6Al4V,10.0,3,2,63.08995,183.2758,25.3696,1886.92595,0.0357802678630713,3.4290247821080837,1.8793097612370384,test,29.267754029905326,1.3052349454226944,38201.29533386832,0.1299210522671144,29.35023281622705,0.2221790897503169,0,1,True,True,operation,2201.1790995030146,0.09733578376860415,10.493736491932586,6.470645367595046,4.040692418663052,0.18195084205610562,4.008433276408763,0.164162554191425,4.008433276408763,0.164162554191425,4.040692418663052,0.18195084205610562,29.885255310906096,0.9338926449585772,43.64423828910095,False,False,95.49703805180232,95.90457061721378,95.90457061721378
1964,SS316L,8.0,6,2,15.96775,33.74825,24.0903,5335.9833,0.0416852145443325,6.297096434873087,3.9254217359990062,test,23.494250664153757,32.989400263957364,775061.2390615145,0.7955324839186166,4.86761035941431,0.6931535433336187,0,1,True,True,operation,4873.075502335835,0.08825111061686776,10.19391544930594,5.176516294076038,5.47366763371116,2.1884143052810123,5.452499596297398,2.1993846074799013,5.452499596297398,2.1993846074799013,5.47366763371116,2.1884143052810123,26.760415645164777,7.22221666239266,136.1611412225347,False,False,60.01923295811692,59.66281943471529,59.66281943471529
1965,Al6061,8.0,3,0,138.4937,462.1432,24.448,8007.615,0.0770483738894916,9.179988171437236,2.7807396786852276,test,6.875432683788558,47.248755286406485,324855.6363644866,0.327850462607145,294.770559404399,0.7857619327989473,0,1,True,True,operation,7982.382321930015,0.10382483601984442,11.992841705065812,5.176516294076038,0.9641387449655705,0.3968847129595287,0.9624489896213292,0.3939289638132823,0.9624489896213292,0.3939289638132823,0.9641387449655705,0.3968847129595287,8.201045571787168,2.649708703596764,154.35287394561337,False,False,58.83531130431839,59.07014625593075,59.07014625593075
1967,Ti6Al4V,16.0,5,2,22.449550000000002,493.01195,20.6069,1250.9,0.0989879153254007,9.989945148059723,6.272194165689998,test,26.22446056562135,38.793357868694365,1017334.8836356121,0.5464784381287958,5.166724626902767,0.9127586673753986,0,0,True,True,operation,1331.2265407888965,0.15559165333036143,16.700417357154155,10.366785400724165,4.564197475070969,1.711865974534641,4.574105881020782,1.6731001524345421,4.574105881020782,1.6731001524345421,4.564197475070969,1.711865974534641,27.915719506568635,6.286031861002727,179.2997568949546,False,False,62.49360410270103,63.42235628220386,63.42235628220386
1969,C45,10.0,4,1,26.67135,415.22215,23.6245,5641.2072,0.074514694125372,9.17513625197683,4.055748226881249,test,17.745759151426235,62.56874949534974,1110329.9589503983,0.7160204979363927,32.42056232575043,0.991471878921441,0,0,True,True,operation,3890.3206806825165,0.12959579465929671,14.902552686455367,6.480479897749828,3.713333323126126,1.746415517966106,3.712432116096939,1.8850636683290378,3.712432116096939,1.8850636683290378,3.713333323126126,1.746415517966106,20.853875843992235,6.898562379396456,194.76195977406687,False,False,52.96906132585319,49.222945783830326,49.222945783830326
1972,SS316L,16.0,3,1,13.0436,435.371,23.5351,2825.7251,0.0710082672425546,12.642363684017514,3.0459986428071115,test,23.32811186398863,23.180247256919277,540751.4010443285,0.9756690443508039,34.384751271083815,0.997323236296583,0,0,True,True,operation,1791.1155635121024,0.17641520774143887,19.892808080392577,10.389214123761409,3.186932616954765,0.833356727935257,3.162336990188958,0.9291578012385878,3.162336990188958,0.9291578012385878,3.186932616954765,0.833356727935257,24.79085623407426,3.032734566332356,195.91138403303913,False,False,73.85082058209436,70.6180016828925,70.6180016828925
1976,C45,12.0,5,1,22.7722,530.0665,20.479,5349.7793,0.0756828145525192,11.892350844231782,3.8132196477601297,test,16.598057152751252,91.80422741442979,1523771.813488879,0.6975896828540293,25.409439348236813,0.9997186915120277,0,0,True,True,operation,3203.2122200443096,0.15046299052778883,10.477113674394786,7.778117238520514,4.277339802639745,2.3165744691262495,4.28198390358292,2.59476108285883,4.28198390358292,2.59476108285883,4.277339802639745,2.3165744691262495,20.098227389728326,9.706972847878715,196.38194054828648,False,False,45.84076608324212,39.40282959289777,39.40282959289777
1982,Ti6Al4V,16.0,6,2,7.9559,330.8095,24.7041,1538.0669,0.1333374538566913,12.68079357935543,10.347229478742054,test,26.293054568812966,161.45412606148176,4245122.146894548,0.6489647017784267,1.8659837006022906,0.9991795761849331,0,1,True,False,operation,1228.6272846713478,0.15594748902884054,16.747271550157993,10.19467601647601,7.387444913243577,6.2704199198920945,7.565394872111916,6.751641613844997,7.565394872111916,6.751641613844997,7.387444913243577,6.2704199198920945,29.663198460617835,24.218336185197323,196.27603824295494,False,False,15.120586433734024,10.75625624336719,10.75625624336719
1990,Al6061,12.0,2,1,44.3259,35.0996,24.135,7971.8124,0.1526122056713974,17.214847676374237,3.21803960021637,test,7.21005726751686,134.79410613190728,971873.2245347971,0.38522065814264267,133.9954218201882,0.9981326297598316,1,0,True,True,operation,5305.291019695485,0.13924940510745856,17.61378266827274,7.534020522364589,1.6046863206071356,0.9843384311249906,1.5906070472648377,1.0123520215659438,1.5906070472648377,1.0123520215659438,1.6046863206071356,0.9843384311249906,9.037500167477488,5.7196417868553056,196.07037901865797,False,False,38.65851422273204,36.35436085193038,36.35436085193038
1997,C45,12.0,3,1,116.13235,97.41445,25.331,3613.00465,0.0959378742204909,10.934666779172083,7.289218273194677,test,13.376171937628369,82.88317412524094,1108659.5878356136,0.6953708355601815,35.12152364716817,0.9969790467098223,1,0,True,True,operation,3185.194250789456,0.15478588280614844,17.946604181809533,7.378005171019296,2.868100455260327,1.826157242060033,2.856870641276109,1.886544381005828,2.856870641276109,1.886544381005828,2.868100455260327,1.826157242060033,14.825078822011053,6.533117925948223,195.84377239434667,False,False,36.328686161925965,33.96465511077025,33.96465511077025
2007,Al6061,8.0,2,1,1110.09935,132.45665,15.5439,8013.6303,0.0291511955462083,8.116111453942787,1.9968887053214024,test,8.540974199322624,7.57212077127968,64673.28814165468,0.2185669750714301,987.0935426188332,0.5238412885326317,0,1,True,True,operation,7982.382321930015,0.10382483601984442,11.992841705065812,5.176516294076038,1.128883904779645,0.13144181990168016,1.122602765188387,0.12219342576743726,1.122602765188387,0.12219342576743726,1.128883904779645,0.13144181990168016,8.956647228297976,0.7370105605154669,102.90191596374225,False,False,88.35648029481499,89.11516793325093,89.11516793325093
2019,C45,10.0,3,1,27.4691,197.9367,30.7751,6394.9647,0.0410007640049465,12.338521508214928,3.0435805953559374,test,14.342950072058784,29.539237775991854,423679.8125877239,0.6469126543700527,36.54725384370903,0.8958527388939559,0,0,True,True,operation,4683.196468031727,0.12966050665896753,14.91084035521689,6.478685436757087,2.4717090338664316,0.7333453429353384,2.4651612771869917,0.7779249897631061,2.4651612771869917,0.7779249897631061,2.4717090338664316,0.7333453429353384,15.518168544607942,2.8644157113724575,175.97880364065978,False,False,70.33043400791456,68.44324154520224,68.44324154520224
2028,C45,10.0,6,1,22.879800000000003,213.75254999999999,22.655,6227.52345,0.0637648499159489,3.5665781677231507,5.118391618910544,test,18.26102949007697,43.49438777879493,794252.2978814177,0.7437856220176046,51.88897985187437,0.9993044045142169,0,0,True,True,operation,3828.223665312752,0.11423744316212833,11.661336333490908,6.415288431895347,3.645435308505233,1.2850092928153134,3.640184309243417,1.4258536685492074,3.640184309243417,1.4258536685492074,3.645435308505233,1.2850092928153134,22.79315562727026,5.152020604895254,196.3005591704401,False,False,64.75018251408181,60.830179259644154,60.830179259644154
2034,Al6061,12.0,2,0,199.8024,53.5606,21.1652,7999.9243,0.0763171417301861,16.75411951003334,5.291258947380312,test,7.507184962381256,108.24767935086643,812635.3506354926,0.3820333946663701,156.45385653548928,0.9997647522370662,1,0,True,True,operation,5307.075940261333,0.146176968503491,17.24488167651779,7.340017386583637,1.3530974904068545,0.7173776760888667,1.3455469045074402,0.8015756170713513,1.3455469045074402,0.8015756170713513,1.3530974904068545,0.7173776760888667,8.462054091461244,4.806599588608081,196.390988588143,False,False,46.982558080632984,40.42752323340364,40.42752323340364
2038,SS316L,8.0,5,2,20.38985,22.33315,19.6589,4539.11915,0.0647292963089848,2.755192011078428,0.9199820665348504,test,20.034319070283697,3.7236916000634004,74601.6256350054,0.6380146881291623,46.38042881834647,0.555872356934929,0,0,True,True,operation,4712.838075294079,0.08816860355387147,10.139539109700738,5.1833927003620826,3.5999031888181783,0.23216199949146743,3.583273833511226,0.2276004859832466,3.583273833511226,0.2276004859832466,3.5999031888181783,0.23216199949146743,23.10013323265996,0.8310605170750099,109.19400935369802,False,False,93.55088214003652,93.64825306247324,93.64825306247324
2049,C45,10.0,3,1,14.4432,390.5221,20.4133,6898.0503,0.1116483982144522,11.510833892132572,5.553525738488655,test,13.407145760684042,147.69836379224907,1980213.4919772213,0.7003440481548036,6.148565763178665,0.969105152242933,0,0,True,True,operation,5072.427740562798,0.12956917778233465,14.98096079671075,6.4448994118244824,4.3563280541361005,3.2592493175111152,4.350905321660737,3.607619209950501,4.350905321660737,3.607619209950501,4.3563280541361005,3.2592493175111152,16.6338949255157,12.538424465380594,190.36830261217546,False,False,25.18356567713875,17.0834816379439,17.0834816379439
2055,C45,16.0,3,1,9.874849999999999,179.10505,19.7344,4780.73535,0.1866199579838319,7.813258239163475,2.7083061744504393,test,16.994962568878833,56.63748802158418,962551.9889221465,0.6404366799820695,38.5985144448935,0.9874494891885484,0,1,True,False,operation,2409.035426317584,0.20792818417783707,12.584412756375968,10.257177429957006,3.468804898587695,1.3165270389306687,3.4593239130125877,1.530008517546049,3.4593239130125877,1.530008517546049,3.468804898587695,1.3165270389306687,21.73326769827194,5.739098647891481,193.9718127976287,False,False,62.046668019101176,55.7714583537329,55.7714583537329
2061,Al6061,10.0,2,1,108.0727,326.3897,20.6242,8009.619,0.0852768537418952,12.661259685779102,3.8440297286695024,test,11.645235331876641,66.48699072481493,774256.6534987693,0.3676931140199851,85.57977397230297,0.9380705127235355,0,1,True,True,operation,7318.772445778913,0.12978104502480553,14.991052131332266,6.470645367595046,2.0009741364839138,0.907297405944359,1.9897275519136521,0.9037559746701096,1.9897275519136521,0.9037559746701096,2.0009741364839138,0.907297405944359,13.302340451145918,5.033152542354083,184.27194492197566,False,False,54.65721473348724,54.578908363564246,54.578908363564246
2062,C45,10.0,3,1,140.3863,176.4357,17.9558,4432.1032,0.0839679910449307,5.165739020961287,6.184747986574446,test,17.601597664113772,35.66969130731998,627843.5551945827,0.5238301571698207,44.94651460850818,0.7248312545101139,0,0,True,True,operation,3824.414868796542,0.12921634237997076,14.824693797343423,6.478451601342256,2.8455850629698363,1.220308864438352,2.8338988425584684,1.2891445730933737,2.8338988425584684,1.2891445730933737,2.8455850629698363,1.220308864438352,19.648634879797843,5.090477285164834,142.38382210845413,False,False,57.115713027929694,54.50985921820968,54.50985921820968
2065,Ti6Al4V,16.0,5,2,74.9282,154.7642,25.538,1133.9871,0.0783362196433568,2.90367958950031,6.486302856707693,test,28.252637981253102,8.365398662714894,236344.5799865427,0.5464299215823833,52.26696851549004,0.686439006483412,0,0,True,True,operation,1001.2434887880999,0.15559260799076102,16.700141197842914,10.365896698811339,4.12974946394117,0.4610909807810255,4.102040173479884,0.47944788534513577,4.102040173479884,0.47944788534513577,4.12974946394117,0.4610909807810255,29.559797228415157,1.8949655797174703,134.8421564043833,False,False,88.83489216943951,88.31196514249626,88.31196514249626
2070,Ti6Al4V,10.0,3,1,105.3098,44.30695,24.7551,1532.4527,0.0901180156740703,4.046130813437597,4.968242472895851,test,26.48826979523313,8.328420731961495,220605.4553164091,0.10863787933981618,8.502773798421067,0.1857603387874269,0,0,True,True,operation,1851.0573721015755,0.0972034529924006,10.431434042456797,6.480520459898474,2.6620154057439476,0.8666400545324345,2.6378067116450006,0.7964577094153691,2.6378067116450006,0.7964577094153691,2.6620154057439476,0.8666400545324345,27.631417403236874,6.385532784711767,36.49024082245353,False,False,67.44421340829031,69.80606251779993,69.80606251779993
2075,C45,8.0,5,2,23.2955,427.1555,25.3671,8010.3051,0.0816212955797782,9.866378119413907,4.871055567428496,test,18.26808227650585,157.10983975511294,2870095.479095053,0.7481450664559817,5.263909332875825,0.9833786758304504,0,0,True,True,operation,6032.62352386477,0.10323118517574222,11.942511623959243,5.194714788492649,8.065417200617695,6.166979747918275,8.068643045456215,6.753264871891784,8.068643045456215,6.753264871891784,8.065417200617695,6.166979747918275,24.4888541070032,19.676828030372764,193.1721536198413,False,False,23.537994445644134,16.302346827762744,16.302346827762744
2076,Ti6Al4V,20.0,3,2,13.4987,513.4641,24.3081,917.1932,0.1831462681893089,4.711764196601959,7.157530536676248,test,29.413176660378642,16.99522474769879,499883.54788690346,0.6129916309560985,7.637161267555341,0.9322598276864925,0,0,True,True,operation,1159.8062199704175,0.19438707304841832,20.97656820795122,12.90779912339619,4.372702872284145,0.7837559134695792,4.359643151771634,0.75133808218034,4.359643151771634,0.75133808218034,4.372702872284145,0.7837559134695792,30.957189306859643,2.9219714076250147,183.13051022321704,False,False,82.07616807358848,82.76606465198837,82.76606465198837
2086,C45,12.0,4,1,11.0169,13.4021,20.9912,5585.0961,0.0765941792468656,8.697688214801492,6.225352869525211,test,13.880445853029995,92.65187599837323,1286049.347977069,0.7003170415250054,30.670809058225878,0.9971296663933082,1,0,True,True,operation,3186.0114614547247,0.15057354512438176,13.90630440478553,7.340195719208569,3.4193592022764587,1.9320818124961123,3.420515218656225,2.075957159353207,3.420515218656225,2.075957159353207,3.4193592022764587,1.9320818124961123,16.354553499915024,7.8781209718265375,195.87335970323556,False,False,43.495792685079195,39.30864134062347,39.30864134062347
2099,Al6061,10.0,2,1,190.3931,197.3418,27.4038,7953.7466,0.0417818423398021,5.332707694306191,3.7695213519579966,test,10.961661092893564,13.360518690154494,146453.47790674382,0.3676931140199851,452.4352057051779,0.9380705127235355,0,1,True,True,operation,7318.772445778913,0.12978104502480553,14.991052131332266,6.470645367595046,1.5379270725396978,0.1787904360882405,1.5273255377683763,0.1745335117563904,1.5273255377683763,0.1745335117563904,1.5379270725396978,0.1787904360882405,11.72057842238013,0.9520392124910514,184.27194492197566,False,False,88.37458295125853,88.57260567963743,88.57260567963743
2104,SS316L,16.0,4,2,53.5187,8.5787,24.2175,1965.6468,0.1276591382398859,18.547350289735203,2.2409614290259494,test,20.16330251019862,41.718975925923175,841192.3320100824,0.995503565939492,48.990173655551416,0.9952302349375921,0,0,True,True,operation,1467.4295509851852,0.1761816027916197,18.484528147292718,10.227302911379233,4.387737663856825,1.5779339660383642,4.368055265659494,1.7394615607535937,4.368055265659494,1.7394615607535937,4.387737663856825,1.5779339660383642,22.271483128425746,4.766273950708821,195.50024070648277,False,False,64.0376411052032,60.177665918543106,60.177665918543106
2107,Ti6Al4V,8.0,5,1,4.1014,351.8396,27.8585,3241.336,0.043734367244615,7.759336959711064,4.659473994553171,test,29.820198931761123,25.62585762113024,764168.1720590906,0.16265322249085248,1.0852287862820003,0.26580605409043606,0,0,True,False,operation,3103.985390811123,0.07766233898059804,8.389601346460244,5.163535173042153,3.8409244701471663,2.236084069826889,3.8332734691287245,2.249147356206205,3.8332734691287245,2.249147356206205,3.8409244701471663,2.236084069826889,32.02188912422085,16.472764651771747,52.2141970085738,False,False,41.78265969022783,41.325674405446996,41.325674405446996
2115,Ti6Al4V,10.0,4,2,21.5192,144.2779,22.3892,1620.096,0.0623870210760734,7.868647651515252,6.274682631099663,test,28.19171006135554,19.9612095120337,562740.6310372264,0.1818158038784045,2.2613681802060697,0.3107532758954975,0,0,True,True,operation,2319.612439940835,0.09719353652420916,10.48828410397561,6.453899561698095,4.362485286536279,1.9462706750519232,4.353211839647068,1.825373185272714,4.353211839647068,1.825373185272714,4.362485286536279,1.9462706750519232,29.378968259821566,10.084666804048128,61.04350340773902,False,False,55.38619508795591,58.06835843254749,58.06835843254749
2117,Al6061,12.0,3,0,26.632550000000002,143.8655,24.8665,7996.33195,0.0462864632086623,6.397192475429025,7.680659109797151,test,5.9890052097547954,54.55743884703427,326744.7854857669,0.4089315202867433,437.42096485057954,0.9984832329064717,0,0,True,True,operation,5327.746699268072,0.11184232238866389,14.358064676402137,7.641834118184304,0.8141232488108183,0.28526748921241096,0.8138026973920157,0.28830784105102464,0.8138026973920157,0.28830784105102464,0.8141232488108183,0.28526748921241096,6.681712126855215,1.9760832062409175,196.13925051909513,False,False,64.96015933347951,64.57275922346271,64.57275922346271
2133,Ti6Al4V,10.0,4,2,17.99885,270.43465,17.2741,1937.7479,0.0525318247021922,3.0795270748106245,1.9069869467520597,test,28.213154376433227,2.3911757607253468,67462.61087852936,0.19444226991003982,15.365868721198462,0.33225756761304515,0,0,True,True,operation,2483.188312648899,0.09707792372574756,10.487001683075308,6.454418966302691,3.9277589301065956,0.22443860285208583,3.9024216564418177,0.21032187001875655,3.9024216564418177,0.21032187001875655,3.9277589301065956,0.22443860285208583,29.40978514298807,1.1374491988133542,65.26774626071727,False,False,94.28583559108617,94.61047809450388,94.61047809450388
2137,SS316L,16.0,6,1,63.2141,267.0329,23.2175,1810.0863,0.0778130397721362,7.852582078237216,4.1218141259612,test,24.348485965941407,27.35292665306385,666002.3507395497,0.9959864034663446,63.83767982772323,0.9874339573506932,0,0,True,True,operation,1453.073578494568,0.17627456152443166,12.195627694483846,10.349017852712505,3.3540593596358876,1.0992833934479924,3.3294351394128627,1.1555888004664323,3.3294351394128627,1.1555888004664323,3.3540593596358876,1.0992833934479924,26.491888013415576,3.9832236732029958,193.96876176688957,False,False,67.2252850776222,65.29174613474473,65.29174613474473
2139,Ti6Al4V,10.0,4,2,15.7638,368.55475,24.6954,2532.0056,0.0549567751607474,6.4949404382813,2.511409868409827,test,26.106808939561112,9.079013523105765,237024.0714074138,0.19444226991003982,4.373486693539065,0.33225756761304515,0,0,True,False,operation,2483.188312648899,0.09707792372574756,10.487001683075308,6.454418966302691,4.06912447036698,0.7890665645136268,4.047463814082931,0.7838704173327296,4.047463814082931,0.7838704173327296,4.06912447036698,0.7890665645136268,27.62046934795598,3.9963297686073673,65.26774626071727,False,False,80.60844365268423,80.63304693162927,80.63304693162927
2144,C45,10.0,6,2,29.0563,191.356,27.2002,5396.5026,0.1048454566987382,9.54756790909111,5.817335889070893,test,12.711490562443753,188.55157013179266,2396771.5042642336,0.7792417797162516,19.018635680361808,0.9998626132205956,1,0,True,True,operation,3822.736798110166,0.09456534766126425,14.430891291121952,6.274992896092785,5.459530707028842,4.640706421221945,5.473035440402598,5.029067488204293,5.473035440402598,5.029067488204293,5.459530707028842,4.640706421221945,17.206581717477885,14.959964091802586,196.41021212573676,False,False,14.998070891930436,8.111914440035974,8.111914440035974
2150,SS316L,20.0,6,1,14.36195,253.5488,25.6304,2325.11895,0.1226801379774494,5.3386407449826905,6.962034389975033,test,21.405741202625016,63.61177919620895,1361657.2829125747,0.9795896718323734,14.840366752077225,0.982629543053709,0,0,True,False,operation,1398.5526760863154,0.22005645243847366,8.155219979875255,12.817805750626412,4.347822413110699,2.123707253870996,4.341936844962234,2.493609902723908,4.341936844962234,2.493609902723908,4.347822413110699,2.123707253870996,25.221928831142236,8.4112034930055,193.02499607475002,False,False,51.15469188743693,42.569180719034684,42.569180719034684
2155,Ti6Al4V,20.0,6,1,6.5373,88.7567,24.4192,1381.3547,0.1577581474193243,3.6543197410236496,2.998864628327958,test,26.42150979791426,14.32886079308242,378590.1358373767,0.9721049357465015,51.50963885281421,0.9989322368319048,0,0,True,False,operation,786.3725007189455,0.1915174864981082,16.90541982593063,12.845345846092014,2.993472995425039,0.43964922352557656,2.9743053886392383,0.5092377359206759,2.9743053886392383,0.5092377359206759,2.993472995425039,0.43964922352557656,30.020118745447053,2.1109477575555,196.22745159299623,False,False,85.31307200039895,82.87876766569504,82.87876766569504
2157,Al6061,8.0,3,1,386.4275,22.6784,24.3721,8014.1231,0.0723348318974714,2.102519125471302,4.21057183278307,test,11.89809605102033,15.39592462460684,183182.1899778413,0.327850462607145,522.7466582226969,0.7857619327989473,0,1,True,True,operation,7982.382321930015,0.10382483601984442,11.992841705065812,5.176516294076038,1.9585626033078436,0.28503590976234094,1.9402751290950517,0.27957846175242984,1.9402751290950517,0.27957846175242984,1.9585626033078436,0.28503590976234094,14.05351143305503,1.4941388998515277,154.35287394561337,False,False,85.44667863662158,85.59078258747634,85.59078258747634
2158,C45,12.0,6,1,44.278800000000004,424.70285,28.0651,4689.6074499999995,0.1364488416939797,4.637922203676075,5.796566845043341,test,15.354438039816763,103.2171593640357,1584841.4781009785,0.6997391513991386,24.44525834382624,0.992554412290947,0,0,True,True,operation,3188.446834676109,0.15371069720581113,9.727407291764393,6.816264528617263,4.336234304966842,2.56895401299241,4.32875303251595,2.9941890414421226,4.32875303251595,2.9941890414421226,4.336234304966842,2.56895401299241,21.495172076596866,10.618288396026248,194.9746095980792,False,False,40.75610697397372,30.83021787219296,30.83021787219296
2169,C45,10.0,6,1,21.7011,571.6477,23.2069,5492.2897,0.0342668685558046,12.908555490908856,4.148285311882734,test,17.56280123337865,60.46796744752051,1061986.8932672134,0.7437856220176046,38.8073918269196,0.9993044045142169,0,0,True,True,operation,3828.223665312752,0.11423744316212833,11.661336333490908,6.415288431895347,3.6292290600193096,1.7170521049076521,3.645242592120778,1.7818667143908682,3.645242592120778,1.7818667143908682,3.6292290600193096,1.7170521049076521,19.628664906896486,6.888715803323065,196.3005591704401,False,False,52.68824104206538,51.11802110942114,51.11802110942114
2173,Al6061,10.0,3,1,1.52565,438.15015,24.2874,8024.32785,0.0744416660749212,6.982374055987193,1.3272117433603214,test,8.79504332697078,16.60692904820426,146058.6605068861,0.4112169697518311,905.2741432780218,0.9991758834024462,0,0,True,True,operation,6394.517053980668,0.10888434489822368,14.481417626808982,6.48873671608305,1.3725031993628207,0.15770191080579637,1.365067643309464,0.15725436004854518,1.365067643309464,0.15725436004854518,1.3725031993628207,0.15770191080579637,10.436814983583444,0.9060661357516973,196.275312843103,False,False,88.50990577806967,88.48010493697599,88.48010493697599
2182,Ti6Al4V,16.0,6,2,30.84585,6.3665,23.8072,1099.69635,0.093490652319608,13.423252237320842,2.8538721351884964,test,25.953413870757604,23.63112983012812,613308.4927149209,0.6553176891650069,15.694443424788917,0.9508810351622564,0,0,True,True,operation,1155.9252913651078,0.1558163607123667,16.639092871003196,10.387862727705414,4.26979008254142,1.0022334329018046,4.252807863698863,0.9887999519844709,4.252807863698863,0.9887999519844709,4.26979008254142,1.0022334329018046,27.621104480210136,3.6530567630559982,186.78840808037518,False,False,76.52733709322624,76.74947978664463,76.74947978664463
2186,SS316L,10.0,6,2,76.61185,317.002,24.5149,2910.71025,0.0467813256752302,5.867998437656915,5.594940083023857,test,25.455683815681432,26.823051268689532,682799.1120675734,0.7665032997224442,30.96156082621599,0.7024416019454088,0,0,True,True,operation,2543.991944889921,0.10971928592200159,12.688571236865604,6.493386934126923,4.929800035443862,1.6897374713890498,4.90822579620798,1.7185317123384916,4.90822579620798,1.7185317123384916,4.929800035443862,1.6897374713890498,27.62207203388557,5.811586028416723,137.98566144967066,False,False,65.7240159998313,64.9867022485762,64.9867022485762
2189,Ti6Al4V,16.0,4,2,7.9864,396.50085,26.0176,1404.32805,0.1129725273545496,5.436571206379378,6.848720298154522,test,28.239974300179284,23.62848720223498,667267.8713432308,0.4531131342762926,3.9770405067919516,0.8505793730893954,0,0,True,False,operation,1551.9926954055616,0.1553246779611961,16.77920269292049,10.327070346084305,4.528708104160927,1.1148935020204327,4.524243361640154,1.1048984779484985,4.524243361640154,1.1048984779484985,4.528708104160927,1.1148935020204327,30.10676002238599,4.394698780701325,167.08543042743617,False,False,75.38164358625629,75.5782704503335,75.5782704503335
2191,C45,10.0,4,1,50.714650000000006,86.83945,21.4086,4739.93065,0.0818860848549508,10.932432359735715,1.514774407629169,test,19.09656008678285,25.710282225722512,490977.9493716551,0.7160204979363927,73.31800070118891,0.991471878921441,0,0,True,True,operation,3890.3206806825165,0.12959579465929671,14.902552686455367,6.480479897749828,3.0016987310440992,0.7954537177078329,2.9954402732960776,0.8329347539147502,2.9954402732960776,0.8329347539147502,3.0016987310440992,0.7954537177078329,22.184906417054382,3.0504824114178724,194.76195977406687,False,False,73.49988160100446,72.19324446759148,72.19324446759148
2200,Al6061,25.0,3,0,29.9477,321.3595,18.2471,5795.2743,0.1455915565549667,15.87968598559965,2.470747232205711,test,7.966934176971122,99.31198633943309,791212.0581505187,0.3309632244887462,177.35235464642895,0.9995106300352634,0,0,True,True,operation,2562.3022786380216,0.2384792373282835,6.700863201742595,15.983732727270958,1.2947350229354606,0.5660505259226729,1.2935275686860364,0.6328058552446103,1.2935275686860364,0.6328058552446103,1.2947350229354606,0.5660505259226729,10.067573236684158,4.799291012044331,196.34106953436302,False,False,56.28058900891497,51.079059266791376,51.079059266791376
2214,Ti6Al4V,12.0,3,2,55.54,533.2228,25.6999,1652.8578,0.0473457942605917,7.421324894264194,7.085556517208632,test,28.05894096365008,12.345070206975166,346389.5961296317,0.18038722277964267,4.661087894151621,0.3199378892404563,0,1,True,True,operation,1834.3159162525121,0.11680294052232497,12.592483790319102,7.7647744411140565,4.229152558593947,1.2410751672191431,4.205180472542597,1.1285793736201553,4.205180472542597,1.1285793736201553,4.229152558593947,1.2410751672191431,28.74512118416798,5.880594225500071,62.847703136305356,False,False,70.65428238815393,73.16216554820589,73.16216554820589
2215,Al6061,8.0,2,1,553.9485999999999,20.887900000000002,28.8856,8002.64885,0.0337567746005944,8.433729922360085,4.046713706842226,test,7.193984569288765,18.43940359191012,132652.78490708926,0.2185669750714301,481.2457209192208,0.5238412885326317,0,1,True,True,operation,7982.382321930015,0.10382483601984442,11.992841705065812,5.176516294076038,1.0911929494784942,0.2707510128226361,1.081810461436256,0.2602913293767337,1.081810461436256,0.2602913293767337,1.0911929494784942,0.2707510128226361,7.598861441488519,1.5116983559606922,102.90191596374225,False,False,75.18761343243338,75.93928523937915,75.93928523937915
2217,Ti6Al4V,12.0,3,2,14.15505,255.89345,28.9207,1858.71335,0.0924655762418123,3.534123436900902,2.003748421099363,test,28.240804693105606,3.651225540965103,103113.54739287433,0.20247816143719732,10.857461317580917,0.35883817302208876,0,0,True,False,operation,2069.3235938740822,0.11649350847089705,12.584402019690367,7.74530275956323,4.1229724579442575,0.31191935300879975,4.0926740332106615,0.304340548588095,4.0926740332106615,0.304340548588095,4.1229724579442575,0.31191935300879975,29.757574195529298,1.5730262574908014,70.48916596157464,False,False,92.43460012914264,92.5637725819727,92.5637725819727
2219,C45,8.0,3,2,27.96545,423.11445,22.1082,5138.1946499999995,0.0795041757975814,11.729898587572691,4.3250689095818124,test,12.867936186634083,62.17403247558672,800051.482361565,0.4979487592868068,8.468923328154705,0.6551143747444033,0,1,True,True,operation,6655.162569627812,0.10382483601984442,11.992841705065812,5.176516294076038,3.0560020202811344,2.1301897362952014,3.061257800233725,2.0252258647889856,3.061257800233725,2.0252258647889856,3.0560020202811344,2.1301897362952014,14.510640556772243,7.559361316558697,128.68883345454128,False,False,30.294884553144495,33.84334162792951,33.84334162792951
2220,C45,12.0,5,1,58.180949999999996,411.6021,28.0254,5386.33705,0.0364145069828553,13.983887246272054,2.597671713313357,test,13.879122174846795,35.6246120356796,494438.3428747147,0.719970305241393,85.30933682802933,0.9970748482064445,0,0,True,True,operation,3190.15754549115,0.1302959328331053,12.23555383644998,7.702201371459696,2.66647945470519,0.7960069354656961,2.6636914168732946,0.9541872798120309,2.6636914168732946,0.9541872798120309,2.66647945470519,0.7960069354656961,15.296967091180168,3.070929788343645,195.862591372099,False,False,70.14764415075143,64.17800974363318,64.17800974363318
2222,C45,10.0,4,2,45.0031,396.2525,22.9491,4897.167,0.0904622689430179,2.7208599468061134,3.241787651833748,test,15.40404200168227,15.630149543348457,240767.4800583146,0.7160204979363927,149.51156039669723,0.991471878921441,0,0,True,True,operation,3890.3206806825165,0.12959579465929671,14.902552686455367,6.480479897749828,3.0353450574624214,0.4542855426981334,3.0269448805588115,0.47801305269193656,3.0269448805588115,0.47801305269193656,3.0353450574624214,0.4542855426981334,18.247428147910416,1.4959062094320876,194.76195977406687,False,False,85.0334794200327,84.20806881016976,84.20806881016976
2228,Al6061,12.0,2,0,63.5237,41.8075,25.6443,8019.2511,0.0764872173829131,12.59785964564668,3.985917070204364,test,5.968783288210736,61.59957186812487,367674.4951273999,0.3820333946663701,345.79481647193984,0.9997647522370662,1,0,True,True,operation,5307.075940261333,0.146176968503491,17.24488167651779,7.340017386583637,0.882942620658569,0.3188049826096301,0.8794406423799478,0.32932313543874003,0.8794406423799478,0.32932313543874003,0.882942620658569,0.3188049826096301,6.731506999040539,2.174731970051534,196.390988588143,False,False,63.89289913631761,62.553113926197035,62.553113926197035
2245,Al6061,6.0,3,0,2245.0518,329.479,23.3847,8008.7136,0.0557348362022369,6.782574429821431,1.8401503737292155,test,9.923988565500656,16.713162255767678,165861.23111959558,0.13777036391273162,991.8094886957699,0.3046408535853813,0,1,True,True,operation,7335.77315508328,0.07786862701488331,8.994631278799359,3.8823872205570282,1.2198258728956324,0.39544002310034204,1.216124015486481,0.39809740024783014,1.216124015486481,0.39809740024783014,1.2198258728956324,0.39544002310034204,11.30827438206982,3.2663720763078303,59.84279628392226,False,False,67.5822564607813,67.26506547207845,67.26506547207845
2256,Ti6Al4V,10.0,5,1,78.15950000000001,356.89635,18.6899,1664.339,0.0663364780059912,8.539134588698309,5.7151075848280595,test,27.74493941293861,26.94030282476377,747457.0696392898,0.17045225878373274,5.026440750787727,0.29147210603414175,0,0,True,True,operation,1741.375170479622,0.09724114415390413,10.437823259919698,6.478856829997817,3.327406243989161,2.0376642999886823,3.323872766558604,1.9770595633079144,3.323872766558604,1.9770595633079144,3.327406243989161,2.0376642999886823,29.340365731220622,14.206006864250678,57.2559643874499,False,False,38.76118061419014,40.51939703591972,40.51939703591972
2257,SS316L,25.0,5,2,17.908099999999997,36.8077,23.9676,1642.0285,0.0765992841196109,12.85985935993408,2.328545614685142,test,24.841815606410673,18.831996933914557,467820.9953327966,0.9964398901576617,22.096051637330916,0.981070588083546,0,0,True,True,operation,1326.284222103857,0.26875640439221204,7.463133170946074,14.488965232460759,4.328609881251685,0.8804937865602801,4.295249645427272,0.9023528545848559,4.295249645427272,0.9023528545848559,4.328609881251685,0.8804937865602801,26.469190106724927,2.878141254552475,192.7187593254851,False,False,79.6587400871138,78.99184147432497,78.99184147432497
2262,C45,25.0,5,1,120.1566,214.45425,23.6218,1724.0862000000002,0.0788036793567387,21.122320129285544,3.1845718535099885,test,16.459407279037816,45.69494385627653,752111.6915232223,0.6320278412408266,62.14446075517799,0.9894554800900167,1,0,True,True,operation,1528.3238411537443,0.2210947090643458,7.108227543223613,16.184337617414755,2.666005524025037,1.1419109907696487,2.655780970722056,1.1245445954105717,2.655780970722056,1.1245445954105717,2.666005524025037,1.1419109907696487,17.62411896777292,4.550578927176473,194.36586403353863,False,False,57.167718503237246,57.65672667257535,57.65672667257535
2264,C45,12.0,4,1,89.77815000000001,163.58294999999998,26.2497,3785.3117,0.0886953833738933,13.32841833259944,3.0180577753345013,test,19.050229367821697,54.021771082983776,1029127.1299867984,0.6967892253721752,38.38332407833697,0.9936002742119193,1,0,True,True,operation,3183.9452080287642,0.14985295261880227,13.62037342088297,7.508540749568493,3.6053268759459973,1.6772652288543712,3.597327773986341,1.7589746141162126,3.597327773986341,1.7589746141162126,3.6053268759459973,1.6772652288543712,21.715195104280387,6.320928324554441,195.18005578542164,False,False,53.47813702982824,51.10329876426514,51.10329876426514
2269,Ti6Al4V,16.0,3,1,8.4947,499.30495,23.8042,1296.0751,0.0664246500839183,4.626815450066584,8.779767018788782,test,26.73404567196309,10.49170004636588,280485.5882160827,0.3281757669043865,8.711044401511636,0.5966462897193551,0,0,True,True,operation,1449.7577749630216,0.15550965843873465,16.781254566360975,10.326239298716953,2.591756586066294,0.43614506038603035,2.5684953475167194,0.4296726706916366,2.5684953475167194,0.4296726706916366,2.591756586066294,0.43614506038603035,27.45328619754112,2.5617556093900182,117.2035265428589,False,False,83.1718355523502,83.27142499568652,83.27142499568652
2271,SS316L,10.0,5,1,13.67035,222.6261,23.419,4587.69615,0.0769207885074579,9.055096414413574,4.323798500016542,test,20.31098323132954,69.08231829846217,1403129.808541435,0.8571507110844553,5.184983917186163,0.7865750548198277,0,0,True,False,operation,3414.230872308375,0.11037397781685857,12.630717325444916,6.492415480895714,4.722488085297368,2.7386295010956796,4.719077766190947,3.066659751314747,4.719077766190947,3.066659751314747,4.722488085297368,2.7386295010956796,24.044070070483283,10.86335282323967,154.51260135865346,False,False,42.00875784902626,35.01569791272938,35.01569791272938
2276,C45,12.0,3,1,34.5812,14.3904,19.9704,5391.9295,0.0417352280624942,8.326805145499854,2.3646394109266087,test,18.904757419944733,13.292650202592839,251294.32754819683,0.6908732468749663,150.04404838007116,0.9975611588238029,0,0,True,True,operation,3209.646664803647,0.15545623407647183,16.829907946747095,7.778482923107983,2.6962380332419413,0.37843181571685097,2.683211861854321,0.4261004916324865,2.683211861854321,0.4261004916324865,2.6962380332419413,0.37843181571685097,20.23419553803566,1.4823440924791247,195.95812086810312,False,False,85.9644507995525,84.11975969210214,84.11975969210214
2285,Al6061,20.0,3,0,35.095650000000006,240.38774999999998,16.7547,6668.46285,0.1854937451087335,12.029515761894691,4.122004092947605,test,7.3395736334593185,184.0063559508234,1350528.1985255936,0.35356780248358727,100.40050041622428,0.994486558875043,0,0,True,True,operation,3208.3664760202237,0.19952414323575796,9.253914135042578,10.992500859890134,1.5993752042563047,1.020774069068925,1.5868311764114729,1.1541535714757951,1.5868311764114729,1.1541535714757951,1.5993752042563047,1.020774069068925,10.176681574073127,8.296192610268536,195.35415506304858,False,False,36.17669785348611,27.266769859800284,27.266769859800284
2287,SS316L,16.0,4,1,39.358,235.6794,14.0,2044.5412,0.0943364983441665,4.140520372037644,7.548699737039704,test,24.10525873950292,24.113635189031125,581265.4153815777,0.995503565939492,70.89731701281312,0.9952302349375921,0,0,True,True,operation,1467.4295509851852,0.1761816027916197,18.484528147292718,10.227302911379233,3.043252007725906,0.9064125576192302,3.0292083341049802,0.9920882936679559,3.0292083341049802,0.9920882936679559,3.043252007725906,0.9064125576192302,26.04246638328057,3.293503878192686,195.50024070648277,False,False,70.21565892939132,67.24925511070596,67.24925511070596
2290,Ti6Al4V,12.0,4,2,7.931150000000001,542.42355,17.4669,1936.3361,0.0706406804322637,12.537958826825587,3.00214988785648,test,29.301754428272144,20.59466908886718,603459.9361735133,0.26997088191626306,2.4736275711152294,0.47845089736278495,0,0,True,False,operation,2069.3235938740822,0.11649350847089705,12.584402019690367,7.74530275956323,4.671345696668388,1.4421712187625004,4.661018711618361,1.4317112965680105,4.661018711618361,1.4317112965680105,4.671345696668388,1.4421712187625004,30.97176030228197,7.065693829616598,93.98555461543285,False,False,69.12728553163899,69.2832965248727,69.2832965248727
2312,C45,12.0,5,1,31.081699999999998,349.1403,21.5542,4342.27855,0.1343003398967123,14.73756494968796,1.8701851962617329,test,14.617086816533535,80.36651618442936,1174724.3442101514,0.6975896828540293,32.95938120821989,0.9997186915120277,0,0,True,True,operation,3203.2122200443096,0.15046299052778883,10.477113674394786,7.778117238520514,3.4414988903514363,1.8063106412064012,3.4465279071462263,1.949387800945483,3.4465279071462263,1.949387800945483,3.4414988903514363,1.8063106412064012,19.056794625800713,7.483415306706153,196.38194054828648,False,False,47.51383920911432,43.43908265174607,43.43908265174607
2330,C45,12.0,5,1,39.7232,442.169,24.1819,4884.0345,0.1111908506615774,10.447001789187652,5.912312433709477,test,19.51095743007112,167.71303778728858,3272241.9407356963,0.6975896828540293,11.83231196733989,0.9997186915120277,0,0,True,True,operation,3203.2122200443096,0.15046299052778883,10.477113674394786,7.778117238520514,7.002723893967237,5.101652956857653,6.995163701219289,5.934933740134633,6.995163701219289,5.934933740134633,7.002723893967237,5.101652956857653,25.029509294855746,20.845354526990782,196.38194054828648,False,False,27.147592363984725,15.15661400318413,15.15661400318413
2341,Al6061,12.0,2,0,68.60045,344.64715,25.9004,8011.53,0.088082282233281,11.107769640211806,1.86880993492516,test,6.728454061652862,29.29719329723296,197124.8192357961,0.3784367934299922,642.1917901893604,0.9997968221254193,1,0,True,True,operation,5307.17367264711,0.14743299357606096,16.253231101682317,7.721608837661266,0.8714480406235914,0.167224961351056,0.8690399127740537,0.174072111450124,0.8690399127740537,0.174072111450124,0.8714480406235914,0.167224961351056,7.717640323991628,1.1673191767642972,196.3972883072154,False,False,80.81067905880045,79.96960681650741,79.96960681650741
2363,Ti6Al4V,16.0,6,2,12.517050000000001,311.70785,21.9022,1538.4556,0.1011391011037327,14.898990503905036,4.182649933441397,test,27.15837059832559,58.17865381844077,1580037.4413129045,0.6489647017784267,5.013380395966402,0.9991795761849331,0,1,True,False,operation,1228.6272846713478,0.15594748902884054,16.747271550157993,10.19467601647601,5.53926820254949,2.3756712332770165,5.564560289344218,2.579562350286802,5.564560289344218,2.579562350286802,5.53926820254949,2.3756712332770165,29.79948847064499,9.014081718922434,196.27603824295494,False,False,57.11218257704879,53.643015509662085,53.643015509662085
2366,Al6061,10.0,2,1,272.44515,544.3041000000001,31.6834,7993.20515,0.0752437224189052,11.862827505091271,1.4438612688174874,test,11.582932056412139,20.603210988287668,238645.59302126005,0.3676931140199851,277.653186736507,0.9380705127235355,0,1,True,True,operation,7318.772445778913,0.12978104502480553,14.991052131332266,6.470645367595046,1.7993104770087274,0.3013601251569887,1.7868056367408376,0.2994373710224547,1.7868056367408376,0.2994373710224547,1.7993104770087274,0.3013601251569887,13.034269846444953,1.551345626555164,184.27194492197566,False,False,83.25135494914772,83.24174913794019,83.24174913794019
2367,C45,10.0,5,1,129.68275,203.07184999999998,29.794,4342.8719,0.0686302402276374,12.37526558137419,3.833048557294117,test,15.464369784036357,70.69055504424921,1093184.8834430464,0.7464585900164495,38.33360138226604,0.996868975323221,1,0,True,True,operation,3821.728359576212,0.11145759928040205,14.377084664760295,6.395160979809071,3.462268507063564,1.9691064643462104,3.458078091565553,2.0442983343370296,3.458078091565553,2.0442983343370296,3.462268507063564,1.9691064643462104,17.864990423726127,6.821051056981381,195.82215027936263,False,False,43.126696836801415,40.88339591511284,40.88339591511284
2369,C45,12.0,6,1,21.986,545.3848,30.6112,5210.6401,0.137879227270221,8.886944209779848,4.276468356651036,test,18.036080253949855,163.82451284246764,2954752.061190985,0.699316426159402,12.762597903453498,0.995176371764945,0,0,True,True,operation,3208.139333161003,0.1552543859233102,9.518391500227153,6.872454565269873,6.57105645691503,4.687308046640037,6.5757684082077565,5.348537291372908,6.5757684082077565,5.348537291372908,6.57105645691503,4.687308046640037,26.13472026204522,19.819780415970357,195.48965997566484,False,False,28.667359999511735,18.66293094055807,18.66293094055807
2377,SS316L,16.0,6,1,4.0639,15.5,25.444,3087.2933,0.0719566024825549,13.550382377449845,8.578586636226069,test,20.052984795835684,154.94125970852392,3107034.7251826585,0.9963365811448018,13.417548758379514,0.993770785043343,0,0,True,False,operation,1463.617933867247,0.17526378254698277,12.241077988222242,10.361416758929694,6.396067169596165,4.816195233412072,6.4228749194842205,5.1587901200260955,6.4228749194842205,5.1587901200260955,6.396067169596165,4.816195233412072,22.837230650415485,18.467819140945313,195.2135504557162,False,False,24.70067768665792,19.680981107438964,19.680981107438964
2381,Al6061,12.0,3,0,20.3949,432.6927,23.6885,8022.1719,0.1170951012260972,10.217706615147408,5.474638515104438,test,10.938391801306473,157.63796574772098,1724305.8321095016,0.4089315202867433,82.88843931602695,0.9984832329064717,0,0,True,True,operation,5327.746699268072,0.11184232238866389,14.358064676402137,7.641834118184304,2.1081995684033528,1.496384580819663,2.1014969216432346,1.5212771988285696,2.1014969216432346,1.5212771988285696,2.1081995684033528,1.496384580819663,14.14934656472199,10.428236191096868,196.13925051909513,False,False,29.02073393587916,27.609829776051765,27.609829776051765
2382,Al6061,12.0,3,0,153.8733,400.0895,18.2953,6859.9041,0.1008163379450652,7.327955938412357,4.7779033563387125,test,8.765014858431599,72.64244068776796,636712.0719810223,0.4089315202867433,224.47355031669605,0.9984832329064717,0,0,True,True,operation,5327.746699268072,0.11184232238866389,14.358064676402137,7.641834118184304,1.2643540680778587,0.5626384155935261,1.2608132598370239,0.5901290922302542,1.2608132598370239,0.5901290922302542,1.2643540680778587,0.5626384155935261,10.659327427100976,3.8506996547229173,196.13925051909513,False,False,55.49993235289856,53.194568059465375,53.194568059465375
2383,Al6061,10.0,2,0,32.8921,318.444,20.8492,8010.44,0.1125997302906689,11.089046637455615,4.688372279694222,test,5.215431428343801,93.78643270910821,489136.708703334,0.3676931140199851,135.4646016624447,0.9380705127235355,0,1,True,True,operation,7318.772445778913,0.12978104502480553,14.991052131332266,6.470645367595046,0.8025915547680014,0.477592866462106,0.800131011818135,0.47725805739417293,0.800131011818135,0.47725805739417293,0.8025915547680014,0.477592866462106,6.195468997486611,3.1796945597352972,184.27194492197566,False,False,40.49365911903223,40.35251098320747,40.35251098320747
2384,Al6061,20.0,2,0,9.7481,86.1979,26.1304,8006.5695,0.2101634867281874,8.378114541718801,5.5771421187103085,test,6.181258471412128,157.25039446166159,972005.3328990444,0.3562325708992262,144.18983343781187,0.99860983178393,0,0,True,True,operation,3215.61064581305,0.18493788320571186,13.20449202787131,12.490463025553023,1.278176478530024,0.7206548621702391,1.2648996989050008,0.7772883375545105,1.2648996989050008,0.7772883375545105,1.278176478530024,0.7206548621702391,8.348161165969318,5.568961151368616,196.1641192481062,False,False,43.61851635706571,38.549409235578594,38.549409235578594
2388,SS316L,10.0,3,1,4.5768,274.8286,23.8022,4445.3469,0.0938093075416177,10.775274395337558,4.593874820107805,test,23.701773976997316,61.92704222803651,1467780.7579528897,0.6202544592160983,1.7050848215235357,0.5685324057338494,0,0,True,False,operation,4111.640414656746,0.11015267472743705,12.735773554827528,6.453899561698095,4.5924784794015725,3.2041598939122884,4.605017307068759,3.2660706559579142,4.605017307068759,3.2660706559579142,4.5924784794015725,3.2041598939122884,26.790521866945777,15.0027547339789,111.68091389162133,False,False,30.23026872561829,29.075822343936576,29.075822343936576
2397,Al6061,12.0,3,0,79.8285,220.7802,20.8803,8005.0066,0.0830498061544407,8.248047241172095,5.2222905022912105,test,9.737281929680396,85.90802576171512,836510.6668640666,0.4089315202867433,170.8585735826668,0.9984832329064717,0,0,True,True,operation,5327.746699268072,0.11184232238866389,14.358064676402137,7.641834118184304,1.5654272629172532,0.7312936721784374,1.5606868836482097,0.7716639996131788,1.5606868836482097,0.7716639996131788,1.5654272629172532,0.7312936721784374,11.76024560093549,5.059039207539177,196.13925051909513,False,False,53.28472363413203,50.55612963124527,50.55612963124527
2398,Al6061,20.0,3,1,54.8481,61.5336,28.1359,6383.0245,0.1777104503758969,11.619975817987632,4.409812784561775,test,8.098147318837874,174.37575864676052,1412120.582355584,0.3581409735220719,93.80462368553263,0.995056004660049,0,0,True,True,operation,3256.7085201425925,0.1857035964820534,9.268184691900387,11.624013896845282,2.0847575785659864,1.3363931729364802,2.0611672050604173,1.5125646952985135,2.0611672050604173,1.5125646952985135,2.0847575785659864,1.3363931729364802,10.968763797897887,8.589747121984436,195.46601539860694,False,False,35.8969509608054,26.61610898984894,26.61610898984894
2411,Ti6Al4V,12.0,5,2,103.08359999999999,172.78365,21.5075,1387.3897499999998,0.0703701600823042,2.458052308922994,6.675968401435499,test,29.364760331277648,8.010551522499853,235227.92557955947,0.24418050895239118,22.999608051048174,0.41971983268916413,0,0,True,True,operation,1451.1459753996853,0.11668937298468493,12.525387911903637,7.774628195997382,4.288411848971474,0.6788081746415368,4.2639651852993525,0.6499555989590329,4.2639651852993525,0.6499555989590329,4.288411848971474,0.6788081746415368,30.85794063462269,3.104646463972481,82.44858871792786,False,False,84.17110579515955,84.75701440528054,84.75701440528054
2417,C45,16.0,4,1,7.6941500000000005,27.206400000000002,21.06,4976.0634,0.0729253663887623,15.314684475635271,8.14546796446445,test,18.190909015112055,181.070878936412,3293843.8840186405,0.662022856290064,11.490436177311087,0.9941559705146862,0,0,True,False,operation,2435.518407344718,0.18608754832297564,10.580762681551278,10.181049871309032,6.387882785780595,4.666608315781931,6.4011231775683575,5.088411437202576,6.4011231775683575,5.088411437202576,6.387882785780595,4.666608315781931,20.941383907000137,20.051585374512374,195.2892152111875,False,False,26.945930721055408,20.50752194499171,20.50752194499171
2422,SS316L,10.0,5,2,31.3376,74.1825,30.0859,4739.4729,0.0273962032540336,10.77324613939688,6.476878059861492,test,24.133030598465915,45.300472445987566,1093237.68766398,0.8203013419714538,7.587414051196525,0.7522713553917372,0,0,True,True,operation,3268.2412925460776,0.11016391339138736,12.666741337268967,6.480520459898474,6.282774803801088,2.7098297558474025,6.232352238605398,3.0464396359104158,6.232352238605398,3.0464396359104158,6.282774803801088,2.7098297558474025,25.765071575615302,8.785328407381105,147.77407869335772,False,False,56.86890203023111,51.11894322917615,51.11894322917615
2427,SS316L,12.0,3,1,19.48835,42.15345,24.5183,3437.0733,0.0498148750878875,5.036444354058564,6.933036379221589,test,22.29617653214132,17.935629064326555,399895.95183322957,0.6796345958648083,17.921531260370653,0.6499624510584611,0,0,True,True,operation,2723.534410455065,0.13219669606966483,15.20008960472276,7.77662455187817,2.925470947140343,0.8015862164289532,2.904836593893264,0.8394898802629933,2.904836593893264,0.8394898802629933,2.925470947140343,0.8015862164289532,23.489143052565428,3.484497672800513,127.67680399106112,False,False,72.59975467496929,71.1002718009053,71.1002718009053
2429,SS316L,10.0,5,2,37.34095,500.82370000000003,30.3358,3647.83915,0.0523199086258644,3.072858565535584,5.769551554092117,test,23.933735818497965,16.91832217763887,404918.65349184396,0.8203013419714538,20.485218255933862,0.7522713553917372,0,0,True,True,operation,3268.2412925460776,0.11016391339138736,12.666741337268967,6.480520459898474,4.465256118016527,1.0202047578270446,4.44392303259497,1.0343731675012307,4.44392303259497,1.0343731675012307,4.465256118016527,1.0202047578270446,26.3128315683167,3.253952355778824,147.77407869335772,False,False,77.1523798218271,76.72387303032964,76.72387303032964
2438,C45,12.0,5,1,23.2832,60.9982,26.7502,5763.044,0.0679331325635044,10.696434508835118,6.4832496139987015,test,15.928201054995018,135.74860035211378,2162230.9993426357,0.6975896828540293,17.906591611705522,0.9997186915120277,0,0,True,True,operation,3203.2122200443096,0.15046299052778883,10.477113674394786,7.778117238520514,5.273201368637712,3.3354154267415588,5.271038515060889,3.870516181107877,5.271038515060889,3.870516181107877,5.273201368637712,3.3354154267415588,19.176074340512773,13.774186801240374,196.38194054828648,False,False,36.74780852142508,26.570140399302957,26.570140399302957
2439,SS316L,8.0,5,1,67.05945,265.0606,30.6129,4036.9424,0.0624487888763661,2.7375222917053184,5.098716378337977,test,23.903020243576858,17.594020602364136,420550.23062421824,0.47715202025371317,19.662085688113876,0.41571672632088086,0,0,True,True,operation,3524.899088091212,0.08816914452809792,10.139371441547485,5.182948349405669,3.4651975024769834,1.1970016612118548,3.444820829269993,1.2561147317339085,3.444820829269993,1.2561147317339085,3.4651975024769834,1.1970016612118548,27.041563535776707,5.983476416250792,81.66222971164014,False,False,65.45646646818206,63.53613746581714,63.53613746581714
2440,Ti6Al4V,20.0,6,2,20.6971,427.031,24.2853,898.5473,0.1911155352926609,20.62405331722224,5.73681629619189,test,29.941684808465897,121.90826516349884,3650138.851072366,0.9994715739820303,6.045650262619098,0.9940219970315444,0,0,True,True,operation,760.7931327843011,0.19294477709682437,17.451318096439294,12.704004365152885,7.304949434408596,5.294587857169766,7.422945397151151,5.6083150094586625,7.422945397151151,5.6083150094586625,7.304949434408596,5.294587857169766,33.15529492838468,20.40847873779255,195.2628978352849,False,False,27.520540631936452,24.446231119912657,24.446231119912657
2441,Al6061,6.0,3,0,2402.6322499999997,455.41315,20.8767,8020.6659500000005,0.0227518690661409,4.462714060430699,3.384444640838046,test,9.009733101693403,8.268661996241857,74498.4376942545,0.13784524047737498,2204.5404347359076,0.304806422289119,0,1,True,True,operation,7339.760061100335,0.07786862701488331,8.994631278799359,3.8823872205570282,0.9695320641093729,0.17700632408711647,0.9669301751739291,0.17400365429440906,0.9669301751739291,0.17400365429440906,0.9695320641093729,0.17700632408711647,9.523527607974286,1.466451538586036,59.875320136492114,False,False,81.74311808349348,82.00452744552007,82.00452744552007
2455,C45,10.0,4,1,9.429400000000001,59.498599999999996,18.7783,6386.880450000001,0.0537209474785094,6.944771654784045,6.260468189994327,test,18.437691563430114,59.67016324452575,1100180.0654420902,0.7208031619178988,31.96686866441661,0.9978694736019962,0,0,True,True,operation,3919.8032180260775,0.12946850757574735,14.900457480136494,6.480514272733018,3.7459109833375694,1.6895848890139396,3.7504294676879715,1.7714622748468458,3.7504294676879715,1.7714622748468458,3.7459109833375694,1.6895848890139396,21.073584429335764,6.799444724458254,196.01868535985002,False,False,54.8952205076551,52.76641541698157,52.76641541698157
2463,C45,10.0,6,1,13.0763,218.1966,24.7521,6039.0367,0.1265620334605084,5.536589917611858,5.986480031846179,test,19.806873761110108,151.99743494066414,3010594.005882281,0.7437856220176046,13.689305632559373,0.9993044045142169,0,0,True,True,operation,3828.223665312752,0.11423744316212833,11.661336333490908,6.415288431895347,6.542686280040268,4.832019881567563,6.560787169340962,5.239601146147718,6.560787169340962,5.239601146147718,6.542686280040268,4.832019881567563,29.26852779128081,19.528608721249686,196.3005591704401,False,False,26.146239101994304,20.13761442174565,20.13761442174565
2477,Al6061,8.0,2,0,669.3329,366.9302,23.4884,7986.422,0.0537716870168058,2.633955474709299,1.4309717566007298,test,9.825629738484267,3.237243768353704,31807.958641059027,0.2185669750714301,2007.000380783601,0.5238412885326317,0,1,True,True,operation,7982.382321930015,0.10382483601984442,11.992841705065812,5.176516294076038,1.0656561881661557,0.052809151103774675,1.0612222203821429,0.050962596733849376,1.0612222203821429,0.050962596733849376,1.0656561881661557,0.052809151103774675,10.70470300650046,0.3624804320379173,102.90191596374225,False,False,95.04444757228391,95.19774503821661,95.19774503821661
2484,SS316L,10.0,5,2,101.34445,117.55789999999999,26.5524,3055.4130999999998,0.0733413198161093,3.7651648450513666,1.9575619252620604,test,25.393265888776423,8.258252664403633,209704.0056838978,0.618396585151818,92.28691132601233,0.5674812726073084,0,0,True,True,operation,2463.8796825460804,0.11037567896923484,12.627188515630502,6.4924066822026,4.393969058873458,0.5762257643913747,4.36871914965604,0.6281224086523705,4.36871914965604,0.6281224086523705,4.393969058873458,0.5762257643913747,28.3569778218271,2.147639316442686,111.47443224341636,False,False,86.8859849336511,85.62227538243506,85.62227538243506
2486,SS316L,12.0,6,1,7.6221,167.38765,15.8046,3816.9449,0.1199086823817586,3.0854662472403973,7.505942424991794,test,24.312645150560336,63.59805010433655,1546236.8244542913,0.9940157049111497,21.738621733722006,0.9508788769017291,0,1,True,False,operation,2035.350586890411,0.1322122797737055,14.844367866736613,7.793363903503554,4.997842435161815,2.4966680402350336,5.023323904195517,2.8281502974307813,5.023323904195517,2.8281502974307813,4.997842435161815,2.4966680402350336,31.267350745636897,9.670284391517669,186.78798411772033,False,False,50.04508300081695,43.69962297138177,43.69962297138177
2494,Ti6Al4V,12.0,4,2,4.8497,352.75805,20.4782,1957.04515,0.0865916408826773,10.265404458692238,4.97784930091889,test,27.091657039312075,34.63814420518645,938404.7232851463,0.30810918131693144,1.0730702168945112,0.5461546513837121,0,0,True,False,operation,2359.7918866326963,0.11663388907202339,12.585865889990256,7.742796053260265,4.656221004602546,2.106963897915746,4.6677685422755255,2.0647421346713375,4.6677685422755255,2.0647421346713375,4.656221004602546,2.106963897915746,29.004596130066442,9.74991824990223,107.28509048479253,False,False,54.749486851395794,55.76597005675905,55.76597005675905
2499,C45,12.0,4,1,57.626400000000004,328.2484,20.96,4168.635700000001,0.0711723903851628,17.665147720326484,4.504934382431557,test,17.46500095980316,94.44331662189192,1649452.6154483361,0.7003170415250054,23.913493253359867,0.9971296663933082,1,0,True,True,operation,3186.0114614547247,0.15057354512438176,13.90630440478553,7.340195719208569,4.205022885435791,2.576132663206539,4.207435826416926,2.7417590287730476,4.207435826416926,2.7417590287730476,4.205022885435791,2.576132663206539,19.62405179424063,10.104267975593556,195.87335970323556,False,False,38.73677424850545,34.83539281672316,34.83539281672316
