load_X,load_Z,power_Z,speed_SPINDLE,override_SPINDLE,powerDrive_SPINDLE,power_consumption,power_kw,split
16.986083984375,0.8056640625,29.6153388917446,-1.81183218955994,100.0,0.0382316894829273,Low,0.0382316894829273,val
17.962646484375,14.794921875,-740.383472293615,-1.60804658664377,5.00000007450581,1.15789330005646,Medium,1.15789330005646,train
16.961669921875,18.90869140625,2369.22711133957,4.89533063004373,100.0,2.30665302276611,High,2.30665302276611,test
19.3359375,16.864013671875,236.922711133957,0.552861287336154,100.0,0.255421429872513,High,0.255421429872513,train
18.505859375,16.95556640625,236.922711133957,0.55286128811344,100.0,0.262185424566269,High,0.262185424566269,train
18.865966796875,17.05322265625,414.614744484425,0.944444470935398,50.0,0.438103020191193,Low,0.438103020191193,test
16.5283203125,13.6962890625,-296.153388917446,-0.480237416610086,50.0,0.2400973290205,Low,0.2400973290205,test
17.7734375,13.433837890625,-1303.07491123676,-3.6,100.0,1.21806836128235,High,1.21806836128235,test
17.39501953125,13.079833984375,-29.6153388917446,-0.0923649349675269,100.0,0.0343574769794941,Medium,0.0343574769794941,train
17.76123046875,14.501953125,1658.4589779377,4.40217804271451,5.00000007450581,2.0133581161499,High,2.0133581161499,train
16.607666015625,12.530517578125,-59.2306777834892,0.0,50.0,0.251971393823624,Low,0.251971393823624,val
16.729736328125,13.6962890625,-29.6153388917446,-0.0942987662789802,100.0,0.0327973254024982,Medium,0.0327973254024982,train
17.071533203125,19.342041015625,5893.45243945718,12.0,100.0,6.21950817108154,High,6.21950817108154,val
17.816162109375,11.3037109375,-1451.15160569549,-4.95898489528111,50.0,1.35711622238159,Medium,1.35711622238159,train
17.66357421875,12.90283203125,-414.614744484425,-1.21073832654683,100.0,0.442522764205933,High,0.442522764205933,val
17.376708984375,13.177490234375,-29.6153388917446,-0.0938096455749405,100.0,0.0337894074618816,Medium,0.0337894074618816,train
16.357421875,13.531494140625,-29.6153388917446,-0.0912686859926533,100.0,0.0335583314299583,Medium,0.0335583314299583,train
17.578125,16.943359375,236.922711133957,0.551945983119144,100.0,0.261369079351425,High,0.261369079351425,train
18.426513671875,17.578125,1747.30499461293,3.6,100.0,1.63977670669556,High,1.63977670669556,train
19.329833984375,44.140625,-9299.21641200781,-30.5838882923126,50.0,7.93392896652222,High,7.93392896652222,val
18.54248046875,16.619873046875,29.6153388917446,0.119438237786884,100.0,0.0568249598145485,Medium,0.0568249598145485,val
17.28515625,13.427734375,-29.6153388917446,-0.0942501829428528,100.0,0.0345847234129906,Medium,0.0345847234129906,val
18.157958984375,13.067626953125,-29.6153388917446,-0.0917155684528386,100.0,0.0326746255159378,Medium,0.0326746255159378,test
16.455078125,13.65966796875,-29.6153388917446,-0.0899286317646966,100.0,0.0342301428318024,Medium,0.0342301428318024,val
17.999267578125,16.888427734375,207.307372242212,0.478415773129477,100.0,0.223036423325539,Medium,0.223036423325539,train
17.46826171875,12.87841796875,-414.614744484425,-1.21073832654683,100.0,0.429565906524658,High,0.429565906524658,val
16.986083984375,13.397216796875,-29.6153388917446,-0.092604986738704,100.0,0.0320020653307438,Medium,0.0320020653307438,train
16.61376953125,13.275146484375,-29.6153388917446,-0.0917155684528386,100.0,0.0326746255159378,Medium,0.0326746255159378,test
17.938232421875,16.8701171875,207.307372242212,0.478858676475701,100.0,0.222950756549835,Medium,0.222950756549835,train
16.9677734375,13.18359375,-29.6153388917446,-0.0942501829428528,100.0,0.0353277958929539,Medium,0.0353277958929539,train
17.12646484375,13.525390625,177.692033350468,0.534105870974308,50.0,0.204726308584213,Low,0.204726308584213,train
17.34619140625,55.078125,7818.44946742058,-24.0075588226318,94.9999988079071,9.49220180511475,High,9.49220180511475,train
16.8212890625,13.39111328125,-29.6153388917446,-0.092604986738704,100.0,0.0320020653307438,Medium,0.0320020653307438,val
17.987060546875,16.253662109375,355.384066700935,0.666802678699015,5.00000007450581,0.235403522849083,Low,0.235403522849083,test
19.256591796875,8.111572265625,2517.30380579829,-119.996219873428,120.000004768372,2.64709305763245,High,2.64709305763245,train
17.474365234375,16.89453125,236.922711133957,0.550471052630853,100.0,0.251166969537735,High,0.251166969537735,test
17.041015625,13.116455078125,-414.614744484425,-1.21073832654683,100.0,0.429926127195358,High,0.429926127195358,val
17.724609375,17.694091796875,1066.15220010281,2.20231229509232,100.0,1.03009414672852,High,1.03009414672852,train
16.607666015625,14.813232421875,-296.153388917446,-0.882879414593107,50.0,0.356949955224991,Low,0.356949955224991,val
16.204833984375,9.197998046875,-1125.3828778863,-4.12802264385283,100.0,1.31698393821716,High,1.31698393821716,train
17.401123046875,12.982177734375,-29.6153388917446,-0.135169573751467,100.0,0.0493867769837379,Medium,0.0493867769837379,val
17.76123046875,18.26171875,236.922711133957,0.552861287966154,100.0,0.254121541976929,High,0.254121541976929,train
17.56591796875,13.299560546875,-29.6153388917446,-0.0942987662789802,100.0,0.0327973254024982,Medium,0.0327973254024982,train
18.084716796875,7.2021484375,-355.384066700935,-2.4071359745827,50.0,0.679908931255341,Low,0.679908931255341,train
16.58935546875,3.094482421875,-325.768727809191,-0.87804,100.0,0.186719462275505,Low,0.186719462275505,val
18.2373046875,12.286376953125,-1569.61296126246,-4.63206386263416,5.00000007450581,1.70713579654694,High,1.70713579654694,train
17.34619140625,16.40625,1362.30558902025,3.06000008583069,100.0,1.48027360439301,High,1.48027360439301,test
17.584228515625,16.9677734375,236.922711133957,0.552861287977218,100.0,0.25178924202919,High,0.25178924202919,train
17.3828125,51.177978515625,7907.29548409581,-25.9579718112946,50.0,8.88220024108887,High,8.88220024108887,train
17.05322265625,0.860595703125,29.6153388917446,-2.16454267501831,120.000004768372,0.0390581153333187,Low,0.0390581153333187,test
16.73583984375,15.31982421875,-59.2306777834892,0.0,100.0,1.22651398181915,High,1.22651398181915,train
15.9912109375,20.751953125,6456.14387840033,12.0,50.0,5.72063302993774,High,5.72063302993774,val
17.29736328125,12.9638671875,-29.6153388917446,-0.0942772605799586,100.0,0.0375979393720627,Medium,0.0375979393720627,test
18.115234375,13.427734375,-29.6153388917446,-0.0942987662789802,100.0,0.0327973254024982,Medium,0.0327973254024982,train
17.864990234375,17.010498046875,236.922711133957,0.551945983119144,100.0,0.259056091308594,High,0.259056091308594,train
17.83447265625,11.6943359375,1747.30499461293,4.73643210703384,100.0,2.08668494224548,High,2.08668494224548,train
17.169189453125,16.876220703125,236.922711133957,0.552861287336154,100.0,0.25666406750679,High,0.25666406750679,train
17.48046875,12.969970703125,-414.614744484425,-1.21073832654683,100.0,0.443549454212189,High,0.443549454212189,train
17.724609375,16.888427734375,236.922711133957,0.551945983119144,100.0,0.265273302793503,High,0.265273302793503,test
17.724609375,10.14404296875,-769.99881118536,-2.75431943523947,5.00000007450581,0.992481410503387,Low,0.992481410503387,val
16.6748046875,17.48046875,-1658.4589779377,-1.97833638948644,100.0,1.05218279361725,High,1.05218279361725,val
16.705322265625,13.018798828125,-1658.4589779377,-5.15512316007408,50.0,4.72911214828491,High,4.72911214828491,test
17.303466796875,20.3369140625,6219.22116726637,12.0,100.0,6.22884893417358,High,6.22884893417358,test
17.120361328125,13.46435546875,-1332.69025012851,-3.6,100.0,1.29920959472656,High,1.29920959472656,val
17.193603515625,13.2080078125,-414.614744484425,-1.21073832654683,100.0,0.428624451160431,High,0.428624451160431,train
17.88330078125,11.651611328125,-2073.07372242212,-6.5075905149476,100.0,2.5501229763031,High,2.5501229763031,test
18.109130859375,17.07763671875,236.922711133957,0.552861287336154,100.0,0.261876463890076,High,0.261876463890076,val
17.67578125,19.024658203125,-325.768727809191,-0.498670213952745,50.0,0.113310307264328,Low,0.113310307264328,train
17.138671875,6.207275390625,1954.61236685514,-75.0017166137695,75.0,1.77925288677216,Medium,1.77925288677216,train
18.829345703125,16.89453125,236.922711133957,0.550471052630853,100.0,0.257878661155701,High,0.257878661155701,train
19.000244140625,16.217041015625,1599.22830015421,3.6,100.0,1.56055724620819,High,1.56055724620819,train
16.07666015625,13.604736328125,-29.6153388917446,-0.0942501829428528,100.0,0.0354445539414883,Low,0.0354445539414883,test
17.7001953125,18.682861328125,3435.37931144238,5.59026675826538,50.0,2.7719738483429,High,2.7719738483429,train
17.6025390625,16.937255859375,236.922711133957,0.550471052630853,100.0,0.25378879904747,High,0.25378879904747,train
16.76025390625,12.87841796875,-414.614744484425,-1.21073832654683,100.0,0.434803187847137,High,0.434803187847137,test
17.095947265625,20.281982421875,1984.22770574689,3.93430063790828,50.0,1.33131563663483,Medium,1.33131563663483,train
18.44482421875,17.08984375,1006.92152231932,2.20231229509232,100.0,1.07240355014801,High,1.07240355014801,test
17.303466796875,16.85791015625,236.922711133957,0.550471052630853,100.0,0.251277416944504,High,0.251277416944504,train
17.108154296875,18.597412109375,-266.538050025702,0.0,100.0,0.0157581977546215,High,0.0157581977546215,train
17.730712890625,24.658203125,296.153388917446,1.1502,100.0,1.42470133304596,Low,1.42470133304596,test
17.0166015625,3.40576171875,-29.6153388917446,-1.5876,5.00000007450581,2.05105720851861e-06,Low,2.05105720851861e-06,train
17.071533203125,6.390380859375,1954.61236685514,-75.0026106834412,75.0,2.0444700717926,High,2.0444700717926,test
17.254638671875,69.27490234375,-7166.9120118022,-0.573139809504342,100.0,3.65679550170898,High,3.65679550170898,train
17.120361328125,14.410400390625,-1658.4589779377,-4.683385066645,100.0,2.96527194976807,High,2.96527194976807,train
18.243408203125,13.043212890625,-1273.45957234502,-3.6,100.0,1.16225922107697,High,1.16225922107697,train
17.6025390625,40.12451171875,-2635.76516136527,-0.668852422887628,100.0,1.10693717002869,High,1.10693717002869,test
18.365478515625,16.7724609375,236.922711133957,0.552861288235911,100.0,0.262718349695206,High,0.262718349695206,val
17.938232421875,3.558349609375,266.538050025702,-1.91484,50.0,2.46129638981074e-05,Low,2.46129638981074e-05,train
17.1142578125,44.64111328125,-13741.5172457695,-49.7567653656006,50.0,20.5642967224121,High,20.5642967224121,train
17.3095703125,13.702392578125,177.692033350468,0.36534654682006,100.0,0.0637543052434921,Low,0.0637543052434921,train
17.645263671875,14.09912109375,-118.461355566978,-0.17336966575863,5.00000007450581,0.103655375540257,Low,0.103655375540257,train
17.596435546875,16.85791015625,236.922711133957,0.551945983119144,100.0,0.25286591053009,High,0.25286591053009,train
17.633056640625,16.58935546875,2517.30380579829,5.55555563833978,100.0,2.81434488296509,High,2.81434488296509,train
17.327880859375,13.3056640625,-29.6153388917446,-0.0834294467241209,100.0,0.0348944962024689,Medium,0.0348944962024689,test
17.15087890625,5.60302734375,355.384066700935,-3.07601002016405,5.00000007450581,0.112520940601826,Low,0.112520940601826,train
17.138671875,6.4453125,1984.22770574689,-74.9990344047546,75.0,2.08664131164551,High,2.08664131164551,test
18.44482421875,16.302490234375,977.306183427572,2.20231229509232,100.0,1.05963671207428,High,1.05963671207428,train
17.59033203125,6.26220703125,1895.38168907166,-74.99098777771,75.0,2.1061840057373,High,2.1061840057373,test
16.241455078125,13.580322265625,-29.6153388917446,-0.092604986738704,100.0,0.0334883034229279,Medium,0.0334883034229279,val
17.68798828125,5.96923828125,1865.76635017991,-75.0008225440979,75.0,2.15264940261841,High,2.15264940261841,train
17.431640625,11.810302734375,-236.922711133957,-1.00421452981244,50.0,0.386835992336273,Low,0.386835992336273,train
19.4091796875,17.00439453125,325.768727809191,0.73751132109312,100.0,0.335216462612152,High,0.335216462612152,train
17.437744140625,13.330078125,-29.6153388917446,-0.0938096455749405,100.0,0.0361062362790108,Medium,0.0361062362790108,train
16.448974609375,14.111328125,-59.2306777834892,-0.0402804449636385,100.0,0.0682918056845665,Low,0.0682918056845665,val
16.485595703125,17.85888671875,1747.30499461293,3.6,100.0,1.82307362556458,High,1.82307362556458,test
17.010498046875,17.5537109375,1036.53686121106,2.20231229509232,100.0,0.981709003448486,High,0.981709003448486,test
17.205810546875,24.444580078125,7255.75802847743,12.0,100.0,6.16317415237427,High,6.16317415237427,train
17.205810546875,13.262939453125,-88.8460166752338,-0.251744788051226,100.0,0.0944555252790451,Medium,0.0944555252790451,val
17.12646484375,12.79296875,-1243.84423345327,-3.6,100.0,1.17504668235779,High,1.17504668235779,train
18.035888671875,24.267578125,384.99940559268,1.22472,5.00000007450581,2.55794493568828e-05,Low,2.55794493568828e-05,train
17.437744140625,16.754150390625,1628.84363904595,3.6,50.0,1.60410511493683,High,1.60410511493683,test
18.743896484375,16.888427734375,325.768727809191,0.749552352038358,100.0,0.353360056877136,Medium,0.353360056877136,val
17.12646484375,6.6650390625,2043.45838353038,-75.0008225440979,75.0,2.21009421348572,High,2.21009421348572,test
16.717529296875,13.201904296875,-414.614744484425,-1.21073832654683,100.0,0.417263567447662,High,0.417263567447662,train
19.287109375,13.09814453125,-1184.61355566978,-3.42,50.0,1.26352214813232,High,1.26352214813232,train
19.500732421875,18.841552734375,2872.68787249923,5.55555563833978,50.0,2.66750621795654,High,2.66750621795654,val
19.482421875,94.68994140625,29615.3388917446,-86.6778194904327,100.0,30.6949653625488,High,30.6949653625488,train
18.170166015625,6.25,-3731.53270035982,6.28464,100.0,5.90140247344971,High,5.90140247344971,val
16.6015625,15.765380859375,-2161.91973909736,-4.141378281558,50.0,1.7028568983078,High,1.7028568983078,test
17.37060546875,0.872802734375,29.6153388917446,-2.16856598854065,120.000004768372,0.0619101896882057,Low,0.0619101896882057,train
17.962646484375,18.68896484375,29.6153388917446,0.0772022843661049,5.00000007450581,0.0399839989840984,Low,0.0399839989840984,train
18.310546875,13.128662109375,-29.6153388917446,-0.0834294467241209,100.0,0.0348944962024689,Medium,0.0348944962024689,test
16.741943359375,13.446044921875,-29.6153388917446,-0.0942501829428528,100.0,0.0361238904297352,Medium,0.0361238904297352,train
18.59130859375,16.44287109375,1599.22830015421,3.6,100.0,1.74916303157806,High,1.74916303157806,train
17.05322265625,12.628173828125,-1243.84423345327,-3.6,100.0,1.39693748950958,High,1.39693748950958,test
17.1630859375,12.982177734375,-29.6153388917446,-0.0834294467241209,100.0,0.0349771864712238,Medium,0.0349771864712238,train
15.78369140625,13.494873046875,-29.6153388917446,-0.0899286317646966,100.0,0.0344329476356506,Medium,0.0344329476356506,val
18.463134765625,17.120361328125,118.461355566978,0.312313467707744,100.0,2.34457293117885e-05,High,2.34457293117885e-05,train
16.34521484375,13.360595703125,-29.6153388917446,-0.092604986738704,100.0,0.0334883034229279,Medium,0.0334883034229279,test
17.437744140625,13.092041015625,-414.614744484425,-1.21073832654683,100.0,0.43628191947937,High,0.43628191947937,train
18.1396484375,16.839599609375,88.8460166752338,0.2055203294033,100.0,0.0959736928343773,Medium,0.0959736928343773,train
17.535400390625,12.506103515625,-1214.22889456153,-3.58981986477718,100.0,3.04037737846375,High,3.04037737846375,train
17.535400390625,20.00732421875,-503.460761159658,-0.153307862196173,5.00000007450581,0.111070610582829,Low,0.111070610582829,train
17.59033203125,17.071533203125,266.538050025702,0.62462693521152,100.0,0.29126450419426,Medium,0.29126450419426,train
19.970703125,16.85791015625,177.692033350468,0.413711835500293,100.0,0.193938240408897,High,0.193938240408897,val
17.63916015625,17.1875,236.922711133957,0.552861288106688,100.0,0.258384585380554,High,0.258384585380554,train
17.645263671875,8.69140625,-266.538050025702,-1.21073832654683,100.0,0.415400147438049,High,0.415400147438049,val
17.724609375,16.864013671875,236.922711133957,0.552861287336154,100.0,0.258769184350967,High,0.258769184350967,train
17.59033203125,8.221435546875,-325.768727809191,-1.39334098981286,5.00000007450581,0.0360665880143642,Low,0.0360665880143642,val
17.724609375,13.26904296875,-414.614744484425,-1.21073832654683,100.0,0.436819046735764,High,0.436819046735764,train
17.059326171875,12.884521484375,-29.6153388917446,-0.135169573751467,100.0,0.050251416862011,Medium,0.050251416862011,train
17.8955078125,16.949462890625,236.922711133957,0.552861287336154,100.0,0.255671143531799,High,0.255671143531799,train
16.583251953125,13.360595703125,-29.6153388917446,-0.0942501829428528,100.0,0.0345847234129906,Medium,0.0345847234129906,train
17.181396484375,16.339111328125,1599.22830015421,3.6,100.0,1.79176270961761,High,1.79176270961761,train
17.193603515625,6.0302734375,1895.38168907166,-75.0008225440979,75.0,2.16056418418884,High,2.16056418418884,train
14.66064453125,13.433837890625,-29.6153388917446,-0.0926311271808838,100.0,0.03235799446702,Medium,0.03235799446702,test
17.010498046875,13.079833984375,-414.614744484425,-1.20988422657333,100.0,0.258875250816345,High,0.258875250816345,train
17.474365234375,13.1103515625,-118.461355566978,-0.214396172567519,100.0,0.0720240026712418,Low,0.0720240026712418,train
17.95654296875,16.839599609375,236.922711133957,0.552861287336154,100.0,0.261759012937546,High,0.261759012937546,train
18.27392578125,17.022705078125,266.538050025702,0.624626935905467,100.0,0.294790059328079,High,0.294790059328079,test
16.070556640625,13.24462890625,-29.6153388917446,-0.0942501829428528,100.0,0.0345847234129906,Medium,0.0345847234129906,val
17.66357421875,13.482666015625,-29.6153388917446,-0.0942987662789802,100.0,0.0327973254024982,Medium,0.0327973254024982,train
18.27392578125,8.7890625,-562.691438943148,-2.34714467236655,5.00000007450581,1.087357878685,Low,1.087357878685,train
18.377685546875,13.128662109375,-88.8460166752338,-0.268298960953222,100.0,0.0987886190414429,Medium,0.0987886190414429,train
17.98095703125,12.87841796875,-414.614744484425,-1.21073832654683,100.0,0.433562278747559,High,0.433562278747559,train
17.5048828125,16.925048828125,207.307372242212,0.470934537026261,100.0,0.221478894352913,Medium,0.221478894352913,train
17.8466796875,13.51318359375,-29.6153388917446,-0.0942772605799586,100.0,0.0375979393720627,Medium,0.0375979393720627,val
17.999267578125,17.047119140625,296.153388917446,0.663433571165866,100.0,0.31609520316124,High,0.31609520316124,train
16.2109375,13.07373046875,-1243.84423345327,-3.6,50.0,1.05371367931366,High,1.05371367931366,train
18.15185546875,16.83349609375,236.922711133957,0.55286128824048,100.0,0.257484525442123,High,0.257484525442123,test
19.268798828125,5.609130859375,1717.68965572119,-104.997754096985,104.999995231628,1.75288021564484,High,1.75288021564484,test
18.4814453125,16.705322265625,325.768727809191,0.73751132109312,100.0,0.330688565969467,High,0.330688565969467,train
17.39501953125,17.37060546875,384.99940559268,0.800884314107418,50.0,0.495953381061554,Low,0.495953381061554,val
18.17626953125,16.839599609375,207.307372242212,0.47775295120267,100.0,0.226692765951157,Medium,0.226692765951157,train
14.90478515625,16.107177734375,-88.8460166752338,0.0,100.0,0.00068364222534,High,0.00068364222534,train
16.7724609375,8.319091796875,-1006.92152231932,-4.36158116465846,50.0,1.78192985057831,High,1.78192985057831,train
17.98095703125,16.998291015625,325.768727809191,0.735806486786386,100.0,0.341784745454788,Medium,0.341784745454788,train
17.41943359375,16.949462890625,503.460761159658,1.11111111111111,50.0,0.517195999622345,Low,0.517195999622345,train
16.094970703125,16.064453125,-236.922711133957,-0.581886922664632,5.00000007450581,4.41161610069685e-05,Low,4.41161610069685e-05,train
17.32177734375,13.018798828125,-414.614744484425,-1.21073832654683,100.0,0.430144309997559,High,0.430144309997559,val
17.27294921875,13.1103515625,-414.614744484425,-1.21073832654683,100.0,0.416330516338348,High,0.416330516338348,train
16.83349609375,11.6943359375,-59.2306777834892,-0.350927730037088,5.00000007450581,0.0443706437945366,Low,0.0443706437945366,val
17.388916015625,13.31787109375,-414.614744484425,-1.21073832654683,100.0,0.416824221611023,High,0.416824221611023,val
16.668701171875,17.205810546875,236.922711133957,0.552861287336154,100.0,0.255356878042221,High,0.255356878042221,train
17.85888671875,16.937255859375,236.922711133957,0.550471052630853,100.0,0.253580182790756,High,0.253580182790756,train
18.17626953125,17.2119140625,1658.4589779377,3.6,100.0,1.64401388168335,High,1.64401388168335,train
18.27392578125,20.281982421875,148.076694458723,0.28235269805777,50.0,0.0240281168371439,Low,0.0240281168371439,train
17.4072265625,13.0859375,-414.614744484425,-1.21073832654683,100.0,0.433000445365906,High,0.433000445365906,train
17.694091796875,12.95166015625,-414.614744484425,-1.21073832654683,100.0,0.43628191947937,High,0.43628191947937,train
18.194580078125,16.845703125,266.538050025702,0.588645189429109,100.0,0.268240302801132,Medium,0.268240302801132,val
17.205810546875,16.83349609375,236.922711133957,0.551945983119144,100.0,0.258999049663544,High,0.258999049663544,val
17.828369140625,17.17529296875,325.768727809191,0.735806486786386,100.0,0.352774053812027,High,0.352774053812027,train
17.657470703125,16.998291015625,236.922711133957,0.552861288274825,100.0,0.260451316833496,High,0.260451316833496,test
17.877197265625,11.51123046875,-1806.53567239642,-5.42014175092169,50.0,2.38457083702087,High,2.38457083702087,test
18.621826171875,13.43994140625,-29.6153388917446,-0.092604986738704,100.0,0.033945370465517,Medium,0.033945370465517,train
17.462158203125,27.20947265625,710.768133401871,1.88577755255118,100.0,0.998901903629303,High,0.998901903629303,train
16.9189453125,15.3076171875,59.2306777834892,0.0001024765533244,5.00000007450581,0.298227548599243,Low,0.298227548599243,train
17.00439453125,14.581298828125,-29.6153388917446,0.0,100.0,1.23632431030273,High,1.23632431030273,val
17.724609375,13.5498046875,-414.614744484425,-0.318395913012874,100.0,0.0520778261125088,Low,0.0520778261125088,test
18.44482421875,13.427734375,-29.6153388917446,-0.092604986738704,100.0,0.033945370465517,Medium,0.033945370465517,val
17.5537109375,13.2568359375,-414.614744484425,-1.21073832654683,100.0,0.42831763625145,High,0.42831763625145,test
17.950439453125,6.854248046875,-29.6153388917446,-0.810000000000001,50.0,2.31951435125666e-05,Low,2.31951435125666e-05,train
17.7734375,16.89453125,207.307372242212,0.477312089382721,100.0,0.218570739030838,Medium,0.218570739030838,train
14.703369140625,13.17138671875,-29.6153388917446,-0.107222030575799,100.0,0.033280823379755,Medium,0.033280823379755,val
17.68798828125,9.478759765625,-88.8460166752338,-0.287694504553534,50.0,0.12634414434433,Low,0.12634414434433,test
17.96875,16.888427734375,236.922711133957,0.551945983119144,100.0,0.258633553981781,High,0.258633553981781,train
16.961669921875,17.462158203125,533.076100051403,1.11111108627584,100.0,0.530499458312988,Low,0.530499458312988,train
17.279052734375,20.37353515625,6219.22116726637,12.0,100.0,6.40523958206177,High,6.40523958206177,val
17.156982421875,11.58447265625,-1125.3828778863,-3.6,100.0,1.23692500591278,High,1.23692500591278,train
16.131591796875,17.919921875,-2132.30440020561,-4.92389844950273,100.0,2.55140972137451,High,2.55140972137451,train
16.229248046875,19.256591796875,414.614744484425,0.905653011648335,50.0,0.419112294912338,Low,0.419112294912338,val
17.681884765625,13.0859375,-414.614744484425,-1.21073832654683,100.0,0.437386274337769,High,0.437386274337769,test
17.913818359375,20.4833984375,2398.84245023131,4.62436925793024,100.0,1.98728334903717,High,1.98728334903717,val
17.37060546875,9.1552734375,2724.6111780405,-89.9943709373474,89.9999976158142,4.32376194000244,High,4.32376194000244,val
15.692138671875,13.189697265625,-29.6153388917446,-0.092604986738704,100.0,0.033945370465517,Medium,0.033945370465517,test
17.620849609375,15.673828125,-59.2306777834892,0.0,100.0,0.0043613594025373,Low,0.0043613594025373,test
17.1875,12.945556640625,-414.614744484425,-1.21073832654683,100.0,0.436953485012054,High,0.436953485012054,test
18.353271484375,12.554931640625,-1154.99821677804,-3.41999995708466,100.0,1.08658504486084,High,1.08658504486084,train
16.8701171875,15.72265625,-88.8460166752338,0.0,100.0,0.0011362410150468,High,0.0011362410150468,train
16.39404296875,8.660888671875,-148.076694458723,-0.898862868577501,5.00000007450581,0.420791864395142,Low,0.420791864395142,train
17.218017578125,20.050048828125,6278.45184504986,12.0,100.0,6.50773334503174,High,6.50773334503174,train
18.707275390625,14.495849609375,-1688.07431682944,-3.72547031564819,5.00000007450581,1.6476948261261,Medium,1.6476948261261,val
16.63818359375,13.525390625,-1658.4589779377,-5.11387178934184,50.0,1.81257033348083,High,1.81257033348083,train
16.552734375,16.90673828125,1006.92152231932,2.22222217255168,100.0,1.02470195293427,Medium,1.02470195293427,train
16.68701171875,19.37255859375,5834.22176167369,11.1111112766796,100.0,5.92147970199585,High,5.92147970199585,train
17.498779296875,12.85400390625,-414.614744484425,-1.21073832654683,100.0,0.43628191947937,High,0.43628191947937,train
16.90673828125,13.46435546875,-29.6153388917446,-0.0942772605799586,100.0,0.0375979393720627,Medium,0.0375979393720627,train
17.66357421875,16.717529296875,1628.84363904595,3.6,100.0,1.69791424274445,High,1.69791424274445,val
15.2099609375,13.623046875,-29.6153388917446,-0.0923649349675269,100.0,0.0343253165483475,Medium,0.0343253165483475,val
17.401123046875,45.83740234375,-1510.38228347898,-2.98798084259033,50.0,5.34746980667114,High,5.34746980667114,train
18.212890625,16.8701171875,207.307372242212,0.462420741160047,100.0,0.216130986809731,Medium,0.216130986809731,train
17.840576171875,0.78125,29.6153388917446,-1.81049108505249,100.0,0.0396735705435276,Low,0.0396735705435276,train
17.6025390625,16.900634765625,236.922711133957,0.551945983119144,100.0,0.259323269128799,High,0.259323269128799,val
15.838623046875,19.525146484375,5656.52972832322,-90.1110470294952,89.9999976158142,0.948193848133087,High,0.948193848133087,train
18.24951171875,16.986083984375,236.922711133957,0.551945983119144,100.0,0.245401978492737,High,0.245401978492737,test
17.29736328125,13.739013671875,-1332.69025012851,-3.6,100.0,1.19156682491302,High,1.19156682491302,train
17.608642578125,28.8818359375,2843.07253360748,4.51332,5.00000007450581,2.8138210773468,High,2.8138210773468,test
16.58935546875,15.289306640625,1480.76694458723,3.95679951044576,50.0,2.01553988456726,High,2.01553988456726,test
17.95654296875,13.055419921875,-88.8460166752338,-0.27061173577089,100.0,0.0999199524521828,Medium,0.0999199524521828,val
14.9169921875,17.15087890625,88.8460166752338,0.254672780951377,100.0,0.0875231549143791,Medium,0.0875231549143791,test
18.1640625,10.223388671875,-355.384066700935,-1.33961505119826,100.0,0.777531623840332,Low,0.777531623840332,train
17.816162109375,16.766357421875,236.922711133957,0.551945983119144,100.0,0.261050134897232,High,0.261050134897232,train
16.8701171875,16.021728515625,1954.61236685514,4.47538597824403,5.00000007450581,2.02023649215698,High,2.02023649215698,train
18.26171875,16.85791015625,236.922711133957,0.55286128824048,100.0,0.264012515544891,Medium,0.264012515544891,train
18.292236328125,20.3125,118.461355566978,0.93636,100.0,0.21506530046463,Low,0.21506530046463,train
17.87109375,23.968505859375,621.922116726637,1.29952525359616,50.0,4.43118042312562e-05,Low,4.43118042312562e-05,val
17.193603515625,17.96875,-355.384066700935,-0.0144607696368416,5.00000007450581,1.56167888641357,Medium,1.56167888641357,val
16.29638671875,13.56201171875,-29.6153388917446,-0.0938096455749405,100.0,0.0337894074618816,Medium,0.0337894074618816,train
18.377685546875,17.0166015625,59.2306777834892,0.215999995172024,50.0,0.0159268956631422,Medium,0.0159268956631422,train
16.9189453125,13.29345703125,-29.6153388917446,-0.0926311271808838,100.0,0.0362249426543713,Medium,0.0362249426543713,val
17.3583984375,16.796875,236.922711133957,0.552861287336154,100.0,0.258324235677719,High,0.258324235677719,train
16.68701171875,11.92626953125,-1006.92152231932,-3.45649403630704,5.00000007450581,0.240242302417755,Low,0.240242302417755,train
17.840576171875,16.998291015625,1006.92152231932,2.20231229509232,100.0,1.03131198883057,High,1.03131198883057,train
18.49365234375,17.236328125,1006.92152231932,2.20231229509232,100.0,1.03087174892426,High,1.03087174892426,test
17.22412109375,16.937255859375,236.922711133957,0.552861287336154,100.0,0.251662194728851,High,0.251662194728851,train
18.853759765625,16.729736328125,1628.84363904595,3.6,100.0,1.62651586532593,High,1.62651586532593,train
17.291259765625,12.95166015625,-29.6153388917446,-0.0926311271808838,100.0,0.0362249426543713,Medium,0.0362249426543713,train
15.911865234375,13.616943359375,-29.6153388917446,-0.0912686859926533,100.0,0.0330865159630775,Medium,0.0330865159630775,test
17.93212890625,7.904052734375,-769.99881118536,-3.49480010291624,50.0,1.84413814544678,Medium,1.84413814544678,train
17.376708984375,12.884521484375,-414.614744484425,-1.21073832654683,100.0,0.439600676298141,High,0.439600676298141,train
16.815185546875,13.232421875,-118.461355566978,-0.364138832757742,50.0,0.0926436185836792,Low,0.0926436185836792,train
18.5546875,16.8701171875,1658.4589779377,3.6,100.0,1.60283803939819,High,1.60283803939819,train
17.5048828125,16.83349609375,207.307372242212,0.477312089340674,100.0,0.223278418183327,Medium,0.223278418183327,train
17.193603515625,16.34521484375,1599.22830015421,3.6,100.0,1.80764174461365,High,1.80764174461365,train
15.07568359375,0.750732421875,29.6153388917446,-1.81049108505249,100.0,0.0445782542228699,Low,0.0445782542228699,val
18.157958984375,16.607666015625,-29.6153388917446,-0.138927379641816,100.0,0.0568720400333405,Low,0.0568720400333405,train
17.852783203125,16.9677734375,236.922711133957,0.551945983119144,100.0,0.26062199473381,High,0.26062199473381,test
18.06640625,17.413330078125,1036.53686121106,2.20231229509232,100.0,1.08450508117676,High,1.08450508117676,train
16.36962890625,2.50244140625,503.460761159658,-3.93618217255168,100.0,9.29890060424805,Low,9.29890060424805,train
16.9677734375,13.26904296875,-29.6153388917446,-0.0942772605799586,100.0,0.0375979393720627,Medium,0.0375979393720627,val
16.9921875,13.446044921875,-29.6153388917446,-0.0899286317646966,100.0,0.0345819815993309,Medium,0.0345819815993309,val
15.643310546875,19.525146484375,5804.60642278194,12.0,50.0,6.38676166534424,High,6.38676166534424,test
18.792724609375,16.76025390625,207.307372242212,0.465425814917868,100.0,0.214607059955597,High,0.214607059955597,test
16.50390625,17.7490234375,-59.2306777834892,-0.111093275505061,100.0,0.148229688405991,Low,0.148229688405991,train
17.291259765625,13.018798828125,-29.6153388917446,-0.0915732638685095,100.0,0.0353326909244061,Medium,0.0353326909244061,train
17.10205078125,16.9921875,88.8460166752338,0.232983965352979,100.0,0.101478300988674,Medium,0.101478300988674,train
17.4072265625,16.876220703125,236.922711133957,0.552861287336154,100.0,0.266033470630646,High,0.266033470630646,train
17.559814453125,12.835693359375,-414.614744484425,-1.21073832654683,100.0,0.438916116952896,High,0.438916116952896,train
17.73681640625,21.484375,1717.68965572119,3.18861415862386,5.00000007450581,0.388691693544388,Low,0.388691693544388,train
18.12744140625,10.137939453125,-947.690844535828,-1.97192621157813,5.00000007450581,0.250637859106064,Low,0.250637859106064,val
18.0419921875,13.0126953125,-1865.76635017991,-4.82126705925696,5.00000007450581,2.64123773574829,High,2.64123773574829,test
16.9921875,16.796875,236.922711133957,0.550471052630853,100.0,0.251166969537735,High,0.251166969537735,train
16.78466796875,13.232421875,-1303.07491123676,-3.6,100.0,1.8001092672348,High,1.8001092672348,train
16.619873046875,13.372802734375,-29.6153388917446,-0.0917155684528386,100.0,0.0326746255159378,Medium,0.0326746255159378,train
17.05322265625,16.815185546875,236.922711133957,0.56518090582192,100.0,0.268883526325226,High,0.268883526325226,train
17.822265625,13.2080078125,-59.2306777834892,-0.222461535905954,89.9999976158142,0.0793710872530937,Medium,0.0793710872530937,train
17.340087890625,20.9716796875,2369.22711133957,4.22578152114898,5.00000007450581,1.57898938655853,Medium,1.57898938655853,val
16.461181640625,13.079833984375,-29.6153388917446,-0.0941797237866561,100.0,0.0345532633364201,Medium,0.0345532633364201,test
17.32177734375,16.937255859375,236.922711133957,0.552861287966154,100.0,0.260833382606506,High,0.260833382606506,train
18.26171875,9.38720703125,-977.306183427572,-3.81031419726419,100.0,1.16168475151062,Medium,1.16168475151062,test
17.999267578125,16.900634765625,88.8460166752338,0.238876475627011,100.0,0.108553521335125,Medium,0.108553521335125,val
18.267822265625,16.558837890625,29.6153388917446,0.119438237786884,100.0,0.0568249598145485,Medium,0.0568249598145485,train
17.46826171875,13.232421875,-29.6153388917446,-0.156971644202116,89.9999976158142,0.060856893658638,Medium,0.060856893658638,train
17.413330078125,16.973876953125,236.922711133957,0.551945983119144,100.0,0.249499008059502,High,0.249499008059502,train
17.87109375,17.498779296875,1036.53686121106,2.20231229509232,100.0,1.09621262550354,High,1.09621262550354,val
19.091796875,16.8701171875,236.922711133957,0.552861287336154,100.0,0.25666406750679,High,0.25666406750679,train
18.359375,16.851806640625,236.922711133957,0.550471052630853,100.0,0.262938380241394,High,0.262938380241394,train
16.66259765625,13.189697265625,-29.6153388917446,-0.0917155684528386,100.0,0.0326746255159378,Medium,0.0326746255159378,test
16.717529296875,13.336181640625,-1303.07491123676,-3.6,100.0,1.82338380813599,High,1.82338380813599,train
17.7734375,13.39111328125,-29.6153388917446,-0.0899286317646966,100.0,0.0343250520527363,Medium,0.0343250520527363,train
17.144775390625,12.164306640625,-1184.61355566978,-3.6,100.0,1.21596789360046,High,1.21596789360046,train
16.3818359375,13.372802734375,-29.6153388917446,-0.0834294467241209,100.0,0.0348944962024689,Medium,0.0348944962024689,train
17.291259765625,18.743896484375,2546.91914469004,5.0386009817331,5.00000007450581,1.77865612506866,High,1.77865612506866,val
17.68798828125,13.189697265625,-29.6153388917446,-0.0942772605799586,100.0,0.0375979393720627,Medium,0.0375979393720627,train
17.059326171875,16.9677734375,266.538050025702,0.588645189429109,100.0,0.283150404691696,High,0.283150404691696,test
17.694091796875,1.40380859375,177.692033350468,-5.42208552360535,100.0,0.180986538529396,Low,0.180986538529396,val
17.63916015625,13.970947265625,-1362.30558902025,-3.6,100.0,1.23790502548218,High,1.23790502548218,train
17.4072265625,12.9638671875,-29.6153388917446,-0.0942987662789802,100.0,0.0327973254024982,Medium,0.0327973254024982,val
14.95361328125,13.153076171875,-29.6153388917446,-0.104687780226358,89.9999976158142,0.0380105450749397,Medium,0.0380105450749397,train
18.56689453125,16.90673828125,236.922711133957,0.552861288106688,100.0,0.258384585380554,High,0.258384585380554,test
18.035888671875,16.80908203125,236.922711133957,0.551945983119144,100.0,0.253584563732147,High,0.253584563732147,train
17.529296875,16.961669921875,1006.92152231932,2.20231229509232,100.0,1.09321582317352,High,1.09321582317352,test
18.54248046875,17.144775390625,29.6153388917446,0.119438237768431,100.0,0.0526327677071095,Medium,0.0526327677071095,val
17.706298828125,9.228515625,-29.6153388917446,-0.422025723035569,5.00000007450581,0.202761813998222,Low,0.202761813998222,train
16.68701171875,15.97900390625,-2665.38050025702,-5.41598131434005,50.0,1.71516144275665,High,1.71516144275665,train
17.596435546875,12.384033203125,-1658.4589779377,-5.04268315303317,50.0,1.53973543643951,High,1.53973543643951,val
17.44384765625,13.09814453125,-29.6153388917446,-0.0834294467241209,100.0,0.0348944962024689,Medium,0.0348944962024689,val
17.68798828125,18.878173828125,59.2306777834892,0.0015007867657883,100.0,0.0019585550762713,Low,0.0019585550762713,val
17.68798828125,13.031005859375,-414.614744484425,-1.21073832654683,100.0,0.439600676298141,High,0.439600676298141,test
17.620849609375,13.006591796875,-414.614744484425,-1.21073832654683,100.0,0.425784558057785,High,0.425784558057785,train
16.180419921875,17.559814453125,3968.45541149378,6.91126789295565,50.0,3.39780735969543,High,3.39780735969543,train
17.5537109375,6.18896484375,1924.9970279634,-75.0026106834412,75.0,1.71549391746521,Medium,1.71549391746521,train
18.9697265625,16.89453125,325.768727809191,0.73751132109312,100.0,0.33554795384407,High,0.33554795384407,train
17.54150390625,14.398193359375,-1747.30499461293,-4.47914492596966,100.0,1.12639379501343,High,1.12639379501343,train
18.206787109375,11.3037109375,-88.8460166752338,-0.02916,5.00000007450581,4.26475926360581e-05,Low,4.26475926360581e-05,test
18.035888671875,6.77490234375,2783.84185582399,-99.9493896961212,100.0,3.05492377281189,High,3.05492377281189,val
25.909423828125,4.638671875,236.922711133957,-2.74364423221545,100.0,0.701258897781372,High,0.701258897781372,test
17.205810546875,12.176513671875,-3761.14803925157,-12.0,100.0,3.14204335212708,High,3.14204335212708,train
17.559814453125,12.85400390625,-414.614744484425,-1.21073832654683,100.0,0.423855423927307,High,0.423855423927307,val
18.389892578125,21.22802734375,-236.922711133957,-0.186369816404944,100.0,0.260182648897171,Low,0.260182648897171,train
16.839599609375,17.535400390625,-325.768727809191,-0.0450564049143697,50.0,0.0067191212438046,Low,0.0067191212438046,train
17.44384765625,13.12255859375,-29.6153388917446,-0.0917155684528386,100.0,0.0326746255159378,Medium,0.0326746255159378,train
17.755126953125,16.912841796875,236.922711133957,0.550471052630853,100.0,0.251166969537735,High,0.251166969537735,train
16.78466796875,24.23095703125,-2458.0731280148,-1.76922709781791,100.0,1.26131665706635,High,1.26131665706635,test
16.546630859375,65.863037109375,-15311.130207032,-3.68789380474204,100.0,3.14204335212708,High,3.14204335212708,train
18.157958984375,16.9677734375,236.922711133957,0.552861287336154,100.0,0.267506062984467,Medium,0.267506062984467,test
18.49365234375,17.08984375,207.307372242212,0.465425814917868,100.0,0.214607059955597,High,0.214607059955597,train
17.34619140625,13.323974609375,-29.6153388917446,-0.0915732638685095,100.0,0.0353326909244061,Medium,0.0353326909244061,test
17.07763671875,12.65869140625,-918.075505644083,-2.7,100.0,1.01417136192322,High,1.01417136192322,test
17.1875,12.8662109375,-414.614744484425,-1.21073832654683,100.0,0.436625123023987,High,0.436625123023987,val
18.316650390625,13.201904296875,-29.6153388917446,-0.0923649349675269,100.0,0.0343253165483475,Medium,0.0343253165483475,train
17.242431640625,23.291015625,473.845422267914,1.15344,5.00000007450581,0.746269285678864,Low,0.746269285678864,train
16.680908203125,13.555908203125,-29.6153388917446,-0.0834294467241209,100.0,0.0342855714261532,Medium,0.0342855714261532,train
16.717529296875,11.14501953125,-148.076694458723,-0.45771011457509,50.0,1.43289953484782e-05,Low,1.43289953484782e-05,test
18.902587890625,18.231201171875,2754.22651693225,5.55555563833978,50.0,2.49990463256836,High,2.49990463256836,val
18.133544921875,14.251708984375,88.8460166752338,0.312981240725455,100.0,3.83219303330407e-05,Low,3.83219303330407e-05,val
17.66357421875,17.083740234375,1006.92152231932,2.16000008583069,100.0,1.0179785490036,High,1.0179785490036,train
17.572021484375,16.680908203125,1984.22770574689,4.60660372702304,100.0,3.02948117256165,High,3.02948117256165,train
17.4072265625,5.975341796875,1806.53567239642,-75.0012695789337,75.0,2.33750677108765,High,2.33750677108765,val
16.839599609375,23.052978515625,681.152794510126,1.44000002145767,100.0,0.663888037204742,High,0.663888037204742,train
17.6025390625,12.908935546875,-414.614744484425,-1.21073832654683,100.0,0.428737312555313,High,0.428737312555313,val
17.2607421875,17.17529296875,1036.53686121106,2.20231229509232,100.0,0.987863779067993,High,0.987863779067993,train
17.791748046875,13.067626953125,-503.460761159658,-1.7181613966797,50.0,0.64184844493866,Low,0.64184844493866,train
16.644287109375,12.908935546875,-29.6153388917446,-0.092604986738704,100.0,0.0320020653307438,Medium,0.0320020653307438,train
18.212890625,10.211181640625,59.2306777834892,0.0,100.0,2.73467921942938e-05,Low,2.73467921942938e-05,train
18.06640625,8.221435546875,-829.229488968849,-0.17496,5.00000007450581,0.208493798971176,Low,0.208493798971176,test
17.694091796875,15.02685546875,-88.8460166752338,0.0,50.0,1.91041338443756,High,1.91041338443756,val
20.64208984375,21.27685546875,2161.91973909736,4.18598467671706,5.00000007450581,2.49240183830261,Low,2.49240183830261,train
17.5048828125,14.373779296875,-29.6153388917446,0.0,100.0,0.0002123635786119,High,0.0002123635786119,train
17.5048828125,13.555908203125,-29.6153388917446,-0.0899286317646966,100.0,0.0345819815993309,Medium,0.0345819815993309,val
18.39599609375,7.763671875,-118.461355566978,0.0070214345956683,100.0,0.0029408438131213,High,0.0029408438131213,train
17.67578125,22.735595703125,1066.15220010281,2.20231229509232,100.0,1.03263807296753,High,1.03263807296753,test
18.048095703125,17.81005859375,1214.22889456153,2.51999995708466,50.0,1.15323603153229,High,1.15323603153229,train
17.608642578125,9.600830078125,-1095.76753899455,-3.37270007407834,100.0,0.472401648759842,Low,0.472401648759842,val
17.59033203125,10.968017578125,-1036.53686121106,-3.69942888343584,100.0,0.349634945392609,Low,0.349634945392609,train
18.023681640625,17.181396484375,236.922711133957,0.551945983119144,100.0,0.254412323236465,High,0.254412323236465,train
16.998291015625,13.4033203125,-918.075505644083,-2.51999995708466,100.0,0.857995569705963,High,0.857995569705963,val
18.035888671875,7.806396484375,-888.460166752338,-3.41438236636462,5.00000007450581,1.23590409755707,Low,1.23590409755707,train
17.3095703125,6.55517578125,2013.84304463863,-74.998140335083,75.0,2.07688331604004,High,2.07688331604004,val
19.427490234375,56.7626953125,-20730.7372242212,-117.531269788742,94.9999988079071,21.8831691741943,High,21.8831691741943,train
18.255615234375,17.00439453125,236.922711133957,0.552861287336154,100.0,0.258561939001083,High,0.258561939001083,test
17.803955078125,14.7705078125,-177.692033350468,-0.439655183600112,5.00000007450581,0.19563664495945,Low,0.19563664495945,train
16.363525390625,13.3056640625,-29.6153388917446,-0.0942772605799586,100.0,0.0375979393720627,Medium,0.0375979393720627,val
17.218017578125,12.87841796875,-29.6153388917446,-0.092604986738704,100.0,0.0320020653307438,Medium,0.0320020653307438,val
17.49267578125,15.277099609375,-207.307372242212,-0.48523849989873,5.00000007450581,0.222495019435883,Low,0.222495019435883,test
18.701171875,12.921142578125,29.6153388917446,0.0,5.00000007450581,0.0758024975657463,Low,0.0758024975657463,train
17.425537109375,16.986083984375,236.922711133957,0.551945983119144,100.0,0.258490979671478,High,0.258490979671478,train
16.827392578125,12.34130859375,-1214.22889456153,-3.6,100.0,1.23667967319489,High,1.23667967319489,train
15.118408203125,41.485595703125,-1569.61296126246,-0.0184168448496363,50.0,0.0278380122035742,High,0.0278380122035742,train
16.3330078125,13.629150390625,-29.6153388917446,-0.0912686859926533,100.0,0.036638930439949,Medium,0.036638930439949,val
18.310546875,16.83349609375,1006.92152231932,2.20231229509232,100.0,1.04348850250244,High,1.04348850250244,train
18.023681640625,13.470458984375,-29.6153388917446,-0.0899286317646966,100.0,0.0344329476356506,Medium,0.0344329476356506,val
17.49267578125,13.48876953125,-29.6153388917446,-0.0899286317646966,100.0,0.0327952280640602,Medium,0.0327952280640602,train
17.572021484375,11.175537109375,-118.461355566978,-0.651941537048378,5.00000007450581,0.212711915373802,Low,0.212711915373802,train
17.657470703125,17.462158203125,1451.15160569549,3.15573306151051,5.00000007450581,2.18691062927246,Low,2.18691062927246,test
16.7724609375,10.137939453125,1214.22889456153,4.06741622774696,5.00000007450581,3.00933074951172,High,3.00933074951172,test
18.20068359375,13.00048828125,-29.6153388917446,-0.0926311271808838,100.0,0.0362249426543713,Medium,0.0362249426543713,train
16.412353515625,13.4033203125,-29.6153388917446,-0.0942772605799586,100.0,0.0375979393720627,Medium,0.0375979393720627,train
16.50390625,9.48486328125,-1036.53686121106,-3.54088863663856,5.00000007450581,1.615443110466,Medium,1.615443110466,val
16.815185546875,19.476318359375,5923.06777834892,12.0,100.0,5.24938058853149,High,5.24938058853149,train
16.7236328125,13.134765625,-88.8460166752338,-0.283856091987304,100.0,0.110274247825146,Medium,0.110274247825146,val
15.985107421875,13.02490234375,-29.6153388917446,-0.092604986738704,100.0,0.034283272922039,Medium,0.034283272922039,train
17.584228515625,0.787353515625,29.6153388917446,-2.17035412788391,120.000004768372,0.0554870367050171,Low,0.0554870367050171,test
15.52734375,13.58642578125,-29.6153388917446,-0.0834294467241209,100.0,0.0342855714261532,Low,0.0342855714261532,val
17.90771484375,4.547119140625,1688.07431682944,-119.887143373489,120.000004768372,4.93470764160156,High,4.93470764160156,val
18.414306640625,17.169189453125,1006.92152231932,2.20231229509232,100.0,1.00994396209717,High,1.00994396209717,train
16.705322265625,13.31787109375,-29.6153388917446,-0.092604986738704,100.0,0.0334883034229279,Medium,0.0334883034229279,test
17.596435546875,16.766357421875,236.922711133957,0.550471052630853,100.0,0.260058373212814,Medium,0.260058373212814,train
17.29736328125,12.95166015625,-1273.45957234502,-3.6,100.0,1.18491291999817,High,1.18491291999817,test
17.169189453125,18.115234375,-1066.15220010281,-1.71141308002719,100.0,0.49631005525589,Low,0.49631005525589,test
17.15087890625,13.067626953125,-1273.45957234502,-3.6,100.0,1.23473513126373,High,1.23473513126373,val
16.888427734375,13.983154296875,29.6153388917446,0.01296,5.00000007450581,0.078885905444622,Low,0.078885905444622,val
18.10302734375,16.6015625,88.8460166752338,0.208892168435056,100.0,0.0941185429692268,Medium,0.0941185429692268,train
17.8466796875,16.949462890625,1006.92152231932,2.20231229509232,100.0,1.06779849529266,High,1.06779849529266,train
17.90771484375,16.95556640625,266.538050025702,0.62462693521152,100.0,0.297257900238037,Medium,0.297257900238037,val
17.755126953125,2.01416015625,-1184.61355566978,-12.0,100.0,3.65679550170898,High,3.65679550170898,train
17.88330078125,17.5048828125,1747.30499461293,3.6,50.0,1.72163772583008,High,1.72163772583008,train
17.3828125,13.0615234375,-88.8460166752338,-0.251695022937925,100.0,0.0860124081373215,Medium,0.0860124081373215,val
17.730712890625,13.018798828125,-29.6153388917446,-0.0942772605799586,100.0,0.0375979393720627,Medium,0.0375979393720627,train
17.8955078125,13.39111328125,-1717.68965572119,-4.88403754038227,100.0,1.89808166027069,High,1.89808166027069,test
17.39501953125,1.434326171875,207.307372242212,-5.42208552360535,100.0,0.283657312393188,Low,0.283657312393188,train
17.919921875,56.243896484375,2013.84304463863,-8.00639390945435,50.0,3.02648568153381,High,3.02648568153381,test
18.280029296875,17.15087890625,148.076694458723,0.374776176352793,100.0,0.255814045667648,Medium,0.255814045667648,train
17.39501953125,13.128662109375,-29.6153388917446,-0.0899286317646966,100.0,0.0327952280640602,Medium,0.0327952280640602,test
17.2119140625,24.749755859375,3257.68727809191,5.60412047965098,50.0,3.96814298629761,High,3.96814298629761,train
16.8212890625,1.348876953125,177.692033350468,-5.42208552360535,100.0,0.174675419926643,Low,0.174675419926643,train
17.266845703125,16.69921875,1006.92152231932,2.20231229509232,100.0,1.08310306072235,High,1.08310306072235,train
17.205810546875,16.93115234375,236.922711133957,0.552861288106688,100.0,0.258384585380554,High,0.258384585380554,val
17.2119140625,13.275146484375,-1303.07491123676,-3.6,100.0,1.34260380268097,High,1.34260380268097,train
18.951416015625,16.80908203125,148.076694458723,0.324468647360125,100.0,0.148226171731949,Medium,0.148226171731949,train
17.0166015625,13.39111328125,-88.8460166752338,-0.262761999491325,100.0,0.0940519422292709,Medium,0.0940519422292709,val
16.546630859375,15.3076171875,-59.2306777834892,0.0,100.0,0.0003531854017637,High,0.0003531854017637,val
18.95751953125,14.788818359375,384.99940559268,0.715702322230596,50.0,0.0352288223803043,Low,0.0352288223803043,train
17.7490234375,16.6259765625,1628.84363904595,3.6,50.0,1.78263735771179,High,1.78263735771179,train
17.95654296875,17.071533203125,325.768727809191,0.735806486786386,100.0,0.345620959997177,High,0.345620959997177,test
18.115234375,13.006591796875,-414.614744484425,-1.21073832654683,100.0,0.436819046735764,High,0.436819046735764,train
17.376708984375,16.815185546875,236.922711133957,0.552861287336154,100.0,0.255062997341156,High,0.255062997341156,train
17.76123046875,13.04931640625,-29.6153388917446,-0.106991534921771,100.0,0.0411397963762283,Medium,0.0411397963762283,test
18.084716796875,16.80908203125,236.922711133957,0.552861287336154,100.0,0.250625222921371,High,0.250625222921371,train
19.281005859375,16.85791015625,88.8460166752338,0.208892168435056,100.0,0.0936864167451859,Medium,0.0936864167451859,train
17.8955078125,17.02880859375,236.922711133957,0.551945983119144,100.0,0.258490979671478,High,0.258490979671478,train
17.352294921875,22.283935546875,6693.06658953428,12.0,100.0,5.81937503814697,High,5.81937503814697,train
15.911865234375,12.139892578125,-1066.15220010281,-3.23999991416931,100.0,1.0405353307724,High,1.0405353307724,train
17.413330078125,12.652587890625,-414.614744484425,-1.21073832654683,100.0,0.433041036128998,High,0.433041036128998,test
16.497802734375,16.961669921875,-88.8460166752338,-0.15876,5.00000007450581,0.216541975736618,Low,0.216541975736618,train
17.51708984375,18.939208984375,236.922711133957,0.632821740893879,50.0,0.072329618036747,Low,0.072329618036747,train
17.816162109375,9.356689453125,-148.076694458723,-0.56209419225166,50.0,0.225120052695274,Low,0.225120052695274,test
17.572021484375,17.510986328125,1036.53686121106,2.20231229509232,100.0,0.990318834781647,High,0.990318834781647,val
19.342041015625,17.523193359375,2665.38050025702,5.55555563833978,50.0,2.59994530677795,High,2.59994530677795,train
17.138671875,13.079833984375,-29.6153388917446,-0.0917155684528386,100.0,0.0326746255159378,Medium,0.0326746255159378,train
18.24951171875,16.986083984375,236.922711133957,0.551945983119144,100.0,0.259056091308594,High,0.259056091308594,train
18.66455078125,17.59033203125,1036.53686121106,2.20231229509232,100.0,1.04346024990082,High,1.04346024990082,train
18.4326171875,16.9677734375,236.922711133957,0.551945983119144,100.0,0.259056091308594,High,0.259056091308594,test
17.401123046875,13.17138671875,-414.614744484425,-1.21073832654683,100.0,0.435733944177628,High,0.435733944177628,train
18.2861328125,16.83349609375,236.922711133957,0.552861288106688,100.0,0.260387033224106,High,0.260387033224106,train
17.437744140625,17.559814453125,1717.68965572119,3.6,100.0,1.7894743680954,High,1.7894743680954,train
16.95556640625,6.353759765625,88.8460166752338,0.0,5.00000007450581,3.16611949529033e-05,Low,3.16611949529033e-05,train
16.95556640625,12.04833984375,-1836.15101128817,-5.72781048380349,50.0,2.02490735054016,High,2.02490735054016,test
18.585205078125,17.5048828125,59.2306777834892,0.217478544917348,100.0,0.112934000790119,High,0.112934000790119,test
17.132568359375,29.022216796875,2961.53388917446,4.36428,5.00000007450581,1.91614381037652e-05,Low,1.91614381037652e-05,val
17.05322265625,13.116455078125,-29.6153388917446,-0.0915732638685095,100.0,0.0353326909244061,Medium,0.0353326909244061,test
17.584228515625,12.799072265625,-414.614744484425,-1.21073832654683,100.0,0.433657556772232,High,0.433657556772232,train
17.401123046875,17.66357421875,1895.38168907166,4.32674313545811,100.0,1.62193238735199,High,1.62193238735199,test
17.12646484375,13.348388671875,-29.6153388917446,-0.0915732638685095,100.0,0.0353326909244061,Medium,0.0353326909244061,train
18.572998046875,21.148681640625,414.614744484425,1.56816,100.0,1.9311238527298,High,1.9311238527298,train
21.533203125,14.007568359375,-651.537455618382,-1.3354576364036,50.0,0.552381813526154,Low,0.552381813526154,val
17.779541015625,4.815673828125,-473.845422267914,-3.08741346248967,100.0,0.117796003818512,Low,0.117796003818512,test
17.047119140625,16.943359375,1658.4589779377,3.6,100.0,1.58241534233093,High,1.58241534233093,test
17.8466796875,12.957763671875,-414.614744484425,-1.21073832654683,100.0,0.433206915855408,Medium,0.433206915855408,train
17.05322265625,13.226318359375,-29.6153388917446,-0.0941797237866561,100.0,0.0345532633364201,Medium,0.0345532633364201,val
17.938232421875,11.981201171875,1451.15160569549,4.20470144653846,5.00000007450581,0.602200567722321,High,0.602200567722321,test
17.486572265625,16.876220703125,1006.92152231932,2.20231229509232,100.0,1.06723964214325,High,1.06723964214325,train
17.767333984375,11.663818359375,-384.99940559268,-1.21073832654683,100.0,0.430045872926712,High,0.430045872926712,train
18.890380859375,20.855712890625,177.692033350468,0.559205894927844,50.0,0.061654731631279,Low,0.061654731631279,train
18.121337890625,17.00439453125,236.922711133957,0.56518090582192,100.0,0.268883526325226,High,0.268883526325226,train
16.357421875,17.6513671875,296.153388917446,0.684159539844327,50.0,0.199772894382477,Low,0.199772894382477,train
17.5048828125,13.201904296875,-29.6153388917446,-0.0942501829428528,100.0,0.0361238904297352,Medium,0.0361238904297352,train
16.656494140625,12.164306640625,-296.153388917446,-0.821902024579333,50.0,0.334746867418289,Low,0.334746867418289,train
17.59033203125,12.457275390625,-2043.45838353038,-5.95602871428086,100.0,2.3496789932251,High,2.3496789932251,train
17.938232421875,14.105224609375,-1806.53567239642,-4.79242959653645,5.00000007450581,2.33770751953125,High,2.33770751953125,test
17.694091796875,12.75634765625,-414.614744484425,-1.21073832654683,100.0,0.431472927331924,High,0.431472927331924,val
18.096923828125,17.4072265625,1036.53686121106,2.20231229509232,100.0,1.01059377193451,High,1.01059377193451,train
17.24853515625,13.214111328125,-414.614744484425,-1.21073832654683,100.0,0.428286105394363,High,0.428286105394363,train
16.54052734375,90.179443359375,-27986.4952526987,-96.6842472553253,89.9999976158142,26.5797348022461,High,26.5797348022461,train
18.060302734375,16.778564453125,296.153388917446,0.663433571165866,100.0,0.303585410118103,High,0.303585410118103,train
18.3349609375,16.9189453125,236.922711133957,0.550471052630853,100.0,0.251290529966354,High,0.251290529966354,train
16.845703125,9.5458984375,-1717.68965572119,-5.96456936763617,50.0,2.50317192077637,High,2.50317192077637,train
17.889404296875,5.352783203125,-118.461355566978,-1.47096,5.00000007450581,0.220893144607544,Low,0.220893144607544,val
18.0908203125,18.231201171875,1066.15220010281,2.20231229509232,100.0,1.02425408363342,High,1.02425408363342,test
16.204833984375,13.262939453125,-29.6153388917446,-0.0942501829428528,100.0,0.0353277958929539,Medium,0.0353277958929539,train
17.498779296875,10.75439453125,-1095.76753899455,-3.6,100.0,4.63888391095679e-05,High,4.63888391095679e-05,train
16.93115234375,24.21875,325.768727809191,0.620873849059037,50.0,0.0382608063519001,Low,0.0382608063519001,val
16.95556640625,16.90673828125,977.306183427572,2.16000008583069,100.0,1.02372860908508,High,1.02372860908508,train
19.561767578125,88.671875,-28016.1105915904,-103.046447038651,60.0000023841858,28.3161430358887,High,28.3161430358887,train
17.694091796875,17.05322265625,236.922711133957,0.552861287336154,100.0,0.258508741855621,High,0.258508741855621,test
17.706298828125,16.8701171875,236.922711133957,0.551945983119144,100.0,0.25286591053009,High,0.25286591053009,train
18.743896484375,16.864013671875,236.922711133957,0.550471052630853,100.0,0.248607635498047,High,0.248607635498047,train
16.357421875,16.217041015625,1421.53626680374,3.23999991416931,100.0,1.51585507392883,High,1.51585507392883,train
17.047119140625,13.092041015625,-1273.45957234502,-3.6,100.0,1.3422464132309,High,1.3422464132309,test
16.845703125,13.00048828125,-414.614744484425,-1.21073832654683,100.0,0.43656125664711,High,0.43656125664711,train
15.777587890625,13.12255859375,-29.6153388917446,-0.0899286317646966,100.0,0.0343250520527363,Medium,0.0343250520527363,train
18.963623046875,20.172119140625,2398.84245023131,4.70803367711705,100.0,1.83553218841553,High,1.83553218841553,train
17.29736328125,12.469482421875,-1036.53686121106,-2.96611703680508,5.00000007450581,1.18527114391327,Low,1.18527114391327,test
17.24853515625,13.00048828125,-88.8460166752338,-0.27061173577089,100.0,0.0992018133401871,Medium,0.0992018133401871,train
17.498779296875,16.949462890625,296.153388917446,0.663433571165866,100.0,0.31752622127533,High,0.31752622127533,test
17.6025390625,11.71875,-29.6153388917446,0.0,50.0,1.78278803825378,High,1.78278803825378,test
17.926025390625,16.851806640625,266.538050025702,0.588645189429109,100.0,0.261347830295563,High,0.261347830295563,train
18.316650390625,13.287353515625,-29.6153388917446,-0.093012870671551,100.0,0.0346641503274441,Medium,0.0346641503274441,train
18.51806640625,13.128662109375,-29.6153388917446,-0.092604986738704,100.0,0.0320020653307438,Medium,0.0320020653307438,train
17.56591796875,16.943359375,236.922711133957,0.551945983119144,100.0,0.249540060758591,High,0.249540060758591,val
18.46923828125,16.8212890625,1006.92152231932,2.20231229509232,100.0,1.06613457202911,High,1.06613457202911,train
17.66357421875,23.3642578125,-1628.84363904595,-1.47801449449491,5.00000007450581,0.161839097738266,Low,0.161839097738266,test
17.5048828125,16.90673828125,88.8460166752338,0.249850777807675,100.0,0.117348097264767,Medium,0.117348097264767,train
16.900634765625,13.262939453125,-29.6153388917446,-0.0926311271808838,100.0,0.0362249426543713,Medium,0.0362249426543713,val
17.108154296875,13.1103515625,-29.6153388917446,-0.0941797237866561,100.0,0.0345532633364201,Medium,0.0345532633364201,test
17.88330078125,16.5771484375,977.306183427572,2.20231229509232,100.0,1.05701327323914,High,1.05701327323914,train
17.07763671875,17.85888671875,-1865.76635017991,-2.79397199094138,100.0,0.607542157173157,High,0.607542157173157,train
18.804931640625,17.755126953125,1747.30499461293,3.6,100.0,1.80152773857117,High,1.80152773857117,train
17.85888671875,17.02880859375,236.922711133957,0.552861287336154,100.0,0.257055163383484,Medium,0.257055163383484,train
16.192626953125,13.323974609375,-29.6153388917446,-0.095734211732074,100.0,0.0355599522590637,Low,0.0355599522590637,train
17.193603515625,13.36669921875,-444.230083376169,-1.21073832654683,100.0,0.421784907579422,High,0.421784907579422,train
16.632080078125,13.165283203125,-29.6153388917446,-0.0942501829428528,100.0,0.0353277958929539,Medium,0.0353277958929539,val
16.290283203125,18.05419921875,-236.922711133957,0.0,100.0,0.602151393890381,High,0.602151393890381,train
17.0166015625,12.664794921875,-414.614744484425,-1.21073832654683,100.0,0.440104216337204,High,0.440104216337204,test
16.10107421875,12.689208984375,-1066.15220010281,-3.06000008583069,100.0,1.08797287940979,High,1.08797287940979,val
18.133544921875,13.250732421875,-29.6153388917446,-0.0926311271808838,100.0,0.0362249426543713,Medium,0.0362249426543713,train
17.767333984375,11.676025390625,-1924.9970279634,-4.79044092959101,50.0,2.65424108505249,High,2.65424108505249,train
17.266845703125,10.614013671875,1599.22830015421,4.65682449416722,100.0,1.69875431060791,High,1.69875431060791,train
18.9208984375,17.742919921875,1747.30499461293,3.6,100.0,1.72242772579193,High,1.72242772579193,test
16.058349609375,13.0859375,-29.6153388917446,-0.0899286317646966,100.0,0.0344329476356506,Medium,0.0344329476356506,val
18.048095703125,16.9677734375,236.922711133957,0.550471052630853,100.0,0.25378879904747,High,0.25378879904747,train
16.30859375,10.75439453125,-29.6153388917446,0.0,100.0,0.000285322748823,High,0.000285322748823,train
18.328857421875,16.900634765625,207.307372242212,0.478415773129477,100.0,0.224219888448715,Medium,0.224219888448715,train
16.888427734375,13.3056640625,-29.6153388917446,-0.0917155684528386,100.0,0.0326746255159378,Medium,0.0326746255159378,train
17.132568359375,8.343505859375,-444.230083376169,-2.2374852839477,5.00000007450581,0.0876737833023071,Low,0.0876737833023071,train
16.986083984375,12.9638671875,-1273.45957234502,-3.6,100.0,1.31855952739716,High,1.31855952739716,test
17.462158203125,16.986083984375,236.922711133957,0.552861288012727,100.0,0.260554492473602,High,0.260554492473602,train
17.327880859375,12.548828125,-1214.22889456153,-3.6,100.0,1.15818166732788,High,1.15818166732788,train
18.023681640625,16.95556640625,236.922711133957,0.552861287336154,100.0,0.256746232509613,Medium,0.256746232509613,train
18.06640625,16.961669921875,207.307372242212,0.478415773129477,100.0,0.223808512091637,Medium,0.223808512091637,train
16.522216796875,13.067626953125,-88.8460166752338,-0.270445979385638,100.0,0.0988123267889023,Medium,0.0988123267889023,test
17.12646484375,12.286376953125,-829.229488968849,-2.31237472059316,50.0,0.0474974103271961,Low,0.0474974103271961,val
17.19970703125,13.427734375,-29.6153388917446,-0.0915732638685095,100.0,0.0353326909244061,Medium,0.0353326909244061,train
18.7255859375,16.97998046875,1006.92152231932,2.20231229509232,100.0,0.990104734897614,High,0.990104734897614,train
17.071533203125,11.932373046875,29.6153388917446,0.0,5.00000007450581,0.0014270161045715,Low,0.0014270161045715,val
17.950439453125,14.227294921875,-1776.92033350468,-4.80809066714462,5.00000007450581,1.54116857051849,High,1.54116857051849,train
18.157958984375,17.034912109375,325.768727809191,0.735806486786386,100.0,0.339697360992432,High,0.339697360992432,train
16.80908203125,15.191650390625,-236.922711133957,-0.149490908436389,5.00000007450581,0.0571419224143028,Low,0.0571419224143028,train
16.619873046875,12.115478515625,-799.614150077105,-3.15967829698832,5.00000007450581,0.862937211990356,High,0.862937211990356,test
18.316650390625,17.41943359375,1451.15160569549,3.06000008583069,100.0,1.39219903945923,High,1.39219903945923,train
17.095947265625,13.201904296875,-29.6153388917446,-0.0899286317646966,100.0,0.0327952280640602,Medium,0.0327952280640602,train
17.889404296875,12.835693359375,-1776.92033350468,-5.4844382133301,50.0,2.15353417396545,High,2.15353417396545,train
16.32080078125,10.711669921875,-88.8460166752338,0.0,50.0,0.002065640175715,Low,0.002065640175715,train
18.12744140625,17.059326171875,325.768727809191,0.735806486786386,100.0,0.330570071935654,Medium,0.330570071935654,val
18.048095703125,16.864013671875,236.922711133957,0.552861287336154,100.0,0.0283018704503775,High,0.0283018704503775,val
16.89453125,0.848388671875,29.6153388917446,-2.16677784919739,120.000004768372,0.066194660961628,Low,0.066194660961628,train
16.97998046875,13.201904296875,-29.6153388917446,-0.0942772605799586,100.0,0.0375979393720627,Medium,0.0375979393720627,train
16.32080078125,10.919189453125,-59.2306777834892,-0.145153349555849,5.00000007450581,0.0443449877202511,Low,0.0443449877202511,train
16.88232421875,15.80810546875,88.8460166752338,0.009248401313991,5.00000007450581,0.127523705363274,Low,0.127523705363274,train
18.145751953125,46.09375,-10543.0606454611,-33.1628322601318,60.0000023841858,9.02380180358887,High,9.02380180358887,val
17.7490234375,12.432861328125,-503.460761159658,-2.05546232204332,50.0,0.756359755992889,Medium,0.756359755992889,train
17.73681640625,12.60986328125,-1006.92152231932,-3.111034882833,5.00000007450581,1.08863627910614,Low,1.08863627910614,train
16.748046875,31.085205078125,9328.83175089955,12.0,100.0,0.0361919179558754,High,0.0361919179558754,val
17.291259765625,19.598388671875,6100.75981169939,12.0,100.0,6.51400375366211,High,6.51400375366211,train
15.936279296875,12.982177734375,-29.6153388917446,-0.0942501829428528,100.0,0.0361238904297352,Medium,0.0361238904297352,train
16.5283203125,21.844482421875,1806.53567239642,3.34762677389587,100.0,2.17735409736633,Low,2.17735409736633,train
17.279052734375,16.8212890625,266.538050025702,0.588645189429109,100.0,0.275032877922058,High,0.275032877922058,val
18.78662109375,17.54150390625,1717.68965572119,3.6,100.0,1.7711318731308,High,1.7711318731308,val
17.98095703125,16.93115234375,236.922711133957,0.551945983119144,100.0,0.258631080389023,High,0.258631080389023,val
16.229248046875,15.12451171875,1421.53626680374,3.24323991416931,100.0,1.64846813678741,High,1.64846813678741,val
18.133544921875,17.010498046875,236.922711133957,0.552861287336154,100.0,0.258769184350967,High,0.258769184350967,test
17.584228515625,13.19580078125,-414.614744484425,-1.21073832654683,100.0,0.444255173206329,Medium,0.444255173206329,train
17.17529296875,6.3232421875,1954.61236685514,-75.0008225440979,75.0,2.22975015640259,High,2.22975015640259,train
16.19873046875,13.18359375,-29.6153388917446,-0.0912686859926533,100.0,0.0335583314299583,Medium,0.0335583314299583,val
18.109130859375,16.973876953125,236.922711133957,0.550471052630853,100.0,0.25378879904747,High,0.25378879904747,train
18.121337890625,16.748046875,1006.92152231932,2.20231229509232,100.0,1.03076481819153,High,1.03076481819153,test
17.81005859375,13.299560546875,-1836.15101128817,-4.84389441601307,50.0,1.90207505226135,High,1.90207505226135,train
16.4306640625,13.604736328125,-29.6153388917446,-0.095734211732074,100.0,0.0355599522590637,Medium,0.0355599522590637,train
16.107177734375,12.53662109375,-355.384066700935,-0.874980952287156,5.00000007450581,0.327831387519836,Low,0.327831387519836,test
17.88330078125,6.231689453125,1865.76635017991,-74.9976933002472,75.0,2.17995738983154,High,2.17995738983154,train
16.83349609375,13.8427734375,-2013.84304463863,-4.12468631215337,50.0,1.92123174667358,High,1.92123174667358,train
18.731689453125,18.3349609375,5774.9910838902,12.0,100.0,7.16122722625732,High,7.16122722625732,val
16.6748046875,19.219970703125,5952.68311724067,12.0,100.0,6.27599000930786,High,6.27599000930786,test
17.132568359375,16.89453125,207.307372242212,0.468470202332385,100.0,0.219701111316681,Medium,0.219701111316681,val
17.5048828125,12.908935546875,-1214.22889456153,-3.41999995708466,100.0,1.28125321865082,High,1.28125321865082,val
17.8466796875,16.741943359375,236.922711133957,0.552861288106688,100.0,0.2514628469944,High,0.2514628469944,train
17.181396484375,19.42138671875,5804.60642278194,12.0,100.0,6.34969186782837,High,6.34969186782837,val
18.292236328125,17.193603515625,1036.53686121106,2.20231229509232,100.0,1.00231277942657,High,1.00231277942657,train
17.333984375,12.79296875,-1806.53567239642,-5.69666452793246,50.0,1.14827907085419,High,1.14827907085419,val
18.975830078125,17.449951171875,1036.53686121106,2.20231229509232,100.0,1.00275874137878,High,1.00275874137878,val
17.437744140625,3.277587890625,-651.537455618382,-84.8512351512909,85.0000023841858,1.37952125072479,High,1.37952125072479,test
18.701171875,19.427490234375,6130.37515059114,12.0,100.0,6.74653339385986,High,6.74653339385986,test
16.9677734375,13.250732421875,-29.6153388917446,-0.0926311271808838,100.0,0.0362249426543713,Medium,0.0362249426543713,val
17.279052734375,14.532470703125,1747.30499461293,4.04220154703537,100.0,2.48668265342712,Low,2.48668265342712,val
18.023681640625,16.9921875,236.922711133957,0.551945983119144,100.0,0.256387323141098,High,0.256387323141098,test
16.88232421875,16.644287109375,503.460761159658,1.11111108627584,100.0,0.528971791267395,Low,0.528971791267395,val
17.547607421875,14.19677734375,-29.6153388917446,0.0,100.0,0.0001652817009016,High,0.0001652817009016,test
17.999267578125,16.900634765625,236.922711133957,0.552861287336154,100.0,0.250998318195343,High,0.250998318195343,test
17.681884765625,12.872314453125,-1243.84423345327,-3.6,100.0,1.292928814888,High,1.292928814888,train
16.51611328125,13.037109375,-207.307372242212,-0.71576359585213,100.0,0.167437449097633,Low,0.167437449097633,val
18.2861328125,18.096923828125,118.461355566978,0.355893242467725,100.0,0.0001248567423317,Low,0.0001248567423317,train
17.46826171875,12.945556640625,-414.614744484425,-1.21073832654683,100.0,0.44066110253334,High,0.44066110253334,train
17.608642578125,12.97607421875,-29.6153388917446,-0.092604986738704,100.0,0.0334883034229279,Medium,0.0334883034229279,train
15.130615234375,2.862548828125,-177.692033350468,-2.67656416864808,50.0,6.9138241087785e-06,Low,6.9138241087785e-06,test
17.6513671875,13.433837890625,-29.6153388917446,-0.0942501829428528,100.0,0.0353277958929539,Medium,0.0353277958929539,test
16.14990234375,16.790771484375,1628.84363904595,3.6,100.0,1.76361966133118,High,1.76361966133118,train
15.179443359375,32.91015625,1480.76694458723,2.7548496716198,100.0,1.87518656253815,High,1.87518656253815,train
18.2861328125,13.067626953125,-29.6153388917446,-0.0942772605799586,100.0,0.0375979393720627,Low,0.0375979393720627,train
17.999267578125,16.80908203125,236.922711133957,0.552861287336154,100.0,0.261777698993683,High,0.261777698993683,val
17.437744140625,16.9189453125,325.768727809191,0.73751132109312,100.0,0.340077966451645,Medium,0.340077966451645,test
16.961669921875,28.38134765625,9121.52437865734,12.0,100.0,0.428699135780334,High,0.428699135780334,val
18.231201171875,10.369873046875,-1836.15101128817,-5.52123728824615,50.0,2.02574419975281,High,2.02574419975281,train
17.529296875,17.181396484375,1688.07431682944,3.6,50.0,1.78294038772583,High,1.78294038772583,train
17.022705078125,6.94580078125,148.076694458723,0.0139792319335068,100.0,0.338266640901566,Low,0.338266640901566,train
16.510009765625,12.841796875,-1273.45957234502,-3.6,100.0,1.31382548809052,High,1.31382548809052,train
16.668701171875,13.494873046875,-29.6153388917446,-0.095734211732074,100.0,0.0348197817802429,Medium,0.0348197817802429,val
17.083740234375,32.568359375,9921.13852873445,12.0,100.0,0.410061150789261,High,0.410061150789261,train
16.790771484375,14.2578125,-1539.99762237072,-3.22400337445417,100.0,1.32419192790985,High,1.32419192790985,test
18.4326171875,16.97998046875,1006.92152231932,2.20231229509232,100.0,1.01165628433228,High,1.01165628433228,val
17.559814453125,6.903076171875,-829.229488968849,-5.17850688476472,50.0,2.0149290561676,High,2.0149290561676,val
17.333984375,13.09814453125,-414.614744484425,-1.21073832654683,100.0,0.416330516338348,High,0.416330516338348,val
17.7490234375,12.939453125,-414.614744484425,-1.21073832654683,100.0,0.44066110253334,High,0.44066110253334,train
17.596435546875,13.568115234375,-29.6153388917446,-0.0899286317646966,100.0,0.0344329476356506,High,0.0344329476356506,train
18.988037109375,16.851806640625,88.8460166752338,0.214270680993377,50.0,0.0995079651474953,Low,0.0995079651474953,train
17.840576171875,16.95556640625,207.307372242212,0.477312089406319,100.0,0.221849426627159,Medium,0.221849426627159,train
17.4072265625,5.975341796875,1806.53567239642,-74.9999284744263,75.0,2.25499272346497,High,2.25499272346497,test
18.560791015625,17.108154296875,59.2306777834892,0.176184983607385,100.0,0.0792801007628441,Medium,0.0792801007628441,val
17.755126953125,17.559814453125,1036.53686121106,2.20231229509232,100.0,1.00030362606049,High,1.00030362606049,train
16.11328125,13.043212890625,-59.2306777834892,-0.173498486122413,100.0,0.0571597814559937,Medium,0.0571597814559937,train
18.316650390625,16.473388671875,977.306183427572,2.20231229509232,100.0,1.07095646858215,High,1.07095646858215,train
16.89453125,15.789794921875,-88.8460166752338,0.0,100.0,1.24965810775757,High,1.24965810775757,val
18.83544921875,17.0654296875,1036.53686121106,2.20231229509232,100.0,1.08244514465332,High,1.08244514465332,train
18.20068359375,12.5,-1125.3828778863,-3.42,50.0,1.21631526947021,High,1.21631526947021,train
18.017578125,13.238525390625,-29.6153388917446,-0.092604986738704,100.0,0.0334883034229279,Medium,0.0334883034229279,val
17.7001953125,16.717529296875,1006.92152231932,2.20231229509232,100.0,0.0567632354795933,High,0.0567632354795933,train
18.072509765625,15.899658203125,-1036.53686121106,-2.30460051122957,5.00000007450581,0.870703279972076,Medium,0.870703279972076,val
17.803955078125,16.8701171875,207.307372242212,0.477312089378846,100.0,5.13304403284565e-05,High,5.13304403284565e-05,train
16.6748046875,5.596923828125,-266.538050025702,-2.19447734277066,50.0,0.1164146438241,High,0.1164146438241,train
16.748046875,62.060546875,6900.3739617765,7.03766690120455,100.0,6.29707098007202,High,6.29707098007202,val
20.306396484375,0.860595703125,29.6153388917446,-2.17527151107788,120.000004768372,0.0552097782492638,Low,0.0552097782492638,train
18.255615234375,16.93115234375,236.922711133957,0.552861288012727,100.0,0.255680412054062,Medium,0.255680412054062,test
17.877197265625,16.986083984375,207.307372242212,0.477312089347425,100.0,0.219755008816719,Medium,0.219755008816719,train
17.138671875,13.232421875,-88.8460166752338,-0.268298960931887,100.0,0.105231553316116,Medium,0.105231553316116,train
16.229248046875,12.603759765625,-1243.84423345327,-3.6,100.0,1.14498448371887,High,1.14498448371887,train
17.7734375,16.89453125,236.922711133957,0.552861288274825,100.0,0.255076766014099,High,0.255076766014099,train
17.840576171875,83.92333984375,26002.2675469518,-74.7312605381012,75.0,3.55585122108459,High,3.55585122108459,train
17.523193359375,1.4404296875,207.307372242212,-5.42208552360535,100.0,0.177679926156998,Low,0.177679926156998,val
17.376708984375,18.05419921875,-1154.99821677804,-2.05317099599587,5.00000007450581,0.178037509322166,Low,0.178037509322166,test
18.42041015625,13.0615234375,-118.461355566978,-0.360000005364418,100.0,0.124973364174366,High,0.124973364174366,train
17.333984375,18.20068359375,5360.37633940578,11.1111112766796,100.0,12.2887554168701,High,12.2887554168701,train
17.78564453125,13.43994140625,-444.230083376169,-1.21073832654683,100.0,0.434723794460297,High,0.434723794460297,val
16.73583984375,17.535400390625,503.460761159658,1.11111108627584,100.0,0.510127604007721,Low,0.510127604007721,train
16.632080078125,13.4033203125,-1303.07491123676,-3.6,100.0,1.28240263462067,High,1.28240263462067,train
17.279052734375,17.779541015625,2073.07372242212,4.52305450613067,50.0,2.44142627716064,Medium,2.44142627716064,val
17.2119140625,11.798095703125,-1154.99821677804,-3.6,100.0,1.35886001586914,High,1.35886001586914,test
16.693115234375,13.28125,-414.614744484425,-1.21073832654683,100.0,0.43929597735405,High,0.43929597735405,val
17.24853515625,14.2333984375,-29.6153388917446,0.0,100.0,0.0001887957769213,High,0.0001887957769213,test
16.424560546875,13.385009765625,-1303.07491123676,-3.6,100.0,1.23736715316772,High,1.23736715316772,val
17.5537109375,12.56103515625,-1688.07431682944,-4.82479132465501,50.0,2.12281727790833,High,2.12281727790833,train
16.754150390625,13.48876953125,-29.6153388917446,-0.0942501829428528,100.0,0.0353277958929539,Medium,0.0353277958929539,train
16.54052734375,13.616943359375,-29.6153388917446,-0.0834294467241209,100.0,0.0334255285561085,Medium,0.0334255285561085,train
17.578125,18.42041015625,2161.91973909736,4.45274829992925,5.00000007450581,1.42732179164886,Low,1.42732179164886,train
16.302490234375,19.8974609375,3435.37931144238,6.07497186445273,50.0,3.57413196563721,High,3.57413196563721,test
17.3583984375,13.616943359375,-29.6153388917446,-0.0942501829428528,100.0,0.0353277958929539,Medium,0.0353277958929539,train
17.87109375,16.90673828125,236.922711133957,0.550471052630853,100.0,0.244715139269829,High,0.244715139269829,test
17.242431640625,15.625,-29.6153388917446,0.0,100.0,0.0004009427502751,Low,0.0004009427502751,test
16.668701171875,12.85400390625,-414.614744484425,-1.21073832654683,100.0,0.436587870121002,Medium,0.436587870121002,test
19.598388671875,13.067626953125,-384.99940559268,-1.11111108627584,100.0,0.389104932546616,Low,0.389104932546616,test
18.2373046875,4.742431640625,-118.461355566978,0.0,100.0,0.0089348033070564,High,0.0089348033070564,val
18.0908203125,11.444091796875,858.844827860594,2.77777781916989,50.0,5.9507851600647,High,5.9507851600647,train
16.80908203125,13.63525390625,-1332.69025012851,-3.6,100.0,1.29907846450806,High,1.29907846450806,test
16.943359375,11.846923828125,-1154.99821677804,-3.6,100.0,1.24062061309814,High,1.24062061309814,train
16.717529296875,56.689453125,5774.9910838902,5.54336340855386,100.0,6.22751951217651,High,6.22751951217651,train
17.37060546875,18.963623046875,5893.45243945718,11.1111112766796,100.0,5.23175430297852,High,5.23175430297852,val
17.291259765625,11.90185546875,-1154.99821677804,-3.6,100.0,1.34171211719513,High,1.34171211719513,train
17.047119140625,5.999755859375,1836.15101128817,-74.9990344047546,75.0,1.93365705013275,Medium,1.93365705013275,val
16.656494140625,17.279052734375,503.460761159658,1.11111108627584,100.0,0.523410975933075,Low,0.523410975933075,train
17.657470703125,12.97607421875,-88.8460166752338,-0.324535188158634,120.000004768372,0.120844215154648,Medium,0.120844215154648,val
18.035888671875,13.3544921875,-2013.84304463863,-4.67899677773034,100.0,1.45678913593292,High,1.45678913593292,train
17.657470703125,13.043212890625,-29.6153388917446,-0.0942987662789802,100.0,0.0327973254024982,Medium,0.0327973254024982,val
17.0166015625,12.774658203125,-414.614744484425,-1.21073832654683,100.0,0.436625123023987,High,0.436625123023987,train
16.8212890625,13.00048828125,-29.6153388917446,-0.0938096455749405,100.0,0.0361062362790108,Medium,0.0361062362790108,val
16.83349609375,15.0146484375,-59.2306777834892,-0.114658908815719,50.0,0.0246519520878792,Low,0.0246519520878792,train
17.578125,11.8896484375,-1776.92033350468,-5.60064410351127,50.0,2.07863783836365,High,2.07863783836365,train
18.37158203125,16.83349609375,236.922711133957,0.551945983119144,100.0,0.263631194829941,High,0.263631194829941,val
19.53125,5.712890625,3168.84126141667,-119.956880807877,120.000004768372,2.36546039581299,High,2.36546039581299,train
18.10302734375,11.48681640625,-1362.30558902025,-4.98218268135303,50.0,1.60807168483734,High,1.60807168483734,val
17.486572265625,17.138671875,1036.53686121106,2.20231229509232,100.0,1.01295173168182,High,1.01295173168182,test
16.839599609375,12.884521484375,-414.614744484425,-1.21073832654683,100.0,0.419188380241394,High,0.419188380241394,train
17.486572265625,16.9677734375,236.922711133957,0.551945983119144,100.0,0.258490979671478,High,0.258490979671478,test
17.779541015625,80.535888671875,15607.2835959494,11.1896370868671,100.0,5.09570789337158,High,5.09570789337158,train
17.767333984375,21.099853515625,-266.538050025702,0.0,5.00000007450581,1.8985081911087,High,1.8985081911087,test
17.5537109375,6.085205078125,1924.9970279634,-75.0026106834412,75.0,1.83242237567902,High,1.83242237567902,train
17.767333984375,16.80908203125,236.922711133957,0.552861287336154,100.0,0.255421429872513,High,0.255421429872513,val
17.98095703125,16.766357421875,325.768727809191,0.735806486786386,100.0,0.345602482557297,High,0.345602482557297,val
17.0654296875,6.4208984375,1984.22770574689,-75.0003755092621,75.0,2.24893307685852,High,2.24893307685852,test
16.8701171875,28.497314453125,-681.152794510126,0.0,100.0,0.0069738370366394,High,0.0069738370366394,train
16.363525390625,16.998291015625,1688.07431682944,3.6,100.0,1.57064700126648,High,1.57064700126648,train
17.4560546875,8.062744140625,2517.30380579829,-115.005970001221,114.999997615814,2.11754417419434,High,2.11754417419434,test
16.6015625,12.890625,-1924.9970279634,-4.97652047432355,100.0,1.57149577140808,High,1.57149577140808,train
16.607666015625,0.799560546875,29.6153388917446,-1.80959701538086,100.0,0.0443197935819626,Low,0.0443197935819626,train
17.108154296875,13.409423828125,29.6153388917446,0.142233018073792,5.00000007450581,0.0098664937540888,Low,0.0098664937540888,val
17.02880859375,19.000244140625,5982.29845613241,12.0,100.0,6.34821653366089,High,6.34821653366089,train
18.24951171875,16.888427734375,266.538050025702,0.588645189429109,100.0,0.278899490833282,Medium,0.278899490833282,train
18.0908203125,16.80908203125,236.922711133957,0.552861287336154,100.0,0.26194229722023,High,0.26194229722023,train
16.50390625,16.668701171875,799.614150077105,1.8,100.0,0.844451010227203,High,0.844451010227203,train
17.68798828125,16.943359375,207.307372242212,0.469945698035157,100.0,0.219017684459686,Medium,0.219017684459686,train
18.829345703125,17.474365234375,1747.30499461293,3.6,100.0,1.62651586532593,High,1.62651586532593,train
18.85986328125,17.0166015625,88.8460166752338,0.214270680993377,50.0,0.0977757498621941,Low,0.0977757498621941,test
17.974853515625,5.322265625,-1006.92152231932,-5.27514678855156,5.00000007450581,0.0861840322613716,Low,0.0861840322613716,test
16.192626953125,13.09814453125,-88.8460166752338,-0.270445979385638,100.0,0.0959091112017632,Medium,0.0959091112017632,test
16.961669921875,13.531494140625,-1332.69025012851,-3.6,100.0,1.19745182991028,High,1.19745182991028,val
17.047119140625,19.9462890625,6130.37515059114,12.0,100.0,2.91082119941711,High,2.91082119941711,train
14.53857421875,16.845703125,29.6153388917446,0.100030610384887,100.0,0.0411892607808113,Medium,0.0411892607808113,train
18.49365234375,13.641357421875,-1806.53567239642,-4.64291510609952,5.00000007450581,4.14982128143311,High,4.14982128143311,val
17.93212890625,16.851806640625,207.307372242212,0.465425814884138,100.0,0.215727284550667,High,0.215727284550667,train
19.05517578125,11.407470703125,-177.692033350468,-0.557516538737585,100.0,0.203834101557732,Medium,0.203834101557732,train
16.253662109375,13.5009765625,-29.6153388917446,-0.0923649349675269,100.0,0.0343574769794941,Medium,0.0343574769794941,train
16.9677734375,13.397216796875,-29.6153388917446,-0.0899286317646966,100.0,0.0342301428318024,Medium,0.0342301428318024,val
17.05322265625,0.860595703125,29.6153388917446,-2.17169523239136,120.000004768372,0.0564690083265305,Low,0.0564690083265305,train
15.93017578125,7.220458984375,2221.15041688085,-114.991217851639,114.999997615814,2.33679890632629,High,2.33679890632629,test
17.376708984375,17.364501953125,177.692033350468,0.397956261604743,5.00000007450581,0.171275839209557,Low,0.171275839209557,train
18.1884765625,16.497802734375,-1836.15101128817,-4.44210383617969,50.0,1.54416382312775,High,1.54416382312775,train
18.145751953125,16.925048828125,236.922711133957,0.550471052630853,100.0,0.258570730686188,High,0.258570730686188,val
16.314697265625,10.284423828125,-1362.30558902025,-4.6595685155089,50.0,1.94326829910278,High,1.94326829910278,test
17.48046875,13.055419921875,-414.614744484425,-1.21073832654683,100.0,0.433657556772232,High,0.433657556772232,train
18.27392578125,7.769775390625,-977.306183427572,-4.98813318135704,100.0,1.27218973636627,High,1.27218973636627,train
17.254638671875,16.973876953125,266.538050025702,0.588645189429109,100.0,0.283150404691696,High,0.283150404691696,test
16.827392578125,19.512939453125,5863.83710056543,12.0,100.0,6.29569292068481,High,6.29569292068481,train
17.07763671875,5.987548828125,1865.76635017991,-75.0003755092621,75.0,2.0401496887207,High,2.0401496887207,train
18.12744140625,11.8896484375,-1599.22830015421,-4.78685331166439,100.0,1.40718519687653,High,1.40718519687653,train
17.041015625,12.48779296875,-1214.22889456153,-3.6,100.0,1.35277330875397,High,1.35277330875397,test
17.181396484375,11.62109375,-1362.30558902025,-4.51697414175225,5.00000007450581,1.36296892166138,High,1.36296892166138,train
17.010498046875,13.165283203125,-29.6153388917446,-0.0917155684528386,100.0,0.0326746255159378,Medium,0.0326746255159378,train
18.499755859375,16.827392578125,236.922711133957,0.552861288003835,100.0,0.26236617565155,High,0.26236617565155,test
16.412353515625,8.0322265625,2458.0731280148,-115.005970001221,114.999997615814,1.83889985084534,High,1.83889985084534,train
16.32080078125,15.704345703125,-59.2306777834892,-0.276888269679756,50.0,0.102179870009422,Low,0.102179870009422,val
16.95556640625,13.153076171875,-414.614744484425,-1.21073832654683,100.0,0.429589807987213,High,0.429589807987213,val
17.913818359375,16.650390625,1006.92152231932,2.20231229509232,100.0,1.08683741092682,High,1.08683741092682,test
18.4326171875,17.37060546875,59.2306777834892,0.189401969583789,100.0,0.105939857661724,High,0.105939857661724,train
19.12841796875,17.291259765625,1036.53686121106,2.20231229509232,100.0,1.04597675800323,High,1.04597675800323,train
16.650390625,13.330078125,-29.6153388917446,-0.0926311271808838,100.0,0.0362249426543713,Medium,0.0362249426543713,test
17.425537109375,13.3056640625,-29.6153388917446,-0.0915732638685095,100.0,0.0353326909244061,Medium,0.0353326909244061,val
17.8955078125,13.3056640625,-29.6153388917446,-0.092604986738704,100.0,0.0334883034229279,Medium,0.0334883034229279,train
18.084716796875,8.428955078125,-414.614744484425,-0.689921479212503,50.0,0.159457296133041,Low,0.159457296133041,train
16.290283203125,13.177490234375,-1303.07491123676,-3.6,100.0,1.3126049041748,High,1.3126049041748,val
16.68701171875,18.798828125,6071.14447280765,12.0,100.0,6.2680082321167,High,6.2680082321167,train
17.742919921875,18.5302734375,2191.5350779891,4.23772952725813,50.0,1.57278442382813,Medium,1.57278442382813,val
17.327880859375,3.533935546875,-59.2306777834892,0.0,100.0,0.0038683777675032,High,0.0038683777675032,val
17.22412109375,15.838623046875,2221.15041688085,5.23563173219728,100.0,1.92161071300507,Medium,1.92161071300507,val
18.280029296875,16.778564453125,236.922711133957,0.551945983119144,100.0,0.249712586402893,High,0.249712586402893,val
17.767333984375,16.876220703125,207.307372242212,0.46242074115794,100.0,6.03451662755106e-05,High,6.03451662755106e-05,test
15.869140625,13.214111328125,-29.6153388917446,-0.092604986738704,100.0,0.0312015265226364,Medium,0.0312015265226364,test
18.280029296875,16.925048828125,236.922711133957,0.551945983119144,100.0,0.254412323236465,High,0.254412323236465,train
17.279052734375,13.232421875,-414.614744484425,-1.21073832654683,100.0,0.423483997583389,High,0.423483997583389,val
16.839599609375,18.310546875,1806.53567239642,3.6,100.0,1.66052603721619,High,1.66052603721619,train
17.8466796875,16.83349609375,236.922711133957,0.552861287336154,100.0,0.255069494247437,High,0.255069494247437,test
17.7734375,16.827392578125,236.922711133957,0.552861287336154,100.0,0.256696790456772,High,0.256696790456772,train
18.414306640625,17.144775390625,296.153388917446,0.663433571165866,100.0,0.317485094070435,High,0.317485094070435,train
17.462158203125,12.353515625,-888.460166752338,-2.7,100.0,0.988918960094452,High,0.988918960094452,train
17.962646484375,17.724609375,-2487.68846690655,-4.35135078514784,50.0,2.79423713684082,High,2.79423713684082,train
17.498779296875,16.88232421875,325.768727809191,0.73751132109312,100.0,0.333123922348022,High,0.333123922348022,val
16.9921875,6.451416015625,1984.22770574689,-75.0035047531128,75.0,1.95004045963287,High,1.95004045963287,train
18.359375,16.9189453125,325.768727809191,0.735806486786386,100.0,0.352594137191772,High,0.352594137191772,train
17.315673828125,18.084716796875,177.692033350468,0.357892333026,5.00000007450581,0.404500216245651,Low,0.404500216245651,train
16.705322265625,11.63330078125,-1125.3828778863,-3.6,100.0,1.16980302333832,High,1.16980302333832,val
19.4580078125,8.428955078125,2487.68846690655,-119.996219873428,120.000004768372,2.90714883804321,High,2.90714883804321,test
17.98095703125,17.498779296875,1036.53686121106,2.20231229509232,100.0,0.96456378698349,High,0.96456378698349,val
16.58935546875,11.0107421875,-1006.92152231932,-4.46567246728987,5.00000007450581,1.23267924785614,Medium,1.23267924785614,train
16.424560546875,3.52783203125,118.461355566978,0.169259134636591,50.0,0.0082107130438089,Low,0.0082107130438089,test
16.522216796875,13.311767578125,-29.6153388917446,-0.0942772605799586,100.0,0.0375979393720627,Medium,0.0375979393720627,test
17.828369140625,18.487548828125,1954.61236685514,3.82589215641968,50.0,2.13838291168213,High,2.13838291168213,train
19.195556640625,16.9921875,177.692033350468,0.413711835500293,100.0,0.193938240408897,Medium,0.193938240408897,test
16.7236328125,12.97607421875,-29.6153388917446,-0.156971644202116,89.9999976158142,0.0557038225233555,Medium,0.0557038225233555,val
17.88330078125,6.500244140625,2013.84304463863,-74.9985873699188,75.0,1.97466349601746,High,1.97466349601746,val
18.243408203125,12.7685546875,-1688.07431682944,-4.99824366101163,5.00000007450581,1.14762687683105,High,1.14762687683105,val
16.73583984375,12.95166015625,-414.614744484425,-1.21073832654683,100.0,0.412313848733902,High,0.412313848733902,train
16.314697265625,12.957763671875,-29.6153388917446,-0.092604986738704,100.0,0.0320020653307438,Medium,0.0320020653307438,train
17.193603515625,11.77978515625,-1154.99821677804,-3.6,100.0,1.29032588005066,High,1.29032588005066,test
18.133544921875,16.448974609375,977.306183427572,2.20231229509232,100.0,1.04416644573212,High,1.04416644573212,val
18.304443359375,16.89453125,236.922711133957,0.552861287336154,100.0,0.247860386967659,High,0.247860386967659,test
16.650390625,13.19580078125,-29.6153388917446,-0.0941797237866561,100.0,0.0345532633364201,Medium,0.0345532633364201,train
16.943359375,37.518310546875,-2665.38050025702,-0.868020128427691,100.0,0.394558280706406,High,0.394558280706406,train
17.047119140625,17.327880859375,1688.07431682944,3.6,100.0,1.76256823539734,High,1.76256823539734,train
17.51708984375,11.2060546875,-888.460166752338,-2.23976129444568,100.0,0.696083903312683,Low,0.696083903312683,test
18.05419921875,11.309814453125,-621.922116726637,-1.99211949075409,100.0,0.718778789043427,Low,0.718778789043427,train
16.754150390625,16.741943359375,1954.61236685514,4.46112243280631,100.0,1.82421147823334,High,1.82421147823334,train
18.316650390625,17.10205078125,236.922711133957,0.550471052630853,100.0,0.257878661155701,High,0.257878661155701,train
17.0654296875,12.17041015625,-1184.61355566978,-3.6,100.0,1.30388164520264,High,1.30388164520264,train
16.949462890625,13.4765625,-1303.07491123676,-3.6,100.0,1.34649682044983,High,1.34649682044983,train
17.889404296875,22.625732421875,-414.614744484425,-0.329642901900889,100.0,0.0834805592894554,Low,0.0834805592894554,train
18.29833984375,12.6953125,88.8460166752338,0.550323575676014,100.0,0.251802116632462,High,0.251802116632462,train
17.596435546875,17.27294921875,1628.84363904595,3.6,50.0,1.68313574790955,High,1.68313574790955,train
17.51708984375,17.449951171875,1036.53686121106,2.20231229509232,100.0,1.02890396118164,High,1.02890396118164,val
18.115234375,11.602783203125,1865.76635017991,5.10294491929718,100.0,3.74436211585999,High,3.74436211585999,train
17.68798828125,17.352294921875,-681.152794510126,-1.33159423658652,100.0,0.833572745323181,Low,0.833572745323181,train
17.059326171875,16.998291015625,236.922711133957,0.550471052630853,100.0,0.257255434989929,Medium,0.257255434989929,train
17.8466796875,13.671875,-118.461355566978,-0.336473619760468,5.00000007450581,5.72084900340997e-07,Low,5.72084900340997e-07,train
18.02978515625,23.150634765625,118.461355566978,0.63504,5.00000007450581,0.533014893531799,Low,0.533014893531799,train
17.498779296875,16.89453125,236.922711133957,0.551945983119144,100.0,0.258999049663544,High,0.258999049663544,train
16.400146484375,12.054443359375,-1806.53567239642,-4.93162128458577,50.0,1.47401320934296,High,1.47401320934296,train
16.6748046875,10.68115234375,-1984.22770574689,-5.63311314984365,100.0,2.59373116493225,High,2.59373116493225,test
17.73681640625,12.347412109375,-888.460166752338,-2.7,100.0,0.542442381381989,High,0.542442381381989,train
16.925048828125,17.34619140625,1688.07431682944,3.6,100.0,1.61276590824127,High,1.61276590824127,train
17.87109375,10.97412109375,-177.692033350468,-0.0501665908559306,100.0,0.0104376133531332,Low,0.0104376133531332,train
17.27294921875,13.04931640625,-414.614744484425,-1.21073832654683,100.0,0.419220507144928,High,0.419220507144928,train
19.37255859375,16.1865234375,296.153388917446,0.672472651237819,100.0,7.45939978514798e-05,Low,7.45939978514798e-05,train
16.839599609375,17.022705078125,-1362.30558902025,-2.71798733688581,100.0,1.0218106508255,Medium,1.0218106508255,train
17.315673828125,16.583251953125,-177.692033350468,0.0,100.0,1.31706309318542,High,1.31706309318542,train
18.68896484375,16.778564453125,1006.92152231932,2.20231229509232,100.0,0.991138637065887,High,0.991138637065887,train
17.608642578125,16.864013671875,236.922711133957,0.550471052630853,100.0,0.254696816205978,High,0.254696816205978,val
16.68701171875,14.263916015625,-1510.38228347898,-3.15793412647801,100.0,0.414879262447357,Low,0.414879262447357,train
15.80810546875,9.4970703125,-829.229488968849,-2.91680044908421,5.00000007450581,0.604143977165222,Low,0.604143977165222,train
16.29638671875,13.311767578125,-29.6153388917446,-0.0942501829428528,100.0,0.0345847234129906,Medium,0.0345847234129906,train
16.632080078125,43.0908203125,-1924.9970279634,-0.175885453497407,100.0,1.35159409046173,High,1.35159409046173,test
19.1162109375,17.840576171875,88.8460166752338,0.279939235813562,100.0,0.152264103293419,Medium,0.152264103293419,train
17.12646484375,0.860595703125,29.6153388917446,-2.17124819755554,120.000004768372,0.0605407655239105,Low,0.0605407655239105,train
16.10107421875,13.5009765625,-29.6153388917446,-0.0926311271808838,100.0,0.0362249426543713,Medium,0.0362249426543713,train
17.401123046875,13.018798828125,-414.614744484425,-1.21073832654683,100.0,0.443941861391068,High,0.443941861391068,train
17.5048828125,6.6650390625,2013.84304463863,-75.0017166137695,75.0,1.71510362625122,High,1.71510362625122,val
17.41943359375,13.226318359375,-29.6153388917446,-0.0915732638685095,100.0,0.0353326909244061,Medium,0.0353326909244061,train
17.626953125,11.63330078125,-1747.30499461293,-5.34496690153379,50.0,2.8024570941925,High,2.8024570941925,test
17.529296875,11.8896484375,-918.075505644083,-3.56403953962339,5.00000007450581,0.968605935573578,Low,0.968605935573578,val
16.71142578125,17.156982421875,503.460761159658,1.11111108627584,100.0,0.526273190975189,Low,0.526273190975189,train
17.559814453125,16.89453125,236.922711133957,0.551945983119144,100.0,0.25286591053009,High,0.25286591053009,train
17.303466796875,12.8662109375,-414.614744484425,-1.21073832654683,100.0,0.419337183237076,High,0.419337183237076,test
17.28515625,11.7919921875,-1154.99821677804,-3.6,100.0,1.36019086837769,High,1.36019086837769,val
17.437744140625,13.519287109375,-29.6153388917446,-0.092604986738704,100.0,0.0312015265226364,Medium,0.0312015265226364,train
16.839599609375,13.43994140625,-2369.22711133957,-6.15554735776387,50.0,2.61040449142456,High,2.61040449142456,test
17.578125,6.31103515625,1954.61236685514,-75.0026106834412,75.0,1.83986473083496,High,1.83986473083496,test
17.67578125,16.89453125,236.922711133957,0.551945983119144,100.0,0.253024101257324,High,0.253024101257324,train
18.231201171875,16.644287109375,325.768727809191,0.749552352038358,100.0,0.34271314740181,Medium,0.34271314740181,val
17.352294921875,13.3544921875,-414.614744484425,-1.21073832654683,100.0,0.374969124794006,High,0.374969124794006,train
16.546630859375,13.226318359375,-88.8460166752338,-0.270445979385638,100.0,0.100839532911777,Medium,0.100839532911777,train
17.938232421875,13.12255859375,-2132.30440020561,-5.51225041478568,50.0,1.20970463752747,High,1.20970463752747,test
17.901611328125,17.05322265625,296.153388917446,0.663433571165866,100.0,0.303761392831802,Medium,0.303761392831802,train
17.6513671875,16.839599609375,236.922711133957,0.551945983119144,100.0,0.257037788629532,High,0.257037788629532,train
16.0400390625,13.238525390625,-29.6153388917446,-0.0942501829428528,100.0,0.0361238904297352,Medium,0.0361238904297352,test
17.926025390625,6.26220703125,-503.460761159658,-1.86520935619003,50.0,0.358534455299377,Low,0.358534455299377,train
17.584228515625,17.0166015625,325.768727809191,0.735806486786386,100.0,0.333970308303833,High,0.333970308303833,val
17.05322265625,16.912841796875,236.922711133957,0.56518090582192,100.0,0.268883526325226,High,0.268883526325226,train
17.71240234375,16.021728515625,-266.538050025702,-0.595225208844573,5.00000007450581,1.68039059644798e-05,Low,1.68039059644798e-05,train
17.474365234375,17.05322265625,1006.92152231932,2.20231229509232,100.0,1.03677725791931,High,1.03677725791931,test
17.76123046875,16.900634765625,236.922711133957,0.551945983119144,100.0,0.254412323236465,High,0.254412323236465,train
15.850830078125,20.17822265625,6367.29786172509,12.0,50.0,5.93844318389893,High,5.93844318389893,val
17.51708984375,17.022705078125,236.922711133957,0.550471052630853,100.0,0.249044522643089,High,0.249044522643089,train
17.303466796875,12.420654296875,-266.538050025702,-0.179153133334319,5.00000007450581,0.120999455451965,Low,0.120999455451965,train
17.9931640625,16.961669921875,266.538050025702,0.62462693521152,100.0,0.290661960840225,Medium,0.290661960840225,test
17.523193359375,34.36279296875,-3079.99524474144,0.386940430562581,100.0,0.0722524896264076,High,0.0722524896264076,train
16.9189453125,13.201904296875,-29.6153388917446,-0.093012870671551,100.0,0.0346641503274441,Medium,0.0346641503274441,train
16.680908203125,12.127685546875,-1184.61355566978,-3.6,100.0,1.23618638515472,High,1.23618638515472,test
18.66455078125,17.3828125,236.922711133957,0.550471052526627,100.0,0.257303178310394,High,0.257303178310394,val
17.4072265625,16.021728515625,-118.461355566978,-0.806007130184035,100.0,0.320946216583252,High,0.320946216583252,train
17.5537109375,13.4033203125,-29.6153388917446,-0.0942501829428528,100.0,0.0345847234129906,Medium,0.0345847234129906,val
17.00439453125,14.581298828125,-29.6153388917446,0.0,100.0,4.20964606746566e-05,High,4.20964606746566e-05,val
17.523193359375,16.88232421875,266.538050025702,0.588645189429109,100.0,0.281542092561722,High,0.281542092561722,train
16.71142578125,14.398193359375,-325.768727809191,-0.87712937268418,50.0,0.343248546123505,Low,0.343248546123505,test
17.681884765625,16.448974609375,977.306183427572,2.20231229509232,100.0,1.05727243423462,High,1.05727243423462,train
16.9677734375,13.287353515625,-59.2306777834892,-0.222461535905954,89.9999976158142,0.0758969336748123,Medium,0.0758969336748123,test
16.497802734375,17.10205078125,1658.4589779377,3.6,100.0,1.7739782333374,High,1.7739782333374,val
17.76123046875,16.998291015625,236.922711133957,0.552861287336154,100.0,0.257611006498337,High,0.257611006498337,test
17.95654296875,22.259521484375,-2073.07372242212,-2.99403649768841,50.0,1.98332786560059,High,1.98332786560059,train
17.29736328125,13.360595703125,-29.6153388917446,-0.0942987662789802,100.0,0.0327973254024982,Medium,0.0327973254024982,test
17.840576171875,13.1591796875,-414.614744484425,-1.21073832654683,100.0,0.416824221611023,High,0.416824221611023,train
16.9921875,17.279052734375,118.461355566978,0.27039676424742,5.00000007450581,2.3632117517991e-05,Low,2.3632117517991e-05,train
17.266845703125,17.095947265625,503.460761159658,1.11111108627584,100.0,0.510085821151733,Low,0.510085821151733,train
17.962646484375,17.620849609375,-118.461355566978,0.0,50.0,0.002224231371656,Low,0.002224231371656,train
17.22412109375,20.257568359375,-1332.69025012851,-1.02803598215699,50.0,0.198002606630325,Low,0.198002606630325,train
16.56494140625,13.63525390625,-29.6153388917446,-0.0942501829428528,100.0,0.0345847234129906,Medium,0.0345847234129906,train
17.254638671875,13.067626953125,-414.614744484425,-1.21073832654683,100.0,0.434723794460297,High,0.434723794460297,train
16.83349609375,0.946044921875,88.8460166752338,-1.58436,5.00000007450581,0.206204473972321,Low,0.206204473972321,test
17.596435546875,11.041259765625,-1036.53686121106,-4.00378812338922,50.0,1.62599039077759,High,1.62599039077759,train
18.017578125,13.57421875,-1243.84423345327,-3.10791953144897,5.00000007450581,1.33318138122559,Medium,1.33318138122559,val
17.657470703125,13.31787109375,-414.614744484425,-1.21073832654683,100.0,0.434723794460297,High,0.434723794460297,train
16.571044921875,16.949462890625,236.922711133957,0.550471052630853,100.0,0.262398660182953,High,0.262398660182953,train
18.37158203125,17.364501953125,1036.53686121106,2.20231229509232,100.0,0.98942905664444,High,0.98942905664444,val
17.340087890625,16.4794921875,977.306183427572,2.20231229509232,100.0,1.05595719814301,High,1.05595719814301,test
17.291259765625,13.128662109375,-1243.84423345327,-3.39234939561793,5.00000007450581,1.32073485851288,Low,1.32073485851288,train
18.133544921875,17.047119140625,266.538050025702,0.624626936480108,100.0,0.286207675933838,Medium,0.286207675933838,val
16.064453125,13.555908203125,-29.6153388917446,-0.093012870671551,100.0,0.0346641503274441,Low,0.0346641503274441,train
17.22412109375,12.322998046875,-1184.61355566978,-3.6,100.0,1.25338435173035,High,1.25338435173035,train
16.143798828125,13.177490234375,-29.6153388917446,-0.092604986738704,100.0,0.0320020653307438,Medium,0.0320020653307438,test
16.412353515625,39.324951171875,-2665.38050025702,-0.757300876305287,100.0,0.161189630627632,High,0.161189630627632,train
18.682861328125,36.700439453125,1391.920927912,2.4786,100.0,0.22698937356472,Low,0.22698937356472,train
16.44287109375,28.436279296875,681.152794510126,1.4509021922946,5.00000007450581,4.10988868679851e-05,Low,4.10988868679851e-05,train
18.414306640625,17.236328125,1036.53686121106,2.20231229509232,100.0,1.00022256374359,High,1.00022256374359,train
17.718505859375,13.116455078125,-414.614744484425,-1.21073832654683,100.0,0.43806055188179,High,0.43806055188179,train
16.827392578125,11.65771484375,-592.306777834892,-1.91974409120464,50.0,0.742517590522766,Medium,0.742517590522766,test
17.291259765625,13.29345703125,-29.6153388917446,-0.0942772605799586,100.0,0.0375979393720627,Low,0.0375979393720627,test
16.5771484375,0.811767578125,29.6153388917446,-1.80959701538086,100.0,0.0519021451473236,Low,0.0519021451473236,val
17.547607421875,13.226318359375,-29.6153388917446,-0.0942501829428528,100.0,0.0361238904297352,Medium,0.0361238904297352,train
17.584228515625,12.554931640625,-1924.9970279634,-5.76188495413613,50.0,1.67006492614746,High,1.67006492614746,train
17.041015625,51.7578125,14096.9013124704,-43.9859926700592,50.0,15.3364238739014,High,15.3364238739014,train
18.304443359375,17.022705078125,266.538050025702,0.62462693521152,100.0,0.290465414524078,Medium,0.290465414524078,train
17.9443359375,17.010498046875,1006.92152231932,2.20231229509232,100.0,1.0230016708374,High,1.0230016708374,train
17.83447265625,17.87109375,2724.6111780405,5.55555563833978,100.0,1.67639565467834,Low,1.67639565467834,val
16.571044921875,12.60986328125,-1214.22889456153,-3.6,100.0,1.32678413391113,High,1.32678413391113,train
17.87109375,16.986083984375,266.538050025702,0.62462693521152,100.0,0.294570207595825,Medium,0.294570207595825,train
17.7734375,13.0859375,-29.6153388917446,-0.0942501829428528,100.0,0.0353277958929539,Medium,0.0353277958929539,train
18.39599609375,19.342041015625,4383.0701559782,8.33333366447025,100.0,4.04897975921631,High,4.04897975921631,train
18.768310546875,16.888427734375,236.922711133957,0.552861287977218,100.0,0.25178924202919,High,0.25178924202919,train
18.56689453125,16.95556640625,236.922711133957,0.552861287966154,100.0,0.254121541976929,High,0.254121541976929,test
18.634033203125,17.138671875,1036.53686121106,2.20231229509232,100.0,1.02890396118164,High,1.02890396118164,val
16.796875,13.629150390625,-29.6153388917446,-0.0899286317646966,100.0,0.0343250520527363,Low,0.0343250520527363,train
17.425537109375,9.765625,-562.691438943148,-2.07273041329588,50.0,0.752999126911163,Low,0.752999126911163,train
18.450927734375,18.20068359375,1688.07431682944,3.41999995708466,100.0,1.56398570537567,High,1.56398570537567,train
16.070556640625,13.17138671875,-29.6153388917446,-0.092604986738704,100.0,0.0334883034229279,Medium,0.0334883034229279,test
17.596435546875,16.961669921875,236.922711133957,0.551945983119144,100.0,0.261235624551773,High,0.261235624551773,test
16.900634765625,12.8662109375,-29.6153388917446,-0.29941167667813,50.0,0.118047498166561,Low,0.118047498166561,test
17.10205078125,13.36669921875,-1184.61355566978,-3.23999991416931,100.0,1.15357172489166,High,1.15357172489166,train
16.741943359375,1.40380859375,207.307372242212,-5.42208552360535,100.0,0.248896285891533,Low,0.248896285891533,train
17.889404296875,16.595458984375,977.306183427572,2.20231229509232,100.0,1.07521629333496,High,1.07521629333496,test
18.145751953125,54.1259765625,14096.9013124704,-42.044073343277,80.0000011920929,15.8788423538208,High,15.8788423538208,train
17.864990234375,16.534423828125,977.306183427572,2.20231229509232,100.0,1.08803284168243,High,1.08803284168243,train
16.76025390625,16.741943359375,1628.84363904595,3.6,100.0,1.71921443939209,High,1.71921443939209,val
17.96875,16.1865234375,1717.68965572119,4.11768867003272,100.0,2.03036761283875,Medium,2.03036761283875,train
17.90771484375,10.41259765625,-1421.53626680374,-4.50179927155495,100.0,1.67989718914032,High,1.67989718914032,train
17.822265625,13.140869140625,-29.6153388917446,-0.156971644202116,89.9999976158142,0.0577337630093098,Medium,0.0577337630093098,train
17.54150390625,6.38427734375,1954.61236685514,-74.9985873699188,75.0,2.12468409538269,High,2.12468409538269,train
17.913818359375,17.230224609375,1036.53686121106,2.20231229509232,100.0,0.993732869625092,High,0.993732869625092,val
18.83544921875,17.352294921875,207.307372242212,0.474610220432093,100.0,0.106585912406445,High,0.106585912406445,train
19.183349609375,98.79150390625,30740.7217696309,-112.036764621735,120.000004768372,30.3735256195068,High,30.3735256195068,test
17.05322265625,17.144775390625,1036.53686121106,2.33886217255169,100.0,0.329743772745132,Low,0.329743772745132,train
17.83447265625,16.693115234375,977.306183427572,2.20231229509232,100.0,1.03478562831879,High,1.03478562831879,train
17.24853515625,13.043212890625,-29.6153388917446,-0.0941797237866561,100.0,0.0345532633364201,Medium,0.0345532633364201,val
17.63916015625,16.961669921875,236.922711133957,0.551945983119144,100.0,0.261940866708755,High,0.261940866708755,test
17.3583984375,13.262939453125,-29.6153388917446,-0.0912686859926533,100.0,0.0335583314299583,Medium,0.0335583314299583,val
17.852783203125,6.317138671875,-503.460761159658,-3.23999991416931,100.0,5.10617282998282e-05,High,5.10617282998282e-05,train
16.827392578125,42.425537109375,3731.53270035982,5.01876,50.0,3.64889407157898,High,3.64889407157898,val
18.61572265625,16.93115234375,207.307372242212,0.465425815037293,100.0,0.212893053889275,Medium,0.212893053889275,train
20.050048828125,19.122314453125,88.8460166752338,0.19743653640681,100.0,1.8974807971972e-05,Low,1.8974807971972e-05,train
16.485595703125,12.945556640625,-29.6153388917446,-0.0941797237866561,100.0,0.0112673314288259,Medium,0.0112673314288259,train
17.67578125,11.962890625,29.6153388917446,0.0,100.0,0.81177282333374,High,0.81177282333374,val
16.839599609375,10.650634765625,-1924.9970279634,-5.45766647430638,50.0,2.3550271987915,High,2.3550271987915,train
17.4560546875,16.864013671875,236.922711133957,0.550471052630853,100.0,0.257255434989929,High,0.257255434989929,val
17.828369140625,16.8212890625,236.922711133957,0.551945983119144,100.0,0.258302420377731,Medium,0.258302420377731,train
17.218017578125,6.170654296875,1865.76635017991,-74.9950110912323,75.0,2.04719996452332,High,2.04719996452332,val
16.375732421875,17.02880859375,29.6153388917446,0.0,50.0,0.16742604970932,Low,0.16742604970932,train
17.852783203125,14.29443359375,-2073.07372242212,-5.21994116320364,100.0,1.3634592294693,High,1.3634592294693,train
18.585205078125,17.41943359375,1688.07431682944,3.6,50.0,1.78461790084839,High,1.78461790084839,val
18.603515625,17.022705078125,296.153388917446,0.663433571165866,100.0,0.300476431846619,Medium,0.300476431846619,train
17.327880859375,50.848388671875,-4027.68608927727,-0.997463291843271,100.0,0.348469495773315,High,0.348469495773315,val
16.93115234375,11.138916015625,29.6153388917446,0.0,5.00000007450581,0.0001652636565268,Low,0.0001652636565268,train
17.431640625,1.422119140625,207.307372242212,-5.42119145393372,100.0,0.175369963049889,Low,0.175369963049889,test
17.730712890625,16.851806640625,236.922711133957,0.551945983119144,100.0,0.258403301239014,High,0.258403301239014,test
17.2119140625,17.2119140625,1658.4589779377,3.6,50.0,1.67845046520233,High,1.67845046520233,train
18.157958984375,17.022705078125,236.922711133957,0.550471052526627,100.0,0.25537097454071,High,0.25537097454071,val
15.478515625,55.535888671875,11431.5208122134,12.0,50.0,6.23828649520874,High,6.23828649520874,train
18.85986328125,17.5048828125,1036.53686121106,2.20231229509232,100.0,1.01174247264862,High,1.01174247264862,train
17.56591796875,17.572021484375,1036.53686121106,2.20231229509232,100.0,0.978173673152924,High,0.978173673152924,train
17.633056640625,13.189697265625,-414.614744484425,-1.21073832654683,100.0,0.428711175918579,High,0.428711175918579,val
16.094970703125,13.360595703125,-29.6153388917446,-0.0912686859926533,100.0,0.0330865159630775,Medium,0.0330865159630775,val
18.353271484375,17.535400390625,1066.15220010281,2.20231229509232,100.0,1.06093144416809,High,1.06093144416809,train
15.960693359375,13.18359375,-29.6153388917446,-0.0926311271808838,100.0,0.0362249426543713,Medium,0.0362249426543713,train
17.022705078125,16.510009765625,384.99940559268,0.85728409810502,50.0,0.347762048244476,Low,0.347762048244476,val
17.620849609375,12.774658203125,-414.614744484425,-1.21073832654683,100.0,0.437703400850296,High,0.437703400850296,train
17.791748046875,16.95556640625,236.922711133957,0.552861287336154,100.0,0.258561939001083,Medium,0.258561939001083,train
17.584228515625,16.93115234375,236.922711133957,0.552861287336154,100.0,0.26310533285141,High,0.26310533285141,train
18.56689453125,17.437744140625,1451.15160569549,3.06000008583069,100.0,1.46773326396942,High,1.46773326396942,train
17.523193359375,17.07763671875,236.922711133957,0.551945983119144,100.0,0.258490979671478,High,0.258490979671478,val
15.521240234375,13.372802734375,-29.6153388917446,-0.0923649349675269,100.0,0.0343574769794941,Medium,0.0343574769794941,train
16.845703125,12.738037109375,-414.614744484425,-1.21073832654683,100.0,0.438898414373398,High,0.438898414373398,train
16.8701171875,17.816162109375,1747.30499461293,3.6,100.0,1.61978852748871,High,1.61978852748871,train
18.05419921875,15.643310546875,-2073.07372242212,-4.73814935902826,5.00000007450581,2.46755194664001,High,2.46755194664001,train
16.876220703125,18.29833984375,1776.92033350468,3.6,50.0,1.58024883270264,High,1.58024883270264,train
16.961669921875,16.949462890625,236.922711133957,0.552861287977218,100.0,0.25178924202919,High,0.25178924202919,train
17.694091796875,17.00439453125,296.153388917446,0.663433571165866,100.0,0.313196808099747,High,0.313196808099747,train
15.85693359375,13.323974609375,-29.6153388917446,-0.0926311271808838,100.0,0.0362249426543713,Medium,0.0362249426543713,train
17.535400390625,13.250732421875,-384.99940559268,-1.08000004291534,100.0,0.387595683336258,Medium,0.387595683336258,test
18.12744140625,21.270751953125,118.461355566978,0.360888462847852,100.0,1.98119723791024e-05,Low,1.98119723791024e-05,train
16.9189453125,13.763427734375,-29.6153388917446,-0.092604986738704,100.0,0.033945370465517,Medium,0.033945370465517,test
18.06640625,13.372802734375,-1776.92033350468,-4.64552173112184,5.00000007450581,1.38382029533386,High,1.38382029533386,train
18.7744140625,26.959228515625,1006.92152231932,1.94140221558153,5.00000007450581,0.392833441495895,High,0.392833441495895,test
17.71240234375,14.947509765625,-29.6153388917446,0.0,100.0,2.81434488296509,High,2.81434488296509,train
18.450927734375,11.77978515625,-1539.99762237072,-5.21849790026403,5.00000007450581,1.59306812286377,High,1.59306812286377,train
17.059326171875,16.943359375,266.538050025702,0.588645189429109,100.0,0.261347830295563,High,0.261347830295563,train
17.28515625,13.177490234375,-88.8460166752338,-0.27061173577089,100.0,0.105732314288616,Medium,0.105732314288616,train
17.303466796875,12.921142578125,-88.8460166752338,-0.270445979385638,100.0,0.0955871045589447,Medium,0.0955871045589447,train
16.546630859375,5.609130859375,-236.922711133957,-2.64504252613755,5.00000007450581,1.34897936732159e-05,Low,1.34897936732159e-05,test
16.7724609375,12.48779296875,-1214.22889456153,-3.6,100.0,0.550774991512299,High,0.550774991512299,val
16.4794921875,13.17138671875,148.076694458723,0.269886975905895,5.00000007450581,0.164968311786652,Low,0.164968311786652,train
17.254638671875,6.268310546875,1895.38168907166,-74.9999284744263,75.0,1.93696069717407,High,1.93696069717407,train
17.413330078125,13.1103515625,-88.8460166752338,-0.251744788051226,100.0,0.0923162177205086,Medium,0.0923162177205086,test
16.851806640625,41.741943359375,-1628.84363904595,-0.0181661896472499,100.0,1.26085102558136,High,1.26085102558136,train
16.192626953125,17.413330078125,1747.30499461293,3.6,100.0,1.60008370876312,High,1.60008370876312,train
17.608642578125,17.022705078125,236.922711133957,0.551945983119144,100.0,0.252613961696625,High,0.252613961696625,train
16.180419921875,17.44384765625,1717.68965572119,3.6,100.0,1.01281261444092,High,1.01281261444092,test
17.254638671875,13.00048828125,-414.614744484425,-1.21073832654683,100.0,0.429926127195358,High,0.429926127195358,val
17.742919921875,14.3798828125,1895.38168907166,4.68058771824656,5.00000007450581,0.226616650819778,High,0.226616650819778,test
17.767333984375,12.5732421875,-1628.84363904595,-5.03520252367394,100.0,1.81456542015076,High,1.81456542015076,val
16.790771484375,13.372802734375,-1303.07491123676,-3.6,100.0,1.32978510856628,High,1.32978510856628,test
19.22607421875,8.074951171875,2576.53448358178,-119.996219873428,120.000004768372,2.68082427978516,High,2.68082427978516,train
17.669677734375,11.932373046875,-1303.07491123676,-3.8570209002674,50.0,1.28034520149231,Medium,1.28034520149231,train
16.766357421875,19.305419921875,6159.99048948288,12.0,100.0,6.13512277603149,High,6.13512277603149,test
16.61376953125,13.14697265625,-88.8460166752338,-0.270445979385638,100.0,0.0957398191094399,Medium,0.0957398191094399,train
17.193603515625,1.35498046875,177.692033350468,-5.42208552360535,100.0,0.232069805264473,Low,0.232069805264473,train
18.450927734375,16.95556640625,236.922711133957,0.550471052630853,100.0,0.251277416944504,High,0.251277416944504,val
16.69921875,26.8798828125,-2013.84304463863,0.0024371908413052,100.0,0.005331961903721,High,0.005331961903721,train
17.51708984375,16.864013671875,1006.92152231932,2.20231229509232,100.0,1.07521629333496,High,1.07521629333496,test
18.15185546875,16.2353515625,1599.22830015421,3.6,100.0,1.78537547588348,High,1.78537547588348,val
17.730712890625,16.76025390625,1006.92152231932,2.20231229509232,100.0,0.965880692005157,High,0.965880692005157,val
17.108154296875,19.873046875,6337.68252283335,12.0,100.0,6.399254322052,High,6.399254322052,val
17.71240234375,9.356689453125,-236.922711133957,-0.574033726422442,50.0,0.152289509773254,Low,0.152289509773254,train
16.61376953125,44.25048828125,2635.76516136527,3.5957090148594,100.0,1.68697535991669,Medium,1.68697535991669,train
17.559814453125,13.482666015625,-29.6153388917446,-0.0899286317646966,100.0,0.0344329476356506,Medium,0.0344329476356506,train
17.9931640625,16.705322265625,1006.92152231932,2.20231229509232,100.0,1.08243906497955,High,1.08243906497955,train
17.572021484375,13.0859375,-414.614744484425,-1.21073832654683,100.0,0.416589260101318,High,0.416589260101318,train
18.194580078125,8.660888671875,-918.075505644083,-4.481991743281,5.00000007450581,0.676252901554108,Low,0.676252901554108,test
16.729736328125,13.580322265625,-177.692033350468,-0.318553688116061,50.0,0.121452517807484,Low,0.121452517807484,test
17.694091796875,16.400146484375,1599.22830015421,3.6,100.0,1.54388070106506,High,1.54388070106506,test
17.254638671875,16.217041015625,-266.538050025702,-0.44497529665585,100.0,0.0005602996097877,Low,0.0005602996097877,val
17.15087890625,13.3056640625,-29.6153388917446,-0.156971644202116,89.9999976158142,0.0587379150092602,Medium,0.0587379150092602,train
16.6259765625,13.24462890625,-414.614744484425,-1.21073832654683,100.0,0.429565906524658,High,0.429565906524658,train
18.511962890625,9.307861328125,-207.307372242212,-0.873755461039782,100.0,0.287174463272095,Low,0.287174463272095,train
16.40625,13.4521484375,-29.6153388917446,-0.0899286317646966,100.0,0.0344329476356506,Medium,0.0344329476356506,train
18.316650390625,17.010498046875,236.922711133957,0.552861288023856,100.0,0.257943361997604,High,0.257943361997604,train
17.41943359375,17.413330078125,1036.53686121106,2.20231229509232,100.0,1.03076481819153,High,1.03076481819153,train
17.87109375,14.41650390625,-29.6153388917446,-0.11016,50.0,0.10318049043417,Low,0.10318049043417,val
16.71142578125,13.299560546875,-29.6153388917446,-0.0926311271808838,100.0,0.0362249426543713,Medium,0.0362249426543713,test
17.193603515625,17.1875,1036.53686121106,2.20231229509232,100.0,1.0537782907486,High,1.0537782907486,test
17.022705078125,20.849609375,-1214.22889456153,0.00324,100.0,6.9031400680542,High,6.9031400680542,train
15.966796875,11.956787109375,-1006.92152231932,-3.06000008583069,100.0,1.04962813854218,High,1.04962813854218,train
17.938232421875,17.041015625,236.922711133957,0.552861287336154,100.0,0.255412012338638,Medium,0.255412012338638,test
17.254638671875,16.8212890625,236.922711133957,0.551945983119144,100.0,0.253584563732147,High,0.253584563732147,train
18.157958984375,12.445068359375,-592.306777834892,-1.85184,100.0,0.484205484390259,High,0.484205484390259,train
17.37060546875,14.593505859375,-29.6153388917446,0.0,100.0,0.0015925375046208,High,0.0015925375046208,train
16.9921875,18.902587890625,207.307372242212,0.452260399893923,5.00000007450581,0.185550287365913,Low,0.185550287365913,val
18.231201171875,19.049072265625,296.153388917446,0.735806486786386,100.0,0.330106288194656,High,0.330106288194656,test
17.279052734375,2.79541015625,29.6153388917446,0.0,100.0,0.0016882937634363,High,0.0016882937634363,train
17.61474609375,17.034912109375,325.768727809191,0.73751132109312,100.0,0.34315812587738,High,0.34315812587738,train
16.485595703125,16.790771484375,236.922711133957,0.552861287336154,100.0,0.260852783918381,High,0.260852783918381,train
18.2861328125,13.446044921875,-1303.07491123676,-3.6,100.0,2.97816300392151,High,2.97816300392151,train
18.194580078125,16.97998046875,236.922711133957,0.550471052630853,100.0,0.247825339436531,High,0.247825339436531,train
17.29736328125,12.97607421875,-88.8460166752338,-0.251744788051226,100.0,0.0847079455852509,Medium,0.0847079455852509,test
16.680908203125,23.32763671875,-1628.84363904595,-2.0900329063602,100.0,1.15253150463104,Medium,1.15253150463104,train
18.359375,16.900634765625,266.538050025702,0.588645189429109,100.0,0.267736494541168,High,0.267736494541168,test
17.242431640625,21.405029296875,1717.68965572119,3.25845962819594,5.00000007450581,0.260612338781357,Medium,0.260612338781357,val
17.12646484375,11.114501953125,-918.075505644083,-3.12348395514887,5.00000007450581,0.343779027462006,Low,0.343779027462006,val
17.877197265625,16.973876953125,236.922711133957,0.552861288235911,100.0,0.254850476980209,High,0.254850476980209,train
18.0419921875,16.54052734375,977.306183427572,2.20231229509232,100.0,1.07305765151978,High,1.07305765151978,test
16.71142578125,13.262939453125,-29.6153388917446,-0.0917155684528386,100.0,0.0326746255159378,Medium,0.0326746255159378,train
13.055419921875,14.88037109375,-88.8460166752338,0.0,100.0,0.0006236038170754,High,0.0006236038170754,train
18.572998046875,16.864013671875,325.768727809191,0.73751132109312,100.0,0.344225108623505,Medium,0.344225108623505,train
17.41943359375,10.400390625,-533.076100051403,-1.890191056015,5.00000007450581,0.901174664497375,Low,0.901174664497375,test
17.15087890625,1.385498046875,207.307372242212,-5.42119145393372,100.0,0.206302851438522,Low,0.206302851438522,test
17.95654296875,16.93115234375,266.538050025702,0.62462693521152,100.0,0.290057897567749,Medium,0.290057897567749,train
18.011474609375,17.047119140625,1006.92152231932,2.20231229509232,100.0,0.995596706867218,High,0.995596706867218,train
17.095947265625,6.439208984375,2013.84304463863,-75.0017166137695,75.0,2.27288603782654,High,2.27288603782654,train
17.66357421875,16.961669921875,296.153388917446,0.663433571165866,100.0,0.311969041824341,High,0.311969041824341,test
16.943359375,13.4033203125,-29.6153388917446,-0.0942501829428528,100.0,0.0345847234129906,Medium,0.0345847234129906,train
17.29736328125,13.8916015625,1332.69025012851,3.23241907555884,100.0,0.861564040184021,Low,0.861564040184021,val
18.7255859375,21.5576171875,118.461355566978,0.65124,100.0,0.810630142688751,Low,0.810630142688751,train
16.943359375,12.982177734375,-414.614744484425,-1.21073832654683,100.0,0.43656125664711,High,0.43656125664711,train
17.767333984375,16.815185546875,236.922711133957,0.551945983119144,100.0,0.262305617332459,High,0.262305617332459,train
17.242431640625,18.719482421875,799.614150077105,1.66666662941376,100.0,0.746244192123413,Low,0.746244192123413,train
16.51611328125,11.71875,-1154.99821677804,-3.6,100.0,1.32072651386261,High,1.32072651386261,val
17.047119140625,13.092041015625,-1273.45957234502,-3.6,100.0,1.37350034713745,High,1.37350034713745,train
18.017578125,16.839599609375,236.922711133957,0.550471052630853,100.0,0.251277416944504,High,0.251277416944504,test
16.29638671875,13.323974609375,-29.6153388917446,-0.0926311271808838,100.0,0.0362249426543713,Medium,0.0362249426543713,train
16.729736328125,12.41455078125,-414.614744484425,-1.21073832654683,100.0,0.445960849523544,High,0.445960849523544,test
17.999267578125,16.522216796875,-1688.07431682944,-4.07406906940579,5.00000007450581,1.4437814950943,High,1.4437814950943,train
17.48046875,23.773193359375,1806.53567239642,3.6,50.0,1.7811553478241,High,1.7811553478241,test
16.583251953125,16.351318359375,1510.38228347898,3.42,100.0,1.65325796604156,High,1.65325796604156,test
17.681884765625,22.222900390625,-414.614744484425,0.0,5.00000007450581,0.0061424411833286,High,0.0061424411833286,train
17.68798828125,16.461181640625,1539.99762237072,3.41999995708466,100.0,1.67138910293579,High,1.67138910293579,train
17.059326171875,12.896728515625,-88.8460166752338,-0.324535188158634,120.000004768372,0.119801200926304,Medium,0.119801200926304,train
17.279052734375,9.765625,-681.152794510126,-2.72007045468786,100.0,1.14392507076263,Low,1.14392507076263,test
17.950439453125,16.143798828125,1954.61236685514,4.16139125221274,100.0,2.73222875595093,High,2.73222875595093,train
15.948486328125,13.5986328125,-29.6153388917446,-0.0923649349675269,100.0,0.0343574769794941,Medium,0.0343574769794941,train
29.9072265625,1.47705078125,207.307372242212,-5.43326139450073,100.0,0.227112829685211,High,0.227112829685211,val
16.4306640625,16.845703125,1658.4589779377,3.6,100.0,1.61029827594757,High,1.61029827594757,train
18.20068359375,13.214111328125,-29.6153388917446,-0.0917155684528386,100.0,0.0326746255159378,Medium,0.0326746255159378,val
19.10400390625,13.067626953125,-29.6153388917446,-0.113528095860195,100.0,0.039821945130825,Medium,0.039821945130825,train
16.68701171875,34.417724609375,-6989.21997845173,3.64969738659698,100.0,7.41095161437988,High,7.41095161437988,train
17.27294921875,16.827392578125,236.922711133957,0.550471052630853,100.0,0.251166969537735,High,0.251166969537735,train
17.17529296875,19.73876953125,6011.91379502416,11.1111112766796,100.0,5.35137796401978,High,5.35137796401978,train
16.839599609375,12.26806640625,-1214.22889456153,-3.6,100.0,1.33206045627594,High,1.33206045627594,test
18.05419921875,13.1591796875,-414.614744484425,-1.21073832654683,100.0,0.43332251906395,High,0.43332251906395,train
17.230224609375,16.900634765625,236.922711133957,0.552861287336154,100.0,0.259742826223373,High,0.259742826223373,test
16.339111328125,13.4033203125,-29.6153388917446,-0.0942501829428528,100.0,0.0353277958929539,Medium,0.0353277958929539,train
18.536376953125,12.945556640625,-29.6153388917446,-0.0834294467241209,100.0,0.0334255285561085,Medium,0.0334255285561085,train
17.02880859375,11.8408203125,-1154.99821677804,-3.6,100.0,1.28758919239044,High,1.28758919239044,val
19.573974609375,16.85791015625,118.461355566978,0.277777771568961,100.0,0.156648308038712,Low,0.156648308038712,train
17.88330078125,17.095947265625,236.922711133957,0.552861287336154,100.0,0.262212038040161,High,0.262212038040161,train
17.706298828125,9.942626953125,-562.691438943148,-2.1258194802481,100.0,1.13281488418579,Low,1.13281488418579,train
16.61376953125,13.17138671875,-59.2306777834892,-0.194282199668167,100.0,0.0718707889318466,Medium,0.0718707889318466,train
17.71240234375,21.832275390625,1747.30499461293,3.6,50.0,1.76217126846313,High,1.76217126846313,train
18.780517578125,19.537353515625,207.307372242212,0.552861287948484,100.0,0.244714915752411,High,0.244714915752411,train
17.39501953125,13.330078125,-29.6153388917446,-0.0926311271808838,100.0,0.0362249426543713,Medium,0.0362249426543713,test
16.845703125,18.963623046875,592.306777834892,1.29123305620135,50.0,0.0340172983705997,Low,0.0340172983705997,train
18.365478515625,12.255859375,-1717.68965572119,-4.58558626541349,100.0,1.53732967376709,High,1.53732967376709,train
17.07763671875,21.96044921875,621.922116726637,1.2403932095525,100.0,0.120659694075584,Low,0.120659694075584,train
17.572021484375,6.2255859375,1954.61236685514,-75.003057718277,75.0,1.96051406860352,High,1.96051406860352,train
16.07666015625,13.1103515625,-29.6153388917446,-0.0942501829428528,100.0,0.0353277958929539,Medium,0.0353277958929539,train
17.779541015625,12.97607421875,-621.922116726637,-1.8,100.0,0.630859076976776,High,0.630859076976776,val
18.963623046875,16.9677734375,236.922711133957,0.555555555555556,50.0,4.38991482951678e-05,Low,4.38991482951678e-05,train
18.39599609375,16.88232421875,236.922711133957,0.550471052630853,100.0,0.257878661155701,High,0.257878661155701,val
16.9189453125,13.17138671875,-1273.45957234502,-3.55388731137207,100.0,3.28084707260132,High,3.28084707260132,train
18.49365234375,16.888427734375,236.922711133957,0.550471052630853,100.0,0.251290529966354,High,0.251290529966354,train
17.98095703125,13.201904296875,-29.6153388917446,-0.0917155684528386,100.0,0.0326746255159378,Medium,0.0326746255159378,test
17.681884765625,13.14697265625,-414.614744484425,-1.21073832654683,100.0,0.423483997583389,High,0.423483997583389,test
17.0166015625,13.665771484375,-1332.69025012851,-3.6,100.0,1.28976774215698,High,1.28976774215698,test
17.889404296875,16.741943359375,1006.92152231932,2.20231229509232,100.0,1.11358845233917,High,1.11358845233917,train
16.253662109375,13.18359375,-29.6153388917446,-0.092604986738704,100.0,0.0320020653307438,High,0.0320020653307438,train
16.9677734375,18.701171875,4234.99346151948,8.33333366447025,100.0,4.35277223587036,Low,4.35277223587036,train
17.44384765625,4.19921875,1303.07491123676,-47.9981303215027,60.0000023841858,1.39975357055664,Medium,1.39975357055664,train
16.998291015625,22.88818359375,-207.307372242212,0.0,50.0,0.0067010391503572,Low,0.0067010391503572,train
17.44384765625,13.037109375,-29.6153388917446,-0.0917155684528386,100.0,0.0326746255159378,Medium,0.0326746255159378,train
17.352294921875,12.890625,-414.614744484425,-1.21073832654683,100.0,0.428765267133713,High,0.428765267133713,train
19.34814453125,16.7724609375,88.8460166752338,0.214270680993377,50.0,0.0995079651474953,Low,0.0995079651474953,train
18.3349609375,12.469482421875,-1036.53686121106,-3.53503560734046,100.0,0.0599831081926823,Low,0.0599831081926823,val
17.681884765625,6.024169921875,1776.92033350468,-75.0008225440979,75.0,2.22118306159973,High,2.22118306159973,val
16.595458984375,1.373291015625,207.307372242212,-5.42208552360535,100.0,0.221988141536713,Low,0.221988141536713,train
16.69921875,18.65234375,-266.538050025702,0.0,100.0,0.0011687863152474,High,0.0011687863152474,train
16.705322265625,13.17138671875,-29.6153388917446,-0.0912686859926533,100.0,0.036638930439949,Medium,0.036638930439949,test
18.27392578125,17.07763671875,236.922711133957,0.552861287336154,100.0,0.261982560157776,Medium,0.261982560157776,val
17.333984375,11.651611328125,-1362.30558902025,-4.035044036705,50.0,2.10561418533325,High,2.10561418533325,train
17.572021484375,13.177490234375,-1273.45957234502,-3.6,100.0,1.22269034385681,High,1.22269034385681,train
17.529296875,16.80908203125,236.922711133957,0.551945983119144,100.0,0.255488932132721,High,0.255488932132721,val
17.67578125,18.42041015625,-1539.99762237072,-2.55388339084301,5.00000007450581,0.799190580844879,Medium,0.799190580844879,train
17.63916015625,11.370849609375,-355.384066700935,-1.21073832654683,100.0,0.432982385158539,High,0.432982385158539,train
16.9921875,17.76123046875,4027.68608927727,8.33333366447025,100.0,4.21088027954102,High,4.21088027954102,train
16.943359375,35.498046875,-2694.99583914876,-1.09310783396775,100.0,1.12756288051605,High,1.12756288051605,test
17.852783203125,16.900634765625,266.538050025702,0.588645189429109,100.0,0.270002812147141,High,0.270002812147141,train
17.5048828125,16.815185546875,236.922711133957,0.551945983119144,100.0,0.256387323141098,High,0.256387323141098,train
17.437744140625,0.775146484375,29.6153388917446,-2.17035412788391,120.000004768372,0.0323145836591721,Low,0.0323145836591721,val
16.66259765625,13.311767578125,-29.6153388917446,-0.156971644202116,89.9999976158142,0.0557038225233555,Medium,0.0557038225233555,train
20.501708984375,18.353271484375,2132.30440020561,4.45705208689989,5.00000007450581,2.45375823974609,High,2.45375823974609,train
16.864013671875,6.0302734375,1895.38168907166,-75.0035047531128,75.0,2.02164077758789,High,2.02164077758789,val
17.529296875,6.085205078125,1865.76635017991,-74.9994814395905,75.0,2.09980058670044,High,2.09980058670044,train
16.827392578125,19.17724609375,-710.768133401871,-1.25034472785976,100.0,0.862793564796448,Low,0.862793564796448,train
18.878173828125,16.85791015625,236.922711133957,0.552861287336154,100.0,0.25666406750679,High,0.25666406750679,val
17.816162109375,16.9921875,236.922711133957,0.552861287336154,100.0,0.266417384147644,High,0.266417384147644,train
17.730712890625,13.29345703125,-414.614744484425,-1.21073832654683,100.0,0.439553201198578,High,0.439553201198578,train
17.169189453125,1.46484375,207.307372242212,-5.43326139450073,100.0,0.18311220407486,High,0.18311220407486,test
17.364501953125,16.80908203125,236.922711133957,0.551945983119144,100.0,0.260154634714127,High,0.260154634714127,val
17.66357421875,16.766357421875,236.922711133957,0.552861288023856,100.0,0.257943361997604,High,0.257943361997604,train
17.926025390625,16.986083984375,236.922711133957,0.552861288023856,100.0,0.257943361997604,High,0.257943361997604,test
17.889404296875,23.53515625,-266.538050025702,0.0,5.00000007450581,0.201961904764175,Low,0.201961904764175,train
18.78662109375,16.6015625,977.306183427572,2.20231229509232,100.0,1.05606234073639,High,1.05606234073639,train
16.851806640625,15.826416015625,-1066.15220010281,-2.25824394562061,5.00000007450581,0.48276349902153,Low,0.48276349902153,train
16.796875,13.079833984375,-1303.07491123676,-3.35065592785928,100.0,2.97282099723816,High,2.97282099723816,val
18.06640625,16.9677734375,236.922711133957,0.552861287336154,100.0,0.258267194032669,Medium,0.258267194032669,train
16.522216796875,9.4970703125,-533.076100051403,-2.31063032320785,100.0,1.66824884217931e-05,Low,1.66824884217931e-05,test
18.353271484375,21.868896484375,325.768727809191,1.03952953028912,100.0,1.67039215564728,Low,1.67039215564728,train
17.193603515625,12.04833984375,-1184.61355566978,-3.6,100.0,1.27085340023041,High,1.27085340023041,test
17.8466796875,13.079833984375,-29.6153388917446,-0.092604986738704,100.0,0.033945370465517,Medium,0.033945370465517,val
16.85791015625,17.529296875,1539.99762237072,3.23999991416931,100.0,1.50661671161652,High,1.50661671161652,train
16.448974609375,19.769287109375,118.461355566978,0.212998641478529,100.0,0.134260639548302,Low,0.134260639548302,train
17.8466796875,17.0166015625,207.307372242212,0.477312089402264,100.0,0.219829231500626,Medium,0.219829231500626,train
17.706298828125,16.815185546875,236.922711133957,0.551945983119144,100.0,0.255554527044296,High,0.255554527044296,val
17.37060546875,13.22021484375,-29.6153388917446,-0.0942501829428528,100.0,0.0353277958929539,Medium,0.0353277958929539,train
15.8447265625,13.12255859375,-29.6153388917446,-0.095734211732074,100.0,0.0348197817802429,Medium,0.0348197817802429,train
17.49267578125,12.445068359375,-1776.92033350468,-5.24663279358337,50.0,1.41675710678101,High,1.41675710678101,val
15.509033203125,0.811767578125,29.6153388917446,-2.1757185459137,120.000004768372,0.0558027736842632,Low,0.0558027736842632,val
17.9443359375,12.615966796875,148.076694458723,0.0623407549874701,5.00000007450581,0.224969506263733,Low,0.224969506263733,train
17.54150390625,16.949462890625,236.922711133957,0.552861287336154,100.0,0.249309495091438,High,0.249309495091438,test
17.54150390625,13.07373046875,-29.6153388917446,-0.0942987662789802,100.0,0.0327973254024982,Medium,0.0327973254024982,test
19.317626953125,73.32763671875,23336.8870466948,-68.8916444778442,75.0,25.2367267608643,High,25.2367267608643,train
17.926025390625,13.189697265625,-29.6153388917446,-0.092604986738704,100.0,0.0334883034229279,Medium,0.0334883034229279,test
17.56591796875,13.73291015625,-2102.68906131387,-5.43272063451092,50.0,2.11290502548218,High,2.11290502548218,train
17.083740234375,43.15185546875,-2161.91973909736,-0.348277011807502,100.0,0.0401933528482914,High,0.0401933528482914,train
16.107177734375,13.238525390625,-1303.07491123676,-3.6,100.0,1.37662518024445,High,1.37662518024445,test
17.48046875,16.80908203125,236.922711133957,0.552861287336154,100.0,0.256696790456772,High,0.256696790456772,train
16.50390625,13.26904296875,-473.845422267914,-1.29806807440969,50.0,0.46272736787796,Medium,0.46272736787796,train
18.06640625,13.128662109375,-414.614744484425,-1.21073832654683,100.0,0.413344353437424,High,0.413344353437424,train
17.730712890625,16.680908203125,977.306183427572,2.20231229509232,100.0,1.08020985126495,High,1.08020985126495,test
17.425537109375,1.409912109375,177.692033350468,-5.42119145393372,100.0,0.236382067203522,Low,0.236382067203522,train
17.96875,9.429931640625,-473.845422267914,0.0,100.0,2.72654104232788,High,2.72654104232788,train
16.9677734375,13.68408203125,-355.384066700935,-0.72229188723938,50.0,0.285557985305786,Low,0.285557985305786,train
17.987060546875,9.979248046875,-1391.920927912,-4.91902107917187,5.00000007450581,1.80473053455353,High,1.80473053455353,val
17.96875,17.15087890625,325.768727809191,0.735806486786386,100.0,0.176247343420982,High,0.176247343420982,train
17.5537109375,5.99365234375,1865.76635017991,-74.9994814395905,75.0,1.8906044960022,High,1.8906044960022,train
17.49267578125,13.031005859375,-414.614744484425,-1.21073832654683,100.0,0.439600676298141,High,0.439600676298141,val
15.56396484375,30.2978515625,8677.29429528117,12.0,50.0,5.95737886428833,High,5.95737886428833,val
16.4794921875,12.158203125,-1154.99821677804,-3.6,100.0,1.15402245521545,High,1.15402245521545,train
18.670654296875,16.937255859375,236.922711133957,0.550471052526627,100.0,0.25537097454071,High,0.25537097454071,test
18.951416015625,13.189697265625,-29.6153388917446,-0.092604986738704,100.0,0.0320020653307438,Low,0.0320020653307438,train
17.010498046875,12.933349609375,-414.614744484425,-1.21073832654683,100.0,0.434907257556915,High,0.434907257556915,train
16.815185546875,13.214111328125,-29.6153388917446,-0.0942987662789802,100.0,0.0327973254024982,Medium,0.0327973254024982,test
17.462158203125,16.95556640625,236.922711133957,0.550471052630853,100.0,0.250798016786575,High,0.250798016786575,train
16.387939453125,15.8447265625,88.8460166752338,0.185816091207929,5.00000007450581,0.0030154918786138,Low,0.0030154918786138,train
18.27392578125,12.139892578125,1539.99762237072,4.06325401022175,100.0,0.915227949619293,High,0.915227949619293,val
17.828369140625,13.22021484375,-414.614744484425,-1.21073832654683,100.0,0.433973133563995,High,0.433973133563995,train
16.168212890625,12.890625,-384.99940559268,-1.11111108627584,100.0,0.0913127958774567,Low,0.0913127958774567,val
24.090576171875,8.3740234375,-769.99881118536,-3.04340911865471,100.0,0.714649498462677,High,0.714649498462677,train
17.4072265625,13.726806640625,-29.6153388917446,-0.0942987662789802,100.0,0.0327973254024982,Medium,0.0327973254024982,train
16.7724609375,14.520263671875,-29.6153388917446,0.0,100.0,1.02829658985138,High,1.02829658985138,val
18.15185546875,16.80908203125,236.922711133957,0.552861287336154,100.0,0.258267194032669,High,0.258267194032669,train
16.192626953125,13.1591796875,-1214.22889456153,-3.41999995708466,100.0,1.18753087520599,High,1.18753087520599,val
16.265869140625,1.409912109375,207.307372242212,-5.42119145393372,100.0,0.25901785492897,Low,0.25901785492897,train
17.93212890625,12.95166015625,2073.07372242212,-8.33333366447025,100.0,1.88523936271667,Low,1.88523936271667,train
17.44384765625,16.93115234375,296.153388917446,0.663433571165866,100.0,0.304985493421555,High,0.304985493421555,train
22.42431640625,12.82958984375,-1066.15220010281,-3.04340911865471,100.0,0.373229891061783,High,0.373229891061783,test
17.0166015625,16.78466796875,236.922711133957,0.551945983119144,100.0,0.260366648435593,High,0.260366648435593,train
17.218017578125,16.827392578125,236.922711133957,0.552861288249626,100.0,0.259269446134567,Medium,0.259269446134567,train
17.462158203125,16.912841796875,236.922711133957,0.56518090582192,100.0,0.261046648025513,High,0.261046648025513,train
18.45703125,16.790771484375,236.922711133957,0.550471052630853,100.0,0.24877305328846,High,0.24877305328846,train
16.748046875,13.5009765625,-296.153388917446,-0.826889098275134,50.0,0.263208359479904,Low,0.263208359479904,train
17.205810546875,27.5390625,-325.768727809191,0.0,100.0,0.062500387430191,Low,0.062500387430191,test
17.669677734375,13.31787109375,-88.8460166752338,-0.262761999491325,100.0,0.0959815010428429,Medium,0.0959815010428429,val
17.913818359375,17.5048828125,1036.53686121106,2.20231229509232,100.0,1.01789569854736,High,1.01789569854736,test
17.56591796875,17.425537109375,29.6153388917446,0.128336077272194,100.0,2.26845641009277e-05,Medium,2.26845641009277e-05,test
18.83544921875,16.83349609375,88.8460166752338,0.222222225533591,50.0,5.05045863974374e-05,Low,5.05045863974374e-05,train
15.673828125,13.067626953125,-29.6153388917446,-0.092604986738704,100.0,0.0320020653307438,Medium,0.0320020653307438,val
16.7236328125,13.1103515625,-29.6153388917446,-0.092604986738704,100.0,0.033945370465517,Medium,0.033945370465517,train
16.741943359375,46.807861328125,-1688.07431682944,-3.53425741195679,100.0,0.522574245929718,High,0.522574245929718,train
17.041015625,6.280517578125,1895.38168907166,-74.9990344047546,75.0,2.08991050720215,High,2.08991050720215,train
17.4072265625,6.16455078125,1865.76635017991,-74.9972462654114,75.0,1.87943243980408,High,1.87943243980408,train
18.85986328125,16.900634765625,207.307372242212,0.468470202332385,100.0,0.219701111316681,High,0.219701111316681,test
16.46728515625,13.543701171875,-29.6153388917446,-0.0942501829428528,100.0,0.0353277958929539,Medium,0.0353277958929539,train
18.475341796875,13.336181640625,-29.6153388917446,-0.0941797237866561,100.0,0.0345532633364201,Medium,0.0345532633364201,val
18.3837890625,16.778564453125,562.691438943148,1.24582568741367,100.0,0.602909743785858,Medium,0.602909743785858,val
16.83349609375,16.778564453125,-177.692033350468,0.0,100.0,1.30033957958221,High,1.30033957958221,test
18.39599609375,16.93115234375,-59.2306777834892,0.0,5.00000007450581,0.0003552738926373,Low,0.0003552738926373,test
17.205810546875,16.986083984375,236.922711133957,0.551945983119144,100.0,0.260273903608322,High,0.260273903608322,train
17.37060546875,13.336181640625,-414.614744484425,-1.21073832654683,100.0,0.452883541584015,High,0.452883541584015,train
17.59033203125,13.006591796875,-29.6153388917446,-0.0917155684528386,100.0,0.0326746255159378,Medium,0.0326746255159378,test
16.61376953125,18.035888671875,1776.92033350468,3.6,100.0,1.14044463634491,High,1.14044463634491,train
16.632080078125,7.80029296875,-621.922116726637,-3.03017435151265,5.00000007450581,1.01202082633972,Low,1.01202082633972,val
18.10302734375,17.1142578125,236.922711133957,0.551945983119144,100.0,0.259633123874664,High,0.259633123874664,test
18.212890625,16.88232421875,236.922711133957,0.552861287336154,100.0,0.255412012338638,High,0.255412012338638,val
17.462158203125,16.851806640625,296.153388917446,0.663433571165866,100.0,0.311857521533966,Medium,0.311857521533966,test
18.853759765625,16.815185546875,236.922711133957,0.527777771155039,50.0,0.0986701920628548,Low,0.0986701920628548,train
18.10302734375,17.0654296875,29.6153388917446,0.101450116716284,100.0,0.0468743443489075,Medium,0.0468743443489075,train
16.76025390625,0.811767578125,29.6153388917446,-2.16454267501831,120.000004768372,0.0511691980063915,Low,0.0511691980063915,train
17.07763671875,13.41552734375,-29.6153388917446,-0.0938096455749405,100.0,0.0379180982708931,Medium,0.0379180982708931,train
17.974853515625,14.105224609375,-1895.38168907166,-4.92994949313809,100.0,2.02199935913086,High,2.02199935913086,train
15.985107421875,17.9931640625,1747.30499461293,3.6,100.0,1.78058815002441,High,1.78058815002441,train
16.412353515625,8.648681640625,-1036.53686121106,-4.42828535576593,100.0,1.35042285919189,High,1.35042285919189,train
17.39501953125,12.738037109375,-414.614744484425,-1.21073832654683,100.0,0.440923660993576,High,0.440923660993576,val
17.462158203125,16.8212890625,236.922711133957,0.550471052630853,100.0,0.254731178283691,High,0.254731178283691,val
15.313720703125,13.739013671875,-29.6153388917446,-0.0834294467241209,100.0,0.0334255285561085,Medium,0.0334255285561085,train
18.24951171875,16.876220703125,1006.92152231932,2.20231229509232,100.0,1.08010768890381,High,1.08010768890381,train
17.730712890625,13.153076171875,-414.614744484425,-1.21073832654683,100.0,0.413530081510544,High,0.413530081510544,test
16.668701171875,13.153076171875,-414.614744484425,-1.21073832654683,100.0,0.437386274337769,High,0.437386274337769,train
15.740966796875,13.507080078125,-29.6153388917446,-0.093012870671551,100.0,0.0346641503274441,Low,0.0346641503274441,val
13.29345703125,16.168212890625,-88.8460166752338,0.0,100.0,0.000522778253071,High,0.000522778253071,train
16.705322265625,12.98828125,-88.8460166752338,-0.270445979385638,100.0,0.0933209508657455,Medium,0.0933209508657455,train
17.578125,13.055419921875,-29.6153388917446,-0.0942501829428528,100.0,0.0361238904297352,Medium,0.0361238904297352,test
17.138671875,6.14013671875,1954.61236685514,-75.0021636486053,75.0,1.83333110809326,High,1.83333110809326,train
17.730712890625,12.847900390625,-88.8460166752338,-0.324535188158634,120.000004768372,0.119277223944664,Medium,0.119277223944664,train
17.559814453125,17.05322265625,1006.92152231932,2.20231229509232,100.0,1.06502759456635,High,1.06502759456635,train
17.034912109375,13.31787109375,-88.8460166752338,-0.251695022937925,100.0,0.0974159017205238,Medium,0.0974159017205238,train
17.63916015625,16.949462890625,29.6153388917446,0.119328022351536,100.0,0.0537912957370281,Medium,0.0537912957370281,train
16.705322265625,12.982177734375,-88.8460166752338,-0.31408436843371,120.000004768372,0.118780456483364,Medium,0.118780456483364,train
17.15087890625,12.43896484375,-59.2306777834892,-0.270445979385638,100.0,0.0929057896137238,Medium,0.0929057896137238,train
15.49072265625,13.519287109375,-29.6153388917446,-0.092604986738704,100.0,0.033945370465517,Medium,0.033945370465517,train
16.693115234375,13.39111328125,-1303.07491123676,-3.6,100.0,1.84266996383667,High,1.84266996383667,train
16.912841796875,6.097412109375,1895.38168907166,-75.0035047531128,75.0,1.96366548538208,High,1.96366548538208,test
15.78369140625,17.230224609375,29.6153388917446,0.107006689548521,5.00000007450581,0.0943280607461929,Low,0.0943280607461929,train
18.02978515625,10.8642578125,-1036.53686121106,-3.62532455183534,5.00000007450581,1.21209621429443,Medium,1.21209621429443,val
18.060302734375,16.973876953125,236.922711133957,0.550471052630853,100.0,0.254731178283691,High,0.254731178283691,test
16.094970703125,13.458251953125,-29.6153388917446,-0.092604986738704,100.0,0.033945370465517,Medium,0.033945370465517,test
17.00439453125,13.5009765625,-29.6153388917446,-0.0917155684528386,100.0,0.0326746255159378,Low,0.0326746255159378,test
17.926025390625,11.285400390625,-473.845422267914,-2.52330615020518,5.00000007450581,0.113147512078285,Low,0.113147512078285,train
17.718505859375,13.775634765625,-2013.84304463863,-4.51632594339747,100.0,1.13056492805481,High,1.13056492805481,train
16.748046875,13.348388671875,-29.6153388917446,-0.093012870671551,100.0,0.0346641503274441,Medium,0.0346641503274441,train
18.133544921875,16.998291015625,207.307372242212,0.462420741142686,100.0,0.211392745375633,High,0.211392745375633,train
17.15087890625,13.4033203125,-29.6153388917446,-0.0915732638685095,100.0,0.0353326909244061,Medium,0.0353326909244061,train
18.121337890625,17.0654296875,29.6153388917446,0.119438237786884,100.0,0.0568249598145485,Medium,0.0568249598145485,test
16.619873046875,1.397705078125,118.461355566978,-1.86348864477465,100.0,5.63350913580507e-05,High,5.63350913580507e-05,train
17.44384765625,17.425537109375,1036.53686121106,2.20231229509232,100.0,0.978589594364166,High,0.978589594364166,test
19.4580078125,13.116455078125,-29.6153388917446,-0.0899286317646966,100.0,0.0343250520527363,Medium,0.0343250520527363,train
15.58837890625,13.165283203125,-29.6153388917446,-0.0834294467241209,100.0,0.0342855714261532,Medium,0.0342855714261532,train
17.8955078125,13.00048828125,-1924.9970279634,-5.22368414988054,50.0,2.03340864181519,High,2.03340864181519,test
17.822265625,14.75830078125,-29.6153388917446,0.0,100.0,2.68528292508563e-05,High,2.68528292508563e-05,train
18.81103515625,16.265869140625,1599.22830015421,3.6,100.0,1.65570390224457,High,1.65570390224457,val
17.12646484375,17.81005859375,-1243.84423345327,-2.29181502355309,50.0,1.01298666000366,Medium,1.01298666000366,train
17.63916015625,17.68798828125,1066.15220010281,2.20231229509232,100.0,1.02058291435242,High,1.02058291435242,test
17.266845703125,13.26904296875,-29.6153388917446,-0.092604986738704,100.0,0.0334883034229279,Medium,0.0334883034229279,train
17.169189453125,1.3916015625,207.307372242212,-5.42208552360535,100.0,0.242117911577225,Low,0.242117911577225,train
17.2607421875,12.957763671875,-1273.45957234502,-3.6,100.0,1.3489898443222,High,1.3489898443222,test
17.083740234375,11.065673828125,-414.614744484425,-1.44832334869792,100.0,0.0756604596972466,Low,0.0756604596972466,test
17.608642578125,16.943359375,207.307372242212,0.479080435911555,100.0,0.220486149191856,Medium,0.220486149191856,val
19.439697265625,16.851806640625,118.461355566978,0.277777771568961,100.0,0.588210761547089,Low,0.588210761547089,val
17.413330078125,17.584228515625,1036.53686121106,2.20231229509232,100.0,0.98638242483139,High,0.98638242483139,val
17.54150390625,10.6201171875,-1924.9970279634,-5.95179593817309,50.0,2.79960060119629,High,2.79960060119629,train
18.115234375,7.2998046875,-592.306777834892,-2.94908160278834,5.00000007450581,0.0819716677069664,Low,0.0819716677069664,test
16.375732421875,13.262939453125,-29.6153388917446,-0.0917155684528386,100.0,0.0326746255159378,Medium,0.0326746255159378,test
17.3095703125,0.8056640625,29.6153388917446,-2.16454267501831,120.000004768372,0.064124159514904,Low,0.064124159514904,train
16.6748046875,13.116455078125,-29.6153388917446,-0.0942987662789802,100.0,0.0327973254024982,Medium,0.0327973254024982,train
16.9189453125,12.322998046875,-1214.22889456153,-3.6,100.0,1.29360389709473,High,1.29360389709473,train
18.212890625,11.962890625,-1184.61355566978,-3.6,100.0,1.37990319728851,High,1.37990319728851,train
16.54052734375,13.482666015625,-29.6153388917446,-0.0942501829428528,100.0,0.0361238904297352,Medium,0.0361238904297352,train
18.414306640625,17.81005859375,1066.15220010281,2.20231229509232,100.0,0.981709003448486,High,0.981709003448486,train
17.39501953125,16.680908203125,236.922711133957,0.550471052630853,100.0,0.251277416944504,High,0.251277416944504,train
17.6513671875,10.382080078125,-1332.69025012851,-5.28746835121882,50.0,2.98833584785461,High,2.98833584785461,train
18.865966796875,16.943359375,236.922711133957,0.552861287336154,100.0,0.255421429872513,High,0.255421429872513,train
16.168212890625,14.019775390625,-1628.84363904595,-4.10779054044376,100.0,1.81872141361237,Medium,1.81872141361237,train
17.724609375,13.299560546875,-59.2306777834892,-0.222461535905954,89.9999976158142,0.0790631100535393,Medium,0.0790631100535393,train
17.828369140625,16.925048828125,236.922711133957,0.550471052630853,100.0,0.251166969537735,High,0.251166969537735,train
17.535400390625,15.386962890625,29.6153388917446,0.548022493598702,100.0,0.246798723936081,Low,0.246798723936081,train
16.595458984375,21.514892578125,1924.9970279634,3.77684999710838,100.0,2.3652195930481,High,2.3652195930481,val
17.755126953125,16.790771484375,-1362.30558902025,-2.94470392054323,50.0,0.936976671218872,Medium,0.936976671218872,train
15.90576171875,13.1591796875,-29.6153388917446,-0.0923649349675269,100.0,0.0343574769794941,Medium,0.0343574769794941,test
18.212890625,16.8701171875,236.922711133957,0.552861287336154,100.0,0.256746232509613,High,0.256746232509613,train
17.7734375,14.727783203125,-1569.61296126246,-4.31572789461208,100.0,1.84051740169525,High,1.84051740169525,train
17.83447265625,8.209228515625,-88.8460166752338,-0.618936747192025,50.0,0.252131164073944,Low,0.252131164073944,val
13.995361328125,16.693115234375,59.2306777834892,0.151260555926919,100.0,0.0726554542779922,Medium,0.0726554542779922,train
16.717529296875,20.08056640625,6219.22116726637,12.0,100.0,6.40205860137939,High,6.40205860137939,train
16.607666015625,15.68603515625,-1658.4589779377,-4.28063968562604,50.0,1.57691299915314,High,1.57691299915314,test
17.706298828125,16.766357421875,236.922711133957,0.552861287336154,100.0,0.250998318195343,High,0.250998318195343,train
13.714599609375,15.716552734375,236.922711133957,0.552861287336154,100.0,0.260830074548721,Medium,0.260830074548721,train
16.44287109375,13.39111328125,-29.6153388917446,-0.0926311271808838,100.0,0.0362249426543713,Medium,0.0362249426543713,train
16.943359375,17.68798828125,-207.307372242212,0.0,100.0,0.0019970964640379,High,0.0019970964640379,val
17.608642578125,16.89453125,236.922711133957,0.552861287336154,100.0,0.249103501439095,High,0.249103501439095,train
18.011474609375,16.876220703125,325.768727809191,0.735806486786386,100.0,0.338763147592545,High,0.338763147592545,test
16.094970703125,19.9462890625,236.922711133957,0.702332966603899,50.0,0.176070898771286,Low,0.176070898771286,val
17.34619140625,17.00439453125,325.768727809191,0.73751132109312,100.0,0.337073445320129,High,0.337073445320129,train
17.9931640625,8.551025390625,-444.230083376169,-1.92935497287575,5.00000007450581,0.976676106452942,Low,0.976676106452942,train
18.145751953125,16.943359375,236.922711133957,0.551945983119144,100.0,0.256812214851379,High,0.256812214851379,train
17.254638671875,10.528564453125,-414.614744484425,0.578988570117596,100.0,0.0494260489940643,High,0.0494260489940643,test
17.333984375,13.519287109375,-29.6153388917446,-0.093012870671551,100.0,0.0346641503274441,Medium,0.0346641503274441,train
16.485595703125,15.277099609375,-1895.38168907166,-4.93841598518256,100.0,1.94109189510345,High,1.94109189510345,test
17.095947265625,6.298828125,1924.9970279634,-75.0017166137695,75.0,2.08548521995544,High,2.08548521995544,test
17.779541015625,13.104248046875,-88.8460166752338,-0.270339147502933,100.0,0.098041370511055,Medium,0.098041370511055,test
16.168212890625,13.348388671875,-1303.07491123676,-3.6,100.0,1.17291259765625,High,1.17291259765625,train
16.30859375,13.65966796875,-1243.84423345327,-3.06000008583069,100.0,1.13101267814636,High,1.13101267814636,test
17.59033203125,16.986083984375,236.922711133957,0.551945983119144,100.0,0.260345429182053,High,0.260345429182053,val
15.88134765625,13.446044921875,-29.6153388917446,-0.092604986738704,100.0,0.0312015265226364,Medium,0.0312015265226364,test
17.633056640625,13.2568359375,-29.6153388917446,-0.106991534921771,100.0,0.0366816446185112,Medium,0.0366816446185112,val
16.56494140625,13.153076171875,-88.8460166752338,-0.270445979385638,100.0,0.0935273021459579,Medium,0.0935273021459579,train
16.033935546875,20.843505859375,-769.99881118536,0.0,100.0,0.0079593174159526,High,0.0079593174159526,val
17.61474609375,13.165283203125,-29.6153388917446,-0.095734211732074,100.0,0.0348197817802429,Medium,0.0348197817802429,train
17.950439453125,11.7431640625,-799.614150077105,-2.6985113644705,5.00000007450581,0.277083814144135,Low,0.277083814144135,train
18.011474609375,10.11962890625,1421.53626680374,4.02931057811935,100.0,2.09288430213928,High,2.09288430213928,train
16.49169921875,10.009765625,-1421.53626680374,-4.87966155945567,100.0,0.70950323343277,High,0.70950323343277,train
18.115234375,16.204833984375,1599.22830015421,3.6,100.0,1.78870618343353,High,1.78870618343353,train
17.63916015625,16.9189453125,236.922711133957,0.551945983119144,100.0,0.257037788629532,High,0.257037788629532,train
17.49267578125,17.431640625,1036.53686121106,2.20231229509232,100.0,0.967855036258698,High,0.967855036258698,test
17.041015625,13.629150390625,-29.6153388917446,-0.0942772605799586,100.0,0.0375979393720627,Medium,0.0375979393720627,test
17.889404296875,3.900146484375,-177.692033350468,-3.05992644470115,5.00000007450581,0.0813269391655922,Low,0.0813269391655922,train
17.181396484375,13.31787109375,-29.6153388917446,-0.0942501829428528,100.0,0.0353277958929539,Medium,0.0353277958929539,train
16.143798828125,18.511962890625,-1954.61236685514,-3.68418241717204,5.00000007450581,0.870837271213531,Medium,0.870837271213531,train
15.71044921875,13.7451171875,-29.6153388917446,-0.0834294467241209,100.0,0.0344546474516392,Medium,0.0344546474516392,test
16.89453125,13.4521484375,-1303.07491123676,-3.6,100.0,1.34528529644012,High,1.34528529644012,val
18.682861328125,13.201904296875,-29.6153388917446,-0.0923649349675269,100.0,0.0351550839841366,Medium,0.0351550839841366,test
17.28515625,13.311767578125,-29.6153388917446,-0.106991534921771,100.0,0.039001427590847,Medium,0.039001427590847,train
18.45703125,16.97998046875,236.922711133957,0.552861288106688,100.0,0.258384585380554,High,0.258384585380554,val
16.015625,13.2080078125,-29.6153388917446,-0.092604986738704,100.0,0.0320020653307438,Medium,0.0320020653307438,val
17.535400390625,13.19580078125,-88.8460166752338,-0.324535188158634,120.000004768372,0.112506866455078,Medium,0.112506866455078,train
16.766357421875,9.912109375,266.538050025702,-3.21408,50.0,2.18643832206726,Medium,2.18643832206726,val
17.462158203125,12.451171875,-1095.76753899455,-3.23999991416931,100.0,1.13617312908173,High,1.13617312908173,train
16.845703125,13.65966796875,-29.6153388917446,-0.0938096455749405,100.0,0.0379180982708931,High,0.0379180982708931,train
19.10400390625,16.69921875,236.922711133957,0.552861287336154,100.0,0.255421429872513,High,0.255421429872513,train
15.289306640625,13.177490234375,-29.6153388917446,-0.0834294467241209,100.0,0.0348944962024689,Medium,0.0348944962024689,val
17.5048828125,25.52490234375,-325.768727809191,0.0,100.0,0.0828540325164795,Low,0.0828540325164795,val
17.0654296875,18.804931640625,1480.76694458723,3.06000008583069,100.0,1.37650203704834,High,1.37650203704834,train
16.632080078125,12.07275390625,-1599.22830015421,-4.9954052490786,50.0,1.45656907558441,High,1.45656907558441,train
18.00537109375,13.092041015625,-29.6153388917446,-0.093012870671551,100.0,0.0346641503274441,Medium,0.0346641503274441,train
17.1875,13.26904296875,-29.6153388917446,-0.106991534921771,100.0,0.0400544740259647,Medium,0.0400544740259647,train
17.87109375,15.2587890625,-1539.99762237072,-3.59082586966852,50.0,1.42742824554443,Medium,1.42742824554443,train
18.084716796875,16.63818359375,88.8460166752338,0.205520329404164,100.0,0.0935710668563843,Medium,0.0935710668563843,train
16.815185546875,13.275146484375,-29.6153388917446,-0.0923649349675269,100.0,0.0343574769794941,Medium,0.0343574769794941,train
17.83447265625,11.9384765625,-1776.92033350468,-4.92368489717114,50.0,2.16552591323853,High,2.16552591323853,train
16.66259765625,8.587646484375,-1243.84423345327,-5.00748131277469,100.0,1.49169635772705,High,1.49169635772705,test
17.48046875,20.367431640625,-473.845422267914,-0.0234383088833078,100.0,0.256713569164276,Low,0.256713569164276,train
17.10205078125,6.50634765625,1984.22770574689,-75.0035047531128,75.0,1.78886473178864,High,1.78886473178864,train
17.1630859375,12.97607421875,-414.614744484425,-1.21073832654683,100.0,0.429606467485428,High,0.429606467485428,train
17.388916015625,13.189697265625,-1273.45957234502,-3.6,100.0,1.18843626976013,High,1.18843626976013,train
15.789794921875,12.26806640625,29.6153388917446,0.0,100.0,8.65274851094e-05,Low,8.65274851094e-05,train
18.9697265625,16.8701171875,207.307372242212,0.46242074115794,100.0,0.21332885324955,Medium,0.21332885324955,train
18.02978515625,24.658203125,-918.075505644083,-1.41635458138308,50.0,0.307054668664932,Medium,0.307054668664932,test
17.49267578125,13.616943359375,-1332.69025012851,-3.6,100.0,1.22655880451202,High,1.22655880451202,val
17.999267578125,6.23779296875,-148.076694458723,-1.66212,5.00000007450581,0.393815904855728,Low,0.393815904855728,train
17.41943359375,12.969970703125,-414.614744484425,-1.21073832654683,100.0,0.431146144866943,High,0.431146144866943,train
18.1640625,16.815185546875,88.8460166752338,0.238876475627011,100.0,0.113142155110836,Medium,0.113142155110836,val
17.12646484375,20.947265625,-2073.07372242212,-2.45819316083371,100.0,1.76772379875183,High,1.76772379875183,train
17.425537109375,16.80908203125,88.8460166752338,0.2055203294033,100.0,0.0941922888159752,Medium,0.0941922888159752,test
16.71142578125,16.925048828125,1658.4589779377,3.6,100.0,1.72567272186279,High,1.72567272186279,val
17.608642578125,16.9677734375,1006.92152231932,2.20231229509232,100.0,0.98795747756958,High,0.98795747756958,test
17.98095703125,12.420654296875,-503.460761159658,-1.19334208965422,50.0,0.398769527673721,Low,0.398769527673721,train
17.61474609375,10.26611328125,-1125.3828778863,-3.86748944151672,50.0,2.59268760681152,High,2.59268760681152,train
18.328857421875,16.845703125,207.307372242212,0.477752951139025,100.0,0.219432607293129,Medium,0.219432607293129,val
17.010498046875,25.86669921875,-1658.4589779377,-1.21926527630005,100.0,0.204107835888863,High,0.204107835888863,train
16.839599609375,0.64697265625,59.2306777834892,-1.46772,5.00000007450581,0.060930248349905,Low,0.060930248349905,train
16.78466796875,1.409912109375,207.307372242212,-5.42119145393372,100.0,0.226600855588913,Low,0.226600855588913,train
17.266845703125,19.921875,29.6153388917446,0.33048,5.00000007450581,0.153789818286896,Low,0.153789818286896,train
16.387939453125,17.254638671875,-207.307372242212,0.0,100.0,0.251759469509125,High,0.251759469509125,train
18.212890625,16.827392578125,325.768727809191,0.73751132109312,100.0,0.333290845155716,High,0.333290845155716,val
17.718505859375,10.36376953125,-1421.53626680374,-5.34247755986505,50.0,1.67148184776306,High,1.67148184776306,train
17.059326171875,16.30859375,-384.99940559268,-0.736497134951932,100.0,0.0560508407652378,Low,0.0560508407652378,val
16.656494140625,20.60546875,-2073.07372242212,-2.57659943753627,100.0,0.964923560619354,High,0.964923560619354,val
17.486572265625,13.311767578125,-1362.30558902025,-3.29056965115672,100.0,2.12650513648987,High,2.12650513648987,val
16.41845703125,8.28857421875,-621.922116726637,-2.8799788181264,100.0,1.21381092071533,Medium,1.21381092071533,val
18.316650390625,16.925048828125,207.307372242212,0.465425815131634,100.0,0.218477576971054,Medium,0.218477576971054,test
16.949462890625,16.351318359375,-59.2306777834892,-0.360303155372228,50.0,0.0426877588033676,Low,0.0426877588033676,train
17.864990234375,16.888427734375,236.922711133957,0.552861287336154,100.0,0.250418066978455,High,0.250418066978455,val
16.790771484375,42.724609375,-1984.22770574689,-0.226869306267439,100.0,0.113872013986111,High,0.113872013986111,val
16.680908203125,1.7822265625,118.461355566978,-2.52072,5.00000007450581,2.3922712802887,Low,2.3922712802887,val
17.19970703125,17.0166015625,236.922711133957,0.552861287336154,100.0,0.248961761593819,High,0.248961761593819,test
18.011474609375,16.632080078125,977.306183427572,2.20231229509232,100.0,1.04946613311768,High,1.04946613311768,train
17.864990234375,16.705322265625,977.306183427572,2.20231229509232,100.0,1.07521629333496,High,1.07521629333496,train
17.205810546875,13.128662109375,-414.614744484425,-1.21073832654683,100.0,0.429104387760162,High,0.429104387760162,val
16.986083984375,12.548828125,-1243.84423345327,-3.6,100.0,1.3111891746521,High,1.3111891746521,train
17.999267578125,13.5986328125,-1599.22830015421,-4.88560633813597,50.0,0.99848872423172,High,0.99848872423172,train
16.93115234375,17.85888671875,503.460761159658,1.11111108627584,100.0,0.505872011184692,Low,0.505872011184692,test
17.00439453125,19.49462890625,1066.15220010281,2.22222217255168,50.0,0.521274507045746,Low,0.521274507045746,train
16.607666015625,11.7919921875,-384.99940559268,-0.991505252782189,50.0,0.419922709465027,Low,0.419922709465027,test
18.98193359375,16.949462890625,1006.92152231932,2.20231229509232,100.0,0.995596706867218,High,0.995596706867218,train
16.607666015625,20.42236328125,-355.384066700935,0.0,100.0,0.0208668727427721,High,0.0208668727427721,test
17.230224609375,16.845703125,236.922711133957,0.550471052526627,100.0,0.254535406827927,High,0.254535406827927,val
18.267822265625,16.88232421875,207.307372242212,0.469252903464426,100.0,0.222213461995125,Low,0.222213461995125,test
17.803955078125,16.97998046875,236.922711133957,0.550471052630853,100.0,0.26458728313446,High,0.26458728313446,train
17.681884765625,15.423583984375,29.6153388917446,0.0,100.0,0.0406488329172134,Low,0.0406488329172134,train
16.741943359375,11.0595703125,-1717.68965572119,-5.35011550827161,50.0,2.05490231513977,High,2.05490231513977,train
16.943359375,13.397216796875,-1303.07491123676,-3.6,100.0,2.96892428398132,High,2.96892428398132,val
15.582275390625,12.7197265625,-414.614744484425,-1.21073832654683,100.0,0.439800053834915,High,0.439800053834915,val
17.742919921875,6.317138671875,1924.9970279634,-75.0008225440979,75.0,2.2687451839447,High,2.2687451839447,train
18.072509765625,16.949462890625,236.922711133957,0.550471052630853,100.0,0.251290529966354,High,0.251290529966354,train
17.15087890625,11.004638671875,-1362.30558902025,-4.36173537733865,50.0,2.76388883590698,High,2.76388883590698,train
16.44287109375,13.299560546875,-29.6153388917446,-0.0942501829428528,100.0,0.0345847234129906,Medium,0.0345847234129906,train
17.279052734375,9.80224609375,-118.461355566978,-0.597307024491436,50.0,0.25466787815094,Low,0.25466787815094,test
17.41943359375,12.945556640625,-414.614744484425,-1.21073832654683,100.0,0.427473306655884,High,0.427473306655884,test
16.71142578125,13.665771484375,-29.6153388917446,-0.0942987662789802,100.0,0.0327973254024982,Medium,0.0327973254024982,train
15.814208984375,13.5009765625,-29.6153388917446,-0.0923649349675269,100.0,0.0351550839841366,Medium,0.0351550839841366,train
17.49267578125,16.705322265625,1006.92152231932,2.20231229509232,100.0,1.0559629201889,High,1.0559629201889,train
17.059326171875,16.85791015625,-1480.76694458723,-3.41999995708466,100.0,1.29456722736359,High,1.29456722736359,val
17.7490234375,17.022705078125,266.538050025702,0.588645189429109,100.0,0.277404814958572,High,0.277404814958572,train
16.5771484375,13.177490234375,-29.6153388917446,-0.092604986738704,100.0,0.0334883034229279,Medium,0.0334883034229279,val
17.974853515625,7.50732421875,-384.99940559268,0.0,5.00000007450581,8.86394082044717e-06,Low,8.86394082044717e-06,train
16.668701171875,12.835693359375,-414.614744484425,-1.21073832654683,100.0,0.429589807987213,High,0.429589807987213,train
16.93115234375,12.97607421875,-1273.45957234502,-3.6,100.0,1.59909391403198,High,1.59909391403198,train
17.3828125,16.97998046875,296.153388917446,0.663433571165866,100.0,0.303761392831802,High,0.303761392831802,train
17.840576171875,12.921142578125,-414.614744484425,-1.21073832654683,100.0,0.433041036128998,High,0.433041036128998,train
17.919921875,32.82470703125,-1006.92152231932,0.0,100.0,1.18406772613525,High,1.18406772613525,train
18.26171875,26.995849609375,977.306183427572,2.36196,50.0,17.7085075378418,High,17.7085075378418,train
17.083740234375,6.5673828125,-651.537455618382,-4.40358337299002,100.0,0.173828393220901,Low,0.173828393220901,test
16.93115234375,0.78125,29.6153388917446,-1.80870294570923,100.0,0.041763748973608,Low,0.041763748973608,train
17.34619140625,15.31982421875,-88.8460166752338,0.0,100.0,0.0010327002964913,High,0.0010327002964913,test
17.81005859375,16.85791015625,236.922711133957,0.551945983119144,100.0,0.261283457279205,High,0.261283457279205,train
17.7001953125,6.53076171875,1984.22770574689,-74.9999284744263,75.0,2.04813194274902,High,2.04813194274902,train
17.1875,17.1142578125,118.461355566978,0.357352878233404,5.00000007450581,0.164102166891098,Low,0.164102166891098,train
16.900634765625,5.9326171875,1806.53567239642,-74.9994814395905,75.0,1.96908521652222,Medium,1.96908521652222,train
17.376708984375,5.291748046875,1658.4589779377,-59.9996745586395,64.9999976158142,25.9963893890381,High,25.9963893890381,train
17.156982421875,13.531494140625,-29.6153388917446,-0.0941797237866561,100.0,0.0345532633364201,Medium,0.0345532633364201,train
18.49365234375,16.89453125,236.922711133957,0.550471052630853,100.0,0.25378879904747,High,0.25378879904747,train
17.962646484375,16.8701171875,236.922711133957,0.56518090582192,100.0,0.270672172307968,High,0.270672172307968,train
16.85791015625,10.6201171875,-740.383472293615,-2.78308908766093,5.00000007450581,0.618061125278473,Low,0.618061125278473,train
19.195556640625,47.735595703125,-14511.5160569549,-48.5135614871979,50.0,13.3651218414307,High,13.3651218414307,test
17.919921875,16.83349609375,236.922711133957,0.55286128811344,100.0,0.258540838956833,High,0.258540838956833,train
16.680908203125,12.359619140625,-1717.68965572119,-4.80118250180906,50.0,1.91207921504974,High,1.91207921504974,train
18.206787109375,16.815185546875,266.538050025702,0.588645189429109,100.0,0.270308613777161,High,0.270308613777161,test
16.5771484375,13.26904296875,-1303.07491123676,-3.6,100.0,1.76401877403259,High,1.76401877403259,val
16.85791015625,13.311767578125,-29.6153388917446,-0.0942772605799586,100.0,0.0375979393720627,Medium,0.0375979393720627,val
17.864990234375,17.0654296875,236.922711133957,0.550471052630853,100.0,0.25716096162796,High,0.25716096162796,val
17.486572265625,13.2568359375,-29.6153388917446,-0.0923649349675269,100.0,0.0343574769794941,Medium,0.0343574769794941,train
16.839599609375,15.4296875,207.307372242212,0.546852676801127,5.00000007450581,0.0822335779666901,Low,0.0822335779666901,train
17.578125,17.352294921875,355.384066700935,0.818345377700883,50.0,0.354804903268814,Low,0.354804903268814,train
16.71142578125,13.68408203125,-29.6153388917446,-0.0926311271808838,100.0,0.0362249426543713,Medium,0.0362249426543713,train
17.083740234375,11.56005859375,-266.538050025702,-1.21436169774061,5.00000007450581,3.47515197063331e-05,Low,3.47515197063331e-05,train
17.791748046875,16.9921875,236.922711133957,0.550471052630853,100.0,0.25716096162796,High,0.25716096162796,test
16.754150390625,13.1103515625,-1273.45957234502,-3.6,100.0,1.35193037986755,High,1.35193037986755,train
17.8466796875,6.512451171875,2043.45838353038,-75.0039517879486,75.0,1.95435774326324,High,1.95435774326324,train
17.303466796875,15.4541015625,-118.461355566978,0.0,100.0,0.0024816042277962,High,0.0024816042277962,train
17.44384765625,13.311767578125,-29.6153388917446,-0.0899286317646966,100.0,0.0343250520527363,Medium,0.0343250520527363,train
15.73486328125,13.201904296875,-29.6153388917446,-0.092604986738704,100.0,0.0320020653307438,Medium,0.0320020653307438,train
16.88232421875,15.39306640625,-29.6153388917446,0.0,100.0,1.31223797798157,High,1.31223797798157,train
16.424560546875,13.4033203125,-29.6153388917446,-0.0923649349675269,100.0,0.0343574769794941,Medium,0.0343574769794941,train
17.17529296875,1.910400390625,-118.461355566978,-2.82204,100.0,1.02605998516083,Low,1.02605998516083,train
17.9931640625,16.943359375,236.922711133957,0.551945983119144,100.0,0.253836363554001,High,0.253836363554001,train
16.73583984375,13.385009765625,-29.6153388917446,-0.0942987662789802,100.0,0.0327973254024982,Medium,0.0327973254024982,val
16.754150390625,19.03076171875,5893.45243945718,12.0,100.0,6.20558643341064,High,6.20558643341064,val
17.24853515625,15.283203125,-29.6153388917446,0.0,100.0,0.0006704280385747,High,0.0006704280385747,train
19.23828125,7.43408203125,2309.99643355608,-99.9914109706879,100.0,2.72946810722351,High,2.72946810722351,train
16.961669921875,19.818115234375,2843.07253360748,5.28985906212015,100.0,2.06207466125488,High,2.06207466125488,train
16.58935546875,18.1884765625,-444.230083376169,0.0,100.0,0.0150019070133567,High,0.0150019070133567,test
16.851806640625,16.766357421875,740.383472293615,1.6932049342453,5.00000007450581,1.05767917633057,High,1.05767917633057,test
17.657470703125,29.6630859375,-858.844827860594,-0.168149262510298,5.00000007450581,0.062503881752491,Medium,0.062503881752491,train
17.32177734375,18.768310546875,4294.22413930297,8.33333366447025,100.0,4.54149007797241,High,4.54149007797241,val
17.4072265625,16.961669921875,236.922711133957,0.550471052630853,100.0,0.251166969537735,High,0.251166969537735,train
17.669677734375,14.70947265625,-29.6153388917446,0.0,100.0,1.34876430034637,High,1.34876430034637,train
17.132568359375,15.740966796875,-118.461355566978,0.0,100.0,0.0010888630058616,High,0.0010888630058616,val
16.29638671875,13.409423828125,-29.6153388917446,-0.0923649349675269,100.0,0.0343574769794941,Medium,0.0343574769794941,val
16.56494140625,12.225341796875,-1599.22830015421,-4.73080702147537,100.0,1.24725472927094,High,1.24725472927094,train
18.463134765625,12.774658203125,-29.6153388917446,-0.0941797237866561,100.0,0.0345532633364201,Medium,0.0345532633364201,train
18.12744140625,15.673828125,2487.68846690655,5.18050748145674,100.0,1.76708793640137,High,1.76708793640137,train
16.973876953125,13.360595703125,-29.6153388917446,-0.0917155684528386,100.0,0.0326746255159378,Medium,0.0326746255159378,train
17.999267578125,16.729736328125,236.922711133957,0.551945983119144,100.0,0.263815671205521,High,0.263815671205521,train
16.9677734375,13.09814453125,1599.22830015421,4.51156816787672,5.00000007450581,2.17078614234924,Low,2.17078614234924,train
16.40625,13.116455078125,-1273.45957234502,-3.6,100.0,1.23474061489105,High,1.23474061489105,train
17.34619140625,21.539306640625,-1421.53626680374,-0.720077589445615,50.0,0.326784789562225,Low,0.326784789562225,train
17.81005859375,12.59765625,-1214.22889456153,-3.6,100.0,1.33583557605743,High,1.33583557605743,train
18.359375,16.9189453125,236.922711133957,0.552861287966154,100.0,0.254121541976929,High,0.254121541976929,train
16.90673828125,15.814208984375,29.6153388917446,0.158637012920043,5.00000007450581,2.51618148467969e-05,Low,2.51618148467969e-05,train
16.351318359375,11.993408203125,-1095.76753899455,-3.41999995708466,100.0,1.13349652290344,High,1.13349652290344,val
17.4560546875,0.848388671875,29.6153388917446,-2.16946005821228,120.000004768372,0.0526082776486874,Low,0.0526082776486874,train
18.37158203125,11.99951171875,-1421.53626680374,-4.79114402410936,5.00000007450581,1.82310891151428,High,1.82310891151428,train
18.15185546875,9.857177734375,-1243.84423345327,-4.92644790102701,100.0,1.93886923789978,High,1.93886923789978,val
17.889404296875,12.87841796875,-414.614744484425,-1.21073832654683,100.0,0.43332251906395,High,0.43332251906395,train
16.24755859375,13.616943359375,-29.6153388917446,-0.095734211732074,100.0,0.0348197817802429,Medium,0.0348197817802429,val
16.009521484375,16.302490234375,1569.61296126246,3.6,100.0,1.64399111270905,High,1.64399111270905,train
17.596435546875,13.4521484375,-29.6153388917446,-0.0942772605799586,100.0,0.0375979393720627,Medium,0.0375979393720627,train
17.205810546875,37.04833984375,-1154.99821677804,0.0,100.0,0.0114021794870496,High,0.0114021794870496,test
16.85791015625,8.868408203125,177.692033350468,0.524051368400304,50.0,0.1836007386446,Low,0.1836007386446,train
17.181396484375,13.34228515625,-1303.07491123676,-3.6,100.0,1.83757838385645e-05,Medium,1.83757838385645e-05,train
17.620849609375,13.092041015625,-414.614744484425,-1.21073832654683,100.0,0.421492099761963,High,0.421492099761963,train
17.572021484375,16.93115234375,236.922711133957,0.550471052630853,100.0,0.257878661155701,High,0.257878661155701,train
16.90673828125,13.641357421875,-29.6153388917446,-0.0942501829428528,100.0,0.0353277958929539,Medium,0.0353277958929539,test
18.377685546875,17.156982421875,325.768727809191,0.735806486786386,100.0,0.330570071935654,High,0.330570071935654,val
17.93212890625,13.18359375,-414.614744484425,-1.21073832654683,100.0,0.447038352489471,High,0.447038352489471,train
14.239501953125,17.071533203125,88.8460166752338,0.222803053688533,100.0,0.100850477814674,Medium,0.100850477814674,val
16.064453125,17.7978515625,1747.30499461293,3.6,100.0,1.58253610134125,High,1.58253610134125,train
18.05419921875,15.887451171875,59.2306777834892,0.0082675641323975,100.0,0.029091889038682,Low,0.029091889038682,test
16.949462890625,14.801025390625,-207.307372242212,-0.641498506773384,100.0,3.52182396454737e-05,Low,3.52182396454737e-05,train
16.326904296875,13.409423828125,-29.6153388917446,-0.0923649349675269,100.0,0.0343574769794941,Medium,0.0343574769794941,test
16.97998046875,13.2080078125,-1303.07491123676,-3.6,100.0,1.31722784042358,High,1.31722784042358,train
17.401123046875,13.214111328125,-29.6153388917446,-0.0938096455749405,100.0,0.0361062362790108,Medium,0.0361062362790108,test
17.620849609375,17.61474609375,1036.53686121106,2.20231229509232,100.0,1.0098420381546,High,1.0098420381546,train
17.8955078125,17.108154296875,29.6153388917446,0.119328022351536,100.0,0.0537912957370281,Medium,0.0537912957370281,train
17.742919921875,16.89453125,236.922711133957,0.551945983119144,100.0,0.258631080389023,High,0.258631080389023,train
17.3828125,16.729736328125,1628.84363904595,3.6,100.0,1.6483256816864,High,1.6483256816864,val
16.44287109375,0.762939453125,29.6153388917446,-1.80646777153015,100.0,0.0355477407574654,Low,0.0355477407574654,train
16.949462890625,13.4521484375,-681.152794510126,-2.05192563721506,5.00000007450581,0.469964683055878,Low,0.469964683055878,train
17.2119140625,17.108154296875,29.6153388917446,0.119438237768431,100.0,0.0526327677071095,Medium,0.0526327677071095,train
18.731689453125,13.19580078125,-29.6153388917446,-0.120852036747873,100.0,0.0467865318059921,Medium,0.0467865318059921,train
16.986083984375,11.19384765625,918.075505644083,2.96163341081371,100.0,1.48433768749237,Low,1.48433768749237,val
17.37060546875,15.83251953125,-1717.68965572119,-4.5991997126791,5.00000007450581,0.703766822814941,Medium,0.703766822814941,train
15.14892578125,13.17138671875,-59.2306777834892,-0.220155884037039,100.0,0.071418434381485,Medium,0.071418434381485,test
16.63818359375,13.458251953125,-29.6153388917446,-0.0899286317646966,100.0,0.0342301428318024,Medium,0.0342301428318024,val
17.87109375,17.1142578125,88.8460166752338,0.277777771568961,100.0,0.226616188883781,Low,0.226616188883781,val
18.780517578125,9.844970703125,148.076694458723,0.0196919516778827,5.00000007450581,0.0021277668420225,Low,0.0021277668420225,val
18.017578125,3.1982421875,148.076694458723,-2.40084,5.00000007450581,2.71241115115117e-05,Low,2.71241115115117e-05,train
16.5771484375,13.470458984375,-29.6153388917446,-0.092604986738704,100.0,0.0334883034229279,Medium,0.0334883034229279,train
17.071533203125,13.177490234375,-29.6153388917446,-0.0942987662789802,100.0,0.0327973254024982,Medium,0.0327973254024982,val
16.943359375,15.85693359375,-29.6153388917446,-0.46008,100.0,0.291800796985626,Low,0.291800796985626,test
17.327880859375,13.12255859375,-88.8460166752338,-0.270339147502933,100.0,0.0976017788052559,Medium,0.0976017788052559,train
16.229248046875,13.775634765625,-29.6153388917446,-0.0912686859926533,100.0,0.036638930439949,Medium,0.036638930439949,test
16.815185546875,13.0859375,-88.8460166752338,-0.270445979385638,100.0,0.102725580334663,Medium,0.102725580334663,train
18.26171875,6.103515625,118.461355566978,0.0,100.0,0.0013398653827607,Low,0.0013398653827607,val
17.54150390625,17.236328125,-59.2306777834892,-0.0877368841962675,50.0,0.0131465699523687,Low,0.0131465699523687,train
17.218017578125,13.26904296875,-29.6153388917446,-0.156971644202116,100.0,0.0552905835211277,Medium,0.0552905835211277,train
17.76123046875,10.77880859375,118.461355566978,0.0,100.0,0.0053482372313737,Low,0.0053482372313737,test
17.669677734375,17.022705078125,207.307372242212,0.47731208938631,100.0,0.22051939368248,Medium,0.22051939368248,train
17.584228515625,13.19580078125,-414.614744484425,-1.21073832654683,100.0,0.428737312555313,Medium,0.428737312555313,test
18.994140625,16.71142578125,88.8460166752338,0.205520329405849,100.0,0.093833290040493,Medium,0.093833290040493,val
18.206787109375,27.850341796875,1984.22770574689,3.47533287922775,5.00000007450581,2.40025687217712,Low,2.40025687217712,train
16.83349609375,13.580322265625,-29.6153388917446,-0.0942501829428528,100.0,0.0361238904297352,Medium,0.0361238904297352,val
17.510986328125,16.83349609375,533.076100051403,1.16666661368476,50.0,0.552352666854858,Low,0.552352666854858,train
16.912841796875,6.16455078125,-148.076694458723,-1.1333837363991,5.00000007450581,0.416096746921539,Low,0.416096746921539,train
17.24853515625,11.846923828125,-1066.15220010281,-3.3777754706363,5.00000007450581,0.833041369915009,Low,0.833041369915009,test
18.06640625,5.99365234375,-29.6153388917446,-0.608901322020664,5.00000007450581,0.0548169389367104,Medium,0.0548169389367104,test
16.717529296875,6.829833984375,-444.230083376169,-2.60660297000554,50.0,0.133670940995216,Low,0.133670940995216,test
17.938232421875,4.18701171875,1303.07491123676,-47.9963421821594,60.0000023841858,1.30903434753418,Medium,1.30903434753418,test
17.87109375,14.459228515625,-621.922116726637,-1.6782511941432,50.0,0.616632580757141,Low,0.616632580757141,train
14.556884765625,0.74462890625,29.6153388917446,-1.80557370185852,100.0,0.0394065603613853,Low,0.0394065603613853,test
17.7490234375,17.93212890625,-59.2306777834892,0.0,100.0,0.0189545415341854,Low,0.0189545415341854,train
17.59033203125,0.762939453125,29.6153388917446,-1.80646777153015,100.0,0.0406337194144726,Low,0.0406337194144726,train
16.66259765625,12.530517578125,-296.153388917446,-0.771322004925838,50.0,0.262324869632721,Low,0.262324869632721,train
16.015625,13.17138671875,-29.6153388917446,-0.0834294467241209,100.0,0.0345171019434929,Medium,0.0345171019434929,val
16.058349609375,20.15380859375,-177.692033350468,1.39177576372163e-05,100.0,0.0699095502495766,Low,0.0699095502495766,train
16.778564453125,17.236328125,503.460761159658,1.11111111111111,50.0,0.531907618045807,Low,0.531907618045807,test
15.936279296875,1.446533203125,207.307372242212,-5.42834401130676,100.0,0.174028158187866,Low,0.174028158187866,train
17.2607421875,6.5185546875,-118.461355566978,-0.819528697987164,100.0,0.006787481252104,Low,0.006787481252104,train
17.00439453125,5.072021484375,-236.922711133957,-1.69128,100.0,0.53953629732132,Low,0.53953629732132,train
16.436767578125,5.267333984375,118.461355566978,0.00194212818335,100.0,0.0015132455155253,Low,0.0015132455155253,val
17.193603515625,18.81103515625,177.692033350468,0.470644339734152,5.00000007450581,0.16019432246685,Low,0.16019432246685,train
17.254638671875,11.3525390625,-621.922116726637,-2.02904248935693,100.0,3.20802682836074e-05,Low,3.20802682836074e-05,train
16.68701171875,15.118408203125,-148.076694458723,-0.453148850895973,50.0,0.0683127343654633,Low,0.0683127343654633,train
15.12451171875,0.714111328125,29.6153388917446,-1.81049108505249,100.0,0.0445782542228699,Low,0.0445782542228699,test
16.89453125,16.278076171875,-29.6153388917446,-0.194907782421166,50.0,0.114400632679462,Low,0.114400632679462,val
16.85791015625,5.17578125,236.922711133957,-2.30216979220993,5.00000007450581,0.198042839765549,Low,0.198042839765549,train
17.51708984375,13.336181640625,-29.6153388917446,-0.0917155684528386,100.0,0.0326746255159378,Medium,0.0326746255159378,train
17.00439453125,1.45263671875,207.307372242212,-5.42208552360535,100.0,0.236927002668381,Low,0.236927002668381,val
17.4560546875,7.940673828125,-59.2306777834892,-0.639740558332319,5.00000007450581,0.0465981550514698,Low,0.0465981550514698,test
18.084716796875,11.68212890625,88.8460166752338,0.0,5.00000007450581,0.0013194900238886,Low,0.0013194900238886,val
17.98095703125,11.71875,-681.152794510126,-2.30322217255168,100.0,0.605637431144714,Low,0.605637431144714,test
16.5771484375,8.685302734375,-88.8460166752338,-1.17703214058421,5.00000007450581,0.389738827943802,Low,0.389738827943802,train
16.644287109375,13.531494140625,-29.6153388917446,-0.092604986738704,100.0,0.0320020653307438,Medium,0.0320020653307438,test
17.584228515625,20.025634765625,207.307372242212,0.81324,50.0,0.563990354537964,Low,0.563990354537964,val
17.803955078125,17.230224609375,384.99940559268,0.85728409810502,50.0,0.36480513215065,Low,0.36480513215065,train
16.552734375,11.46240234375,-59.2306777834892,-0.300660771662499,50.0,0.0646166875958443,Low,0.0646166875958443,train
16.97998046875,0.89111328125,29.6153388917446,-1.83507800102234,100.0,0.0382316894829273,Low,0.0382316894829273,val
17.7490234375,1.434326171875,207.307372242212,-5.43326139450073,100.0,0.227112829685211,Low,0.227112829685211,train
17.462158203125,16.00341796875,148.076694458723,0.288164927933226,5.00000007450581,0.18939933180809,Low,0.18939933180809,val
16.56494140625,13.0859375,-29.6153388917446,-0.0942501829428528,100.0,0.0345847234129906,Medium,0.0345847234129906,test
16.314697265625,5.206298828125,-59.2306777834892,1.39177576372163e-05,100.0,0.236340999603271,Low,0.236340999603271,train
16.473388671875,13.177490234375,-29.6153388917446,-0.0942501829428528,100.0,0.0345847234129906,Medium,0.0345847234129906,val
17.95654296875,13.037109375,-29.6153388917446,-0.0926311271808838,100.0,0.0332855321466923,Medium,0.0332855321466923,val
18.3349609375,11.0107421875,118.461355566978,0.373461410991286,5.00000007450581,0.221045956015587,Low,0.221045956015587,test
16.61376953125,13.385009765625,-29.6153388917446,-0.106991534921771,100.0,0.0369322635233402,Medium,0.0369322635233402,train
18.310546875,2.801513671875,-325.768727809191,-3.31776,50.0,1.36515218400746e-05,Low,1.36515218400746e-05,test
17.132568359375,13.531494140625,-29.6153388917446,-0.092604986738704,100.0,0.0320020653307438,Medium,0.0320020653307438,train
16.522216796875,22.59521484375,-355.384066700935,-0.03393786368455,5.00000007450581,0.0430458523333073,Low,0.0430458523333073,test
17.138671875,18.804931640625,-118.461355566978,-0.11664,5.00000007450581,0.0019407043000683,Low,0.0019407043000683,test
16.082763671875,11.444091796875,-444.230083376169,-1.60962650593508,50.0,0.481659233570099,Low,0.481659233570099,val
17.0166015625,17.0654296875,829.229488968849,1.8,100.0,0.838912606239319,Medium,0.838912606239319,test
18.59130859375,6.781005859375,-118.461355566978,-0.95364731947473,5.00000007450581,0.443158000707626,Low,0.443158000707626,train
17.4072265625,13.018798828125,-29.6153388917446,-0.0915732638685095,100.0,0.0353326909244061,Medium,0.0353326909244061,test
17.3095703125,16.76025390625,29.6153388917446,0.02814039809375,100.0,0.0237280037254095,Low,0.0237280037254095,train
16.40625,20.989990234375,59.2306777834892,0.405,5.00000007450581,0.0465310737490654,Low,0.0465310737490654,val
17.608642578125,13.189697265625,-88.8460166752338,-0.270339147502933,100.0,0.0964961647987366,Medium,0.0964961647987366,val
17.388916015625,12.799072265625,-414.614744484425,-1.21073832654683,100.0,0.430251657962799,Medium,0.430251657962799,test
16.552734375,4.39453125,-266.538050025702,-2.04972975018871,100.0,0.233729675412178,Low,0.233729675412178,val
17.694091796875,6.182861328125,1924.9970279634,-75.0061869621277,75.0,1.86836135387421,Medium,1.86836135387421,train
18.450927734375,7.2265625,-740.383472293615,-3.74045831390876,5.00000007450581,1.13174569606781,Low,1.13174569606781,test
17.230224609375,16.34521484375,-1036.53686121106,-1.66419017492166,50.0,0.847184896469116,Low,0.847184896469116,val
17.56591796875,1.422119140625,207.307372242212,-5.42208552360535,100.0,0.282718658447266,Low,0.282718658447266,test
17.4560546875,13.24462890625,-29.6153388917446,-0.0912686859926533,100.0,0.036638930439949,Medium,0.036638930439949,test
16.192626953125,13.726806640625,-29.6153388917446,-0.092604986738704,100.0,0.033945370465517,Medium,0.033945370465517,val
16.68701171875,16.36962890625,-88.8460166752338,-0.26244,5.00000007450581,0.291841715574265,Low,0.291841715574265,val
16.546630859375,20.526123046875,355.384066700935,0.809438138599299,100.0,0.246571838855743,Low,0.246571838855743,train
16.241455078125,24.029541015625,444.230083376169,0.99729692010334,50.0,0.441324293613434,Low,0.441324293613434,train
17.437744140625,14.78271484375,-118.461355566978,-0.331603221306712,50.0,0.156915545463562,Low,0.156915545463562,test
16.229248046875,13.29345703125,-29.6153388917446,-0.092604986738704,100.0,0.033945370465517,Low,0.033945370465517,val
16.339111328125,13.330078125,-29.6153388917446,-0.106991534921771,100.0,0.0387457720935345,Medium,0.0387457720935345,train
17.694091796875,9.87548828125,88.8460166752338,-1.27332,50.0,0.217103451490402,Low,0.217103451490402,val
16.302490234375,17.529296875,29.6153388917446,0.0,5.00000007450581,7.22853510524146e-05,Low,7.22853510524146e-05,train
15.728759765625,13.555908203125,-29.6153388917446,-0.092604986738704,100.0,0.033945370465517,Medium,0.033945370465517,train
15.51513671875,13.568115234375,-29.6153388917446,-0.0923649349675269,100.0,0.0343574769794941,Low,0.0343574769794941,train
17.669677734375,13.018798828125,-29.6153388917446,-0.092604986738704,100.0,0.0320020653307438,Medium,0.0320020653307438,test
16.95556640625,16.11328125,-148.076694458723,-0.0079510074683738,50.0,0.0875113233923912,Low,0.0875113233923912,train
17.22412109375,13.37890625,-29.6153388917446,-0.092604986738704,100.0,0.0312015265226364,Medium,0.0312015265226364,train
17.864990234375,17.00439453125,325.768727809191,0.735806486786386,100.0,0.346337556838989,Medium,0.346337556838989,train
17.68798828125,14.453125,266.538050025702,0.616749767279314,50.0,0.349076420068741,Low,0.349076420068741,test
17.486572265625,10.504150390625,-533.076100051403,-2.15937621386881,100.0,0.347680598497391,Low,0.347680598497391,test
16.046142578125,14.5263671875,384.99940559268,0.894692789737488,50.0,0.310604184865952,Low,0.310604184865952,train
16.32080078125,11.859130859375,-621.922116726637,-1.58929876106288,50.0,0.433180779218674,Low,0.433180779218674,train
16.827392578125,22.625732421875,977.306183427572,1.88442181637408,100.0,0.954505085945129,Low,0.954505085945129,train
18.011474609375,19.970703125,1776.92033350468,3.46448649289355,100.0,0.612363338470459,Low,0.612363338470459,val
16.97998046875,29.00390625,-1717.68965572119,-0.461433775615414,5.00000007450581,0.171128019690514,Low,0.171128019690514,train
15.97900390625,13.275146484375,-29.6153388917446,-0.0926311271808838,100.0,0.0362249426543713,Medium,0.0362249426543713,test
17.15087890625,8.50830078125,-118.461355566978,-0.702255280466821,5.00000007450581,0.0566873997449875,Low,0.0566873997449875,val
17.803955078125,15.63720703125,-1747.30499461293,-1.88928409267829,50.0,0.558381855487823,Low,0.558381855487823,train
19.05517578125,13.409423828125,-29.6153388917446,-0.095734211732074,100.0,0.0348197817802429,Medium,0.0348197817802429,train
17.205810546875,8.02001953125,-2546.91914469004,-11.9472010431416,100.0,4.51454210281372,Low,4.51454210281372,train
17.626953125,12.98828125,29.6153388917446,0.01296,5.00000007450581,1.4245502948761,Low,1.4245502948761,train
16.05224609375,17.08984375,88.8460166752338,0.241502253888955,100.0,0.111209183931351,Medium,0.111209183931351,val
16.9189453125,4.91943359375,-59.2306777834892,-0.74016624901304,50.0,0.0644459873437881,Low,0.0644459873437881,train
18.505859375,10.94970703125,59.2306777834892,0.0,5.00000007450581,0.0358524024486542,Low,0.0358524024486542,val
17.547607421875,13.299560546875,-88.8460166752338,-0.251744788051226,100.0,0.0869134292006493,Medium,0.0869134292006493,train
17.37060546875,13.104248046875,-88.8460166752338,-0.270445979385638,100.0,0.093941405415535,Medium,0.093941405415535,train
17.529296875,12.2802734375,-266.538050025702,-0.774015732826155,50.0,0.319240659475327,Low,0.319240659475327,train
15.997314453125,16.796875,414.614744484425,0.944444470935398,50.0,0.460931599140167,Low,0.460931599140167,val
16.93115234375,23.8037109375,2843.07253360748,4.77310582579465,5.00000007450581,1.58011996746063,Low,1.58011996746063,train
18.212890625,17.00439453125,29.6153388917446,0.104446084195775,100.0,0.0490287728607655,Medium,0.0490287728607655,test
17.3095703125,9.94873046875,-769.99881118536,-3.63763138389511,100.0,1.07768857479095,Low,1.07768857479095,train
16.85791015625,13.336181640625,-88.8460166752338,-0.270445979385638,100.0,0.0981427133083344,Medium,0.0981427133083344,train
16.790771484375,8.50830078125,-414.614744484425,-2.14929322839816,100.0,0.727079093456268,Low,0.727079093456268,val
19.256591796875,17.2607421875,266.538050025702,0.58333330684238,50.0,0.0207979418337345,Low,0.0207979418337345,train
16.473388671875,20.391845703125,118.461355566978,0.342215898211409,100.0,1.21714565466391e-05,Low,1.21714565466391e-05,test
17.120361328125,13.507080078125,-29.6153388917446,-0.092604986738704,100.0,0.033945370465517,Low,0.033945370465517,train
16.00341796875,13.4765625,-29.6153388917446,-0.095734211732074,100.0,0.0348197817802429,Medium,0.0348197817802429,test
17.90771484375,11.834716796875,-118.461355566978,-0.377724585536458,100.0,0.122761517763138,Low,0.122761517763138,train
17.8955078125,0.738525390625,29.6153388917446,-1.80646777153015,100.0,0.0431252010166645,Low,0.0431252010166645,val
17.46826171875,16.89453125,148.076694458723,0.401401380129897,5.00000007450581,0.214315995573997,Low,0.214315995573997,test
16.02783203125,13.360595703125,-29.6153388917446,-0.0942501829428528,100.0,0.0353277958929539,Medium,0.0353277958929539,train
16.253662109375,13.7939453125,-29.6153388917446,-0.0942501829428528,100.0,0.0361238904297352,Medium,0.0361238904297352,train
17.974853515625,11.81640625,-1273.45957234502,-3.24719915202799,50.0,1.07068240642548,Medium,1.07068240642548,test
17.0166015625,17.19970703125,59.2306777834892,0.251103228547678,5.00000007450581,0.0788054019212723,Low,0.0788054019212723,test
16.90673828125,13.46435546875,-29.6153388917446,-0.0915732638685095,100.0,0.0353326909244061,Medium,0.0353326909244061,test
17.5048828125,13.067626953125,-88.8460166752338,-0.268298960931887,100.0,0.099825456738472,Medium,0.099825456738472,train
16.607666015625,15.118408203125,-59.2306777834892,-0.119749796922737,50.0,0.0136581631377339,Low,0.0136581631377339,train
17.852783203125,16.973876953125,1273.45957234502,2.85877781916989,100.0,0.792426824569702,Low,0.792426824569702,train
15.521240234375,13.311767578125,-29.6153388917446,-0.0834294467241209,100.0,0.0348944962024689,Medium,0.0348944962024689,train
17.07763671875,13.0859375,-29.6153388917446,-0.135169573751467,100.0,0.0486167185008526,Medium,0.0486167185008526,train
16.89453125,20.15380859375,769.99881118536,1.60525792196192,50.0,0.347549110651016,Low,0.347549110651016,train
15.9423828125,13.250732421875,-29.6153388917446,-0.0942772605799586,100.0,0.0375979393720627,Medium,0.0375979393720627,train
16.9189453125,13.385009765625,-29.6153388917446,-0.106991534921771,100.0,0.0391165763139725,Medium,0.0391165763139725,train
17.120361328125,0.885009765625,29.6153388917446,-2.17258930206299,120.000004768372,0.0493019707500935,Low,0.0493019707500935,test
17.816162109375,16.748046875,-88.8460166752338,-0.271219058850235,100.0,0.0440429374575615,Low,0.0440429374575615,train
16.63818359375,13.348388671875,-29.6153388917446,-0.0912686859926533,100.0,0.036638930439949,Medium,0.036638930439949,val
16.90673828125,7.049560546875,-29.6153388917446,-0.782350645266383,5.00000007450581,0.612223386764526,Low,0.612223386764526,train
17.85888671875,19.891357421875,562.691438943148,1.18802184085413,5.00000007450581,9.92584900814109e-05,Low,9.92584900814109e-05,val
16.583251953125,13.56201171875,-1214.22889456153,-3.4408186274107,5.00000007450581,1.31335926055908,Medium,1.31335926055908,train
16.552734375,1.3916015625,177.692033350468,-5.42208552360535,100.0,0.219203323125839,Low,0.219203323125839,train
17.724609375,17.901611328125,29.6153388917446,0.0,50.0,0.0006605216767638,Low,0.0006605216767638,train
17.694091796875,12.1826171875,88.8460166752338,0.0,100.0,0.0838519409298897,Low,0.0838519409298897,train
17.718505859375,9.356689453125,-384.99940559268,-1.26832615202566,50.0,0.0001179342361865,Low,0.0001179342361865,test
16.278076171875,13.43994140625,-29.6153388917446,-0.277777771568961,100.0,0.0913127958774567,Low,0.0913127958774567,train
17.578125,0.84228515625,29.6153388917446,-2.16677784919739,120.000004768372,0.0530513226985931,Low,0.0530513226985931,train
16.815185546875,17.681884765625,-88.8460166752338,0.0,100.0,0.43513810634613,Low,0.43513810634613,val
18.0908203125,22.735595703125,1125.3828778863,2.51026935164456,100.0,9.77725505828857,Low,9.77725505828857,train
17.694091796875,16.95556640625,177.692033350468,0.413711835500293,100.0,0.193938240408897,Medium,0.193938240408897,val
16.9921875,13.18359375,-29.6153388917446,-0.0899286317646966,100.0,0.0327952280640602,Medium,0.0327952280640602,train
18.45703125,14.752197265625,-29.6153388917446,0.0,100.0,0.0004306417831685,Low,0.0004306417831685,test
17.49267578125,13.153076171875,-29.6153388917446,-0.0834294467241209,100.0,0.0348944962024689,Medium,0.0348944962024689,train
17.718505859375,13.226318359375,-29.6153388917446,-0.092604986738704,100.0,0.0320020653307438,Medium,0.0320020653307438,test
16.5283203125,11.3525390625,-29.6153388917446,-0.310197992153983,50.0,0.0034404813777655,Low,0.0034404813777655,train
18.29833984375,19.842529296875,740.383472293615,1.51033310991031,100.0,0.0266963560134172,Low,0.0266963560134172,train
18.011474609375,13.19580078125,-503.460761159658,-1.60848573306574,5.00000007450581,0.636651158332825,Low,0.636651158332825,test
17.90771484375,14.300537109375,-59.2306777834892,-0.207246028208388,5.00000007450581,0.0072880629450082,Low,0.0072880629450082,train
18.83544921875,21.148681640625,1628.84363904595,3.00800525870449,100.0,0.000517698470503,Low,0.000517698470503,train
16.58935546875,0.897216796875,29.6153388917446,-2.17124819755554,120.000004768372,0.0560494437813759,Low,0.0560494437813759,train
18.267822265625,21.9482421875,-414.614744484425,-0.0792292189965461,5.00000007450581,0.0070880190469324,Low,0.0070880190469324,train
18.0419921875,26.031494140625,592.306777834892,1.28282794261064,5.00000007450581,0.287229806184769,Low,0.287229806184769,train
18.304443359375,2.496337890625,-384.99940559268,-3.04489908636915,5.00000007450581,5.1330618589418e-05,Low,5.1330618589418e-05,train
19.140625,16.9677734375,88.8460166752338,0.214270680993377,50.0,0.102524682879448,Low,0.102524682879448,train
17.840576171875,15.081787109375,384.99940559268,0.576403731152593,100.0,0.338266640901566,Low,0.338266640901566,test
14.837646484375,13.73291015625,-29.6153388917446,-0.095734211732074,100.0,0.0348197817802429,Medium,0.0348197817802429,train
16.97998046875,4.205322265625,1303.07491123676,-47.9954481124878,60.0000023841858,1.52267718315125,Medium,1.52267718315125,val
16.510009765625,13.2080078125,-29.6153388917446,-0.0942772605799586,100.0,0.0375979393720627,Medium,0.0375979393720627,test
16.44287109375,13.24462890625,-29.6153388917446,-0.092604986738704,100.0,0.033945370465517,Medium,0.033945370465517,train
18.206787109375,13.348388671875,-59.2306777834892,-0.0149698003861051,5.00000007450581,0.0322613120079041,Low,0.0322613120079041,test
17.46826171875,12.3046875,-266.538050025702,-0.860346220795214,50.0,0.426299303770065,Low,0.426299303770065,train
17.303466796875,12.506103515625,-473.845422267914,-1.58324760062602,100.0,0.273396760225296,Low,0.273396760225296,val
16.56494140625,13.409423828125,-29.6153388917446,-0.0899286317646966,100.0,0.0344329476356506,Medium,0.0344329476356506,train
17.3095703125,6.640625,-118.461355566978,-0.899558008327061,5.00000007450581,0.13295342028141,Low,0.13295342028141,train
16.693115234375,13.250732421875,-29.6153388917446,-0.095734211732074,100.0,0.0355599522590637,Medium,0.0355599522590637,test
17.87109375,5.810546875,-829.229488968849,-4.01876907792987,50.0,2.24377363338135e-05,Low,2.24377363338135e-05,val
17.974853515625,6.536865234375,1954.61236685514,-74.99098777771,75.0,2.14728617668152,Medium,2.14728617668152,val
17.327880859375,12.921142578125,-29.6153388917446,-0.092604986738704,100.0,0.0334883034229279,Medium,0.0334883034229279,train
17.108154296875,12.738037109375,-325.768727809191,-0.87712937268418,50.0,0.260685056447983,Low,0.260685056447983,val
16.619873046875,13.201904296875,-88.8460166752338,-0.270339147502933,100.0,0.0982320606708527,Medium,0.0982320606708527,train
16.748046875,17.431640625,355.384066700935,0.821956406580759,50.0,0.275410264730453,Low,0.275410264730453,train
17.17529296875,17.10205078125,503.460761159658,1.11111108627584,100.0,0.521986365318298,Low,0.521986365318298,train
16.66259765625,15.655517578125,59.2306777834892,0.178082526208856,50.0,0.0127995144575834,Low,0.0127995144575834,val
16.912841796875,13.043212890625,-88.8460166752338,-0.270445979385638,100.0,0.0944213569164276,Medium,0.0944213569164276,train
17.37060546875,13.470458984375,-325.768727809191,-0.922860533659729,50.0,0.294402211904526,Low,0.294402211904526,train
18.707275390625,8.746337890625,-947.690844535828,-3.84485407324414,5.00000007450581,0.944566428661346,Low,0.944566428661346,train
17.56591796875,17.529296875,503.460761159658,1.11111108627584,50.0,0.268578112125397,Low,0.268578112125397,train
18.20068359375,7.89794921875,-355.384066700935,-1.41421177907044,50.0,0.167759403586388,Low,0.167759403586388,train
17.22412109375,12.860107421875,-29.6153388917446,-0.0917155684528386,100.0,0.0326746255159378,Medium,0.0326746255159378,train
16.278076171875,29.132080078125,-1688.07431682944,-0.632858161289707,50.0,0.27099597454071,Low,0.27099597454071,train
16.595458984375,5.95703125,148.076694458723,0.0014147271944003,100.0,0.0024657044559717,Low,0.0024657044559717,train
17.48046875,17.15087890625,503.460761159658,1.11111108627584,100.0,0.523347139358521,Low,0.523347139358521,train
17.5048828125,11.834716796875,59.2306777834892,0.081,5.00000007450581,0.489490658044815,Low,0.489490658044815,test
16.839599609375,0.750732421875,29.6153388917446,-2.17169523239136,120.000004768372,0.0353993996977806,Low,0.0353993996977806,train
16.900634765625,13.360595703125,-29.6153388917446,-0.0915732638685095,100.0,0.0353326909244061,Medium,0.0353326909244061,train
17.88330078125,15.789794921875,1510.38228347898,3.2546570431712,5.00000007450581,1.04483067989349,Low,1.04483067989349,train
17.10205078125,25.048828125,1214.22889456153,2.28174530312463,5.00000007450581,3.16611949529033e-05,Low,3.16611949529033e-05,train
17.7734375,5.926513671875,-59.2306777834892,-0.920160000000001,5.00000007450581,0.108329333364964,Low,0.108329333364964,train
18.22509765625,14.947509765625,207.307372242212,0.258796421298974,100.0,0.0106502333655953,Low,0.0106502333655953,train
17.822265625,1.37939453125,177.692033350468,-5.42208552360535,100.0,0.176618382334709,Low,0.176618382334709,train
16.302490234375,13.57421875,-29.6153388917446,-0.0912686859926533,100.0,0.0349958129227161,Medium,0.0349958129227161,val
16.973876953125,7.415771484375,-29.6153388917446,-0.74196,5.00000007450581,0.33037856221199,Low,0.33037856221199,train
18.927001953125,13.4033203125,-29.6153388917446,-0.0938096455749405,100.0,0.0379180982708931,Medium,0.0379180982708931,train
17.63916015625,19.66552734375,888.460166752338,2.00614699124049,5.00000007450581,1.94820654392242,Low,1.94820654392242,val
16.58935546875,10.986328125,-148.076694458723,-0.555555543137921,100.0,3.15997494908515e-05,Low,3.15997494908515e-05,test
16.302490234375,14.92919921875,-148.076694458723,-0.451256651446822,50.0,0.0708122700452805,Low,0.0708122700452805,val
17.12646484375,3.546142578125,118.461355566978,0.0250262087971416,5.00000007450581,1.42529857158661,Low,1.42529857158661,train
17.0166015625,25.738525390625,355.384066700935,1.25214774336904,5.00000007450581,0.0454489514231682,Low,0.0454489514231682,train
17.431640625,33.245849609375,-947.690844535828,-0.023942654872195,50.0,0.0513016283512115,Low,0.0513016283512115,val
17.230224609375,20.3125,-2102.68906131387,2.77777781916989,100.0,8.52452945709229,Low,8.52452945709229,train
18.24951171875,16.5771484375,177.692033350468,0.450512873565945,100.0,0.211969271302223,Low,0.211969271302223,train
17.8466796875,15.71044921875,59.2306777834892,0.0120320306196884,5.00000007450581,0.194321468472481,Low,0.194321468472481,train
16.46728515625,1.46484375,207.307372242212,-5.43013215065002,100.0,0.176728740334511,Low,0.176728740334511,train
16.83349609375,13.189697265625,-29.6153388917446,-0.0899286317646966,100.0,0.0327952280640602,Medium,0.0327952280640602,train
19.476318359375,11.80419921875,-29.6153388917446,-0.495814400012311,5.00000007450581,4.91963837703224e-05,Low,4.91963837703224e-05,train
17.236328125,18.1884765625,1214.22889456153,2.54760134218061,5.00000007450581,1.73547828197479,Low,1.73547828197479,train
16.900634765625,13.1103515625,-384.99940559268,-1.11111108627584,100.0,0.168115124106407,Low,0.168115124106407,val
17.437744140625,5.914306640625,-118.461355566978,-1.54631550427441,100.0,5.29797171111568e-06,Low,5.29797171111568e-06,train
17.864990234375,16.9921875,384.99940559268,0.877429920400856,50.0,0.475206464529037,Low,0.475206464529037,train
17.376708984375,17.626953125,148.076694458723,0.385569018994426,5.00000007450581,0.0170282665640116,Low,0.0170282665640116,val
17.694091796875,17.706298828125,29.6153388917446,0.0478265016378798,100.0,4.15322938351892e-05,Low,4.15322938351892e-05,train
16.6015625,13.18359375,-88.8460166752338,-0.324535188158634,120.000004768372,0.11644372344017,Medium,0.11644372344017,train
16.705322265625,0.84228515625,29.6153388917446,-2.17124819755554,120.000004768372,0.0397757403552532,Low,0.0397757403552532,train
17.156982421875,13.116455078125,-29.6153388917446,-0.0926311271808838,100.0,0.0362249426543713,Medium,0.0362249426543713,train
16.50390625,10.38818359375,266.538050025702,0.563237407908767,100.0,0.267166137695313,Low,0.267166137695313,val
16.2109375,13.37890625,-29.6153388917446,-0.092604986738704,100.0,0.0320020653307438,Medium,0.0320020653307438,train
17.889404296875,17.041015625,236.922711133957,0.551945983119144,100.0,0.261317163705826,Medium,0.261317163705826,train
17.333984375,8.8134765625,-621.922116726637,-2.78460916361937,100.0,0.470734298229218,Low,0.470734298229218,test
16.815185546875,13.3056640625,-207.307372242212,-0.549402096074495,5.00000007450581,0.125575125217438,Low,0.125575125217438,train
17.889404296875,16.89453125,236.922711133957,0.552861287336154,100.0,0.251626551151276,Medium,0.251626551151276,test
18.22509765625,16.943359375,266.538050025702,0.588645189429109,100.0,0.275032877922058,Medium,0.275032877922058,test
17.32177734375,13.031005859375,-29.6153388917446,-0.0941797237866561,100.0,0.0345532633364201,Medium,0.0345532633364201,val
18.56689453125,10.699462890625,-88.8460166752338,-0.340029640366412,5.00000007450581,0.167899876832962,Low,0.167899876832962,test
18.414306640625,19.9462890625,-177.692033350468,-0.11664,5.00000007450581,0.0630451366305351,Low,0.0630451366305351,train
17.49267578125,5.810546875,-473.845422267914,-3.70699949281826,5.00000007450581,0.775755226612091,Low,0.775755226612091,val
16.40625,13.287353515625,-29.6153388917446,-0.095734211732074,100.0,0.0355599522590637,Medium,0.0355599522590637,test
16.766357421875,10.552978515625,29.6153388917446,0.0,5.00000007450581,3.16611949529033e-05,Low,3.16611949529033e-05,val
17.138671875,31.8115234375,9210.37039533257,12.0,100.0,5.50315618515015,Low,5.50315618515015,test
19.000244140625,31.14013671875,29.6153388917446,0.0,100.0,2.11298161190143e-08,Low,2.11298161190143e-08,train
17.156982421875,1.300048828125,177.692033350468,-5.43147325515747,100.0,0.17987622320652,Low,0.17987622320652,train
16.5283203125,13.26904296875,-29.6153388917446,-0.0917155684528386,100.0,0.0326746255159378,Low,0.0326746255159378,train
16.50390625,11.9873046875,-29.6153388917446,-0.0759629162638239,100.0,0.0028265630826354,Low,0.0028265630826354,test
15.56396484375,13.446044921875,-29.6153388917446,-0.0942501829428528,100.0,0.0361238904297352,Medium,0.0361238904297352,train
17.474365234375,16.839599609375,266.538050025702,0.62462693521152,100.0,0.285569339990616,Medium,0.285569339990616,val
16.943359375,16.534423828125,-29.6153388917446,0.0,50.0,0.0514986962080002,Low,0.0514986962080002,train
17.39501953125,14.404296875,29.6153388917446,0.0,5.00000007450581,0.0253510139882565,Low,0.0253510139882565,train
16.888427734375,13.323974609375,-29.6153388917446,-0.0899286317646966,100.0,0.0327952280640602,Medium,0.0327952280640602,test
16.778564453125,13.177490234375,-29.6153388917446,-0.092604986738704,100.0,0.0312015265226364,Medium,0.0312015265226364,val
15.240478515625,9.0087890625,88.8460166752338,-3.46494448725021,50.0,5.41603403689805e-05,Medium,5.41603403689805e-05,test
16.6015625,18.65234375,-118.461355566978,-0.0517945244098512,50.0,6.41380302113248e-06,Low,6.41380302113248e-06,val
17.059326171875,16.192626953125,-1184.61355566978,-1.99051449611978,100.0,1.15432298183441,Low,1.15432298183441,test
16.632080078125,15.362548828125,-88.8460166752338,0.0,50.0,0.0285060461610556,Low,0.0285060461610556,test
17.010498046875,13.29345703125,-29.6153388917446,-0.093012870671551,100.0,0.0346641503274441,Medium,0.0346641503274441,train
17.7978515625,13.427734375,-592.306777834892,-1.67584013350634,50.0,0.557550191879272,Medium,0.557550191879272,train
16.90673828125,0.848388671875,29.6153388917446,-2.17035412788391,120.000004768372,0.0526082776486874,Low,0.0526082776486874,train
17.034912109375,13.29345703125,-29.6153388917446,-0.0915732638685095,100.0,0.0353326909244061,Medium,0.0353326909244061,train
19.146728515625,48.321533203125,-1776.92033350468,0.0,100.0,0.157740265130997,Low,0.157740265130997,train
16.070556640625,13.5498046875,-29.6153388917446,-0.093012870671551,100.0,0.0346641503274441,Medium,0.0346641503274441,train
16.766357421875,14.044189453125,829.229488968849,2.11146871039556,100.0,0.959355533123016,Low,0.959355533123016,train
18.1396484375,14.404296875,-88.8460166752338,0.0,50.0,0.0029022002127021,Low,0.0029022002127021,test
16.668701171875,13.02490234375,-29.6153388917446,-0.0912686859926533,100.0,0.0335583314299583,Medium,0.0335583314299583,val
18.93310546875,0.8056640625,29.6153388917446,-2.17169523239136,120.000004768372,0.0610321573913097,Low,0.0610321573913097,val
16.93115234375,13.543701171875,-355.384066700935,-0.65933598253317,50.0,0.10446647554636,Low,0.10446647554636,train
18.15185546875,21.710205078125,1984.22770574689,3.57365407990484,100.0,1.68676316738129,Low,1.68676316738129,val
17.608642578125,0.775146484375,29.6153388917446,-2.17169523239136,120.000004768372,0.0606049373745918,Low,0.0606049373745918,train
16.10107421875,13.568115234375,-29.6153388917446,-0.0912686859926533,100.0,0.0330865159630775,Medium,0.0330865159630775,train
17.681884765625,16.40625,177.692033350468,0.499943597799279,5.00000007450581,0.190150126814842,Low,0.190150126814842,train
16.046142578125,13.214111328125,-29.6153388917446,-0.0942501829428528,100.0,0.0353277958929539,Medium,0.0353277958929539,val
16.876220703125,0.738525390625,29.6153388917446,-1.80870294570923,100.0,0.0445782542228699,Low,0.0445782542228699,train
17.90771484375,23.394775390625,-384.99940559268,-0.39204,100.0,0.0110801160335541,Low,0.0110801160335541,train
17.315673828125,27.18505859375,1776.92033350468,3.0555882378486,100.0,3.63719511032104,Low,3.63719511032104,test
16.864013671875,25.128173828125,-1303.07491123676,-0.340728208180199,50.0,1.17740511894226,Medium,1.17740511894226,train
16.387939453125,12.213134765625,-88.8460166752338,-0.324535188158634,120.000004768372,0.11699265986681,Medium,0.11699265986681,train
16.424560546875,10.760498046875,-88.8460166752338,-0.002382213233725,50.0,0.0061748255975544,Low,0.0061748255975544,val
17.83447265625,15.46630859375,-947.690844535828,-0.583116184787431,50.0,0.0087705561891198,Low,0.0087705561891198,train
17.27294921875,20.9228515625,148.076694458723,0.176779547569284,120.000004768372,0.0572280958294868,Low,0.0572280958294868,val
16.815185546875,13.189697265625,-29.6153388917446,-0.0912686859926533,100.0,0.0335583314299583,Medium,0.0335583314299583,train
18.46923828125,6.610107421875,-651.537455618382,-3.4350408660691,5.00000007450581,0.95634251832962,Low,0.95634251832962,train
17.791748046875,0.7568359375,29.6153388917446,-1.81049108505249,100.0,0.0396735705435276,Low,0.0396735705435276,train
18.00537109375,17.010498046875,503.460761159658,1.05804133992048,50.0,0.307855814695358,Low,0.307855814695358,train
17.7001953125,3.271484375,-177.692033350468,-1.45442011752026,100.0,0.231500789523125,Low,0.231500789523125,train
17.034912109375,17.0166015625,1480.76694458723,3.27278158646994,50.0,1.63336765766144,Medium,1.63336765766144,train
16.9921875,13.104248046875,-88.8460166752338,-0.31408436843371,120.000004768372,0.110505059361458,Medium,0.110505059361458,val
17.333984375,16.8701171875,59.2306777834892,0.136626364800061,5.00000007450581,2.13916082429932e-05,Low,2.13916082429932e-05,val
17.07763671875,6.0791015625,-621.922116726637,-4.04028,100.0,1.01094186306,Low,1.01094186306,train
16.949462890625,13.51318359375,-29.6153388917446,-0.0938096455749405,100.0,0.0379180982708931,Medium,0.0379180982708931,val
17.266845703125,19.830322265625,829.229488968849,1.70828329116832,100.0,0.945838570594788,Low,0.945838570594788,val
16.796875,12.6220703125,-88.8460166752338,0.0,50.0,0.015977805480361,Low,0.015977805480361,train
17.93212890625,14.0625,-888.460166752338,-2.23976129444568,100.0,2.86898084596032e-05,Low,2.86898084596032e-05,train
18.06640625,13.531494140625,-29.6153388917446,-0.0926311271808838,100.0,0.0362249426543713,Medium,0.0362249426543713,val
17.1875,9.521484375,-681.152794510126,-2.45402354399546,100.0,0.690670907497406,Low,0.690670907497406,test
17.962646484375,21.905517578125,177.692033350468,1.01736,100.0,2.87966922769556e-05,Low,2.87966922769556e-05,train
17.041015625,13.53759765625,-29.6153388917446,-0.0942501829428528,100.0,0.0361238904297352,Medium,0.0361238904297352,test
17.41943359375,16.265869140625,118.461355566978,0.331318664954391,5.00000007450581,0.125334456562996,Low,0.125334456562996,train
16.619873046875,13.5009765625,-29.6153388917446,-0.0941797237866561,100.0,0.0345532633364201,Medium,0.0345532633364201,train
17.96875,13.58642578125,-29.6153388917446,-0.093012870671551,100.0,0.0346641503274441,Medium,0.0346641503274441,test
17.8955078125,12.51220703125,-29.6153388917446,-0.197895562532624,5.00000007450581,1.24387515825219e-05,Low,1.24387515825219e-05,train
17.08984375,23.846435546875,1954.61236685514,3.45066593565345,100.0,0.465859472751617,Low,0.465859472751617,test
18.121337890625,2.3681640625,-29.6153388917446,-3.19464,50.0,0.0309987775981426,Low,0.0309987775981426,train
16.58935546875,12.3046875,-1036.53686121106,-3.10519833162646,5.00000007450581,0.80179888010025,Low,0.80179888010025,train
15.283203125,13.568115234375,-29.6153388917446,-0.092604986738704,100.0,0.033945370465517,Medium,0.033945370465517,test
17.3583984375,0.750732421875,29.6153388917446,-1.80646777153015,100.0,0.0406337194144726,Low,0.0406337194144726,train
17.3095703125,9.55810546875,-384.99940559268,-1.85922053786554,5.00000007450581,0.411870926618576,Low,0.411870926618576,val
17.010498046875,10.63232421875,88.8460166752338,0.263829161079439,100.0,0.855420053005219,Low,0.855420053005219,val
16.44287109375,13.653564453125,-29.6153388917446,-0.0938096455749405,100.0,0.0337894074618816,Medium,0.0337894074618816,test
16.827392578125,15.411376953125,-177.692033350468,-0.228645623789259,5.00000007450581,0.257137596607208,Low,0.257137596607208,test
17.51708984375,9.36279296875,-148.076694458723,-0.901866438867801,5.00000007450581,0.122457325458527,Low,0.122457325458527,train
17.498779296875,0.787353515625,29.6153388917446,-1.80959701538086,100.0,0.0443197935819626,Low,0.0443197935819626,train
17.2119140625,16.34521484375,-29.6153388917446,0.0,50.0,0.0830515548586845,Low,0.0830515548586845,train
18.402099609375,9.686279296875,-88.8460166752338,-0.197756481843644,50.0,0.10545489937067,Low,0.10545489937067,val
16.278076171875,13.18359375,-29.6153388917446,-0.0938096455749405,100.0,0.0337894074618816,Medium,0.0337894074618816,test
17.7734375,20.867919921875,473.845422267914,1.11111108627584,100.0,0.102133117616177,Low,0.102133117616177,val
17.218017578125,13.555908203125,-29.6153388917446,-0.0915732638685095,100.0,0.0353326909244061,Medium,0.0353326909244061,test
19.17724609375,22.784423828125,-414.614744484425,0.0,100.0,0.0145457666367292,Low,0.0145457666367292,train
15.545654296875,13.4521484375,-29.6153388917446,-0.0834294467241209,100.0,0.0348944962024689,Medium,0.0348944962024689,train
16.595458984375,1.47705078125,207.307372242212,-5.42208552360535,100.0,0.252544075250626,Low,0.252544075250626,train
17.596435546875,32.67822265625,-533.076100051403,0.0,50.0,0.0087705561891198,Low,0.0087705561891198,train
16.63818359375,20.611572265625,-1776.92033350468,-0.881782775227634,100.0,0.226967990398407,Low,0.226967990398407,val
19.317626953125,18.450927734375,88.8460166752338,0.300709385668623,50.0,0.185596033930779,Low,0.185596033930779,train
16.314697265625,13.299560546875,-29.6153388917446,-0.0942501829428528,100.0,0.0353277958929539,Medium,0.0353277958929539,test
17.19970703125,12.9638671875,-88.8460166752338,-0.251695022937925,100.0,0.0974159017205238,Medium,0.0974159017205238,train
16.49169921875,13.360595703125,-29.6153388917446,-0.0942987662789802,100.0,0.0327973254024982,Medium,0.0327973254024982,train
17.730712890625,20.135498046875,1451.15160569549,2.96846985473,5.00000007450581,1.35195052623749,Low,1.35195052623749,test
17.98095703125,16.644287109375,-29.6153388917446,-0.145478850594971,5.00000007450581,0.15779122710228,Low,0.15779122710228,train
18.084716796875,9.43603515625,59.2306777834892,0.359597196240197,5.00000007450581,0.3050816655159,Low,0.3050816655159,val
18.12744140625,7.18994140625,-118.461355566978,-0.968760000000001,100.0,2.13392377190758e-05,Low,2.13392377190758e-05,train
16.693115234375,13.427734375,-355.384066700935,-0.966999856233422,50.0,0.363628387451172,Low,0.363628387451172,val
18.06640625,16.876220703125,266.538050025702,0.588645189429109,100.0,0.276588082313538,Medium,0.276588082313538,test
17.3095703125,23.504638671875,-207.307372242212,-0.104401231479126,100.0,0.122878663241863,Low,0.122878663241863,train
17.218017578125,13.250732421875,-29.6153388917446,-0.0942501829428528,100.0,0.0353277958929539,Medium,0.0353277958929539,train
17.132568359375,8.88671875,-148.076694458723,-0.766324851354282,50.0,1.72272630152293e-05,Low,1.72272630152293e-05,test
17.00439453125,16.632080078125,29.6153388917446,0.119328022351645,100.0,0.0528037138283253,Medium,0.0528037138283253,test
17.07763671875,15.95458984375,29.6153388917446,0.187914480282569,5.00000007450581,0.0872170403599739,Low,0.0872170403599739,val
18.1640625,22.943115234375,-148.076694458723,0.0,100.0,1.8171838746639e-05,Low,1.8171838746639e-05,test
18.2861328125,11.68212890625,-503.460761159658,-1.7658999355177,5.00000007450581,6.29975475021638e-05,Low,6.29975475021638e-05,train
16.937255859375,13.446044921875,-29.6153388917446,-0.0942501829428528,100.0,0.0345847234129906,Medium,0.0345847234129906,val
16.497802734375,13.525390625,-29.6153388917446,-0.0923649349675269,100.0,0.0343574769794941,Medium,0.0343574769794941,test
17.6025390625,1.409912109375,207.307372242212,-5.42834401130676,100.0,0.174028158187866,Low,0.174028158187866,train
17.266845703125,8.69140625,-236.922711133957,-1.48712043037809,5.00000007450581,0.534683883190155,Low,0.534683883190155,train
16.88232421875,24.200439453125,-296.153388917446,0.0,100.0,0.116060845553875,Low,0.116060845553875,train
17.626953125,9.41162109375,-29.6153388917446,-0.219392731383008,50.0,0.0949631035327911,Low,0.0949631035327911,val
16.522216796875,1.0986328125,177.692033350468,-2.45268,100.0,4.56570842288784e-06,Low,4.56570842288784e-06,val
18.7744140625,15.95458984375,88.8460166752338,0.214270680993377,50.0,0.0977757498621941,Low,0.0977757498621941,train
16.41845703125,13.287353515625,-88.8460166752338,-0.324535188158634,120.000004768372,0.125149980187416,Medium,0.125149980187416,val
17.93212890625,0.8544921875,29.6153388917446,-2.17348337173462,120.000004768372,0.0480543226003647,Low,0.0480543226003647,train
15.12451171875,13.2080078125,-29.6153388917446,-0.0834294467241209,100.0,0.0348944962024689,Medium,0.0348944962024689,train
17.66357421875,9.4970703125,-710.768133401871,-2.61503223202442,50.0,0.0197877306491137,Low,0.0197877306491137,val
16.326904296875,13.46435546875,-29.6153388917446,-0.092604986738704,100.0,0.033945370465517,Medium,0.033945370465517,train
17.0654296875,10.528564453125,-148.076694458723,-0.712103661997293,100.0,0.302697896957397,Low,0.302697896957397,val
16.314697265625,7.818603515625,-592.306777834892,-3.58321357970202,100.0,1.29289484024048,Low,1.29289484024048,train
18.280029296875,17.584228515625,-59.2306777834892,-0.322437544391438,5.00000007450581,0.180245831608772,Low,0.180245831608772,train
17.413330078125,16.876220703125,236.922711133957,0.555555543137921,100.0,0.655849099159241,Low,0.655849099159241,train
16.680908203125,16.93115234375,503.460761159658,1.11111108627584,100.0,0.526273190975189,Low,0.526273190975189,train
16.78466796875,17.0654296875,236.922711133957,0.550471052630853,100.0,0.255824327468872,Medium,0.255824327468872,test
17.254638671875,13.58642578125,-29.6153388917446,-0.0917155684528386,100.0,0.0326746255159378,Medium,0.0326746255159378,train
16.265869140625,11.883544921875,-118.461355566978,-0.256126245252338,5.00000007450581,0.121888391673565,Low,0.121888391673565,train
17.61474609375,16.729736328125,266.538050025702,0.588645189429109,100.0,0.266491174697876,Medium,0.266491174697876,test
16.607666015625,0.762939453125,29.6153388917446,-2.16454267501831,120.000004768372,0.0448139235377312,Low,0.0448139235377312,train
17.010498046875,1.4892578125,-384.99940559268,0.0,100.0,10.5238628387451,Low,10.5238628387451,test
17.803955078125,19.5068359375,355.384066700935,0.878371775101454,100.0,0.700186729431152,Low,0.700186729431152,train
17.926025390625,16.424560546875,-1095.76753899455,-1.86253971751054,50.0,0.394165605306625,Low,0.394165605306625,train
18.096923828125,11.5234375,-710.768133401871,-2.38045766950169,100.0,2.18472960114013e-05,Low,2.18472960114013e-05,val
17.22412109375,0.72021484375,29.6153388917446,-1.80646777153015,100.0,0.0355477407574654,Low,0.0355477407574654,val
17.3828125,1.35498046875,177.692033350468,-5.42208552360535,100.0,0.219544813036919,Low,0.219544813036919,train
16.668701171875,8.72802734375,-59.2306777834892,-0.60773488897157,5.00000007450581,0.089621976017952,Low,0.089621976017952,train
18.768310546875,17.791748046875,118.461355566978,0.213559119284425,5.00000007450581,8.14462873677257e-06,Low,8.14462873677257e-06,train
16.69921875,7.147216796875,-118.461355566978,-0.752909087875122,5.00000007450581,0.188672974705696,Low,0.188672974705696,val
16.2353515625,19.43359375,177.692033350468,0.525283462718879,100.0,0.0236403569579124,Low,0.0236403569579124,val
17.07763671875,29.00390625,-1599.22830015421,-0.0437775445490821,5.00000007450581,0.0769700184464455,Medium,0.0769700184464455,train
16.693115234375,13.189697265625,-29.6153388917446,-0.095734211732074,100.0,0.0355599522590637,Medium,0.0355599522590637,train
17.669677734375,1.2939453125,177.692033350468,-5.43147325515747,100.0,0.171701282262802,Low,0.171701282262802,train
23.077392578125,3.79638671875,-29.6153388917446,-1.50098359782312,50.0,0.347390294075012,Medium,0.347390294075012,val
17.193603515625,10.65673828125,-59.2306777834892,-0.0978928014968106,50.0,2.61258865066338e-05,Low,2.61258865066338e-05,train
18.115234375,10.36376953125,-236.922711133957,-1.78535475934053,100.0,0.784972786903381,Low,0.784972786903381,test
17.047119140625,13.299560546875,-29.6153388917446,-0.095734211732074,100.0,0.0348197817802429,Medium,0.0348197817802429,train
16.998291015625,13.34228515625,-59.2306777834892,-0.222461535905954,89.9999976158142,0.0816576033830643,Medium,0.0816576033830643,train
18.719482421875,17.1142578125,503.460761159658,1.11111108627584,100.0,0.503686785697937,Low,0.503686785697937,train
17.083740234375,13.09814453125,-29.6153388917446,-0.0915732638685095,100.0,0.0353326909244061,Medium,0.0353326909244061,val
17.718505859375,11.04736328125,-918.075505644083,-2.60336317414487,5.00000007450581,0.775326490402222,Low,0.775326490402222,val
16.12548828125,1.6357421875,-148.076694458723,-3.51864,5.00000007450581,0.706966519355774,Low,0.706966519355774,train
17.68798828125,1.3916015625,207.307372242212,-5.42119145393372,100.0,0.265208780765533,Low,0.265208780765533,test
16.534423828125,16.2353515625,1273.45957234502,2.93297428218052,5.00000007450581,0.95007586479187,Low,0.95007586479187,val
16.778564453125,0.84228515625,29.6153388917446,-2.16811895370483,120.000004768372,0.0479668900370598,Low,0.0479668900370598,test
17.486572265625,13.14697265625,-88.8460166752338,-0.324535188158634,120.000004768372,0.111925311386585,Medium,0.111925311386585,train
16.552734375,9.68017578125,-88.8460166752338,-0.537166840925223,100.0,3.73543771274854e-05,Low,3.73543771274854e-05,train
17.669677734375,13.739013671875,740.383472293615,1.71275839251575,50.0,0.169982001185417,Low,0.169982001185417,val
16.78466796875,13.18359375,-29.6153388917446,-0.0834294467241209,100.0,0.0348944962024689,Medium,0.0348944962024689,train
16.778564453125,6.57958984375,-444.230083376169,-2.54775885002283,100.0,0.0094285085797309,Low,0.0094285085797309,train
17.132568359375,13.18359375,-29.6153388917446,-0.0915732638685095,100.0,0.0353326909244061,Medium,0.0353326909244061,val
16.5771484375,1.007080078125,59.2306777834892,-2.1757185459137,120.000004768372,0.0721206516027451,Low,0.0721206516027451,train
17.303466796875,13.24462890625,-29.6153388917446,-0.0942501829428528,100.0,0.0345847234129906,Medium,0.0345847234129906,train
16.912841796875,7.275390625,-118.461355566978,-1.08405656375285,100.0,0.66326904296875,Low,0.66326904296875,train
16.778564453125,13.0615234375,-29.6153388917446,-0.0923649349675269,100.0,0.0343574769794941,Medium,0.0343574769794941,test
16.973876953125,15.56396484375,118.461355566978,0.411534386966767,5.00000007450581,0.0547390840947628,Low,0.0547390840947628,train
16.900634765625,16.54052734375,-888.460166752338,-2.54936165275992,100.0,0.958220601081848,Low,0.958220601081848,train
17.15087890625,20.7275390625,207.307372242212,0.6966,100.0,0.446534633636475,Low,0.446534633636475,test
17.08984375,13.12255859375,-325.768727809191,-0.68152825464986,50.0,0.239201158285141,Low,0.239201158285141,test
17.81005859375,73.4619140625,888.460166752338,-4.51147556304932,50.0,3.20750395133018e-08,Low,3.20750395133018e-08,test
15.826416015625,13.51318359375,-29.6153388917446,-0.092604986738704,100.0,0.033945370465517,Medium,0.033945370465517,train
17.3828125,17.828369140625,148.076694458723,0.423696041969258,5.00000007450581,0.0002150776417693,Low,0.0002150776417693,val
17.08984375,7.110595703125,88.8460166752338,0.0,100.0,0.781178653240204,Low,0.781178653240204,val
18.060302734375,12.78076171875,-503.460761159658,-1.46912260999518,50.0,2.34025083045708e-05,Medium,2.34025083045708e-05,train
16.339111328125,13.336181640625,-29.6153388917446,-0.0942501829428528,100.0,0.0361238904297352,Medium,0.0361238904297352,test
17.07763671875,13.6474609375,-118.461355566978,-0.31752,100.0,0.0072184219025075,Low,0.0072184219025075,val
17.645263671875,28.497314453125,918.075505644083,1.82412,5.00000007450581,1.80910849571228,Low,1.80910849571228,val
16.693115234375,0.836181640625,29.6153388917446,-2.17527151107788,120.000004768372,0.0552097782492638,Low,0.0552097782492638,train
17.071533203125,1.409912109375,207.307372242212,-5.42208552360535,100.0,0.219230636954308,Low,0.219230636954308,test
16.73583984375,7.5927734375,-621.922116726637,0.0,50.0,2.47911884798668e-05,Low,2.47911884798668e-05,train
18.365478515625,11.90185546875,-384.99940559268,-1.0990447276892,100.0,0.370656371116638,Low,0.370656371116638,val
16.900634765625,13.37890625,-29.6153388917446,-0.0942501829428528,100.0,0.0345847234129906,Medium,0.0345847234129906,train
16.27197265625,22.8759765625,769.99881118536,1.54388760884158,50.0,0.0590158477425575,Low,0.0590158477425575,train
18.24951171875,10.8642578125,-296.153388917446,-0.990575963815275,50.0,7.85393785918131e-05,Low,7.85393785918131e-05,train
18.408203125,10.36376953125,-533.076100051403,-1.84441224302487,5.00000007450581,0.569702804088593,Low,0.569702804088593,val
16.85791015625,14.70947265625,-1243.84423345327,-3.03737432324625,5.00000007450581,1.10725796222687,Medium,1.10725796222687,train
16.97998046875,14.691162109375,-325.768727809191,-0.567703724934229,100.0,0.043056283146143,Low,0.043056283146143,train
16.827392578125,13.0615234375,-29.6153388917446,-0.0942772605799586,100.0,0.0375979393720627,Medium,0.0375979393720627,train
17.889404296875,17.010498046875,355.384066700935,0.79752234302044,50.0,0.321511030197144,Low,0.321511030197144,train
16.8701171875,13.360595703125,-29.6153388917446,-0.092604986738704,100.0,0.033945370465517,Medium,0.033945370465517,train
17.6513671875,13.525390625,-29.6153388917446,0.0,100.0,0.0345532633364201,Medium,0.0345532633364201,test
17.999267578125,16.54052734375,59.2306777834892,0.0175280487949885,50.0,0.0467253997921944,Low,0.0467253997921944,val
16.97998046875,25.35400390625,88.8460166752338,0.63828,5.00000007450581,1.74880028680491e-07,Low,1.74880028680491e-07,train
17.626953125,9.906005859375,-1154.99821677804,-4.46129663272958,100.0,0.620871961116791,Low,0.620871961116791,train
17.083740234375,13.140869140625,-29.6153388917446,-0.0942772605799586,100.0,0.0375979393720627,Medium,0.0375979393720627,train
16.815185546875,9.99755859375,59.2306777834892,0.19371232392745,5.00000007450581,0.215002834796906,Low,0.215002834796906,val
16.73583984375,0.823974609375,29.6153388917446,-2.16946005821228,120.000004768372,0.041642677038908,Low,0.041642677038908,train
16.387939453125,13.5009765625,-29.6153388917446,-0.0942501829428528,100.0,0.0361238904297352,Medium,0.0361238904297352,train
17.840576171875,1.373291015625,207.307372242212,-5.42208552360535,100.0,0.201963350176811,Low,0.201963350176811,val
18.975830078125,13.287353515625,-29.6153388917446,-0.0942987662789802,100.0,0.0327973254024982,Medium,0.0327973254024982,test
15.75927734375,4.52880859375,-503.460761159658,-3.7746,5.00000007450581,5.63067769689951e-05,Low,5.63067769689951e-05,train
16.93115234375,13.671875,-29.6153388917446,-0.0942501829428528,100.0,0.0353277958929539,Medium,0.0353277958929539,train
16.7236328125,23.6572265625,1924.9970279634,3.39876,50.0,0.142121493816376,Low,0.142121493816376,train
17.51708984375,14.48974609375,-148.076694458723,-0.475873810031619,5.00000007450581,0.172566637396812,Low,0.172566637396812,train
17.0654296875,12.921142578125,-88.8460166752338,-0.270445979385638,100.0,0.0923505052924156,Medium,0.0923505052924156,test
17.919921875,10.113525390625,-177.692033350468,-0.738806610314814,5.00000007450581,5.63769099244382e-05,Low,5.63769099244382e-05,val
17.4072265625,9.393310546875,-207.307372242212,-1.06446145892888,5.00000007450581,5.34809623786714e-05,Low,5.34809623786714e-05,train
17.7490234375,0.7568359375,29.6153388917446,-1.80646777153015,100.0,0.0394065603613853,Low,0.0394065603613853,train
16.168212890625,13.153076171875,-29.6153388917446,-0.092604986738704,100.0,0.0320020653307438,Medium,0.0320020653307438,test
16.63818359375,12.59765625,-1303.07491123676,-4.19555002875493,5.00000007450581,1.13381350040436,Medium,1.13381350040436,test
16.497802734375,16.998291015625,266.538050025702,0.624626936059103,100.0,0.29430103302002,Medium,0.29430103302002,train
16.595458984375,33.184814453125,2961.53388917446,4.30596,50.0,0.0455813705921173,Low,0.0455813705921173,train
16.839599609375,1.373291015625,177.692033350468,-5.42208552360535,100.0,0.186017721891403,Low,0.186017721891403,train
15.97900390625,13.494873046875,-29.6153388917446,-0.0923649349675269,100.0,0.0343574769794941,Medium,0.0343574769794941,train
18.49365234375,28.167724609375,2576.53448358178,3.97167990539141,100.0,3.60567501047626e-05,Low,3.60567501047626e-05,train
18.292236328125,13.336181640625,-1243.84423345327,-3.42,50.0,0.643221974372864,Medium,0.643221974372864,train
17.626953125,10.028076171875,-651.537455618382,-2.4795745495223,5.00000007450581,0.622325718402863,Low,0.622325718402863,train
17.059326171875,10.9619140625,59.2306777834892,0.0847966775532761,5.00000007450581,0.0597350113093853,Low,0.0597350113093853,test
16.302490234375,13.12255859375,-29.6153388917446,-0.106991534921771,100.0,0.0392495803534985,Medium,0.0392495803534985,train
17.852783203125,16.80908203125,503.460761159658,1.11111111111111,50.0,0.505293011665344,Low,0.505293011665344,test
16.204833984375,10.760498046875,-29.6153388917446,-0.223214244564701,5.00000007450581,4.00646495108958e-05,Low,4.00646495108958e-05,train
17.669677734375,13.055419921875,-88.8460166752338,-0.270339147502933,100.0,0.10368824005127,Medium,0.10368824005127,test
17.5048828125,13.165283203125,-29.6153388917446,-0.0942501829428528,100.0,0.0345847234129906,Medium,0.0345847234129906,test
17.4072265625,16.7724609375,29.6153388917446,0.0614440833091977,5.00000007450581,0.0538668967783451,Low,0.0538668967783451,test
17.486572265625,15.73486328125,-59.2306777834892,0.0,5.00000007450581,0.0002392830647295,Low,0.0002392830647295,val
16.7236328125,12.969970703125,-829.229488968849,-1.94127165807625,100.0,0.826051294803619,Medium,0.826051294803619,train
16.229248046875,13.17138671875,177.692033350468,0.50620947747125,5.00000007450581,0.279401868581772,Low,0.279401868581772,val
18.072509765625,13.7939453125,-384.99940559268,-0.976781101906379,5.00000007450581,6.51728041702881e-05,Low,6.51728041702881e-05,train
17.67578125,17.05322265625,29.6153388917446,0.119438237786884,100.0,0.0568249598145485,Medium,0.0568249598145485,train
17.108154296875,18.06640625,118.461355566978,0.362231916853104,5.00000007450581,0.113462641835213,Low,0.113462641835213,train
17.449951171875,12.811279296875,-296.153388917446,-0.855703541871142,50.0,0.35064622759819,Low,0.35064622759819,val
17.24853515625,13.4521484375,-29.6153388917446,-0.0917155684528386,100.0,0.0326746255159378,Medium,0.0326746255159378,train
16.76025390625,14.83154296875,-29.6153388917446,-0.02916,50.0,0.0613232590258121,Low,0.0613232590258121,train
17.63916015625,17.840576171875,799.614150077105,1.66666662941376,100.0,0.778443932533264,Low,0.778443932533264,train
16.32080078125,13.41552734375,-1125.3828778863,-3.08704540581694,100.0,0.390887558460236,Low,0.390887558460236,test
18.59130859375,11.34033203125,-266.538050025702,-1.07555890710192,100.0,0.631205260753632,Low,0.631205260753632,train
17.15087890625,13.043212890625,-29.6153388917446,-0.092604986738704,100.0,0.0334883034229279,Medium,0.0334883034229279,train
16.90673828125,11.19384765625,621.922116726637,2.30167560268153,50.0,0.431043446063995,Low,0.431043446063995,test
16.937255859375,15.460205078125,-918.075505644083,-1.86910248645275,100.0,0.715902030467987,Medium,0.715902030467987,test
17.596435546875,17.66357421875,-533.076100051403,-0.350109936090971,100.0,0.295590221881866,Low,0.295590221881866,train
15.472412109375,12.921142578125,-29.6153388917446,-0.092604986738704,100.0,0.0312015265226364,Medium,0.0312015265226364,train
16.241455078125,13.134765625,-29.6153388917446,-0.106991534921771,100.0,0.0397971756756306,Medium,0.0397971756756306,test
17.852783203125,16.76025390625,-59.2306777834892,0.0,5.00000007450581,0.0019033896969631,Low,0.0019033896969631,train
17.828369140625,11.48681640625,-444.230083376169,-0.326801794002658,5.00000007450581,0.0455959923565388,Low,0.0455959923565388,train
16.802978515625,13.311767578125,-29.6153388917446,-0.0942501829428528,100.0,0.0361238904297352,Medium,0.0361238904297352,val
17.816162109375,7.65380859375,-325.768727809191,-2.15164618030014,100.0,0.486518114805222,Low,0.486518114805222,train
17.669677734375,6.9580078125,-325.768727809191,-0.623779117536414,50.0,0.119669005274773,Low,0.119669005274773,val
16.68701171875,13.2568359375,-29.6153388917446,-0.106991534921771,100.0,0.0372026190161705,Medium,0.0372026190161705,train
18.048095703125,14.4775390625,473.845422267914,0.967473950983258,100.0,0.30744993686676,Low,0.30744993686676,train
17.66357421875,13.78173828125,-266.538050025702,-0.824766535001229,100.0,0.404925018548965,Low,0.404925018548965,train
17.56591796875,26.226806640625,-296.153388917446,0.0,50.0,0.0115328822284937,Low,0.0115328822284937,val
16.5771484375,13.079833984375,-88.8460166752338,-0.27061173577089,100.0,0.104118488729,Medium,0.104118488729,train
17.7001953125,4.571533203125,-59.2306777834892,0.0,100.0,0.0035879637580364,Low,0.0035879637580364,train
16.973876953125,13.427734375,-29.6153388917446,-0.0938096455749405,100.0,0.0361062362790108,Medium,0.0361062362790108,train
17.3095703125,13.134765625,-88.8460166752338,-0.31408436843371,120.000004768372,0.108388878405094,Medium,0.108388878405094,test
17.28515625,12.847900390625,-29.6153388917446,-0.0982525519835301,100.0,0.003219673410058,Low,0.003219673410058,train
16.6015625,16.54052734375,740.383472293615,1.66666662941376,100.0,0.764222860336304,Low,0.764222860336304,train
16.61376953125,17.413330078125,444.230083376169,0.988623007053508,50.0,0.584454715251923,Low,0.584454715251923,test
17.3583984375,14.935302734375,-266.538050025702,-0.783393996969507,50.0,0.327097415924072,Low,0.327097415924072,train
17.474365234375,17.041015625,29.6153388917446,0.119328022351536,100.0,0.0537912957370281,Medium,0.0537912957370281,train
19.580078125,22.802734375,118.461355566978,0.254485610714581,100.0,2.01404163817642e-05,Low,2.01404163817642e-05,train
16.88232421875,17.9931640625,29.6153388917446,0.23976,5.00000007450581,0.0845619067549706,Low,0.0845619067549706,train
17.00439453125,16.90673828125,236.922711133957,0.550471052630853,100.0,0.257238060235977,Medium,0.257238060235977,test
17.41943359375,7.135009765625,-296.153388917446,-2.50798690362083,5.00000007450581,1.04347681999207,Low,1.04347681999207,val
16.58935546875,13.31787109375,-29.6153388917446,-0.092604986738704,100.0,0.0320020653307438,Medium,0.0320020653307438,test
17.645263671875,18.072509765625,88.8460166752338,0.67716,50.0,0.0001467534457333,Low,0.0001467534457333,train
17.95654296875,0.78125,29.6153388917446,-1.80646777153015,100.0,0.0406337194144726,Low,0.0406337194144726,train
18.316650390625,15.277099609375,-1539.99762237072,-2.83318178217964,5.00000007450581,1.07111835479736,Medium,1.07111835479736,train
19.59228515625,60.3271484375,10987.2907288373,-9.8217979662218,100.0,3.37515848514158e-05,Low,3.37515848514158e-05,train
18.792724609375,13.140869140625,-29.6153388917446,-0.0942501829428528,100.0,0.0354445539414883,Low,0.0354445539414883,train
16.4306640625,14.6484375,947.690844535828,2.06918831797849,50.0,0.332961857318878,Low,0.332961857318878,train
15.90576171875,13.0126953125,-1865.76635017991,-4.12192245251397,5.00000007450581,0.870837271213531,Medium,0.870837271213531,train
17.449951171875,23.004150390625,-769.99881118536,-0.410591859256152,5.00000007450581,0.155903115868568,Low,0.155903115868568,train
15.9912109375,13.360595703125,-29.6153388917446,-0.0938096455749405,100.0,0.0361062362790108,Medium,0.0361062362790108,train
17.974853515625,13.1591796875,-29.6153388917446,-0.093012870671551,100.0,0.0346641503274441,Medium,0.0346641503274441,test
16.68701171875,11.04736328125,-681.152794510126,-1.93707483371126,100.0,0.847906589508057,Low,0.847906589508057,train
17.132568359375,1.287841796875,177.692033350468,-5.43147325515747,100.0,0.182086646556854,Low,0.182086646556854,train
17.364501953125,13.299560546875,-88.8460166752338,-0.270445979385638,100.0,0.101911894977093,Medium,0.101911894977093,test
17.041015625,10.6201171875,621.922116726637,1.5774563125598,100.0,0.0222297739237547,Low,0.0222297739237547,train
18.26171875,23.089599609375,2013.84304463863,3.7652231897469,100.0,1.51297032833099,Low,1.51297032833099,test
17.1142578125,17.938232421875,-266.538050025702,-0.19964618487021,100.0,0.66326904296875,Low,0.66326904296875,train
17.596435546875,12.1337890625,-266.538050025702,-0.24813936731488,50.0,0.103822581470013,Low,0.103822581470013,train
17.0654296875,13.385009765625,-88.8460166752338,-0.27061173577089,100.0,0.0982740819454193,Medium,0.0982740819454193,train
17.950439453125,24.10888671875,325.768727809191,1.3669533524659,100.0,1.0370569229126,Low,1.0370569229126,train
18.32275390625,17.041015625,29.6153388917446,0.150513442466246,100.0,0.0543156117200851,Low,0.0543156117200851,train
16.607666015625,1.3916015625,207.307372242212,-5.42208552360535,100.0,0.223922684788704,Low,0.223922684788704,train
16.888427734375,17.413330078125,503.460761159658,1.11111111111111,50.0,0.513620734214783,Low,0.513620734214783,train
17.98095703125,18.475341796875,2576.53448358178,5.36692386591681,5.00000007450581,2.14622449874878,Medium,2.14622449874878,val
17.56591796875,13.226318359375,-29.6153388917446,-0.156971644202116,89.9999976158142,0.054306123405695,Medium,0.054306123405695,train
19.769287109375,13.226318359375,-29.6153388917446,-0.108475163524533,100.0,0.0467865318059921,Medium,0.0467865318059921,train
18.060302734375,14.324951171875,-1836.15101128817,-4.47623489508061,50.0,1.02948117256165,Medium,1.02948117256165,train
16.607666015625,13.519287109375,-29.6153388917446,-0.092604986738704,100.0,0.0334883034229279,Medium,0.0334883034229279,val
18.05419921875,7.635498046875,384.99940559268,-2.73132,50.0,1.72862419276498e-05,Low,1.72862419276498e-05,val
18.682861328125,17.02880859375,88.8460166752338,0.205520329405849,100.0,0.093833290040493,Medium,0.093833290040493,train
17.816162109375,10.3515625,-88.8460166752338,-0.588299532344948,5.00000007450581,0.210542947053909,Low,0.210542947053909,train
17.63916015625,17.047119140625,29.6153388917446,0.0966912497030725,50.0,0.0620465651154518,Low,0.0620465651154518,train
18.743896484375,17.5048828125,384.99940559268,0.917631791356787,100.0,0.77601546049118,Low,0.77601546049118,train
16.204833984375,13.348388671875,-29.6153388917446,-0.092604986738704,100.0,0.033945370465517,Medium,0.033945370465517,train
16.802978515625,13.262939453125,-29.6153388917446,-0.112773376453049,5.00000007450581,0.0198779795318842,Low,0.0198779795318842,train
17.327880859375,16.4794921875,740.383472293615,1.66666662941376,100.0,0.201023101806641,Low,0.201023101806641,train
16.80908203125,1.35498046875,177.692033350468,-5.43147325515747,100.0,0.17730450630188,Low,0.17730450630188,train
17.78564453125,13.909912109375,1066.15220010281,2.61269085472936,5.00000007450581,0.433325201272964,Low,0.433325201272964,train
17.645263671875,12.3291015625,-29.6153388917446,0.0,100.0,0.0032624683808535,Low,0.0032624683808535,test
16.49169921875,17.218017578125,-59.2306777834892,0.0,50.0,0.0017304903594777,Low,0.0017304903594777,train
18.1640625,16.961669921875,266.538050025702,0.624626935905467,100.0,0.257967740297318,Medium,0.257967740297318,val
18.194580078125,10.546875,-1006.92152231932,-3.73308834841861,5.00000007450581,0.370138555765152,Low,0.370138555765152,val
16.95556640625,10.235595703125,-88.8460166752338,-0.578265881044923,5.00000007450581,0.0167177300900221,Low,0.0167177300900221,val
15.997314453125,17.413330078125,355.384066700935,0.79487244316989,50.0,0.146106570959091,Low,0.146106570959091,train
18.05419921875,5.55419921875,-118.461355566978,-1.0368,50.0,0.200552001595497,Low,0.200552001595497,train
16.729736328125,12.01171875,-207.307372242212,-0.363712476347633,50.0,0.0532210543751717,Low,0.0532210543751717,train
17.535400390625,1.416015625,207.307372242212,-5.42208552360535,100.0,0.187986582517624,Low,0.187986582517624,val
17.608642578125,16.851806640625,266.538050025702,0.62462693521152,100.0,0.295137763023376,Medium,0.295137763023376,val
18.450927734375,16.93115234375,207.307372242212,0.478415773129477,100.0,0.224219888448715,Medium,0.224219888448715,train
17.974853515625,16.888427734375,177.692033350468,0.391044086220799,100.0,0.180246338248253,Medium,0.180246338248253,test
16.015625,13.702392578125,-29.6153388917446,-0.0942501829428528,100.0,0.0353277958929539,Medium,0.0353277958929539,train
17.742919921875,27.655029296875,888.460166752338,1.714032261505,100.0,0.2410047352314,Low,0.2410047352314,val
17.156982421875,19.90966796875,118.461355566978,0.49060111665851,50.0,0.51908928155899,Low,0.51908928155899,train
17.218017578125,8.123779296875,-592.306777834892,-2.99186452964262,5.00000007450581,0.265362799167633,Low,0.265362799167633,test
18.365478515625,16.876220703125,236.922711133957,0.552861287966154,100.0,0.255584210157394,Medium,0.255584210157394,train
17.39501953125,16.998291015625,236.922711133957,0.552861287336154,100.0,0.253778785467148,Medium,0.253778785467148,val
18.084716796875,13.96484375,-473.845422267914,-1.30094838850849,50.0,0.432405024766922,Low,0.432405024766922,train
34.33837890625,1.2939453125,177.692033350468,-5.43147325515747,100.0,0.180577039718628,Low,0.180577039718628,train
16.650390625,12.701416015625,-177.692033350468,-0.555555543137921,100.0,0.748709976673126,Low,0.748709976673126,val
17.425537109375,16.217041015625,88.8460166752338,0.135437645744323,5.00000007450581,0.0228946655988693,Low,0.0228946655988693,train
18.365478515625,20.361328125,2013.84304463863,3.76929903746103,100.0,2.27852439880371,Medium,2.27852439880371,train
17.00439453125,13.031005859375,-88.8460166752338,-0.270445979385638,100.0,0.0978530719876289,Medium,0.0978530719876289,train
16.54052734375,13.87939453125,-177.692033350468,-0.37945286643063,100.0,2.79916948784376e-05,Low,2.79916948784376e-05,val
18.0908203125,9.661865234375,-503.460761159658,-1.93062923010866,5.00000007450581,0.177959516644478,Low,0.177959516644478,train
16.766357421875,13.372802734375,-29.6153388917446,-0.0899286317646966,100.0,0.0343250520527363,Medium,0.0343250520527363,train
17.462158203125,16.839599609375,-59.2306777834892,0.0,5.00000007450581,0.0035002485383302,Low,0.0035002485383302,val
16.363525390625,13.311767578125,-29.6153388917446,-0.0899286317646966,100.0,0.0327952280640602,Medium,0.0327952280640602,train
17.4560546875,13.360595703125,-29.6153388917446,-0.0923649349675269,100.0,0.0343574769794941,Medium,0.0343574769794941,val
17.00439453125,9.85107421875,-533.076100051403,-1.64074257485282,100.0,0.436272531747818,Low,0.436272531747818,train
17.76123046875,16.839599609375,266.538050025702,0.62462693521152,100.0,0.283719062805176,Medium,0.283719062805176,test
16.7236328125,8.648681640625,-592.306777834892,-2.6224355045898,5.00000007450581,1.01321220397949,Low,1.01321220397949,train
15.95458984375,13.250732421875,-29.6153388917446,-0.0942501829428528,100.0,0.0345847234129906,Medium,0.0345847234129906,train
17.303466796875,13.09814453125,-88.8460166752338,-0.268298960888351,100.0,0.0950522869825363,Medium,0.0950522869825363,train
16.19873046875,13.275146484375,-29.6153388917446,-0.106991534921771,100.0,0.0391165763139725,Medium,0.0391165763139725,test
16.656494140625,13.22021484375,-88.8460166752338,-0.283856091987304,100.0,0.106877736747265,Medium,0.106877736747265,train
17.059326171875,13.372802734375,-29.6153388917446,-0.0942501829428528,100.0,0.0345847234129906,Medium,0.0345847234129906,train
16.68701171875,1.416015625,207.307372242212,-5.42119145393372,100.0,0.231373772025108,Low,0.231373772025108,train
18.231201171875,13.1103515625,-29.6153388917446,-0.0926311271808838,100.0,0.0332855321466923,Medium,0.0332855321466923,val
18.10302734375,8.7158203125,-533.076100051403,-2.26678092573532,100.0,0.815327286720276,Low,0.815327286720276,test
18.743896484375,13.00048828125,-29.6153388917446,-0.095734211732074,100.0,0.0348197817802429,Medium,0.0348197817802429,train
17.254638671875,0.848388671875,29.6153388917446,-2.17080116271973,120.000004768372,0.0452728979289532,Low,0.0452728979289532,train
16.815185546875,13.63525390625,-29.6153388917446,-0.095734211732074,100.0,0.0355599522590637,Medium,0.0355599522590637,val
17.034912109375,13.348388671875,-29.6153388917446,-0.095734211732074,100.0,0.0348197817802429,Medium,0.0348197817802429,val
17.78564453125,13.41552734375,-29.6153388917446,-0.0942501829428528,100.0,0.0345847234129906,Medium,0.0345847234129906,test
16.680908203125,4.6630859375,-444.230083376169,-3.00481694178945,5.00000007450581,0.693799197673798,Low,0.693799197673798,train
17.05322265625,16.748046875,29.6153388917446,0.119438237768431,100.0,0.0526327677071095,Medium,0.0526327677071095,train
20.233154296875,16.766357421875,59.2306777834892,0.144800701762576,100.0,0.0627433285117149,Medium,0.0627433285117149,val
17.46826171875,15.667724609375,-266.538050025702,-1.10425685780655,5.00000007450581,0.0884729325771332,Low,0.0884729325771332,train
17.05322265625,8.843994140625,-296.153388917446,-1.58831633720535,50.0,2.60944143519737e-05,Low,2.60944143519737e-05,test
17.620849609375,13.226318359375,-29.6153388917446,-0.0923649349675269,100.0,0.0343574769794941,Medium,0.0343574769794941,train
17.9931640625,19.7265625,118.461355566978,0.67716,100.0,0.483017325401306,Low,0.483017325401306,train
18.475341796875,9.686279296875,-592.306777834892,-2.68887874044919,100.0,1.16635227203369,Low,1.16635227203369,val
15.12451171875,13.409423828125,-29.6153388917446,-0.0923649349675269,100.0,0.0343253165483475,Medium,0.0343253165483475,train
15.118408203125,13.4033203125,-29.6153388917446,-0.092604986738704,100.0,0.033945370465517,Medium,0.033945370465517,val
16.192626953125,11.859130859375,29.6153388917446,0.0,100.0,0.0042840940877795,Low,0.0042840940877795,train
16.29638671875,6.5185546875,59.2306777834892,0.0,50.0,0.0039567183703184,Low,0.0039567183703184,train
15.46630859375,13.458251953125,-29.6153388917446,-0.0926311271808838,100.0,0.0332855321466923,Medium,0.0332855321466923,train
16.387939453125,8.447265625,-473.845422267914,-1.97392489473879,100.0,0.466885149478912,Low,0.466885149478912,train
16.69921875,13.31787109375,-88.8460166752338,-0.251744788051226,100.0,0.0883228406310081,Medium,0.0883228406310081,train
17.333984375,0.84228515625,29.6153388917446,-2.17124819755554,120.000004768372,0.0540631525218487,Low,0.0540631525218487,train
16.40625,13.348388671875,-148.076694458723,-0.414822023327289,100.0,0.128575995564461,Low,0.128575995564461,train
17.645263671875,25.262451171875,-355.384066700935,0.0,100.0,0.0502375513315201,Low,0.0502375513315201,train
17.48046875,17.864990234375,236.922711133957,0.555555555555555,50.0,0.26659232378006,Low,0.26659232378006,val
18.048095703125,13.87939453125,-29.6153388917446,-0.067314535016654,50.0,0.0141946813091636,Low,0.0141946813091636,train
17.108154296875,13.14697265625,-29.6153388917446,-0.0942501829428528,100.0,0.0353277958929539,Medium,0.0353277958929539,val
17.15087890625,15.484619140625,59.2306777834892,0.215999995172024,100.0,0.110291741788387,Low,0.110291741788387,test
16.1376953125,12.98828125,-29.6153388917446,-0.092604986738704,100.0,0.0334883034229279,Medium,0.0334883034229279,test
16.4306640625,13.140869140625,-29.6153388917446,-0.0942501829428528,100.0,0.0345847234129906,Medium,0.0345847234129906,test
19.54345703125,16.650390625,503.460761159658,1.11111108627584,100.0,0.524848937988281,Low,0.524848937988281,train
15.582275390625,13.055419921875,-29.6153388917446,-0.0942501829428528,100.0,0.0354445539414883,Medium,0.0354445539414883,test
17.144775390625,17.529296875,296.153388917446,0.633551990098236,50.0,0.292021781206131,Low,0.292021781206131,train
16.717529296875,11.46240234375,-88.8460166752338,-0.629031042269223,50.0,0.155915066599846,Low,0.155915066599846,train
16.78466796875,12.90283203125,-1273.45957234502,-3.6,100.0,1.36638236045837,Medium,1.36638236045837,train
18.408203125,13.22021484375,-29.6153388917446,-0.0923649349675269,100.0,0.0343253165483475,Medium,0.0343253165483475,train
17.852783203125,13.189697265625,-29.6153388917446,-0.156971644202116,89.9999976158142,0.0570069327950478,Medium,0.0570069327950478,train
16.5283203125,13.775634765625,-29.6153388917446,-0.0942772605799586,100.0,0.0375979393720627,Medium,0.0375979393720627,train
17.059326171875,11.041259765625,-503.460761159658,-1.77460412351751,100.0,0.462081551551819,Low,0.462081551551819,train
16.93115234375,13.385009765625,-29.6153388917446,-0.0912686859926533,100.0,0.0349958129227161,Medium,0.0349958129227161,train
17.724609375,16.339111328125,-29.6153388917446,0.0,5.00000007450581,0.0072880629450082,Low,0.0072880629450082,train
16.9189453125,13.189697265625,-88.8460166752338,-0.27061173577089,100.0,0.0995764806866646,Medium,0.0995764806866646,test
19.27490234375,13.055419921875,-29.6153388917446,-0.0926311271808838,100.0,0.0332855321466923,Medium,0.0332855321466923,val
17.999267578125,16.95556640625,236.922711133957,0.55094899937325,100.0,0.25673896074295,Medium,0.25673896074295,train
16.748046875,22.900390625,-1658.4589779377,-1.21376136390853,50.0,0.418865174055099,Low,0.418865174055099,val
16.56494140625,15.130615234375,-29.6153388917446,0.0,50.0,0.0948538333177567,Low,0.0948538333177567,train
16.88232421875,15.557861328125,-829.229488968849,-1.98632614855123,100.0,0.0466657988727093,Low,0.0466657988727093,test
16.56494140625,13.04931640625,-29.6153388917446,-0.0899286317646966,100.0,0.0327952280640602,Medium,0.0327952280640602,val
1.30615234375,76.763916015625,2754.22651693225,-3.98218631744385,100.0,5.33138191372018e-08,Low,5.33138191372018e-08,train
18.15185546875,12.98828125,-29.6153388917446,-0.0834294467241209,100.0,0.0334255285561085,Low,0.0334255285561085,train
18.71337890625,13.43994140625,-29.6153388917446,-0.0942501829428528,100.0,0.0353277958929539,Medium,0.0353277958929539,train
16.864013671875,13.12255859375,-29.6153388917446,-0.095734211732074,100.0,0.0355599522590637,Medium,0.0355599522590637,train
17.29736328125,13.46435546875,-29.6153388917446,-0.0912686859926533,100.0,0.036638930439949,Medium,0.036638930439949,train
15.2099609375,13.177490234375,-29.6153388917446,-0.0899286317646966,100.0,0.0344329476356506,Medium,0.0344329476356506,train
16.766357421875,20.1904296875,-769.99881118536,-0.223438171898941,100.0,0.0406565181910992,Low,0.0406565181910992,train
18.02978515625,22.65625,-651.537455618382,-0.255296310292968,100.0,0.0927507877349854,Low,0.0927507877349854,val
15.509033203125,15.13671875,29.6153388917446,0.0,100.0,0.165499344468117,Low,0.165499344468117,train
19.000244140625,17.095947265625,118.461355566978,0.277777771568961,100.0,0.126669585704803,Low,0.126669585704803,test
16.839599609375,13.458251953125,-29.6153388917446,-0.0942772605799586,100.0,0.0375979393720627,Medium,0.0375979393720627,train
18.414306640625,8.984375,-562.691438943148,-2.02901517662306,100.0,0.58771824836731,Low,0.58771824836731,val
16.40625,4.39453125,-355.384066700935,-3.16331041809871,100.0,1.21165692806244,Low,1.21165692806244,train
17.047119140625,12.908935546875,-29.6153388917446,-0.0938096455749405,100.0,0.0379180982708931,Medium,0.0379180982708931,train
16.8701171875,13.311767578125,-29.6153388917446,-0.156971644202116,89.9999976158142,0.0568783171474934,Low,0.0568783171474934,test
17.095947265625,61.474609375,13593.4405513108,10.2610860517161,100.0,7.70586490631104,Low,7.70586490631104,val
16.180419921875,13.470458984375,-29.6153388917446,-0.092604986738704,100.0,0.0334883034229279,Medium,0.0334883034229279,train
16.552734375,1.45263671875,207.307372242212,-5.42208552360535,100.0,0.229116633534431,Low,0.229116633534431,train
16.29638671875,23.30322265625,177.692033350468,0.603828770535709,100.0,0.500178456306458,Low,0.500178456306458,test
17.0654296875,12.823486328125,-29.6153388917446,-0.0917155684528386,100.0,0.0326746255159378,Medium,0.0326746255159378,test
16.24755859375,14.208984375,29.6153388917446,0.0,5.00000007450581,0.0005386826815083,Low,0.0005386826815083,train
17.08984375,6.732177734375,-236.922711133957,-1.56816,5.00000007450581,4.69885162601713e-05,Low,4.69885162601713e-05,train
17.205810546875,19.580078125,355.384066700935,0.866071186510637,50.0,0.341110497713089,Low,0.341110497713089,train
17.28515625,16.510009765625,148.076694458723,0.281452179015536,5.00000007450581,0.0087910741567611,Low,0.0087910741567611,train
18.011474609375,25.982666015625,621.922116726637,1.39561861447059,5.00000007450581,0.0307853054255247,Low,0.0307853054255247,train
17.1142578125,16.156005859375,888.460166752338,1.98084058544641,100.0,1.15413808822632,Low,1.15413808822632,train
17.144775390625,13.8671875,-148.076694458723,-0.307105743075427,50.0,0.146457180380821,Low,0.146457180380821,train
17.962646484375,15.057373046875,-918.075505644083,-2.63230544529268,5.00000007450581,0.9254350066185,Low,0.9254350066185,val
15.130615234375,0.738525390625,29.6153388917446,-1.81049108505249,100.0,0.0445782542228699,Low,0.0445782542228699,train
17.56591796875,17.19970703125,-266.538050025702,-0.0740923002966351,5.00000007450581,0.0858799740672112,Low,0.0858799740672112,val
17.706298828125,11.279296875,-414.614744484425,-1.22920473344669,5.00000007450581,0.367568790912628,Low,0.367568790912628,test
16.748046875,13.48876953125,-29.6153388917446,-0.0926311271808838,100.0,0.0332855321466923,Medium,0.0332855321466923,train
18.609619140625,16.790771484375,88.8460166752338,0.214270680993377,50.0,0.0995079651474953,Low,0.0995079651474953,train
17.0166015625,16.217041015625,-88.8460166752338,0.0,50.0,0.0008245037170127,Low,0.0008245037170127,test
17.047119140625,81.5673828125,4323.83947819471,-10.5509161949158,50.0,3.78923807886622e-08,Low,3.78923807886622e-08,test
18.389892578125,17.791748046875,1717.68965572119,3.6,100.0,0.0023627581540495,Low,0.0023627581540495,train
19.342041015625,12.75634765625,29.6153388917446,0.0,100.0,0.003269812092185,Low,0.003269812092185,train
18.4326171875,17.1142578125,236.922711133957,0.672195543137921,50.0,4.2627175389498e-06,Low,4.2627175389498e-06,train
17.498779296875,13.104248046875,-88.8460166752338,-0.251744788051226,100.0,0.0929499566555023,Medium,0.0929499566555023,train
16.741943359375,19.708251953125,-148.076694458723,0.0,100.0,0.0004775459237862,Low,0.0004775459237862,train
16.802978515625,12.969970703125,-88.8460166752338,-0.251695022937925,100.0,0.0872180163860321,Medium,0.0872180163860321,test
16.3818359375,18.499755859375,503.460761159658,1.11111108627584,100.0,0.504783153533936,Low,0.504783153533936,train
17.529296875,25.250244140625,3050.3799058497,4.86324,5.00000007450581,2.15590834617615,Low,2.15590834617615,test
16.49169921875,1.470947265625,207.307372242212,-5.42208552360535,100.0,0.174502015113831,Low,0.174502015113831,train
18.438720703125,16.80908203125,29.6153388917446,0.119438237786884,100.0,0.0568249598145485,Medium,0.0568249598145485,train
17.34619140625,12.908935546875,-88.8460166752338,-0.270339147502933,100.0,0.0987682044506073,Medium,0.0987682044506073,test
16.766357421875,1.446533203125,207.307372242212,-5.42208552360535,100.0,0.229116633534431,Low,0.229116633534431,test
16.51611328125,13.623046875,-29.6153388917446,-0.093012870671551,100.0,0.0346641503274441,Medium,0.0346641503274441,test
17.230224609375,13.421630859375,-29.6153388917446,-0.106991534921771,100.0,0.0366816446185112,Medium,0.0366816446185112,train
16.998291015625,13.037109375,-29.6153388917446,-0.0942501829428528,100.0,0.0345847234129906,Medium,0.0345847234129906,train
18.95751953125,19.134521484375,1006.92152231932,2.22222217255168,100.0,5.90140247344971,Low,5.90140247344971,train
15.6982421875,13.4521484375,-29.6153388917446,-0.095734211732074,100.0,0.0348197817802429,Medium,0.0348197817802429,train
16.607666015625,18.536376953125,592.306777834892,1.26678427281438,100.0,0.223977908492088,Low,0.223977908492088,val
16.888427734375,0.76904296875,29.6153388917446,-2.17169523239136,120.000004768372,0.0353993996977806,Low,0.0353993996977806,train
16.00341796875,18.39599609375,88.8460166752338,0.167855150854457,100.0,0.0732343122363091,Low,0.0732343122363091,train
17.425537109375,12.90283203125,-29.6153388917446,-0.0912686859926533,100.0,0.036638930439949,Medium,0.036638930439949,train
17.9443359375,5.35888671875,473.845422267914,-3.29790525295926,50.0,7.36046858946793e-05,Low,7.36046858946793e-05,train
15.9912109375,13.0615234375,-29.6153388917446,-0.092604986738704,100.0,0.0334883034229279,Medium,0.0334883034229279,train
17.926025390625,18.267822265625,-207.307372242212,-0.0008506304193661,50.0,0.0879365280270576,Low,0.0879365280270576,train
16.363525390625,13.311767578125,-88.8460166752338,-0.270339147502933,100.0,0.0948337465524673,Medium,0.0948337465524673,train
17.88330078125,14.46533203125,-1451.15160569549,-3.48115704484677,5.00000007450581,0.66553521156311,Low,0.66553521156311,train
17.1630859375,11.572265625,-325.768727809191,-0.656836119891574,50.0,0.295434087514877,Low,0.295434087514877,train
17.205810546875,16.864013671875,148.076694458723,0.395267419639729,5.00000007450581,0.0017449973383918,Low,0.0017449973383918,train
18.5791015625,15.52734375,59.2306777834892,0.231206052672,50.0,0.274726629257202,Low,0.274726629257202,train
16.363525390625,13.1103515625,-29.6153388917446,-0.156971644202116,100.0,0.0552905835211277,Medium,0.0552905835211277,test
16.80908203125,0.87890625,29.6153388917446,-2.16275453567505,120.000004768372,0.0459600910544395,Low,0.0459600910544395,train
16.619873046875,16.97998046875,-296.153388917446,-0.281141043468053,5.00000007450581,0.209426015615463,Low,0.209426015615463,test
17.24853515625,0.836181640625,29.6153388917446,-2.16856598854065,120.000004768372,0.0558027736842632,Low,0.0558027736842632,val
16.4794921875,13.51318359375,-29.6153388917446,-0.0938096455749405,100.0,0.0379180982708931,Medium,0.0379180982708931,val
18.292236328125,13.0126953125,-29.6153388917446,-0.0926311271808838,100.0,0.0332855321466923,Low,0.0332855321466923,val
17.181396484375,13.299560546875,-29.6153388917446,-0.0923649349675269,100.0,0.0343574769794941,Medium,0.0343574769794941,train
17.90771484375,13.1103515625,-88.8460166752338,-0.268298960970781,100.0,0.0907965302467346,Medium,0.0907965302467346,train
17.962646484375,17.431640625,-1628.84363904595,-2.46583987906864,50.0,1.37059640884399,Medium,1.37059640884399,train
16.54052734375,11.9873046875,-740.383472293615,-2.37280716659039,100.0,0.488157540559769,Low,0.488157540559769,train
16.22314453125,9.503173828125,-1095.76753899455,-4.04596069084537,5.00000007450581,0.858274757862091,Low,0.858274757862091,train
17.2119140625,13.34228515625,-29.6153388917446,-0.0834294467241209,100.0,0.0348944962024689,Medium,0.0348944962024689,train
18.10302734375,16.949462890625,296.153388917446,0.663433571165866,100.0,0.314330756664276,Medium,0.314330756664276,test
17.63107210936328,17.019013307337488,236.9038135603854,0.5548620156103965,100.03637559836956,0.2527429384574183,High,0.2527429384574183,train
17.591737785166888,16.343001233840358,177.58996387484552,0.5242203763351178,5.063975711454078,0.1779558334695453,Low,0.1779558334695453,test
17.29907537430446,12.90017451284402,-29.56751669766032,-0.1204063731952156,100.01523012904832,-0.0312963510830755,Medium,-0.0312963510830755,val
18.17782507428528,11.305485803627958,-88.82686925112083,0.0125902444055436,4.928065648574205,-0.0541745096678616,Low,-0.0541745096678616,train
18.16693945048608,17.029709579726774,236.92804822700936,0.5300594237432487,99.97972022782372,0.3618870117428828,High,0.3618870117428828,train
17.99569128815683,20.41990778848564,2398.7999132678906,4.665601299776018,99.9853698297726,1.9959933326871404,High,1.9959933326871404,train
16.888654929161063,13.28910670177501,-29.61130232581369,-0.1216224157407204,100.02134144719764,0.0588852161462695,Medium,0.0588852161462695,train
16.579214090538965,17.881416578336907,414.6659300331543,0.6470475515369599,99.99764629526967,0.061060574792744,Low,0.061060574792744,test
17.92057970238557,17.625862660327183,-118.49231979272844,-0.0068040147270997,49.97957773408757,0.0224599936805938,Low,0.0224599936805938,val
18.32013104933744,16.96476966943388,236.89362386006468,0.5311750024374707,99.9294034760077,0.2231632720847971,High,0.2231632720847971,val
19.22116357993287,16.83408792018206,207.2975587915555,0.5029261446256287,99.98790810907356,0.1512859635989569,Medium,0.1512859635989569,val
17.446324563063296,10.516922968204842,-533.0548554786233,-2.148658923533882,100.05766877648192,0.2946961699239555,Low,0.2946961699239555,train
18.574858563265064,17.015214435505545,88.87416084029248,0.2687822666361538,99.9871278416754,0.1385828407906511,Medium,0.1385828407906511,train
18.008644887086618,16.71236513161421,1006.8798295211956,2.268327360811778,99.94300036448156,1.1519917557393908,High,1.1519917557393908,test
17.508778762885566,12.897332739982522,-29.615177611075783,-0.0581042776520626,100.1122318738493,0.0188422492096497,Medium,0.0188422492096497,train
17.641906940196122,17.7217764104158,1066.1828610996151,2.2333438703604043,100.11380982677998,1.044056121072085,High,1.044056121072085,test
17.856334786705993,17.041755561754492,236.9474419355036,0.5831993972415757,99.9665175260993,0.2223766607879589,High,0.2223766607879589,train
15.104691294774936,13.213432727026346,-29.599596841812662,-0.0097190918213233,99.99055826625488,0.0506916571012017,Medium,0.0506916571012017,train
19.908609327034792,16.827292719455023,177.6733390533617,0.4632448972583395,100.02959216947288,0.1571389901719885,High,0.1571389901719885,test
17.56397031933836,4.677595213184807,-503.48034526518177,-3.188723085616661,50.03188129062843,0.0984383563725639,Low,0.0984383563725639,val
16.53755891629744,13.588722140075127,-29.59992782637911,-0.1054620081984764,100.05170708724984,0.0698010316324662,Medium,0.0698010316324662,train
16.6313713406131,15.756040672463078,-2161.9187191184296,-4.192332623620965,49.978830715066735,1.7420528478590318,High,1.7420528478590318,train
17.087532035801832,13.265974220872248,-29.538487835118023,-0.1518984145883138,100.0586784026218,0.0874957153612578,Medium,0.0874957153612578,train
17.674821813300436,13.062790407957303,29.49996984109479,0.007338032422307,4.970653306917652,1.5380645578025187,Low,1.5380645578025187,train
19.178160286363653,48.3135007553534,-1776.9428703461044,0.0098727328783342,100.02588388259312,0.0521249621544171,Low,0.0521249621544171,test
16.291176176930218,13.043922417913189,-29.61939681207105,-0.1732116728232495,100.00154244423672,0.076928517692771,Medium,0.076928517692771,test
17.18894892904551,13.278472841422074,-444.216375112494,-1.2259604950414968,99.8719549639778,0.385239349865433,High,0.385239349865433,test
16.976146082966153,11.119167842399015,-236.92935152027664,-0.8173760783658052,5.024274857045678,0.1245036016196553,Low,0.1245036016196553,train
17.602960828351275,12.954028503110338,-29.593367817482093,-0.0626482805191415,99.98563764791268,-0.0056570153441132,Medium,-0.0056570153441132,train
17.714156009330924,16.905559750803956,236.99264007752365,0.590388670439993,99.97985488916406,0.2498588671189213,High,0.2498588671189213,test
16.39051686441271,0.6926339441659916,29.62067133976712,-1.867778826565204,100.03387069672084,0.101682752365201,Low,0.101682752365201,train
16.73359357927836,13.399780354989248,-1303.1424997167935,-3.657643710226534,100.00009024083832,1.3411308312796892,High,1.3411308312796892,train
18.28597547727429,17.084393111643255,236.95648563346955,0.593761725095725,99.97233857164524,0.2381634052912957,High,0.2381634052912957,train
17.281798272682924,13.41619338188838,-29.582659298907693,-0.1229505520587526,99.99265853595008,0.0265611319820981,Medium,0.0265611319820981,train
17.283356090626494,13.357532314844912,-414.57569030272674,-1.1756155724010076,100.01845719943287,0.4500621435530408,High,0.4500621435530408,train
17.516769258028667,23.86236446112985,1806.472408982447,3.623314500811405,50.11997556538693,1.7752973328504114,High,1.7752973328504114,train
17.853199888119963,23.971253071077392,621.9025772769289,1.2479296179530162,50.01835765161806,0.0178813938779279,Low,0.0178813938779279,test
17.411101062731433,17.67696050064559,148.09310227020404,0.3132863607604447,5.008077386660303,0.0277809560073259,Low,0.0277809560073259,test
16.406808049261453,13.294485053968211,-88.83195983110312,-0.3376821914662003,100.03067756069672,0.0653615182095321,Medium,0.0653615182095321,train
16.717843226036553,6.864676041279072,-444.2853290945228,-2.63579062177349,50.05497221871324,0.2340984180160831,Low,0.2340984180160831,test
17.95998655274203,11.02911802995061,-1214.1895520673354,-3.817533091583815,5.000588844164208,0.8502369953260556,Low,0.8502369953260556,train
17.117598677859505,1.5298429028889229,207.2963864403834,-5.4779103455150935,99.9958675342382,0.1303671353528795,High,0.1303671353528795,test
18.22351768681884,24.32072228541914,266.56277278871886,1.081156500804782,50.04830956602389,0.2239796097953436,Low,0.2239796097953436,train
18.18068376683472,16.87923745336895,236.96660965785816,0.5319263406801736,99.93340275573728,0.274076823728175,Medium,0.274076823728175,train
16.497307193959298,13.262334437999872,-29.563175245655582,-0.1197538418811778,99.97238711397478,-0.0007170854640184,Medium,-0.0007170854640184,train
17.314802852597094,13.3301823321894,-29.69317110145333,-0.0827876798123607,99.9275602551203,0.1016455111690172,Medium,0.1016455111690172,test
16.85853743332993,15.499776964886678,207.3229713151947,0.5589289805035944,5.030735405620191,0.1260900140953217,Low,0.1260900140953217,train
17.63402306619767,16.85827045621848,237.00688548406853,0.4641987484786811,99.99995715589492,0.3269504638502946,Medium,0.3269504638502946,train
16.94487419300273,28.46458093804315,9121.562782964576,12.004207582090704,100.02517629945054,0.4365774647228969,High,0.4365774647228969,test
17.085018387283963,11.05265143434614,-1362.2608146311509,-4.378515102758419,50.06239621852969,2.7460519438391446,High,2.7460519438391446,train
18.84603642683504,16.995733185268715,236.9839777785875,0.5644524595188576,100.0220398060842,0.263588198496233,High,0.263588198496233,test
17.378945436646635,10.837468857456225,-266.4255329080703,-1.0459612012363797,50.03302089840401,0.2629209491635207,Low,0.2629209491635207,train
17.757930173479902,7.647571014212019,29.590540839904893,-0.0041976842873206,5.014813221826272,0.0414365352610071,Low,0.0414365352610071,val
17.098529271450126,13.169377367854958,-29.62240280166507,-0.0093697084789381,99.92359047191788,-0.037807242816771,Medium,-0.037807242816771,train
16.741649437497873,13.07313396525884,-29.56228980731904,-0.1091115621063,99.9386598653157,0.065921943371738,Medium,0.065921943371738,train
17.569785478307523,16.635453209237795,2517.226649048257,5.610031121068376,99.99034567379272,2.7887028741122992,High,2.7887028741122992,test
16.26627946961932,16.984262072502457,1688.0225231575544,3.65498223004316,100.00963682051672,1.5531949432183512,High,1.5531949432183512,val
17.926961529374683,17.194791106439204,237.00082317088325,0.6425268309186786,99.9891976394807,0.190833259064076,High,0.190833259064076,train
17.6604435308907,16.98095669803833,29.589241896194224,0.1456708276370342,100.06392801549345,0.0675229157943173,Medium,0.0675229157943173,test
17.04709398726222,11.968751889780451,29.66257604826217,-0.0490317949353872,5.064818754059287,-0.0489868681282553,Low,-0.0489868681282553,train
17.946638526382184,11.7021911157883,-799.6043439405827,-2.737048257961433,4.910993574619721,0.3083686325257798,Low,0.3083686325257798,test
16.766750735263848,11.046082894235935,-1717.7333845631297,-5.4561808610444205,49.99555329857333,2.065312809049608,High,2.065312809049608,train
17.727890967080086,16.8819928744986,236.9758375499236,0.4869859778122833,99.98493178047586,0.2120337063934369,High,0.2120337063934369,train
16.347207024695038,13.324530194919395,-29.56733299773444,-0.1522989039663012,99.98830739733178,0.0300682610932142,Medium,0.0300682610932142,test
18.340443453289765,17.15099269842908,59.21441223715855,0.265659656577809,49.91922561514573,0.0906437006116608,Medium,0.0906437006116608,train
16.992531997268518,17.042143298014555,207.28860577370173,0.4585574094808666,100.02301904172218,0.2692226602347855,Medium,0.2692226602347855,val
16.613695592436745,1.4563914118256926,207.28907958748147,-5.447580777531922,100.06118235133566,0.2326013669588567,Low,0.2326013669588567,train
17.728390604489427,1.4369884578847834,207.2623684651112,-5.428117681436206,100.0116766536878,0.2779190352007463,Low,0.2779190352007463,test
17.02021465410281,20.952453091895105,-1214.1530189620037,0.013807995407626,100.00399006743665,6.888108880062429,High,6.888108880062429,val
16.839055988346466,12.927646902008467,-29.62819705747832,-0.1515300166329014,100.03152421239194,0.031504787482246,Medium,0.031504787482246,train
18.206332439468767,16.94122773291604,236.9366762856706,0.5812965502385848,100.13112926030796,0.3041423349695558,High,0.3041423349695558,train
17.085589964893565,16.717947080064594,59.30962356824639,0.0225868938300325,4.994228304989681,0.031099999399445,Low,0.031099999399445,train
16.755879744226018,13.535809508171615,-29.63155257531101,-0.0903885144976661,100.00559714879564,0.0317439103442596,Medium,0.0317439103442596,train
16.261423474830426,13.253478922935583,-29.630704056180026,-0.0726223644700886,99.99599781208502,-0.0070818873756609,Medium,-0.0070818873756609,train
17.667928271213462,16.96263579250715,236.91416538461093,0.4928417318180066,100.05399606035344,0.2211432525058716,High,0.2211432525058716,train
18.09500405929205,22.8585075299806,-148.14232219525044,-0.0609623538062582,100.02664561746556,0.0268648774810109,Low,0.0268648774810109,test
17.075974840917066,6.420635605992806,1954.652356353272,-74.97475815765368,74.98472425287854,2.0922913628622832,High,2.0922913628622832,test
17.440141385858105,13.180037991692323,-29.53660437713893,-0.1061191296173731,100.01389845519574,0.056500499384616,Medium,0.056500499384616,train
17.76461682878847,10.987567823053393,-977.324747224618,-3.383258719309058,5.010438286223504,0.0599753737744826,Low,0.0599753737744826,train
17.79583448707062,16.764769840038607,236.9356945987884,0.4745360017762473,99.99992451276556,0.2889404432678404,High,0.2889404432678404,val
17.644017875060374,12.973610275068475,-88.87772482415185,-0.3285013067567557,120.03430052854144,0.1990486743427325,Medium,0.1990486743427325,train
17.4155132089626,13.289950846547663,-29.61632119018394,-0.103393114985302,100.00300374344002,0.1343316016869481,Medium,0.1343316016869481,val
17.543350625213442,9.386585092966442,-148.0817221863904,-0.8509676817348777,4.9837848816115615,0.1307779364898807,Low,0.1307779364898807,val
17.039373480361686,13.452290394856863,-29.62684312137248,-0.070711264043108,100.0445568819266,0.0183920604749961,Medium,0.0183920604749961,train
17.109160877696706,13.42907397018561,-88.87456395741842,-0.2738632542481468,100.02123620539813,0.1185592372987326,Medium,0.1185592372987326,train
17.393051398774727,16.897403872957874,266.60705962753167,0.5807156701971564,99.95324150647984,0.1978611037897368,Medium,0.1978611037897368,train
15.944100766861425,12.581224941956217,-29.6468423572585,-0.0393643301940111,99.9669661818496,0.0255090072832975,Low,0.0255090072832975,train
17.946164752138216,16.033157532269332,384.9858296919226,0.952625942332286,50.019330605571085,0.2941764659554844,Low,0.2941764659554844,train
17.91624948424218,13.019248136693264,-1925.0118221279768,-5.232525969339841,49.86305193955825,2.080294132648981,High,2.080294132648981,train
16.858679748381785,6.098872165864521,1895.2990840752848,-75.0137690662923,75.03386936928744,2.0394387841333503,High,2.0394387841333503,train
17.67433040876526,22.7432796861582,1066.1583265015686,2.165282768789284,100.025054618239,1.000215918580897,High,1.000215918580897,test
16.591581033151613,13.239794064862544,-29.57446078444892,-0.1284520449887804,99.95024683459803,0.1117285487437747,Medium,0.1117285487437747,val
17.767857223342638,14.736691389555228,-29.597660220673347,0.0011391322652059,99.95813259314995,0.0251036157272382,High,0.0251036157272382,train
16.46297585283406,13.094351357903136,-29.656069260289005,-0.2035703945785798,90.01973632496153,0.0644007909942082,Medium,0.0644007909942082,train
16.70185208667816,10.118858778756817,1214.0650119226596,3.9389437468916784,5.042475059712638,2.958872814144959,High,2.958872814144959,test
17.981905590659757,16.58148992442116,-29.6002364682299,-0.1389551002562749,5.062512315783258,0.2148309942387068,Low,0.2148309942387068,train
17.91289609251428,13.05793877735388,-29.628109251572265,-0.1540499532183769,100.08892888571874,0.0910372596661361,Medium,0.0910372596661361,train
15.639397673104568,19.51971967257161,5804.629044098533,12.003727848643448,49.96401217634963,6.322717537582388,High,6.322717537582388,test
16.810973020779077,0.9790987747413222,88.84884148999124,-1.5622428183799786,5.033131517667955,0.1907116273192353,Low,0.1907116273192353,train
17.03382704681442,13.15898322432262,-29.56664207968622,-0.1473619020245926,99.9026368236262,-0.0320234879355672,Medium,-0.0320234879355672,test
18.0766355870176,3.226570889142656,148.08288153346672,-2.4406718706185653,5.028272635275775,0.0135024001147818,Low,0.0135024001147818,train
18.204858695453243,13.097574213620906,-414.63475691643526,-1.148658710825848,99.92093430317956,0.4130286989258328,High,0.4130286989258328,train
18.11955211416214,16.953171876915093,236.99958937697585,0.4959641622411974,99.9525800809699,0.228405619527369,High,0.228405619527369,train
17.86679365815947,13.289803507036778,-29.60437605864617,-0.0715774163619837,100.01095911516492,0.0757019286628226,Medium,0.0757019286628226,val
17.91447556119666,17.0122585609485,1628.8401413772071,3.680964159682136,50.05044938907663,1.7128060292256613,High,1.7128060292256613,train
17.7942729705376,17.254878100268364,384.947834355302,0.8899162781546188,49.96394087281539,0.3415138107882836,Low,0.3415138107882836,train
16.672322601271613,13.116783777388404,-29.60778284517504,-0.1730081701720128,100.04749629115844,0.0777591670582372,Medium,0.0777591670582372,val
16.325041668459587,13.157591036627377,-1273.4440721680644,-3.5695723372900323,100.03630122674308,1.3585959777148484,High,1.3585959777148484,val
17.367418460560266,17.899620840561862,148.1619548502208,0.4161385005739285,4.993874948041276,-0.0018668730050487,Low,-0.0018668730050487,train
17.069597037141122,1.397998700124473,207.26290605531688,-5.517932585002718,100.00701525832103,0.2071047608571658,Low,0.2071047608571658,train
18.5971129824402,6.7969091307274825,-118.39373085277664,-0.9236296709091324,4.938468178506611,0.4590727675157385,Low,0.4590727675157385,train
17.90352791306177,16.947042524248857,296.2204830060439,0.6740807765471521,99.89503845326452,0.3003885814780846,Medium,0.3003885814780846,train
18.26049130476377,13.3966960047962,-59.26150021504968,-0.0752017289739564,4.972252101862729,0.0709796870687414,Low,0.0709796870687414,test
18.894013260218568,17.43090972704202,207.24907189769064,0.5194781649461592,49.99214993445977,0.2550482320729669,Low,0.2550482320729669,test
16.747146792041505,10.397068874499556,-621.9286722530422,-2.425709233614627,4.8582199689363,1.2636873518670144,Medium,1.2636873518670144,test
18.005184469007517,16.88016570180389,236.88289317741828,0.5911591214041215,100.06693508038356,0.3295871890059021,Medium,0.3295871890059021,val
18.020146681002903,11.287482294113651,-621.9753792165401,-1.978103293177537,99.96701128857131,0.741569221468067,Low,0.741569221468067,val
16.967370937708544,13.138172658382071,-29.616122840701447,-0.1388184466445786,99.99796205887368,0.0155457733625824,Medium,0.0155457733625824,val
16.042129375997124,13.068974964955222,-29.576583453307663,-0.1219879837880283,99.94655351895446,0.0444847215082875,Medium,0.0444847215082875,test
16.159573078143197,13.539682058048774,-29.62763200137305,-0.0894942118794092,100.0121332089485,-0.0235621189115107,Medium,-0.0235621189115107,test
16.18197564535493,13.159347567885105,-1214.2730364008814,-3.3383794188851708,99.99561650398056,1.1807511016755277,High,1.1807511016755277,test
17.356528133568066,13.159563745295737,-29.559556382251863,-0.0318733163571294,100.0119877759565,0.0978126138397939,Medium,0.0978126138397939,train
16.90512895459487,18.26939108882753,1776.8668640037818,3.630858217833802,50.05721964543364,1.5787340596203807,High,1.5787340596203807,val
18.77473782064633,12.92110141720116,-1214.3024896726429,-3.417329540652456,49.958185483953685,1.1693500727624375,High,1.1693500727624375,train
17.094847625740496,13.33016944824787,29.53062616394613,0.1682457932765949,5.056736669588752,-0.0797048751049153,Low,-0.0797048751049153,val
15.854456868606896,13.15216164506923,-29.68252463751637,-0.1061478688341906,99.94736317965534,0.0253137487708288,Medium,0.0253137487708288,train
15.78246195223427,11.041159788324068,-88.92659063625169,-0.6573650619592909,4.970189241226613,0.1980238137796831,Low,0.1980238137796831,train
16.84956598331757,11.010216322794628,-681.1592483861864,-1.92074193998255,99.97735183971804,0.877873436091274,Low,0.877873436091274,train
16.95897831921018,12.85262933279346,-414.5952379103047,-1.2608438447722672,99.9735993748269,0.4428088483226295,High,0.4428088483226295,val
17.306196232367036,16.480751445823326,977.2688087099084,2.230385962128906,100.00231265263756,1.087327107956994,High,1.087327107956994,test
18.134632878296987,7.0014659515740005,-29.62724862900739,-0.2713671616436355,100.03859109416749,1.618288446715428,High,1.618288446715428,train
17.578071129482705,12.470491059640391,-2043.3833071020133,-5.908959932415441,100.05697536524028,2.3609430761318912,High,2.3609430761318912,val
18.481191193245017,16.924566399908542,236.91117206355048,0.5739488262736245,99.98043484306952,0.2365062321634656,High,0.2365062321634656,train
17.494315795894043,16.966047237938795,236.8674596207828,0.4535295352911213,99.94622273663197,0.1589588181136631,High,0.1589588181136631,train
17.003401242490753,13.048066170212085,-1273.42268947947,-3.505921034413355,100.02141408193197,1.276535808749785,High,1.276535808749785,val
17.314066073578207,16.978048521870704,503.4189355084756,1.0856580550446933,49.99586696995261,0.457229943728319,Low,0.457229943728319,test
16.949818985547235,29.10564213296194,562.6587672134893,1.357601402883941,4.946159628744768,0.0632047357240258,Low,0.0632047357240258,test
18.030978392579776,14.355521496699852,-1836.0879193529024,-4.437833722900349,49.96406867582362,1.086439529623301,Medium,1.086439529623301,train
16.029456545541482,13.271014832646388,-29.491489319561428,-0.0302179920957342,99.89232789236696,0.0475480238531787,Medium,0.0475480238531787,train
15.209901662626642,0.7728165691875204,29.561118092439965,-1.775920501573211,99.96847993158224,-0.030529971593558,Low,-0.030529971593558,train
16.527447131258647,17.858071365633272,1747.2933695759757,3.536489762670968,100.029754822973,1.8436222676417071,High,1.8436222676417071,train
18.73711178212306,16.90474298388099,236.9991302879376,0.454237298886527,99.9281000603742,0.2462420395380955,High,0.2462420395380955,train
17.942482798439627,18.699323409381897,29.718132679392493,0.0475059762858008,5.031200790534848,0.0458267119286845,Low,0.0458267119286845,train
24.16203177883688,8.3411937313174,-770.0769020598854,-3.032282903931504,99.99898152659668,0.7035912436542088,High,0.7035912436542088,val
17.157990786489016,21.91334464049274,621.8967353385146,1.2454522791323328,100.05668197449673,0.1233445298326146,Low,0.1233445298326146,test
17.951939737612054,13.041399355236011,-29.628510538469,-0.0129513430098946,99.97508772840467,0.1070036117997992,Medium,0.1070036117997992,train
16.7625354149585,13.118468298886349,-29.64867547386197,-0.1270840728838669,100.06692776253888,0.0995830244130011,Medium,0.0995830244130011,train
17.613397744546482,23.35642991087173,-1628.8727358799847,-1.4880037631125884,5.108704277971562,0.1485357561706176,Low,0.1485357561706176,train
17.345600729985133,16.74231987063909,236.97583931639053,0.5246544989280777,99.92232621774484,0.4018894627850188,High,0.4018894627850188,train
16.610585718779443,18.42930902422897,592.3111991678089,1.3050370598254228,99.95812984855311,0.2070997241514044,Low,0.2070997241514044,train
17.29185578435234,18.74226706256769,2546.932440249589,5.021037547746847,4.9080008919740425,1.798052871090172,High,1.798052871090172,train
17.046710541113278,16.374774269114308,-1184.5254077126765,-1.9209721563874416,99.98621021204386,1.2294837535870065,Low,1.2294837535870065,train
16.5102359900029,13.146665434310012,-88.87316319283292,-0.2545365063545605,100.06094801993996,0.1024655507976859,Medium,0.1024655507976859,train
16.691748842463458,15.02621095068774,-148.08622768143243,-0.4661690877493458,49.979325686365065,0.0336485810127068,Low,0.0336485810127068,train
17.765384467304287,21.49769476092631,1717.6811088742909,3.1677973173961185,5.0644157065562005,0.3880232821716663,Low,0.3880232821716663,val
16.90521877841711,13.403502110193322,-1303.0227021210353,-3.617394420753382,100.0236268910884,3.027250234350536,High,3.027250234350536,val
17.769039596853737,24.680896145353305,296.1469066447777,1.098383726164853,99.96720845546336,1.4116488952812234,Low,1.4116488952812234,val
17.235673186083933,13.227441650734717,-29.64996529443664,-0.0880098703482603,100.0333299201609,0.0755610354241948,Medium,0.0755610354241948,val
17.871210229104744,16.92359667142734,1273.4473270334072,2.912886910056274,100.05012923325036,0.7224897813679716,Low,0.7224897813679716,test
17.2215958729274,19.86790194962109,29.6079385826275,0.4162742888899983,5.046863945813183,0.1973141865642366,Low,0.1973141865642366,test
17.253741514495058,13.060469756266803,-1243.8519576670392,-3.383853857656957,4.970753538706116,1.1991828722120026,Low,1.1991828722120026,val
18.32641026079751,50.56032030618671,-5597.354601841862,-14.980683874845628,84.96326768958517,4.092829632318217,High,4.092829632318217,test
16.071783491161895,20.8908363053318,-769.9898235373769,-0.0470543800555086,99.87768521400102,0.0789271195513998,High,0.0789271195513998,train
15.796836568705748,12.309243065634185,29.568450040527683,-0.0019867691518375,100.07161223977847,0.0228052586162032,Low,0.0228052586162032,train
18.167261845184704,15.985545200742868,-1036.5680912399823,-2.34649481542366,5.0520909407924925,0.8042504346953022,Medium,0.8042504346953022,val
17.094271286606396,15.643250671390067,-325.6883369538857,-0.8469194584723702,50.04977946468224,0.3644599810969312,Low,0.3644599810969312,train
17.76852388035668,13.014530982441997,-414.6376400418294,-1.2538918739118672,99.93480826395042,0.4259341363004152,Medium,0.4259341363004152,test
18.12374412893816,16.92767379616064,296.1327134076327,0.6427690616274924,100.03938205501116,0.3900354156425852,Medium,0.3900354156425852,train
16.280073789785423,13.319244011498636,-29.619914872941635,-0.0679958270088625,99.95572331766203,0.09992955300494,Medium,0.09992955300494,train
16.690359413402014,13.489097802752042,-29.6089464355447,-0.1041386140940577,99.93937361474356,0.1001070997085918,Medium,0.1001070997085918,val
17.7068541637656,13.150387190203242,-414.6522522627413,-1.22690385620782,100.03071322201644,0.3871225163635498,High,0.3871225163635498,train
16.601246324123135,12.991629604646572,-29.54011446719933,-0.0480504970046397,100.10149635643664,0.0190299494689197,Medium,0.0190299494689197,test
17.148995058797386,8.543331245964783,-118.44559676116252,-0.6790348664513431,5.010131635772277,0.1079083036299011,Low,0.1079083036299011,train
18.87378987726925,16.952508550196903,207.33675188350912,0.3841944802159666,100.039471420243,0.2957561068589892,High,0.2957561068589892,train
16.937729887125958,11.216273934340922,621.9826319862276,2.2822649047038204,49.98969476777834,0.504107414375136,Low,0.504107414375136,train
18.047722440434946,23.110243458326536,118.45731025819867,0.6179255846949467,4.968860931328591,0.4249747323105078,Low,0.4249747323105078,train
17.738343897304894,14.86774329440232,-177.72528886704822,-0.4388930053642866,4.956833929205009,0.2749293543647136,Low,0.2749293543647136,train
17.40390150126509,13.351406480360572,-29.59940443161484,-0.132351849368981,100.01681606081564,0.0245483110121971,Medium,0.0245483110121971,test
16.770606475942515,0.7054688242628023,59.29624808943869,-1.4827731835530136,4.927098361096408,0.0291532067375145,Low,0.0291532067375145,test
18.06816987773294,8.233331841641057,-148.02782662901146,-1.1767294113217424,4.935586163982278,0.3220111498792766,Low,0.3220111498792766,train
17.557152860953018,12.587146671262731,-1924.976467226532,-5.723831068335636,50.036525453078674,1.7039366996881355,High,1.7039366996881355,test
18.383325354857963,11.998011137569824,-1421.5492417385806,-4.784145075512571,5.009613656990749,1.8163853156263168,High,1.8163853156263168,train
17.036666166997584,16.939540640950366,266.5379344689416,0.6062774413887877,100.0221251519724,0.2400970621892873,High,0.2400970621892873,train
17.553104759977934,6.171065317219342,1924.9317860287413,-75.03762520554399,75.00333212402663,1.7381590472411907,Medium,1.7381590472411907,test
16.445792840513253,13.067046351921038,-29.583948876725163,-0.1699084452301346,100.01783703062824,-0.0223453128988628,Medium,-0.0223453128988628,val
16.325928203446928,8.668186548510011,-148.07121584704225,-0.8529678397238525,5.017684757669749,0.3425019167874705,Low,0.3425019167874705,val
17.684384149730146,9.494760965447773,-681.135811983043,-2.6519772539330826,5.025754130576563,0.922271825044088,Low,0.922271825044088,train
16.67037064879158,6.456527546741449,-266.6004621357499,-2.4350910167187148,4.997968584361255,0.2331218369581072,Low,0.2331218369581072,val
17.103740162386586,18.94663171399368,5982.316071282666,12.1103688424102,100.08196504739264,6.267442679828431,High,6.267442679828431,train
16.247921155937046,10.809003778994262,-29.63416712423832,-0.1438090668238311,5.009637828017853,0.037096625964762,Low,0.037096625964762,train
16.788035960643782,12.900023404642155,-414.6280177237245,-1.1390278317601867,99.97168312379542,0.4765994950609828,High,0.4765994950609828,train
17.03614934381467,1.3560671635555848,177.6912632516331,-5.427551202733027,100.04343081047745,0.2107825023840246,Low,0.2107825023840246,train
16.905952059095885,5.909344447207403,1806.525463377346,-74.99337364425904,74.91944465385181,1.9561897036928269,Medium,1.9561897036928269,val
16.77278943565212,1.45890575107415,207.24048162820432,-5.358837882698519,99.99612543950892,0.2353776795477141,Low,0.2353776795477141,val
17.734120577066474,9.218468256422955,-29.58442887688555,-0.5015049725372481,4.998871051852517,0.1767743458377434,Low,0.1767743458377434,train
17.099412729701086,13.413333049648417,-29.569822344059244,-0.1484863096176397,100.0063202563978,0.0878392114565478,Medium,0.0878392114565478,train
17.28726933792403,17.89998216816238,1747.2983468662997,3.60217965531749,50.03457435379811,1.8209534413570565,High,1.8209534413570565,test
19.446304982416297,16.622077736581534,503.5011118954064,1.2258112044183165,100.05475345118028,0.5407597062849994,Low,0.5407597062849994,train
18.16533960009393,7.345353371303064,-592.2916693427887,-2.9788529051295067,5.083579390112073,0.0437706026661236,Low,0.0437706026661236,train
17.50175463423279,13.054580662484089,-88.85949293662836,-0.3958443345096268,119.97965552758072,0.0581110257067259,Medium,0.0581110257067259,train
17.17284690281141,16.92311844679465,236.94544095200845,0.5863347738728455,99.9302212806278,0.2688439139914607,High,0.2688439139914607,train
17.688610350414645,16.88442953730023,236.88488362933808,0.5791755358481977,100.01382566577522,0.2877273955992456,High,0.2877273955992456,test
16.771054447831304,0.9831362901560888,29.593312161253536,-2.1048211062407445,120.02459533434808,0.0142882612640806,Low,0.0142882612640806,train
16.996504521225685,14.707114178681376,-325.8081898210248,-0.5366067110157279,99.98848328349146,0.0499612320059377,Low,0.0499612320059377,test
16.129372477136798,12.938635360949837,-384.9594889723524,-1.0971342728717477,100.013012915569,0.1096447878584419,Low,0.1096447878584419,train
17.280713692279324,12.454811572409882,-266.51969470100386,-0.2190638971978595,4.948804051632798,0.1204487659960732,Low,0.1204487659960732,val
16.90975374684737,13.39581450367552,-918.0214228038468,-2.6150808010728253,99.99895638456324,0.8315493254548375,High,0.8315493254548375,train
16.309500245689573,13.012577760980404,-29.61971339857162,-0.0616767519528755,100.04765845582558,0.0673077355959697,Medium,0.0673077355959697,test
17.07958492145195,13.099817986988244,-29.56197131203808,-0.0910990479959572,99.95421539747372,-0.0048520431615353,Medium,-0.0048520431615353,train
17.820388294134094,17.173902930913556,325.7373316765319,0.8157255352849594,100.02698671094232,0.3881677602887436,High,0.3881677602887436,train
16.877168849729735,13.06007842533933,-385.0795860138105,-1.167011451428538,100.05165451350358,0.169294602526081,Low,0.169294602526081,train
17.808031499765537,73.52726021192632,888.4931359173195,-4.550818469908034,49.963948487973546,0.0701475361938929,Low,0.0701475361938929,train
13.612073142413283,15.69140648295486,236.91080256676625,0.4784164325361186,100.03553925185194,0.2504775696866743,Medium,0.2504775696866743,test
17.579977446156878,16.93576390276309,236.9582429342784,0.5104492783159085,99.8982433414926,0.2271055760001712,High,0.2271055760001712,train
17.449145892454943,15.314495346022625,-207.27632039426985,-0.5576945015033786,4.980916917459069,0.1924743530285975,Low,0.1924743530285975,val
17.361506419432253,16.99509369684796,1006.88935051407,2.0754716512074194,99.97381050991784,1.0355173750761308,High,1.0355173750761308,train
16.975876895650874,13.251181750867378,-59.26855115311573,-0.1698287003441875,90.03152110049209,0.090353283172234,Medium,0.090353283172234,val
17.11312961279766,13.520235044901511,-29.52153669020674,-0.1119733718399018,99.94665797275935,0.0853719626876983,Medium,0.0853719626876983,train
16.378370964316012,8.480476988624709,-473.81189035608537,-1.9292227766100627,99.93545050876077,0.4487435732060144,Low,0.4487435732060144,train
16.844195760590715,17.42535809218037,533.1159114769877,1.0842886021851632,100.10751974995216,0.4643330145219725,Low,0.4643330145219725,val
17.84015307953219,12.5682585470155,-1214.217983304058,-3.619634335271608,100.01736446245638,1.346685495359046,High,1.346685495359046,test
17.603234673977365,12.458471525747775,-1214.1871200097337,-3.625256769853187,99.8919775597738,3.113158020042095,High,3.113158020042095,test
17.49223007559736,16.88672736800664,236.961406265774,0.5064956256093608,99.90961549044664,0.2103164825015844,High,0.2103164825015844,train
16.01775855320309,12.97279743750738,-59.17629759036559,-0.1925547501276435,100.07756865293896,0.056385226375258,Medium,0.056385226375258,test
16.623020784666537,12.533838793181928,-1214.2036094986404,-3.60344954905368,99.99307491415644,0.5496039925623575,High,0.5496039925623575,train
17.02148259018749,25.699710269893263,355.3389218795166,1.2436400791563875,5.021567751785149,0.0407360753892752,Low,0.0407360753892752,train
17.82798059866981,16.857089358222996,236.9701205915113,0.539769553478191,99.94679840622406,0.3016207180396078,High,0.3016207180396078,val
19.00809629971265,16.895649115371153,325.8465271694144,0.597010644451681,99.99064916722126,0.3093200180268375,High,0.3093200180268375,train
18.52587037967698,16.801312513459333,88.77890383769025,0.279651185762818,50.037057244364746,0.0750448977635291,Low,0.0750448977635291,train
16.812983127971492,4.609409172532737,88.77129720480882,0.0099632942151783,100.01445009737292,0.0509537787344669,Low,0.0509537787344669,train
16.934470529009282,0.6948029670304975,29.547579162839977,-1.8467658431378144,100.0764740169884,0.000231250659853,Low,0.000231250659853,test
17.032135314792015,13.286869662706016,-29.60815780594372,-0.06983447854058,100.012339379883,0.0206848211468084,Medium,0.0206848211468084,train
16.953406759437065,13.14500292330478,-59.19783840970515,-0.1599423081945484,90.04457694521484,0.0140570495473964,Medium,0.0140570495473964,train
17.430550037707526,13.673201809775952,-29.6143164787419,-0.1956229716877287,99.98765506865024,-0.005434691028745,Medium,-0.005434691028745,train
19.3971356748557,16.85893389233277,88.79095632872192,0.3064054545077279,100.03187271211166,0.1388964344762184,Medium,0.1388964344762184,val
18.18795352739848,17.169566605654005,236.8808438137472,0.5789441964583938,100.05968112015762,0.3220536337712649,High,0.3220536337712649,val
17.693641761973172,17.004205575655018,236.9289957766102,0.6062130973428825,99.96159952284178,0.2649127711597742,High,0.2649127711597742,val
16.56202427628664,9.49664128841452,-1036.528699886103,-3.421297630959271,5.020865305651788,1.579307655615564,Medium,1.579307655615564,train
17.743309994648367,5.927806407218802,-59.23867200043143,-0.9206063910804604,4.986102260092951,0.1795192673799668,Low,0.1795192673799668,train
17.912019399916893,16.726932911130792,977.3594460880344,2.1862245740836257,100.00161060685016,1.0670587852479907,High,1.0670587852479907,train
17.3414672600082,13.400449757761198,-29.59532662374298,-0.1011266569275542,99.96285314279208,0.00444276006238,Medium,0.00444276006238,test
17.455601199729113,13.833715430918614,-266.50184095399175,-0.8844151673942175,50.02168947352674,0.3090039448368385,Low,0.3090039448368385,train
17.876124541104552,17.028705662196625,236.8713980610008,0.5562238130828712,100.03569960278864,0.19236912298455,High,0.19236912298455,val
16.727312596726204,22.893251333209395,-1658.4064089795984,-1.2502641946086044,50.02253891472669,0.4113826773412112,Low,0.4113826773412112,train
20.686140294947386,21.25937818391416,2161.8518692582184,4.202162255403076,5.070267782755298,2.5507799788798065,Low,2.5507799788798065,train
18.22351366093673,26.07799352296747,-384.95465014641695,-0.0968162458188305,100.01422261550638,0.0253646053361393,Low,0.0253646053361393,train
17.32266571192963,13.063435414108191,-414.58850172200295,-1.2043438104107027,100.0139553855006,0.3608105972068874,High,0.3608105972068874,train
17.677372240023864,4.608606583124012,-59.20815952977315,0.0177050717421007,100.00534688466908,0.0169134703152725,Low,0.0169134703152725,train
17.585763031803868,13.424870527493969,-29.650324932742123,-0.0082908809416899,99.99010590123044,-0.0630492641783318,Medium,-0.0630492641783318,train
18.90719905151177,16.83122181892478,237.03348690859627,0.5425947061814568,49.96397670977721,0.1574256749124476,Low,0.1574256749124476,test
17.02538953020525,13.32260433571395,355.42507137836327,0.5738965726217636,4.958567993108383,-0.019997627714771,Low,-0.019997627714771,test
16.489678156023366,11.9459115088118,-740.3815451221612,-2.342903835494848,100.05511906564062,0.5293379278867647,Low,0.5293379278867647,train
18.00887968131402,16.83410887261152,236.94801354057188,0.5111633615114344,99.928024549044,0.2650015837754014,High,0.2650015837754014,test
19.304104077836733,16.201663497535925,296.17135164198896,0.7942070274572283,99.95622523933912,-0.0003604259803078,Low,-0.0003604259803078,test
18.513953981608385,13.6331351631667,-1806.6265726880224,-4.682104010895701,5.092159109306237,4.186513741534188,High,4.186513741534188,train
18.208021285755315,13.228654709522491,-29.62847536194784,0.0027860011309172,99.9827857921822,-0.0323652680310911,Medium,-0.0323652680310911,test
17.652239825711927,6.000189788366149,1865.77235907894,-75.02521677730427,74.97980069087068,2.184046903308533,High,2.184046903308533,train
16.550890347209766,15.110002120056912,-29.61205730000213,-0.0045939224259283,50.01375459700574,0.1631916549033768,Low,0.1631916549033768,test
16.34183821931195,13.236834021028734,-29.54461914293807,-0.1931037843579675,99.9300151623766,0.0723481050128758,Medium,0.0723481050128758,val
17.825117997714074,17.109273322766207,266.6793722300876,0.65618954999736,100.02861573767916,0.3540473411776222,High,0.3540473411776222,test
17.072336326299563,1.0231240700712587,29.62354557596976,-3.767656857099317,4.949401596013013,1.1810845452521708,Low,1.1810845452521708,train
17.38448923483144,12.990967303682424,-29.572318229432515,-0.1792171136744552,100.00408018023154,0.002450068879498,Medium,0.002450068879498,val
16.576860880122126,16.44015518241071,740.3757774955366,1.7433935326303178,100.07852411164524,0.7569348564318533,Low,0.7569348564318533,val
18.650535941077635,13.237804875290578,-29.57580093898396,-0.1406132689142284,99.89115385336449,-0.016313810047531,Medium,-0.016313810047531,train
18.67454664330212,15.948829626490134,88.74556137256089,0.1955684487212095,49.957069145024185,0.1448877239798787,Low,0.1448877239798787,val
17.818234601820524,11.289979692021106,-1451.139020586385,-5.0128686006295045,50.058160380015536,1.281173695398391,Medium,1.281173695398391,train
17.56848201828694,10.982996038589404,-1036.590114579899,-3.670962618050324,100.00064632274145,0.3359852791804064,Low,0.3359852791804064,train
16.932055141157587,15.856190633153211,-29.624436138157584,-0.4600338369794557,99.96460702174842,0.2591335678076097,Low,0.2591335678076097,train
17.316068227615105,10.49891131173674,-414.51665138263405,0.5594655593151482,100.00725620842591,0.0210631020914088,High,0.0210631020914088,train
16.33565555392674,13.138305390771093,-29.595276527845712,-0.060175993170558,100.0428853545952,0.0730553786973654,Medium,0.0730553786973654,train
17.51155733166208,16.858728037386058,236.97497021911929,0.5475379905933001,100.01343670886668,0.3544063355171026,High,0.3544063355171026,train
17.08604772156251,11.518455573132032,-266.54027744107185,-1.228922640049323,4.984504275092177,0.0453078767555007,Low,0.0453078767555007,train
17.315429442739735,1.3478165675958984,207.31495829772305,-5.375004722629487,100.0145577202168,0.2737350609565333,Low,0.2737350609565333,val
16.99227677964116,13.1514748008066,-29.535527695072545,-0.0189179393415172,99.95749471605752,0.0317564472807628,Medium,0.0317564472807628,train
17.32375069576827,13.118894086053832,-88.87199808273616,-0.2921827543294256,99.93917980344052,0.1354937850550022,Medium,0.1354937850550022,train
16.77779693690853,8.411883829720077,-414.6313158598873,-2.0841610336546728,99.98472150108346,0.7451475109180277,Low,0.7451475109180277,train
18.12130031324544,7.176192545655613,-355.2098001172463,-2.4174942753630053,49.97195086541984,0.616683056378341,Low,0.616683056378341,test
16.54908308848784,16.327718040524356,1510.3528182274672,3.321084198680775,100.04169109463524,1.6765129173755318,High,1.6765129173755318,train
17.659965047144624,16.954960539641153,236.93853580996787,0.5261733701586978,100.0262151962715,0.2544612995834778,High,0.2544612995834778,val
16.854578667086344,15.824353672139916,-1066.139971898436,-2.198064396798757,5.026821101047881,0.4475434905377077,Low,0.4475434905377077,train
16.73044152953679,13.110883833800576,-1273.4322978952891,-3.5113917168177875,100.08215014973044,1.3768301684579407,High,1.3768301684579407,train
16.026874064252812,13.050962536150132,-29.67356266876773,-0.1427977943271276,100.02439561835394,0.0407838246782354,Medium,0.0407838246782354,train
18.38500875049389,12.577599158919378,-1155.089589572603,-3.4502033637862044,99.9723001092773,1.0772165638231137,High,1.0772165638231137,train
16.644132257764326,17.187504973142477,236.9895878065928,0.5590700118248609,100.03822496600932,0.3541637422283599,High,0.3541637422283599,train
17.858147626081042,16.79060041352288,236.9151367266577,0.5395894392405319,100.01041630506276,0.1678333775423408,High,0.1678333775423408,train
17.549993773835208,6.003529564557848,1865.767216655816,-74.94626004452986,74.99652179375654,1.971048264487422,High,1.971048264487422,train
18.563249449580088,16.895996930200255,236.9404941611983,0.504424730587744,100.03109821966277,0.255585063029404,High,0.255585063029404,train
17.2522521669092,12.898910921608689,-29.60325502729029,-0.0632028768853079,100.0357959387536,0.030273117841491,Medium,0.030273117841491,train
17.032153520512182,16.974646844560226,236.9196330111399,0.5345091112745531,99.96244838162812,0.2908005817737262,Medium,0.2908005817737262,test
18.56834006806228,6.693733608773756,-592.2775019496769,-2.7822464695985003,99.95074457370524,0.9310138898156426,Low,0.9310138898156426,test
17.660557439606233,0.8236370507970279,29.62982669375417,-2.220358054241704,119.92818985897144,0.0400882783247236,Low,0.0400882783247236,val
17.085029745721467,17.014350585329765,829.147544619865,1.8310101081658348,100.0383316385754,0.8704819585572817,Medium,0.8704819585572817,test
19.147956007717017,17.974286778861018,444.3069366673094,0.9840913992696116,49.96878819528036,0.1717007621899991,Low,0.1717007621899991,val
16.921752978314867,14.001499547961528,29.61410371463426,0.0506611041659447,4.995916224155885,0.0821972833407822,Low,0.0821972833407822,train
17.212569139666563,11.502131872780303,-621.9727489636396,-2.0073217561363306,99.96489439714551,-0.0384644330885481,Low,-0.0384644330885481,val
19.41620467402965,56.76373499524821,-20730.73032865237,-117.53195833782466,95.0494781085912,21.881802456196468,High,21.881802456196468,val
17.719466973047084,13.356687172911164,-29.581299531843435,-0.0677307158439412,100.02349903997415,0.1219452484330338,Medium,0.1219452484330338,val
17.346669901575552,13.375343771939477,-29.60851263079133,-0.0570075049830284,100.05860100841036,0.0100351651583552,Medium,0.0100351651583552,train
16.484512097495287,13.461718894708186,-29.575611384459148,-0.1031499207191969,99.96332955027226,0.0335282472631453,Medium,0.0335282472631453,val
17.094828568629644,6.282054418965898,1954.6469696021245,-74.97089545180211,74.9340586605333,2.237828258588044,High,2.237828258588044,test
17.236826141806105,12.74912341671966,-29.585781397213506,-0.0787410654304893,99.98134162616046,-0.064943697702977,Low,-0.064943697702977,test
17.859515444113406,11.651667650997258,1747.2864281153586,4.71266980580466,100.03067183658725,2.044785589567712,High,2.044785589567712,val
16.811735406983516,16.326189235190203,977.3753894818196,2.2540288649884137,100.0417789964781,0.7770241395122811,Low,0.7770241395122811,train
17.364352596664702,0.8509188999919929,29.539776016131217,-2.251488604034794,120.0425156581688,0.0208140813032846,Low,0.0208140813032846,train
18.078227766065545,13.433462425012854,-2013.8888973202268,-4.6754147689186265,99.9941849467386,1.526152551247372,High,1.526152551247372,train
18.15699484789664,17.397440863881066,1036.5163396160965,2.2839773604692235,99.9222629926827,1.064647462344862,High,1.064647462344862,val
16.366738365157634,13.500350315581109,-29.60255374831248,-0.0874590072841053,99.9677758970735,0.0054411956793135,Medium,0.0054411956793135,train
17.209709730109832,9.719520713716545,-681.1519439498942,-2.847921502555025,100.06982076487284,1.1382967653500506,Low,1.1382967653500506,train
15.479881890547148,13.256667697565437,-29.63649296967251,-0.1399398321529873,99.99454651341662,0.0520906018359365,Medium,0.0520906018359365,train
17.48124652921735,13.132518226039142,-414.6458581595493,-1.2435518092575597,100.03435139532232,0.4353991824261102,High,0.4353991824261102,train
17.71218445417301,13.068398539388465,-414.5848582628911,-1.208526579535115,100.0512283863237,0.5027070036867998,High,0.5027070036867998,val
18.033691045756065,24.37768972117094,385.0488134537038,1.1996047442344815,5.109491219133395,-0.1233441582542184,Low,-0.1233441582542184,train
18.1520962665646,12.533058881251652,-1125.4491793524958,-3.563527849005196,50.03894231208936,1.177581192951388,High,1.177581192951388,test
17.456288501711768,13.242007550550449,-29.650727518382112,-0.0733727752668618,100.03696591702426,0.0659826290669316,Medium,0.0659826290669316,test
18.28619475857308,16.788663744981008,1006.861530066432,2.206152692942065,99.97013904495368,0.9606355573466344,High,0.9606355573466344,train
17.00799592291564,25.85657407623951,-1658.423305279577,-1.3075815815451697,99.99227817723636,0.2032723728330662,High,0.2032723728330662,train
17.2421505975145,20.302208872013647,-1332.69076930231,-1.0719535539052276,50.01859584693296,0.2276673899129385,Low,0.2276673899129385,train
17.294671231638887,16.583167349344883,148.13174415358986,0.335893827825335,5.090398269215744,-0.0292506528949536,Low,-0.0292506528949536,train
16.3498800773991,51.73770532416277,3435.38920717956,4.366670787158301,50.02376094024575,4.917322874008812,High,4.917322874008812,train
16.644136790406524,7.074182708230775,-118.52562411292952,-0.718712954793826,4.985712555926628,0.2159395432086936,Low,0.2159395432086936,train
18.035303518679346,16.959219602899402,236.96826786245296,0.6427668192995948,100.04579314758683,0.2496781307029009,High,0.2496781307029009,val
16.25711183111675,13.788794567711085,-29.620868756068703,-0.1878386440682317,100.06652106816736,-0.0049350715501716,Medium,-0.0049350715501716,train
18.09933247392299,25.90635069966235,621.9406580306753,1.3897582299272493,4.962436693938524,0.0168045501610036,Low,0.0168045501610036,test
17.6005025915139,6.21683076437138,1895.330031528835,-74.97816117274182,75.00062679782953,2.0274493231026955,High,2.0274493231026955,train
17.233277543807393,17.133698746626756,1273.4938735498904,2.7314415637409306,99.96913819052054,1.1850180759425,Low,1.1850180759425,train
17.86054803318624,18.718295301127142,1273.5656825510823,2.879629616072128,49.96623288256852,0.1374357303131781,Low,0.1374357303131781,test
17.983616303450862,16.92711973199345,177.64005942057457,0.4050435764725043,99.99260833913227,0.2332204324394644,Medium,0.2332204324394644,test
16.987149098254378,12.934037910190858,-414.5219973819258,-1.1524499341097525,99.9929580788222,0.2853227683270779,High,0.2853227683270779,train
17.579701231714544,1.4000585755232868,207.30641815472487,-5.430066641914371,100.08409913009316,0.1659810002221349,Low,0.1659810002221349,test
17.53389556164939,14.30527557063028,-29.605039425674715,0.0338417569531242,99.94234612724436,0.0101907210584322,High,0.0101907210584322,test
18.242817828815213,16.838378205938213,236.94196879335,0.582033443066182,99.98580055759822,0.2806461596341631,High,0.2806461596341631,train
17.018082278037877,51.82451094321887,14096.932754587482,-44.08481352347431,50.10765247778156,15.305883043080682,High,15.305883043080682,train
15.9637972703495,13.358399168951856,-29.53674471708505,-0.1116236998618866,99.90846927999736,-0.0325872775636455,Medium,-0.0325872775636455,train
16.045450519504925,20.79176918596292,6456.216511159968,11.87743851836052,49.878797142413305,5.768561288145031,High,5.768561288145031,train
18.14616073926244,9.85165080665756,-1243.745841115251,-4.933843270623628,100.02917505459725,1.884234248386102,High,1.884234248386102,test
17.756744603210528,14.383521460818711,1895.367018964192,4.673461870024094,4.984808496764244,0.2266786550662603,High,0.2266786550662603,test
17.959049390264017,23.789109583555604,858.7952121156227,1.6191404476086582,5.044475160078865,0.2040566908263417,Low,0.2040566908263417,val
16.566599800031096,11.073027294284376,-148.11599433250692,-0.4743059253461572,100.01515106112166,-0.0337239480821985,Low,-0.0337239480821985,val
15.64261655567157,13.252806911275655,-29.687005063898155,-0.1296032124825528,99.99306558466324,0.0249180553360394,Medium,0.0249180553360394,train
16.54994192338381,11.194336954817915,-414.6608861127771,-1.5201910002740509,100.02710212949812,0.7690754713373174,Medium,0.7690754713373174,train
17.773077213847436,16.7025786701833,-88.83227769232582,-0.2499748445973849,99.9992757382696,-0.034918568633237,Low,-0.034918568633237,val
17.50365489976057,16.813740055346262,207.32711972164427,0.4256372474894863,100.09343455825687,0.2794894492995257,Medium,0.2794894492995257,test
18.45967037137032,32.53815314610073,1303.0858795315728,2.208844769174103,99.96187589358252,1.0747950966733208,Low,1.0747950966733208,val
16.362537016680424,4.373487997800943,-355.4345544383449,-3.2282455009639444,99.97234142238965,1.1824749647727464,Low,1.1824749647727464,train
17.549478291766203,25.28175715415605,3050.356037576494,4.80636053131303,5.031342279357708,2.2134631235075464,Low,2.2134631235075464,train
16.973436213822236,16.083175308159802,-148.11046432369687,-0.0464156392566574,50.02447286913282,0.0856440781947014,Low,0.0856440781947014,test
16.89300922767925,24.173765781532182,-2458.1110553451385,-1.795615063214474,100.13267249737432,1.2572969637583178,High,1.2572969637583178,test
18.78120558584783,13.166392548635775,-29.57173595143216,-0.1429513974448603,99.98486306239748,0.0083414952438231,Low,0.0083414952438231,train
17.176246249844567,11.78227252545795,-1154.9276151162792,-3.581844070303993,99.94414718576594,1.3817538235561244,High,1.3817538235561244,train
17.438643184053394,18.96368163268403,5893.426655738593,11.065430090467576,100.00715643004588,5.185424658264665,High,5.185424658264665,test
16.787308123762784,13.262961389469936,-118.40920283052884,-0.3412651650992694,49.959689273212085,-0.0130174610810741,Low,-0.0130174610810741,val
21.0183839780861,1.1377543642513268,88.80827611353193,-3.7574714518312335,100.03224622764452,0.208407806590069,High,0.208407806590069,train
16.7383281003212,13.38062007780403,-29.5632143845617,-0.0363934211797228,100.00869954499832,0.0827156814791232,Medium,0.0827156814791232,val
17.12642618258889,6.53725166767602,1984.2107279482589,-74.93454393868132,74.97199443947248,1.7656649469020618,High,1.7656649469020618,train
16.324438485852518,13.630648188756416,-29.64359618857058,-0.0807926770637537,100.00163452473244,0.1040189523085422,Medium,0.1040189523085422,train
17.72329429514447,16.906830572163535,236.93720890902185,0.6460613380636588,99.97400410016964,0.1881722009653396,High,0.1881722009653396,train
17.66254302520823,16.758303074130787,236.91640595935272,0.5451297629919638,100.0131196950998,0.3227278935140715,High,0.3227278935140715,test
17.673190251045327,13.07776372609862,-414.6093474976223,-1.2294060209151223,100.02626075707028,0.4269007230292256,High,0.4269007230292256,train
17.40716206862742,12.692671875370504,-414.64314031217737,-1.2198518935527642,100.06046796744526,0.4402595909663411,High,0.4402595909663411,train
17.090560221976567,6.780942696228953,-236.93990939247865,-1.6326771088025034,4.991610806625959,-0.0214025304989478,Low,-0.0214025304989478,train
16.776856762332937,13.06985785933554,-29.641196069936672,-0.109963949244437,100.04907826162152,-0.0349720645818265,Medium,-0.0349720645818265,test
16.76102374201563,19.284994333695742,6159.957480301401,12.063841000625752,100.0031418396098,6.096277377764846,High,6.096277377764846,val
17.194537019942352,18.175743929750475,1214.1576579122948,2.606798658162796,5.03141632981733,1.779188613196734,Low,1.779188613196734,test
18.87192885237232,18.221343543340783,2754.14542529378,5.530319508971179,50.03442665572604,2.577311292994344,High,2.577311292994344,train
16.583630151119507,12.525736101390956,-59.21529661113027,-0.0841291179274588,49.91437178929999,0.2607134450595484,Low,0.2607134450595484,train
18.136420836296075,12.928485843780727,-414.70585349263655,-1.2324396652083736,100.03954428996283,0.3842696175690122,High,0.3842696175690122,train
17.28845225815943,17.00683355075268,266.49466767733514,0.6033199653653295,100.04537629436943,0.2290818315622896,High,0.2290818315622896,train
17.50126580209791,16.96982186400937,296.13132355764577,0.6854492816069202,99.93838829573764,0.2974945090671696,High,0.2974945090671696,train
17.00911732940657,16.86192039114041,236.94597475690657,0.4420661089944959,99.97044267788768,0.2088685490951935,High,0.2088685490951935,val
16.867176708855645,28.603594094087395,-681.0659319961859,0.0515212901276509,99.93501951307722,-0.0090440218905797,High,-0.0090440218905797,val
17.21545075471259,13.512619614098735,-88.86407306472206,-0.2013785437268588,99.9433987565544,0.0450453351158464,Medium,0.0450453351158464,test
17.35466116918285,13.091837639740438,-88.76520196665835,-0.2398445211419587,100.00073361223258,0.0042661932939569,Medium,0.0042661932939569,val
16.729240919794872,14.016052792297868,829.2755439908734,2.007479236832552,99.90423511944546,0.9811838883468332,Low,0.9811838883468332,test
19.11674323644863,12.98840823075912,-29.54493887320133,-0.1288040343201682,99.99657508176486,-0.1070877753443339,Medium,-0.1070877753443339,train
18.733928364742123,13.478177187579986,-29.62756536759954,-0.0906422021224027,99.95818626513548,0.0138197519011385,Medium,0.0138197519011385,train
16.77000102515951,14.751637051708776,88.88770896729145,-0.1305224669275162,49.94724450945183,0.0776783315421702,Low,0.0776783315421702,train
16.856141977311072,0.888665943029735,29.625458530969848,-2.113847125092146,120.03166534506312,-0.0085039005646395,Low,-0.0085039005646395,train
17.845253539741943,1.3757179096612684,177.66838316831462,-5.3893836488836415,99.99577071160394,0.080067052011493,Low,0.080067052011493,test
17.06701057775261,12.565940161099418,59.20652580434248,-0.0261348931764055,4.997373921726142,0.4755911897406677,Low,0.4755911897406677,train
18.42255294460361,17.117275622037457,1006.9238443356916,2.2557802542805807,100.0558656421474,1.0757171261673133,High,1.0757171261673133,train
15.95452297411437,13.448299929705051,-29.672142542739724,-0.121223041863163,100.03223016410168,-0.0490506647350102,Medium,-0.0490506647350102,train
17.291609370907942,13.212513812257336,-29.61727448285372,-0.090750157174418,100.00001416838884,0.1011011788398223,Medium,0.1011011788398223,val
18.48145977835009,9.043586228658247,-562.7178132780205,-2.0718688744886946,99.98139710431944,0.561121163237505,Low,0.561121163237505,val
17.819291233061374,0.7647510233277524,29.621356402852605,-1.8014613997845663,100.08306123332036,0.055065043135336,Low,0.055065043135336,val
17.569950009571947,13.17485517458104,-29.637924581816616,-0.1506002030339734,99.95279577778658,0.1003124408675222,Medium,0.1003124408675222,train
18.43943641462506,10.075981376668288,88.80177900314628,0.0309574613786597,5.02405179693141,-0.0125604359412538,Low,-0.0125604359412538,val
18.27703197015112,13.122513649773891,-29.63560326066263,-0.0840201003299662,99.9572972525293,0.1341022122313285,Medium,0.1341022122313285,train
17.45281036603,13.252833831916297,-29.701376929800382,-0.1572294986968609,99.99567896813409,0.0071746718498539,Medium,0.0071746718498539,train
16.349935335848585,13.223561522626152,-29.581044024039205,-0.1019359881939823,100.03760965531242,0.0452846135395674,Medium,0.0452846135395674,test
17.61945924259402,16.905936063445832,296.0990296498167,0.6016912887555114,100.05964112506354,0.3643073331878999,High,0.3643073331878999,train
18.8944984112881,13.21974942245763,-148.0645737224444,-0.4628140309236509,99.93334418681188,0.16251862589287,Medium,0.16251862589287,train
17.86511173608255,17.53318394892736,148.08930666771954,0.4056424093289143,99.99273370444138,0.1280753390574514,Medium,0.1280753390574514,val
16.551527978975045,13.65230929835691,-29.59266851703725,-0.1217810722179348,99.96399608328696,0.0527985158875057,Medium,0.0527985158875057,train
16.96086782113429,7.138273695976073,88.83059221384534,0.0180906389834798,100.05363104516016,0.7562240370235218,Low,0.7562240370235218,val
17.601553548898785,5.89061876855558,1836.1779618832784,-74.91164577829099,75.05124604203337,1.9611995521498973,High,1.9611995521498973,train
17.690647865839573,9.395094152100114,-385.05656824056695,-1.243532318483871,49.979051728811946,0.0336122363065355,Low,0.0336122363065355,train
18.057665666679945,16.96463472511344,236.8992218884873,0.5130434226684581,100.03880209879368,0.0246178643813687,High,0.0246178643813687,train
18.066516590544204,16.966903335970876,207.2633332079016,0.3653666963627853,100.0713836101982,0.2320537813753608,Medium,0.2320537813753608,train
17.75486777729944,15.562190131851482,-29.67637297144183,-0.033837708526192,50.09890497272652,-0.0171160141975422,Low,-0.0171160141975422,val
18.180979613863503,16.869996162173752,207.31829082961423,0.4897463850483931,100.06610869398484,0.1597476894000699,Medium,0.1597476894000699,train
17.076028094995653,19.985744445080744,118.43270941670606,0.4012613597272754,50.06100791625348,0.5010389675070624,Low,0.5010389675070624,train
17.695419235802543,11.256922165958484,-414.5843952537728,-1.2154629851851873,5.034664673153173,0.3791947129396107,Low,0.3791947129396107,train
16.522001783461725,18.36887866530815,-888.4542174969679,-1.615206954593802,49.9600728540167,0.4706184955590504,Low,0.4706184955590504,train
17.590261424937335,13.656135533739285,-29.70104919772462,-0.0662958371028748,100.02074861089623,0.0282423543299172,Medium,0.0282423543299172,train
17.968377873108327,0.8601761072310663,29.682450538235265,-1.841892135863835,100.05633932378254,0.0111623513669406,Low,0.0111623513669406,test
18.11902886617645,16.95223847895022,236.8788955961426,0.6018764996783688,100.05281660311584,0.1541925901300325,High,0.1541925901300325,train
17.885608493073523,6.514191238548879,1954.677371600372,-74.96758783730193,75.02723721941098,2.136637641950596,Medium,2.136637641950596,val
17.118823254183702,16.936371141300526,236.8710444835895,0.4128032326052065,100.00641074338245,0.1997148818274753,High,0.1997148818274753,test
17.64381481741615,9.519168996451,-710.8176633131684,-2.513838970253296,49.88513859397483,0.0598650666629792,Low,0.0598650666629792,test
17.9978169379054,16.84013873924224,266.58306326474764,0.6006268598171319,100.00087677651668,0.3093972167890952,Medium,0.3093972167890952,train
16.69233764812111,13.220423134056412,-414.62869260135,-1.2951942218868868,99.98869551572484,0.3480386671756253,High,0.3480386671756253,train
17.065833241849564,16.247706061028936,-385.10435507152994,-0.7124608419761848,99.9225426472726,0.0452813636455727,Low,0.0452813636455727,train
16.795591941208723,3.344538716801952,-29.642242832986184,-1.488976382930871,4.989238769974053,0.2293300994921784,Low,0.2293300994921784,val
16.65349408973943,1.7693717970553653,118.4701225607858,-2.5258899095890017,5.072608233531716,2.384520254937053,Low,2.384520254937053,train
21.88731282521112,0.857438869880658,29.71737748309707,-2.2631837265826382,119.91477948929224,0.0085420096566149,Low,0.0085420096566149,train
17.675731615421885,17.50927393623243,1036.6034366333067,2.178047832788826,99.97241555414377,1.0825708174891553,High,1.0825708174891553,val
17.89466060638203,13.328356880215946,-29.56808881976791,-0.1341881474121681,100.07665543520774,0.0750460026342185,Medium,0.0750460026342185,test
17.41065006791476,18.05429891345513,-118.39945300661888,-0.0530992390106256,5.040283952284598,0.3834412218765421,Low,0.3834412218765421,test
17.4535332996954,17.008315295678216,29.64536439234672,0.0936654867593298,100.05872552974512,0.1073447168028134,Medium,0.1073447168028134,train
17.023808552818267,13.364213780070031,-1184.48764654942,-3.2370608429285808,99.96238112660907,1.1613174639879342,High,1.1613174639879342,val
17.047508457259386,19.39745392611125,5893.369226992043,12.07163612981756,99.91699331524576,6.255437798290195,High,6.255437798290195,train
16.84373566734217,13.46049399723304,-29.59082361232109,-0.16674811566978,99.98918205568684,-0.0293011531781749,Medium,-0.0293011531781749,train
17.80133231408438,16.978969742004075,503.5409409868995,0.995191209238942,50.01855780369311,0.5151734933210657,Low,0.5151734933210657,test
17.617154417997995,17.027420444948064,29.677589540614267,0.0937546518423435,50.005143846136725,-0.0014078784605592,Low,-0.0014078784605592,test
17.986910681519124,16.809370319644763,236.94170135070743,0.5817421969066027,100.02803783028754,0.2256695254743841,High,0.2256695254743841,train
18.011276773325715,16.738364725819057,236.97509270526632,0.4658174457785901,100.0547622851665,0.3269622938755434,High,0.3269622938755434,train
18.92840811704526,17.0040062234425,236.9728807972023,0.5179704521930567,49.94158910568169,-0.0518425280080488,Low,-0.0518425280080488,train
16.244314380091506,13.46026013819538,-29.662102016692163,-0.1318822238239504,100.01645893309372,-0.0019436926476336,Medium,-0.0019436926476336,val
17.53781833717733,14.415278591966528,-1747.3430568850893,-4.466532609701991,99.97194049740806,1.1967631595640995,High,1.1967631595640995,val
18.013642211600875,8.611636974724261,-533.1053513161426,-2.342115616888197,99.98526998755769,0.8162415849859197,Low,0.8162415849859197,train
17.276448855999067,13.814569747952248,1332.684655350946,3.217789822516667,99.8872966621506,0.8795655697466666,Low,0.8795655697466666,train
17.32789222509969,13.3427726615649,-1303.0023995935142,-3.535613363637331,99.9694640561271,0.4368409789575656,High,0.4368409789575656,train
17.655448350668383,17.001491066321858,236.8673630896188,0.5410668621826238,100.03813277709185,0.292719894873647,High,0.292719894873647,test
16.743585464101574,13.58574798099976,-29.608148372927293,-0.150447185367588,100.02951892211084,0.039358775696606,Medium,0.039358775696606,train
16.52875971361952,13.206375379845356,-1303.1862124422037,-3.605477612972832,100.0528356192496,1.8532096591022804,High,1.8532096591022804,test
16.83840965589034,12.58634066534554,-1095.767979690252,-3.2333573908837696,100.02426027705368,0.085088996066075,Low,0.085088996066075,test
18.409382615872733,12.256345859295044,-1717.6312695348652,-4.573760091109241,99.98690789992348,1.5313472833081307,High,1.5313472833081307,train
15.829466286094776,13.244225527272514,-29.64411932764722,-0.1319011536059741,100.02676346270025,0.0766086799916534,Medium,0.0766086799916534,train
17.450213566695187,17.03396595924399,503.45628200511646,1.123551407246198,50.011702555310656,0.2272954117178593,Low,0.2272954117178593,train
17.308235171158188,16.952031930674092,236.9026343185145,0.6370271632634845,99.96579920568432,0.2554640152037137,High,0.2554640152037137,train
18.13218605298772,16.796927261599784,236.8901606995257,0.4911681790778602,99.9343589873834,0.2103850407499648,High,0.2103850407499648,train
17.912934533835113,18.102813715778503,29.584426448481043,0.1765542103633182,4.944142473806092,0.0100926662578479,Low,0.0100926662578479,train
17.404190887975265,3.587179358829585,-59.22964959120978,-0.0367754973474708,99.9965549883845,0.0186277600091199,High,0.0186277600091199,test
17.305126673418776,21.542448900887408,-1421.5399872423093,-0.7697418464169131,50.011761653318025,0.3202364067011661,Low,0.3202364067011661,train
16.858294257967632,11.09765811148676,29.659882760336576,-0.0593791649805458,4.935512897149264,0.0431424790112053,Low,0.0431424790112053,val
17.982365515665204,5.468835888317257,-118.41414059855632,-1.5245684178846404,4.995348514662028,0.1485575377411071,Low,0.1485575377411071,test
16.959493890432746,13.469390628531384,-1302.981678521881,-3.5544633771561047,100.08104580895672,1.2651241206560613,High,1.2651241206560613,val
17.017169494045145,37.38321476298924,3257.645409029315,4.528763750618875,100.00120209092232,0.9686295163828128,Low,0.9686295163828128,train
18.20213776673157,16.23902634146572,1599.1492092069836,3.5800110767111817,99.95310465479476,1.8178983259130008,High,1.8178983259130008,test
16.36338275521724,13.538643414558846,-29.6315246368092,-0.1107514669993195,99.93886553201074,0.1069720668903665,Medium,0.1069720668903665,test
17.216489448193084,18.738365978490645,799.5832698827046,1.6824788814315146,99.9878889214026,0.8252426770769693,Low,0.8252426770769693,val
16.413256026384854,13.337297437793382,-29.61300238454982,-0.1578938777531819,99.97939281253022,-0.0375027811293904,Medium,-0.0375027811293904,train
16.540522438177163,13.137814968371824,-88.90467168168595,-0.2671753859115385,100.02458380121048,0.0895714676888757,Medium,0.0895714676888757,train
16.847517666244052,13.604272724255791,-29.635342384327707,-0.0928308815678294,99.98380079960128,0.0242996428102321,Medium,0.0242996428102321,val
17.515734832401566,12.9424438556132,-414.65740928578623,-1.2310284212188345,99.99506135880566,0.463959907439949,High,0.463959907439949,train
16.38657268853234,10.363304901527735,-1362.387443733984,-4.694129654062671,49.98205477949566,2.1055169312790736,High,2.1055169312790736,train
17.26244267354776,8.073615655548933,-621.8936455089842,-2.46248061191031,50.05240718181291,0.8032005204607997,Medium,0.8032005204607997,train
16.937885176420362,6.528464726327901,88.83968253662871,0.0570620111402207,100.02067926337868,0.275105858597773,Low,0.275105858597773,train
18.54170104193772,17.05753483348474,29.63629235871116,0.0722602638338578,99.9825653732425,0.0458477317892846,Medium,0.0458477317892846,train
18.096883948849207,10.874597818114085,-1332.7711108294395,-3.631001161634922,99.97700833198674,1.0703922180341716,Medium,1.0703922180341716,train
17.965208118913953,17.033827521015695,29.67294280425228,0.1592935802944816,100.0355745584448,0.0698993206051592,Medium,0.0698993206051592,train
17.21037508959011,13.391651218649551,-29.58725960622677,-0.1709792503532098,100.05852432592626,-0.0185996156789712,Medium,-0.0185996156789712,train
16.521375013967063,13.260451718057425,-29.69266670982429,-0.1175521338781249,100.00951724543933,-0.011441151803916,Medium,-0.011441151803916,test
16.8642676958263,13.53534366316678,-355.2685395807418,-0.6937738430999391,49.97275184471581,0.1855953739226225,Low,0.1855953739226225,train
17.971487682215763,13.057570884967804,-88.838391209962,-0.2656180299451094,100.14153114984803,0.1095256187278619,Medium,0.1095256187278619,train
17.6663735102583,16.065675144087322,-266.54885639627173,-0.6125549361293707,5.0435152687974405,-0.0367756247793342,Low,-0.0367756247793342,test
16.71333373251038,1.482989122666919,207.2828823605384,-5.410536171332409,99.88847642373356,0.2072432222281497,Low,0.2072432222281497,val
17.383026243398504,1.4297586504336763,207.25002945435563,-5.292084998399213,99.96640001149282,0.2452975526855491,Low,0.2452975526855491,train
17.330844980234012,13.411927097052368,-29.63731751433654,-0.0814062342264595,99.95214607612212,-0.0617039192035534,Medium,-0.0617039192035534,train
18.14385018560752,16.930075520183365,266.56101214283365,0.5620823886511063,99.99074707853408,0.194035585787132,Medium,0.194035585787132,test
16.51241195841393,16.71893119232723,236.9685918187052,0.5000770644988364,99.98031356143376,0.2724221449675998,High,0.2724221449675998,train
18.122903217593617,16.290625121896348,1599.2227580614488,3.578931304712722,100.05656064283112,1.8135686708554564,High,1.8135686708554564,test
18.27391847720992,16.79130894381556,236.95976453637752,0.5414389342392529,99.98026873227748,0.2185000724588099,High,0.2185000724588099,train
17.863457561648097,7.136693081965071,177.6780470580241,0.496270070578976,4.94666092092336,0.0157529912334883,Low,0.0157529912334883,test
16.773825051681715,15.163849303164278,-236.94640135945824,-0.0601853037630919,5.037871713484112,0.05768170356751,Low,0.05768170356751,train
16.619462583215896,13.29548826562908,-29.55958757992598,-0.1250311760367735,100.03221816141809,0.1100896575784045,Medium,0.1100896575784045,train
18.386215288214256,9.448411968253923,355.3573063950895,0.8830588602383541,100.02192130099992,0.0431715507861496,High,0.0431715507861496,train
17.582721183876455,10.091088078280071,-177.73200516731623,-0.8589857028129703,5.020340261475641,0.2744199220927916,Low,0.2744199220927916,test
18.796367084266272,26.99612471373341,1006.928684368148,1.8902786606957285,5.0155166215159,0.4164287474877677,High,0.4164287474877677,train
16.69092752451257,34.362430949921745,-6989.184450214863,3.660960244947692,99.99139203371227,7.350724729595604,High,7.350724729595604,val
17.280385131119992,16.581146247240646,29.626898695726343,0.1029024309007693,99.95771208839794,0.0637380824836899,Medium,0.0637380824836899,val
16.71728455967479,13.307560857101551,-1303.0299215253194,-3.558184097149568,99.94122022793636,1.8792489119440208,High,1.8792489119440208,train
18.05371183833388,14.231640503440234,88.8288394393652,0.2975684722198955,99.97945907329796,-0.0329622437602927,Low,-0.0329622437602927,train
17.89394685526338,16.578812086934693,977.3050630250108,2.189690292597132,100.0119010602594,1.0258668487890164,High,1.0258668487890164,train
18.309024011369228,17.046285488515313,266.5147297997925,0.6116307492093513,99.987704169718,0.2864082029183913,Medium,0.2864082029183913,train
17.445531328731004,17.34802574467472,1036.581536052994,2.290441710618201,100.00268234865396,1.0141946380438107,High,1.0141946380438107,test
19.741587505851083,12.855724063946209,-385.0280476690281,-0.0797024443174881,119.97914350716276,0.0364571284174403,Low,0.0364571284174403,test
17.02122302390131,0.9489047894434258,29.66810767955461,-2.125955343627202,120.0423722971024,0.0435856637708132,Low,0.0435856637708132,train
17.47577486718294,15.684688653804423,-266.6062411238316,-1.0933662551311871,5.137751987025332,0.1372072465696948,Low,0.1372072465696948,train
16.593089830283873,20.45135369262634,-355.36028722875176,-0.0508535325689639,99.89578765810232,0.0456450342654696,High,0.0456450342654696,val
17.037149487457544,5.061594846058627,-237.0337480827655,-1.7401640295173548,99.9416541414844,0.5185626292671255,Low,0.5185626292671255,train
17.76765483520797,11.661854499550364,-1924.996438327625,-4.765178932643779,49.937100782891456,2.679187702776244,High,2.679187702776244,val
16.946373457337256,6.133551323030332,-148.1007516978264,-1.0676638976985653,4.986480694640044,0.4366069558205,Low,0.4366069558205,train
17.68970517491664,3.439679263960711,-622.006735221947,-3.847379737710792,50.00022364566502,0.8069149426659955,Medium,0.8069149426659955,test
17.563093921031246,13.516790387428786,-29.674819642766284,-0.1424272203889277,99.9882877419449,0.0007500334323581,Medium,0.0007500334323581,test
17.859438469154508,16.90071199076287,207.3502365038597,0.4982184442566224,99.87621780826056,0.1400562357209253,Medium,0.1400562357209253,val
18.60225526165896,16.91217787271199,207.36208835254484,0.4885975918209184,99.99299690689048,0.1736074209836025,Medium,0.1736074209836025,test
17.567139657969623,16.818163410967596,88.81980935418241,0.2079380361545425,99.9911682465073,0.1505260269699242,Medium,0.1505260269699242,test
17.539330618758054,16.760142522016647,533.0161113742096,1.070580480917789,49.959242641002426,0.5077678289236728,Low,0.5077678289236728,test
17.848350615503,16.826186525553975,236.9172488264856,0.5909091208453501,100.01732263216124,0.1281549413998798,Medium,0.1281549413998798,val
17.5961747986426,13.235820941830497,-384.9680346056422,-1.1079218612983317,99.99738983965494,0.403329003906948,Medium,0.403329003906948,test
16.944371572356964,4.298068309198944,1303.1098562773436,-48.03125344414085,60.01817565818112,1.386289604333899,Medium,1.386289604333899,train
16.310339284788476,17.49525687740783,29.55260456690122,0.0576540884716179,4.991537723729151,-0.0306489252020109,Low,-0.0306489252020109,train
17.382220966381198,16.962314583805075,296.127770666149,0.6145545552148749,99.95512164715596,0.3399164222844621,High,0.3399164222844621,train
16.974076265413036,16.924614525279534,977.2671555594612,2.1874274960323,100.0384055078178,1.0229277899493174,High,1.0229277899493174,val
17.083581793860628,6.214841066667997,1954.5664283141464,-75.05606476444663,74.98077114068096,1.8553815370940083,Medium,1.8553815370940083,train
17.44169392226581,12.645969677733367,-1243.8459787210054,-3.622853275462077,100.00169087006896,3.1607439496688445,High,3.1607439496688445,test
17.00626930195758,19.77542508192901,533.1156478184461,1.376994990493339,100.03703253411432,1.2026012651768658,Low,1.2026012651768658,train
17.93611430297531,15.974265298221033,-1747.3424170026908,-4.330334955385391,99.9860104133484,0.9412315238311976,Medium,0.9412315238311976,train
17.774990425922052,13.360657947264738,-592.2888135428987,-1.666582033474757,50.01541517572791,0.554040385855272,Medium,0.554040385855272,val
18.99739575724207,13.389880791211676,-29.67346782219526,-0.1505622124536717,99.99021449465802,-0.0783789059053847,Medium,-0.0783789059053847,val
17.618434999007484,12.389394828876023,-59.26199110166974,-0.4080637638916342,50.07574995923817,0.1465107603546983,Low,0.1465107603546983,train
15.80254117427899,13.167880945527264,-29.63555101353977,-0.1544742555430803,100.08052542184576,0.059508131329257,Medium,0.059508131329257,val
16.54080827259617,20.547186733639045,355.3984304090821,0.7958705274400677,99.9516716686736,0.2454627686216248,Low,0.2454627686216248,train
17.878091742401555,10.98047181993058,-177.6422579551642,-0.1093751003771662,99.99162273972068,0.1025530572903428,Low,0.1025530572903428,train
17.66520868000004,11.084951526483149,-918.1412210570614,-2.564297947823454,5.012476848876737,0.7982844652850195,Low,0.7982844652850195,test
18.053964676188773,11.474298059096707,-88.76669688854217,-0.3694102980255641,100.08714196469693,0.057223376661924,Low,0.057223376661924,train
17.769079892200086,16.390560037808214,-29.578157928334463,-0.0133120131106576,5.033930614797224,-0.0559260618029655,Low,-0.0559260618029655,train
16.865423982385398,17.02770404083687,-1362.344436345787,-2.722330205765819,100.0036543674614,1.0060948448559224,Medium,1.0060948448559224,val
18.437834043466875,9.686589213719136,-88.85212936089563,-0.2416502760022192,50.004550792008494,0.052808181486082,Low,0.052808181486082,train
17.41824498557255,16.75092886366618,29.569034182572267,0.0881471810090513,4.950767242412092,-0.0237312413876551,Low,-0.0237312413876551,test
16.50897889627361,1.394820614286041,118.53080215695688,-1.8144235191592144,99.99110461349478,0.0100453699462566,High,0.0100453699462566,train
17.466155786357422,12.650875326237063,-414.64994255675424,-1.260896848405899,99.9847197429757,0.3684897482345534,High,0.3684897482345534,train
16.861006133021572,6.100698255562061,1895.4193627852944,-75.00694443504364,74.90634972144964,1.8670682645432493,High,1.8670682645432493,train
16.66710586303284,0.7694800607576058,29.596653856945483,-1.754267551689915,99.961157015692,-0.0247742858696931,Low,-0.0247742858696931,val
17.834729754078975,18.53293205133681,1954.5521047731377,3.8409909846811146,49.98869755108911,2.195459182020538,High,2.195459182020538,train
16.652195665700063,0.8735939131729739,29.576062117799538,-2.142232095265048,120.02510486656831,0.0100773211526362,Low,0.0100773211526362,train
17.078118817752102,17.15933326472766,325.8531317880265,0.744821902073763,99.95481159063002,0.3896455816179275,Medium,0.3896455816179275,train
17.569004423993483,12.251585962024476,-266.58680081663334,-0.6953933205501694,50.01287455738691,0.2780849279400108,Low,0.2780849279400108,train
17.173020848601077,11.797192867320264,-1154.9999115987712,-3.582560595131691,100.00163121291357,1.2998029860360314,High,1.2998029860360314,train
17.069486123781754,13.634696457473256,-1332.6864646777433,-3.602870350230005,100.02293788588744,1.284364691854823,High,1.284364691854823,val
16.62990764352627,12.597287800500798,-1303.120791813572,-4.111176828927867,4.997300730198716,1.1485182176488224,Medium,1.1485182176488224,train
16.853680820531196,20.16186661528241,770.0151450597523,1.61024518514521,50.099887783785,0.3871352417347243,Low,0.3871352417347243,train
17.06034357122442,13.109789180759387,-325.8792410433348,-0.6527167830825377,49.967049206778185,0.236523642194218,Low,0.236523642194218,val
17.550988029210075,6.019384760664619,1865.75444415778,-74.9337148813762,75.02283170793133,2.1378192312202726,High,2.1378192312202726,train
16.95059730251705,13.20570053984507,-88.92493297339414,-0.251739732933483,100.047211376596,0.0715607332273051,Medium,0.0715607332273051,train
17.268636480867155,16.7850274108634,236.99435393034872,0.5327234897742187,100.0146468919641,0.1681452462248132,High,0.1681452462248132,train
18.59315527177926,17.01267107101918,1006.9024446910714,2.247136675185206,99.98035847601084,1.013823137801746,High,1.013823137801746,test
17.060205668660284,13.572657308255728,-118.46312029999208,-0.293617579639798,99.9665885083183,-0.0129663198868568,Low,-0.0129663198868568,train
17.7235449100702,10.10000660994752,-770.0710866898665,-2.7144028194249032,4.967547006688733,0.9682495076619893,Low,0.9682495076619893,train
16.83000474284409,13.360433416093226,-207.3496832266802,-0.6039735546266101,5.033979963821252,0.2061673891055322,Low,0.2061673891055322,train
16.9422837249411,13.378555626118784,-444.2904844493032,-1.2296095253430857,100.00970963756345,0.4149689441422011,High,0.4149689441422011,train
16.286051830127455,6.520953522439618,59.21059135549887,-0.0102106137085466,49.98772101174221,0.0970721246236377,Low,0.0970721246236377,train
17.527409710901047,17.691536296771893,-533.0532041435778,-0.3406701920674476,100.04659796529046,0.3492233344332173,Low,0.3492233344332173,test
16.756626395085032,13.309807954446317,-29.598854460022466,-0.1044926517945578,100.0493930635322,-0.076564238359986,Medium,-0.076564238359986,train
16.61091747621153,17.499163336733705,-1658.4430907756744,-2.003143500728628,99.96952973532768,1.083050713566715,High,1.083050713566715,train
18.34777213177692,16.562140715553504,29.539479754900057,0.1441573728806628,100.00352925146312,0.0588739663240681,Medium,0.0588739663240681,train
16.81640899956726,13.36412796777423,-29.57958083753801,-0.1025102695153225,100.0260304439537,0.0668101915003441,Medium,0.0668101915003441,val
18.482087589275075,8.500322931457097,-681.055741374644,-3.9419283078081375,99.99943315388916,1.991923249842508,Medium,1.991923249842508,val
18.254855288188978,16.669569937107873,503.48355130620274,1.1097236757452746,99.93369709090926,0.4912801451203427,Low,0.4912801451203427,train
17.786262533046447,17.02399329639776,207.41334064911032,0.4393576432622277,100.10265703671308,0.1644505889502809,Medium,0.1644505889502809,train
16.793469492210534,17.164193141240844,503.3680963793463,1.13655942420848,100.05995970007696,0.5068306471586208,Low,0.5068306471586208,val
17.08197841168285,13.477323081491246,-29.54097176103466,-0.1782331561808579,99.89225154472987,0.0322493041797293,Medium,0.0322493041797293,test
18.29165216220828,20.30587653067604,118.49051599477204,0.9493252097647636,100.02413361827054,0.1936615360825316,Low,0.1936615360825316,val
17.592240043884928,13.215540921170946,-29.61237903727344,0.0585560228659007,99.99160482524532,0.0010945493967767,Medium,0.0010945493967767,test
18.13395057667241,11.69924632132587,88.83172399839994,0.0291538244077672,5.000932666815953,-0.0787210243404001,Low,-0.0787210243404001,train
15.964208353292202,13.239373751972764,-29.578623880378057,-0.1134282249409114,99.99125175067908,0.1142987849990965,Medium,0.1142987849990965,val
18.146202162588395,16.725328793090977,1006.901270091442,2.149772643835388,99.95099974020204,1.0168762122772632,High,1.0168762122772632,train
17.224450058081718,20.803408141959583,207.45268643844912,0.7110124576603121,100.09359855835096,0.4621541767125193,Low,0.4621541767125193,train
17.750067476918314,13.34162565157948,-1836.194894558441,-4.904317108332265,49.95762921366,1.9336315515387228,High,1.9336315515387228,train
17.983271960201893,17.043903374024655,236.89119582854377,0.6223721168089296,100.04642519982625,0.2705599038652677,High,0.2705599038652677,train
18.047059127668525,11.795638773862446,-681.109794847746,-2.2340821563456648,99.90424509840538,0.613331935692932,Low,0.613331935692932,train
14.66028822582359,13.404191116875504,-29.668739159816376,-0.0740832452341921,99.99231097489562,-0.0649787700335126,Medium,-0.0649787700335126,test
17.74876780224379,18.97293296502673,-325.6722973360143,-0.4626912243256462,49.932920545932326,0.0602097003134824,Low,0.0602097003134824,train
19.545909447966835,60.38905547913416,10987.2720251192,-9.833783512293044,99.99689926035498,-0.0084806319781265,Low,-0.0084806319781265,train
17.277162183897907,13.003644934056515,-29.497396526388428,-0.0651800857266933,99.95175460011612,0.0581013256285713,Medium,0.0581013256285713,train
16.88448898420322,7.073061778834575,-29.58244502551105,-0.8034969463971096,5.136296653019908,0.6434310252590155,Low,0.6434310252590155,train
21.4961506177076,14.0478622214639,-651.4872798764153,-1.3058959856016583,49.9525373712841,0.5141663689752752,Low,0.5141663689752752,train
18.825954014502138,17.09071690100154,88.89810715321384,0.1485204512574753,50.00699120747991,0.0617659219779102,Low,0.0617659219779102,train
17.022705672763355,13.080072637378002,-29.535523852321163,-0.1143176014499757,100.0114313704842,-0.027017600393032,Medium,-0.027017600393032,test
17.438784557179307,22.22899532268231,6692.973582861898,12.026863981139606,100.00598470724168,5.892819816542605,High,5.892819816542605,train
17.24982192454154,12.491844244181763,-1214.2683828368688,-4.482111105022592,50.03586579858428,1.0947028558038718,Medium,1.0947028558038718,train
18.64457774081388,8.726562847643425,-947.688452403995,-3.823881724837777,4.988818100278753,0.8783773739424038,Low,0.8783773739424038,train
16.028838013472257,13.163011928677744,-29.616236574671884,-0.0189399942996768,99.92868805217812,0.0606235626127468,Medium,0.0606235626127468,train
17.555204915681408,13.153448433190988,-1273.501361900136,-3.651958067784454,99.99642326822782,1.130791725119547,High,1.130791725119547,train
17.587118746453744,13.976362299570482,-1362.3184617852455,-3.605341387111303,99.9625605749004,1.2132124656018168,High,1.2132124656018168,test
16.944897261960207,13.292209459388594,-29.715940992684104,-0.2428245638667697,99.99540612587283,0.0943607416728988,Medium,0.0943607416728988,val
16.834283360734954,13.470546743234651,-29.51046669607434,-0.0938088567754882,100.08437859671288,-0.0093247352565703,Medium,-0.0093247352565703,val
16.952789602665177,13.085781957799032,-29.649375649790123,-0.0295938369996206,99.93298208710684,0.0577657638446107,Medium,0.0577657638446107,test
16.676433466896775,12.884509048734856,-29.60334826403564,-0.1216078841109094,99.9591296718172,0.0291415629024659,Medium,0.0291415629024659,train
16.50971766665694,11.916365826603178,-29.54965734481179,-0.111072286989973,99.88367878417728,0.0494226844483158,Low,0.0494226844483158,train
15.59131984092472,13.565508614286449,-29.62226849387338,-0.0248749767967387,100.02895432451412,0.0373439900421547,Medium,0.0373439900421547,train
17.960591997484492,17.030010226384086,236.8846084294537,0.5421863202810661,99.98585480662771,0.2756452182898568,Medium,0.2756452182898568,train
17.12476107952763,15.821465480564964,29.59517061522169,0.1504066259107042,4.996861269305534,0.0826571877988017,Low,0.0826571877988017,train
17.2077485435717,16.76641665743188,118.38873037913469,0.2941172565898308,120.02990265413756,0.0652512806462515,Medium,0.0652512806462515,val
18.431403032390985,17.327297618414608,1036.5136421611046,2.127001675134037,100.03031949566524,0.9890822708856892,High,0.9890822708856892,test
16.96966505272457,13.700958635285575,-29.62848155547394,-0.0392904658564575,100.02291537541448,0.0492923460643884,Medium,0.0492923460643884,train
17.418257900632117,16.93852581876824,236.9523202817879,0.5813837707086544,100.0803974094242,0.2575777712173192,High,0.2575777712173192,train
18.31772813519945,19.074113614856348,296.1177239576901,0.7281801889333674,100.06658268406302,0.3589876037485465,High,0.3589876037485465,test
17.66074384668121,13.096009975143486,-414.59525689851466,-1.212591828930376,100.00456738007443,0.4280434997579265,High,0.4280434997579265,val
18.212540586892672,16.9199429834015,29.5843236780877,0.1526048153878404,100.03138176731032,0.0199313427035533,Medium,0.0199313427035533,train
17.103731410329697,13.000314938915013,-88.75214301757022,-0.2531221601938783,99.98599143053606,0.181833730724793,Medium,0.181833730724793,train
18.686000095489472,17.546985947287908,384.960887377758,1.0143491041952375,100.0416148964312,0.7870281034724205,Low,0.7870281034724205,val
15.242701806328668,13.345798366579634,-29.66223288959296,-0.1162354048305365,99.90651555840157,-0.0154910292165667,Medium,-0.0154910292165667,test
17.513903915898148,40.167204094265486,-2635.7910088379417,-0.6067720609956281,100.03501276674776,1.1057358734395997,High,1.1057358734395997,val
17.434604305158736,12.831219864446975,-414.586155822145,-1.3156571282675695,99.95639918926108,0.387145513669568,High,0.387145513669568,train
16.805282138969044,17.4337918940275,355.38673249023384,0.8675754623821381,49.94230409011213,0.3071563832460038,Low,0.3071563832460038,train
18.373871069142552,17.191911905653015,325.7528559494729,0.7047374245637896,99.87691255936826,0.2417062311899813,High,0.2417062311899813,val
18.610568062694902,12.285781960023586,-1066.1795436447896,-3.2418235862926084,99.99860028165008,1.1242942775668334,High,1.1242942775668334,test
16.12851392898929,17.518751673086058,3968.4611996657127,6.803640961382159,49.96807516648981,3.3584947024410727,High,3.3584947024410727,train
16.89044541209807,15.032521583490556,-59.24693668242311,0.1049406337546461,99.9153147872278,0.0119391297930807,High,0.0119391297930807,test
17.936395332695373,17.109491498711233,236.97323786467007,0.5094021954405373,100.0666179896584,0.3084674571336928,High,0.3084674571336928,test
17.48317431585846,16.29640125688717,325.7910787615602,0.7329496899209387,50.007931305596415,0.2271873942819585,Low,0.2271873942819585,train
16.927409753481136,18.959564952147584,6011.995441551709,11.98620043232328,100.01099212178232,6.468847697780396,High,6.468847697780396,val
17.25916065434266,18.71144925531349,4294.193314849924,8.373953119236587,99.97415238690684,4.521653838708822,High,4.521653838708822,test
15.755654038180278,13.436884209368186,-29.59166565135175,-0.1722593284873417,99.98631126713576,0.009981750131352,Low,0.009981750131352,test
17.086765595229597,22.968960303811752,-207.34964232852107,0.104994632977672,50.09182462690458,0.0156425248957645,Low,0.0156425248957645,train
18.78882024059489,17.087571902733643,503.4048963550252,1.02086853628219,99.91080183352342,0.4801167068486111,Low,0.4801167068486111,val
16.375350246580588,13.628042024530076,-29.63207659905679,-0.1086707454865317,99.9874630366377,0.1669948134913884,Medium,0.1669948134913884,train
16.65163311544522,26.98017444918296,-2013.935878839613,-0.0320077811186024,99.98297891239017,0.0818924286229702,High,0.0818924286229702,train
16.64051061387765,13.430343525034711,-29.537989957967564,-0.1078220661854043,100.02036824364488,0.0290906385758849,Medium,0.0290906385758849,test
18.330241717114355,12.430573805881853,-1036.4829016192475,-3.5261015479514963,100.01250996493872,0.0642769591867077,Low,0.0642769591867077,train
18.007764026663097,8.534475799598294,-444.2177373778591,-1.7792113952300823,5.00086895854245,0.977133431209912,Low,0.977133431209912,test
17.874642015872993,16.8887503294465,236.9282612236572,0.5905828489173651,100.00625565262663,0.3031371227454205,Medium,0.3031371227454205,train
16.251371831196664,13.970210157344628,-1628.829314353139,-4.126890858157439,100.03984744398122,1.777059383159583,Medium,1.777059383159583,val
17.92265996467316,14.454038248292116,-29.565521852406903,-0.148037787146371,49.887689313712336,0.1231121201213312,Low,0.1231121201213312,val
17.792537896824193,9.446324610596609,-148.18452557307506,-0.6340358153257608,49.97272924833517,0.240841753169187,Low,0.240841753169187,val
18.392495308595976,16.898557908516633,207.2424434986137,0.5259317341938504,99.8855835260162,0.228636257863746,Medium,0.228636257863746,test
17.63103405971357,12.42650825081059,-29.593316577315303,0.0204474046765159,99.94794585265768,-0.0069228137908851,Low,-0.0069228137908851,test
15.540688143835109,12.739829790146173,-414.6509016161514,-1.207135426670625,99.93913456964492,0.450942036065829,High,0.450942036065829,train
17.449975863421372,12.933938907922508,-414.6188800239737,-1.121097387760617,100.02847829991642,0.433978498130775,High,0.433978498130775,train
18.17192242581963,16.69681709630756,-29.722611863491764,-0.2134583691762261,100.05038129064803,0.0761186256934783,Low,0.0761186256934783,train
17.231404957790755,13.190862482170212,-29.539755517330377,-0.1044565917707732,100.0565148590355,0.0877344642218648,Medium,0.0877344642218648,val
19.04738006426172,16.91961491856808,236.92766050657764,0.6061945174067718,99.9972917522938,0.2587991217435568,High,0.2587991217435568,train
19.462062938715125,16.90145646076915,118.49614003109885,0.1857786344367033,99.93857188986009,0.6056166350308135,Low,0.6056166350308135,train
16.90157060006942,13.177904679344923,-29.576309642914143,-0.2460305092675719,100.00332410039458,0.0609212302442683,Medium,0.0609212302442683,train
17.1572075550483,6.144391480034856,1954.5873279968407,-74.94064061226953,74.91041165886837,1.817970921988443,High,1.817970921988443,train
17.561538720324826,17.55375878833228,1036.4748695568292,2.2320159440071774,100.0202995365623,0.9950498890106386,High,0.9950498890106386,test
17.361526881607293,12.908563812656126,-414.5618936626571,-1.244563522205173,100.01347073966453,0.435456846804409,High,0.435456846804409,train
16.699787442089484,16.97497826389635,503.437561340395,1.0926609565493346,100.0556128842334,0.5934617436723348,Low,0.5934617436723348,val
17.01351807177438,16.96539575570522,207.336945197794,0.4613923241462447,100.05293209555978,0.2117086087568441,Medium,0.2117086087568441,test
17.46538841140651,13.58997546693375,-29.61851821831521,-0.1555768582358582,100.06252455832444,0.0375183023847558,Medium,0.0375183023847558,train
18.559511962491307,16.942848196532186,236.89251585539543,0.554767768237036,99.95627259747816,0.2750541957074275,High,0.2750541957074275,val
16.543669526211183,12.401606490775196,-1036.5156441992356,-3.14796359800838,4.957778708571715,0.7230286575682265,Low,0.7230286575682265,train
16.78614863201687,12.89635093797822,-414.6052196050569,-1.1271285892116325,99.95879466108651,0.4898154723224927,High,0.4898154723224927,train
17.163121438979513,12.85133289125184,-414.607863361699,-1.3183636262325822,99.95937717668455,0.3896314171469527,High,0.3896314171469527,train
17.23332563764442,13.364699243419,-29.61278589994692,-0.094813730657391,100.01060550557573,0.0789495714116405,Medium,0.0789495714116405,test
15.8302677897312,12.91885305314378,-29.602928653905806,-0.0543707824264699,99.98983545240566,-0.0380189083112058,Medium,-0.0380189083112058,val
17.159154383159688,13.261490122315866,-29.67335031940044,-0.1047244475362789,100.03983005183946,0.048613887548284,Medium,0.048613887548284,train
17.788913718377046,13.279322913605668,-59.25274088848679,-0.2257906396693031,90.0838245103378,0.0497611573889632,Medium,0.0497611573889632,val
17.29817226051925,16.862530740979842,236.90857755355853,0.4818978451018952,100.00280656704722,0.242656746990927,Medium,0.242656746990927,val
16.96166184184279,1.396319771466786,207.2052793728043,-5.382432997678986,99.93442561151711,0.133131662667578,Low,0.133131662667578,train
17.646747741482343,18.797958387594747,-1924.8957451514896,-1.7725656831194203,49.96178104296133,2.0218314836139384,Medium,2.0218314836139384,train
16.79095431168457,16.221466513814864,59.222806663315616,0.3422092711145314,5.021721797077444,0.0381647350610912,Low,0.0381647350610912,train
19.544179140157613,17.095577730981415,325.8362506449027,0.6835855522581663,99.96930004008424,0.4111346313017028,Medium,0.4111346313017028,val
17.184901878277827,17.084815535115638,236.9678897416997,0.5324925790624402,99.94364894818652,0.221790826956793,High,0.221790826956793,train
16.944021336950037,10.66187856299498,88.7732515893447,0.3150134056860134,100.05288573033562,0.8828908423429954,Low,0.8828908423429954,test
16.95928704341119,13.186031351055716,-29.552556371071404,-0.1034164195950626,99.98989858672653,0.0197074755356141,Medium,0.0197074755356141,val
17.051417863464366,11.023856291325847,-414.6053399480035,-1.4638881566817,100.04266866324308,0.0484902157645114,Low,0.0484902157645114,train
17.4986253640855,13.0763950910106,-88.83522184390311,-0.1857148715565101,99.99444092372276,0.0554735513427953,Medium,0.0554735513427953,train
16.189198622768497,13.391944533193216,-29.692501143404208,-0.0653907435636767,99.99263906033472,0.0551236652279102,Medium,0.0551236652279102,train
17.51370852720755,12.869633917306338,-1243.7708359061974,-3.5496684396960574,99.9593220362586,1.3028661792259215,High,1.3028661792259215,train
16.734363921945487,0.841121044246969,29.65838721898927,-2.1841374364915938,120.04369582352456,0.0928544097070439,Low,0.0928544097070439,train
17.619873526337066,5.914335979906557,1865.68016917734,-75.0688481655492,75.0728932363151,2.0035269549843355,High,2.0035269549843355,test
18.109372073596862,11.578814969978907,-710.8570325889222,-2.326756803626396,99.99872442989869,-0.0505506969251278,Low,-0.0505506969251278,train
18.334786463811508,10.459396012818209,-1836.100260720104,-5.557731481042998,50.00141045992196,2.08478444491644,High,2.08478444491644,val
16.17305366657075,13.406358645509496,-29.599139631310923,-0.0434649576898918,99.9770073730257,0.0913084802529264,Medium,0.0913084802529264,test
14.925122295392994,13.31570599513255,-29.591575893679035,-0.1086158786728295,100.08101935493583,-0.015707795968215,Medium,-0.015707795968215,val
16.605474515295985,9.422557893995098,-533.1091706121267,-2.297107105057212,99.90639873809197,-0.035824183784105,Low,-0.035824183784105,val
16.630656636283412,13.031244095837163,-29.60906491041508,-0.0714307473606591,100.02460142757664,0.0894641075443921,Medium,0.0894641075443921,train
16.001683867522715,13.200502623529808,-29.66247769087408,-0.0473884400623306,100.11918323779508,0.0293920092253002,Medium,0.0293920092253002,val
16.649315968328544,15.316285010608778,-59.21628906828308,0.0573448508408956,100.0818063994125,-0.0466910614799209,High,-0.0466910614799209,train
16.24919257921515,13.3634406270447,-29.542578726169204,-0.1400955683704698,100.00551214284437,0.0662780202261932,Medium,0.0662780202261932,train
17.50748940152372,17.171087944974282,236.873901950011,0.5634940119326288,100.0547739152492,0.2710976979587619,High,0.2710976979587619,test
16.165536571409096,12.930313933507575,-29.63011913405721,-0.1266839505127532,100.00945497810292,0.0932241225677065,Medium,0.0932241225677065,train
15.085260881616978,13.242316591035582,-29.66654890010108,-0.0779198725099872,100.05165573617025,0.0313190519449122,Medium,0.0313190519449122,train
17.619819766967794,12.120616275083751,59.1726871370356,-0.0202795415835915,5.058088993549093,0.0525198237492323,Low,0.0525198237492323,val
17.893034429914465,16.827823833183473,236.97691767590885,0.5018168086533008,99.95511734486296,0.2223258941861031,High,0.2223258941861031,train
16.846187455213105,17.407741947300913,-207.3952246329964,0.0502707766063281,99.96187735187868,-0.0142030916425818,High,-0.0142030916425818,test
18.74838070494184,17.839270293298974,177.65486402214188,0.5004559905241297,50.12725456015031,-0.0455384936238899,Low,-0.0455384936238899,test
18.02257296917369,13.58305841578695,-1599.304307131302,-4.743788403615887,50.0013889596871,0.9216163288190456,High,0.9216163288190456,val
18.34112554824405,16.835146922143128,236.93457515715883,0.5348024681752791,100.01688542624204,0.2086760305405853,High,0.2086760305405853,val
17.12415926622571,16.950305714489176,266.5620440872302,0.5729778509586176,99.98696655884356,0.2732603309650137,High,0.2732603309650137,train
17.68584683231861,13.687777966347117,740.3209368433634,1.709188790155774,50.05683947403174,0.2008319415175771,Low,0.2008319415175771,test
17.264777460086258,12.985742318650544,-29.63013226929618,-0.0712809679641777,100.02864371116615,0.0118782434892877,Medium,0.0118782434892877,train
16.96764028733259,13.392363594836036,-29.654968354797457,-0.1226351765952137,100.05161177163122,0.0627071558486793,Medium,0.0627071558486793,val
16.736784341294538,9.895267094501198,266.5222290425217,-3.2047191306724927,49.99064443081393,2.2527736798050446,Medium,2.2527736798050446,train
17.64000632977338,14.670514008247231,-29.54318450966361,-0.0123079978814661,100.0312834990205,1.351021676516902,High,1.351021676516902,val
17.375559639726525,13.102776750605322,-118.44380540155704,-0.2166967600247297,99.94402985380336,0.0930923679223245,Low,0.0930923679223245,val
16.54347229955364,10.97955539687948,-1006.8980133554866,-4.502873850895631,5.058477343120478,1.1273126413702164,Medium,1.1273126413702164,train
17.134131019937698,18.74078065714485,-118.5142234469362,-0.1685193852198417,5.032638012344258,-0.0960920225155845,Low,-0.0960920225155845,train
16.71485094393031,10.584890794175315,-1984.166879452806,-5.592882925316535,99.98566771966904,2.5953526442453128,High,2.5953526442453128,val
17.82583640998199,16.973751143881266,236.89166479699745,0.5486414399294073,100.10777968006744,0.2290562313927983,High,0.2290562313927983,test
17.336305722327126,5.200551799028176,1658.4568665567697,-59.96087659054394,64.95215915532856,26.00117136041711,High,26.00117136041711,train
17.50162163358624,17.071906173117366,266.5558679531866,0.5437390895242811,100.0192930729354,0.3243893962210378,Medium,0.3243893962210378,train
17.13675450843712,17.108452435783793,1480.817612510142,3.286448088470201,49.98276124792288,1.7391907899051071,Medium,1.7391907899051071,val
19.246536897215258,16.617592761513002,325.7404122454794,0.8172194227515558,99.98710939655643,0.2971345340518974,Medium,0.2971345340518974,train
18.48498819412509,17.321260183724434,1036.6090672161506,2.153489112687786,100.0074830930828,1.004777206725649,High,1.004777206725649,train
16.733711393231104,13.0702682926181,-88.89171607906516,-0.2898722307569781,100.00846192118144,0.0627274375601569,Medium,0.0627274375601569,train
16.57813754528839,1.5138262059277494,207.28479386734057,-5.35113830098484,99.97800863351034,0.2770484966916111,Low,0.2770484966916111,train
17.9614204628136,18.30515436266594,-207.2550208984603,-0.0281702773531705,49.99853854950106,0.1174083660376594,Low,0.1174083660376594,train
17.993704941859253,16.97896659406815,325.81435960102846,0.63083677303681,100.00182167122664,0.3735405812090606,Medium,0.3735405812090606,val
17.511814928247084,13.121707471482102,-414.6622287878771,-1.1848853439188043,99.97408038209387,0.438758259238977,High,0.438758259238977,train
17.37119203837453,16.888087971892485,88.81026813015444,0.202309254802326,99.98221848449982,0.0913627995352795,Medium,0.0913627995352795,train
17.89673749994018,12.927314866897696,-414.6361479341812,-1.100681546143004,99.98560223033746,0.4750059578548077,High,0.4750059578548077,test
17.413859132016096,16.88350024001758,533.1388162296372,1.1499105274286767,50.02684846059145,0.6017748123273751,Low,0.6017748123273751,train
17.348204030781353,12.879054133321883,-414.61395023168535,-1.308256051616593,99.91940715788404,0.4409468549745904,High,0.4409468549745904,train
16.930287344107494,10.202912470382728,-88.892024898808,-0.6409020141543099,4.928869179163603,0.017924618925484,Low,0.017924618925484,test
17.00712729192733,19.82752985939448,2428.451901207244,4.243901452984683,50.087641597047565,2.9943685635586905,High,2.9943685635586905,train
16.653150206939507,25.065125595302824,207.32390154707835,0.3717626538874175,50.05670365973939,0.9017310060049628,Low,0.9017310060049628,train
17.330983260871136,16.91680470145722,236.9373691251213,0.5061892693994862,100.1172842543156,0.2683632203265462,High,0.2683632203265462,train
18.77462517600994,16.87460382115873,236.8701773849951,0.583600240757525,99.94679002590996,0.2580641998484378,High,0.2580641998484378,train
16.371721257223694,16.611449756397523,88.7676802793587,0.1633059506038012,100.02347297495376,0.1076950066076985,Medium,0.1076950066076985,train
18.30963738984896,23.08410813346359,2013.840938118604,3.8274021496636728,99.93788957036143,1.4561246565235042,Low,1.4561246565235042,test
17.12096269386417,18.47444756838291,1095.7805817194414,2.3544738877152285,99.89507688542882,1.0832491638920607,High,1.0832491638920607,train
17.628708790963017,14.464628270405004,266.5215578353421,0.6854069153753737,49.93132810109287,0.2406004946760441,Low,0.2406004946760441,val
18.871541612712107,16.731057599736364,207.255411760796,0.519068341405076,99.89910110110596,0.2318934638507671,High,0.2318934638507671,train
16.761418478999044,1.3548452186529003,207.2889728933174,-5.414038081664957,99.99113598296302,0.2868722600677999,Low,0.2868722600677999,train
16.94187104373909,10.608655106596498,-1925.0195734386025,-5.487990340759597,49.93137153061321,2.391659924956065,High,2.391659924956065,test
17.130563442597392,14.45575402754016,-1658.3965179584966,-4.659309925344156,99.888913321328,2.9897531226547645,High,2.9897531226547645,val
16.84099736430349,13.371917035777022,-29.6656491241052,-0.0622507647930622,99.99361466387934,0.0558578401052623,Medium,0.0558578401052623,test
17.07908643661414,8.360810932071576,-444.2367955821233,-2.325114591691985,4.988182670164732,0.057828653061038,Low,0.057828653061038,train
17.387867361439426,18.4988177141174,207.3264911592377,0.5728135108496055,99.9640230094333,0.1816066900101595,Low,0.1816066900101595,val
19.50589979002921,57.88153554638911,2250.744291243998,-8.33340213743598,59.988210960086846,3.4396821701432985,High,3.4396821701432985,test
17.682128965889728,13.33365787047336,-414.6037664523042,-1.2212371756988574,100.06582181564958,0.3842919247852518,High,0.3842919247852518,train
17.20456856976777,13.281136200739258,-88.89275285792557,-0.3482777691548542,100.04711717240464,0.0834322423323558,Medium,0.0834322423323558,train
18.144154006954093,17.012551071988238,296.22088109269873,0.6713003597167855,100.03022525140555,0.3549564008969939,High,0.3549564008969939,train
16.49636910049157,8.244776714399157,-621.9251778138864,-2.9592821504760054,100.10826437273197,1.149001996150928,Medium,1.149001996150928,test
17.03783614776846,13.226143073575248,-29.55614510123464,-0.0641753666670587,99.9638787374524,-0.0496834737228027,Medium,-0.0496834737228027,train
16.457274889448325,13.303885526604844,-1303.094468774185,-3.610728527428453,100.00708320741072,1.2459865908225345,High,1.2459865908225345,val
17.14728744547664,6.432894632113976,2013.9162981386871,-75.11619902797968,74.9491877431508,2.2931134148437824,High,2.2931134148437824,train
16.152892102907092,16.102699190904506,-236.89125133624304,-0.6385093549797083,5.002525151467073,0.0139148967842787,Low,0.0139148967842787,val
16.41974366717881,13.330792581697368,-29.71414733218681,0.0072267795336932,100.04027040438268,-0.0458479452447637,Medium,-0.0458479452447637,val
17.149893188980354,13.281577408254469,-148.0381664123282,-0.5748633512128407,49.96422269209215,0.2405872704202434,Low,0.2405872704202434,test
18.183602632821263,16.441674534009003,-1836.1856765075984,-4.394437375495348,49.982845949815164,1.4527074311215953,High,1.4527074311215953,train
18.294689195768388,16.74555756082225,236.8987883731949,0.5755912893674744,99.9246344205799,0.2647115546132363,High,0.2647115546132363,train
17.440657887172502,1.3151290647028606,177.63712414981728,-5.486841168561256,99.90626979621123,0.2505075612510373,Low,0.2505075612510373,train
17.74496815126578,13.40252387110656,-29.62319318933071,-0.0663226507017141,100.00639715420928,0.0021899266171765,Medium,0.0021899266171765,train
20.015163702030247,50.810496665538096,-13889.598186219966,-6.895299807903423,100.05698601524432,2.239244201452286,Low,2.239244201452286,train
18.67516129607527,36.78623677286028,1391.903128120734,2.4774158035635274,100.03989940393504,0.2349492276374766,Low,0.2349492276374766,test
17.015194989254255,17.170886952639762,59.199372002522885,0.189305962320485,5.007477354447676,-0.0648455076890708,Low,-0.0648455076890708,train
17.08803535562415,0.8646419841719736,29.72912015567516,-2.120713292506881,120.00140306098864,0.0704217257778796,Low,0.0704217257778796,train
17.193865483272234,13.173562901131028,-29.57176359764802,-0.1938833915915127,99.93349900213713,-0.0051434410419981,Medium,-0.0051434410419981,train
17.970851363164822,19.78514502031925,118.46267142010532,0.6721483305507522,99.9439872472833,0.4515524520961332,Low,0.4515524520961332,train
17.88344569823824,10.320883840806216,-1421.520590628128,-4.5558901255549324,100.10024958312673,1.6927539931846776,High,1.6927539931846776,train
17.218318861349168,17.21561379044117,1036.5383218591128,2.15112169714298,99.99508987920451,1.0983474847386565,High,1.0983474847386565,train
14.990759470582091,13.43290497488448,-29.57475513760727,-0.0321832053301762,99.95280801247988,0.0532784869810854,Medium,0.0532784869810854,train
16.824778936463307,0.6380521629369234,29.63671196643342,-1.845150663064402,99.89610937144155,-0.0098758120057926,Low,-0.0098758120057926,test
16.990622363405716,0.7231280563562792,29.63670503482549,-1.880387823343972,100.03364389250022,-0.0023627808388331,Low,-0.0023627808388331,train
15.969201297350134,13.145558278998577,-29.576505675366853,-0.0799144089214211,99.99769866041856,0.0201161990602772,Medium,0.0201161990602772,train
18.43513870152151,16.58290736168377,29.6478046572142,0.1036843714596486,99.96332281115832,0.0225261004529826,Medium,0.0225261004529826,train
16.888527511204288,0.8780983515180342,29.50015024660197,-2.165837626897495,120.03331693762766,0.0893727749857089,Low,0.0893727749857089,test
17.222219528424358,8.691688511257837,-236.88825077560853,-1.4042806240429682,5.027712785197084,0.5028895654286094,Low,0.5028895654286094,test
16.29490222761051,23.0021677127132,148.00965664223295,0.4649618227174394,99.98051098343711,0.0574633602536076,Low,0.0574633602536076,val
18.04569426553898,13.112840798731254,-29.71648617736625,-0.0732634170986963,99.98711729687606,-0.0836178119377603,Medium,-0.0836178119377603,val
16.715510730751003,46.78930581891308,-1688.030588119212,-3.4426088352136435,100.06696292884732,0.4631045522798129,High,0.4631045522798129,train
16.978379793545454,13.39689264917019,-29.694917660540188,-0.1299462452729058,100.00793222299272,-0.0187502052293483,Medium,-0.0187502052293483,train
18.04740449898576,23.110879510955872,1125.3638028116263,2.081236211657896,5.050984964205183,0.9095268526227532,Low,0.9095268526227532,train
16.845580009947803,12.942056709526735,-1243.7785017007436,-3.678029935621767,99.86147487672704,1.2777313158076158,High,1.2777313158076158,val
20.2184114580396,16.7805627612776,59.28889050389494,0.1155133298970596,99.94307400292377,0.0434527005490861,Medium,0.0434527005490861,train
16.571862909600352,13.081417417730323,-88.90204334655182,-0.2747885373062083,99.94889756915276,0.0664322272061019,Medium,0.0664322272061019,train
17.797469242825265,16.862901680363937,236.8942927930557,0.6487184255294636,99.99783942853584,0.2721474202703688,Medium,0.2721474202703688,train
18.021865065175568,40.70465001605843,-2635.8193789763195,-0.6929172461128519,99.92179619921828,0.2094839317207654,High,0.2094839317207654,train
15.12500414042552,13.370107985041932,-29.6805339900696,-0.2048330211258321,99.95925564401414,0.0440268526151005,Medium,0.0440268526151005,train
17.108159750495464,13.23893853031767,-29.60230025743986,-0.1183048558252106,99.97383177453946,0.0664331202243699,Medium,0.0664331202243699,train
17.24520370141517,11.54152736365629,-1125.3746158236056,-3.5690715478601924,100.06542415631884,1.2709116914535266,High,1.2709116914535266,train
17.9849929621516,16.859696980464246,236.9547336637773,0.5412251303836765,99.98410328401046,0.2486409620502703,High,0.2486409620502703,train
19.35820426659928,16.72627610109458,236.9158214449604,0.5713910592523286,100.07319468750404,0.2405183562916157,High,0.2405183562916157,val
16.844210459247815,17.199441832933054,118.48412150366904,0.212779159601323,4.955735703002636,-0.1030742112208496,Low,-0.1030742112208496,val
17.67599501497546,9.353388067893274,-29.62676213557984,-0.1962719612423736,49.98976313528455,0.0778257712546542,Low,0.0778257712546542,train
16.0805625132376,25.30052310334139,-266.5233117888314,0.00054336778352,50.04573311168436,-0.0375524531890801,Low,-0.0375524531890801,test
16.54539893416989,22.32061074995568,10720.744770751136,-110.61708260596764,115.00723697698936,30.82440071801388,High,30.82440071801388,test
17.546288363597874,16.808312185745855,236.94416270277964,0.579479318167413,99.98786553021388,0.3020910214286201,High,0.3020910214286201,val
18.568665724515604,16.891647772460495,325.76700481528104,0.7803564057965628,99.9693136510406,0.3386354985820984,Medium,0.3386354985820984,train
16.014399548450033,18.030904922177925,1747.2651608907104,3.607797554661485,99.9700341429056,1.7676545469107154,High,1.7676545469107154,test
15.770052434391484,17.263439710883738,29.629321248512827,0.1284229052539563,5.063360583594818,0.1167230905441629,Low,0.1167230905441629,test
16.518013335054906,12.84845592991628,-29.51164953843709,-0.0651184943668035,100.01733558391288,0.1181488953534913,Medium,0.1181488953534913,test
16.736450452413262,62.07993420702267,6900.382542690105,7.007717374053387,99.9429161419084,6.214914015626749,High,6.214914015626749,train
16.01817103109646,16.89132944206948,1628.7763034305656,3.629002692150524,100.04629529426346,1.7376895821161529,High,1.7376895821161529,train
17.219451692121613,13.037153555702442,-29.730025148651123,-0.1479391268216161,100.08009860664455,-0.0008258080890332,Medium,-0.0008258080890332,train
17.989538538035706,9.520723165349215,59.2736096121387,0.4203776351036262,4.975749812620131,0.2690529089650302,Low,0.2690529089650302,train
16.611301567136646,13.449570154736252,-29.597624741569337,-0.0356785296073229,99.98413197088814,0.036499359657607,Medium,0.036499359657607,val
18.322532054384943,17.008002809062923,236.88329212153067,0.5938238272673764,99.99781482625032,0.1954611021632836,Medium,0.1954611021632836,train
17.48401033816843,16.818020168097195,236.9929759587992,0.5743065361906412,100.10055489280028,0.2766103660766149,High,0.2766103660766149,train
16.484392708688723,4.469808845469774,-266.6223896312245,-2.094899617455696,100.0022717604094,0.2076280046844907,Low,0.2076280046844907,train
17.6975699994924,18.8165938172358,59.26648192270809,0.0174513037815072,99.96535283930382,0.0642425790386218,Low,0.0642425790386218,train
18.11749149091408,21.28067387105262,118.40027112857663,0.3289052319117716,100.01520912062382,0.0251615320725876,Low,0.0251615320725876,train
20.08188879069354,19.128385185034904,88.87742072531884,0.16775227975656,100.02564910890756,-0.0480185442161041,Low,-0.0480185442161041,val
17.305900132668473,10.665067009940282,1599.2062053721106,4.697151888439195,99.980105435967,1.6987244735969418,High,1.6987244735969418,val
18.18099715414972,16.692447732274502,88.87298306470096,0.1456464636962272,99.9394395220553,0.0761266603863266,Medium,0.0761266603863266,train
17.314088340948878,13.34766813126721,-29.613544029787555,-0.0992769288034776,99.94493121226064,0.0794672252233231,Medium,0.0794672252233231,train
17.422464608599896,6.011383323227276,-118.43961235403673,-1.558841063846502,100.0671125068634,-0.0418899506596751,Low,-0.0418899506596751,train
16.777212501483334,12.002493534028414,-207.29586713310945,-0.2687986285890014,49.95909043415689,-0.0176103280982749,Low,-0.0176103280982749,train
16.909261733430277,13.384759176780852,-29.57111399466942,-0.1123104296072304,99.9615402248576,-0.010826831299778,Medium,-0.010826831299778,val
16.685454446779914,13.47995577656012,-355.2878472118979,-0.9638198169067588,49.9671878318292,0.3571720392360099,Low,0.3571720392360099,val
18.07782027068133,13.405808780828654,-1776.9618602795265,-4.688878969724192,4.972301050330056,1.3384146344664931,High,1.3384146344664931,train
16.888690284040884,12.988817330465194,-1273.4701299051414,-3.629017061038568,100.02589541462574,1.6226560021432672,High,1.6226560021432672,train
17.791723312287647,16.911095824856964,236.854083363013,0.4667475780743941,100.03427552175432,0.2455505054916621,High,0.2455505054916621,train
16.865419875568612,17.341496063657072,503.5212124691188,1.0682606806739323,49.98774900427296,0.4296095594197762,Low,0.4296095594197762,val
20.552537037703168,18.36403815795007,2132.267333724998,4.399813429642492,4.966753199025369,2.433643554371971,High,2.433643554371971,train
16.365913444673005,13.187134697673782,-88.95626016845297,-0.3071539552533693,120.0517055488723,0.0167666947711262,Medium,0.0167666947711262,train
17.223299015403274,13.107579747430178,-414.6486563109869,-1.2064411421311003,100.04644178833298,0.4415108175045061,High,0.4415108175045061,test
17.728209952895373,13.109965387355013,-414.6030110004087,-1.2400637915189254,99.97515040034791,0.3819469015875858,Medium,0.3819469015875858,test
16.812094241527486,8.32754195811225,-1006.9280117395724,-4.35296609566544,50.06105766510835,1.7140832241356228,High,1.7140832241356228,train
17.160275238486282,13.859287927207625,-148.10703276087455,-0.3785046724682606,49.95492457199587,0.1289490079696701,Low,0.1289490079696701,val
16.46233614033169,13.680269971733452,-29.69734628424997,-0.1238446328603203,99.9524546272464,0.0448481127849643,Medium,0.0448481127849643,train
16.16243879010176,13.372490965085955,-29.65798655984121,-0.0581324679833521,100.0055373649493,0.0311710462281889,Medium,0.0311710462281889,train
17.265268065210027,12.804688969794997,-29.5804938807455,-0.0358615151532603,99.90218378352716,0.0149799353650009,Medium,0.0149799353650009,train
19.228921223215565,16.77913930062256,88.91068204447922,0.2667136639792936,49.98070737696046,0.1041824166962117,Low,0.1041824166962117,train
16.919821614803716,13.457205146041565,-29.616536225524104,-0.0569296707024747,100.01218488209297,0.0066313094683579,Medium,0.0066313094683579,val
16.54825160620607,13.070245254940854,-29.66811439537144,-0.1080541436156494,100.04595679270842,0.1076105452877436,Medium,0.1076105452877436,test
17.730036452919016,6.119701462468084,1776.9089294862663,-75.04341340676459,75.04293309610348,2.179807521725346,High,2.179807521725346,test
18.098677466679607,9.691573081869407,-503.3905179161257,-1.978774436652172,4.916730157062634,0.1285695300543982,Low,0.1285695300543982,train
16.33273291128072,13.33326156366046,-29.53609900176198,-0.094714891920459,99.9739702415114,0.1030836712907825,Medium,0.1030836712907825,test
17.57862885996109,16.9870772046675,207.3333424445057,0.4194919601333536,99.969315994384,0.3632633504572635,Medium,0.3632633504572635,train
18.42758412551426,16.707200679099763,562.6914252542861,1.304138247083382,99.96334528001684,0.5305064438217625,Medium,0.5305064438217625,train
17.438143977048203,12.30521245366604,-266.5233646087939,-0.8316223584228227,49.91987158225662,0.407307183378875,Low,0.407307183378875,test
17.850879770827564,14.253383787932377,-2073.081095616574,-5.140531428897448,99.99798435984134,1.4066953632704289,High,1.4066953632704289,test
18.27373181541196,17.374682930092014,1036.543164317499,2.269555411039378,100.00116924841907,0.9940898538868808,High,0.9940898538868808,train
17.678196648042523,1.3263415115678652,-237.0057318641034,-3.188839876389073,5.021367618025374,0.9035890673128516,Low,0.9035890673128516,test
16.984104458677542,13.044725586773527,-29.60314077184528,-0.1203843279900289,100.06296302248278,-0.0007508264162066,Medium,-0.0007508264162066,train
17.785942201949517,16.8959339041415,237.00055596630347,0.4916802346576762,99.99859889610984,0.1934699807706074,High,0.1934699807706074,test
17.636768341341366,12.1269237126718,-266.6183981083606,-0.2743845214533768,49.98374830712407,0.11323271458025,Low,0.11323271458025,val
17.690534420721676,9.43459386458796,-88.89413655101998,-0.2507544549886775,50.00353449711121,0.148393965402307,Low,0.148393965402307,train
17.39236986093112,16.89374697669538,236.8876933957393,0.5156006230059086,99.95484273567436,0.6748893340771561,Low,0.6748893340771561,train
18.64296974437435,17.53275914274458,59.12826857743794,0.2876607876602503,99.99154649375976,0.1520647560613022,High,0.1520647560613022,train
16.60496528445613,13.120196043819206,-88.79955964488236,-0.2884219026271321,100.0164401686561,0.0502962634355129,Medium,0.0502962634355129,train
16.88922340567547,5.919171890207399,1836.1249436533608,-75.00059767754202,75.03028128191747,2.171639923057428,High,2.171639923057428,val
17.785221173888907,12.851982261081432,-88.91631261010225,-0.2747619910771127,119.96678501100956,0.1071728680137118,Medium,0.1071728680137118,train
17.64311637086102,0.8313208803844241,29.60149075607423,-2.139543405648198,119.96595101591076,0.0137472838973132,Low,0.0137472838973132,train
17.954116426220708,17.02997393584338,236.9143443748575,0.6310750252414863,99.99344348896064,0.2623524219975287,High,0.2623524219975287,train
17.505857110660052,13.05524420742612,-29.59097256553946,-0.1641064847328485,100.05398701508722,0.0319531342397076,Medium,0.0319531342397076,train
16.443418662686554,13.497988578114612,-29.572102641896105,-0.0800338672326042,99.990904016182,0.0465893320940468,Medium,0.0465893320940468,train
16.401937208857422,1.504080873808534,207.25301412017475,-5.394509085871171,100.0172432514446,0.2081794859489501,Low,0.2081794859489501,test
17.097939684390337,9.748541991820831,-118.4618036086978,-0.7177665391987897,50.02595046100752,0.2881479524650029,Low,0.2881479524650029,train
19.48800684554074,11.805134900419889,-29.64370338101097,-0.4574824640135059,5.02968708102244,-0.0296182818428056,Low,-0.0296182818428056,train
16.927510399820658,13.518917485015926,-29.615038553716616,-0.0596320882504138,100.0418633455456,0.054966079637632,Medium,0.054966079637632,train
16.76037823074479,11.854589831455645,-118.43081989532722,-0.3016900290101,50.0292447662321,0.0783585695553938,Low,0.0783585695553938,test
16.925119469734643,18.93649457062507,-947.7116749082496,-1.1101722502518006,99.99479144597058,0.094443429972272,Medium,0.094443429972272,test
17.898880911599502,16.827109307850538,207.3322158915388,0.5567228402660371,99.97005703459116,0.2235532081219151,Medium,0.2235532081219151,val
17.683862264326354,21.60897891528126,-177.63934160061325,0.067523083383474,100.0307251078199,0.0270822517258971,Low,0.0270822517258971,train
17.246747455146984,6.600673226082242,-118.52964380022512,-0.8327013682461708,99.95725471124516,0.0256964963069112,Low,0.0256964963069112,train
16.208630165227692,17.67546762074579,1717.64444257711,3.610578346814914,100.03916919813616,1.5959586665512973,High,1.5959586665512973,train
16.533304172623044,13.639452120534356,-29.519489184357777,-0.0611625883897111,100.0108495019208,-0.032432346519965,Medium,-0.032432346519965,train
17.005915864895226,13.72039335372038,-355.4109600482073,-0.7769079919914327,50.06201825620106,0.2807063629699718,Low,0.2807063629699718,train
18.068067654020982,17.029358080352264,207.3224081114581,0.4918258320076085,100.02207436725008,0.1929415022600238,High,0.1929415022600238,train
16.45861950277594,17.667126477068955,-59.2620497237796,-0.0767227031208557,99.94300640905324,0.2079294229263207,Low,0.2079294229263207,test
16.277595368484814,13.586105616114796,-29.649543505684026,-0.1078451710110294,99.99229361321242,0.0026278757340813,Medium,0.0026278757340813,val
19.14532482150444,17.342997450448898,1036.491110861872,2.118302059699684,100.07309935404896,1.0920553330500984,High,1.0920553330500984,test
18.01140971744049,13.578409366996311,-1243.812895148906,-3.0312811337371204,5.0388600955065375,1.339970729353897,Medium,1.339970729353897,train
16.617881478367778,23.342689715450327,-1628.887471409029,-2.0691018749533896,99.9799313184806,1.118132493154825,Medium,1.118132493154825,train
18.01451594442789,18.62017475947233,-236.9090041842944,-0.0167087175233844,99.88103094986177,0.0182389989293023,Low,0.0182389989293023,train
17.087315795558037,20.9588792517744,-2073.032531771804,-2.5068934931269795,99.96633645138331,1.7251977998200234,High,1.7251977998200234,train
18.39583620994472,16.91375491448688,325.74806017107693,0.7656839500869854,100.08316657040736,0.3160923925686922,High,0.3160923925686922,train
16.75386554126453,0.8286448003226272,29.53084729177468,-2.177291579754903,120.02290960022911,-0.031824449113019,Low,-0.031824449113019,test
18.74626825520164,19.59916579700764,207.3045187489448,0.5276340405088676,100.00627391643162,0.2789509243269835,High,0.2789509243269835,train
17.336750288644282,18.080391545788068,-1154.9350627247238,-2.00322788184052,4.948899915741335,0.2007984985945677,Low,0.2007984985945677,val
15.751833768305218,13.15582436434527,-29.531665430693373,-0.0869290850792343,99.99102800562773,0.0080637149860437,Medium,0.0080637149860437,test
19.064394960103044,19.09594007332756,1006.9165928476692,2.1757310344260468,100.03969225682904,5.925520641311548,Low,5.925520641311548,train
18.123152210034988,16.82558444363122,236.8978123391256,0.4640286824515216,100.05281827850132,0.3435213745970091,High,0.3435213745970091,train
17.460203140034924,13.669970774980516,-29.641618535290515,-0.1055524422636155,99.95559985911082,-0.0288035993117972,Medium,-0.0288035993117972,train
18.9387391681754,16.996034382609274,1006.8702810617204,2.2167978643310327,99.99898942733884,0.9794960831401304,High,0.9794960831401304,train
16.836099871236858,13.198831493961832,-29.68592334502866,-0.0490728846881303,99.98507805112156,0.0429563194124676,Medium,0.0429563194124676,train
16.453148400339547,13.109358914679136,-29.615434805792244,-0.0309395155157412,100.0053833275855,-0.0705342455069797,Medium,-0.0705342455069797,val
34.231665789490364,1.4282607308388742,177.6835111513921,-5.3915694119670245,99.9259631203451,0.1633766926431122,Low,0.1633766926431122,train
17.167045187147078,13.523505071118702,-29.55088459758886,-0.1543932230582356,99.92778108409244,0.0381605225099997,Medium,0.0381605225099997,train
17.436811785896296,13.275985210568946,-29.594054621036832,-0.1738738635102095,89.91287002010908,0.0830757476666053,Medium,0.0830757476666053,test
17.299705632803303,12.946352418982956,-1273.4966620288767,-3.651700530996862,100.05244716578954,1.1699819981670232,High,1.1699819981670232,test
16.351027758170225,13.488031724307197,-29.57001908783725,-0.1918916132174675,100.0092994159182,0.008461096786821,Medium,0.008461096786821,train
17.373214765648086,13.202273280820812,-29.65785376222384,-0.0945121422880508,99.96779470119608,-0.1050512590536434,Medium,-0.1050512590536434,train
17.50504507913987,16.790736560407183,296.24451188679694,0.6760211392109159,100.04757851294391,0.3061298538347696,High,0.3061298538347696,train
18.162685521046185,13.28892421774732,-29.663833538486887,-0.0514344026858753,100.0406181673756,0.1042175959022275,Medium,0.1042175959022275,train
17.462068064988962,15.285055690340736,29.6631762625254,0.54738635007237,99.96361660631534,0.2555396395194996,Low,0.2555396395194996,train
18.14882586235358,10.186091214654963,-355.3473042267662,-1.3709093747510326,99.92523158914544,0.8094885396389963,Low,0.8094885396389963,test
17.46413207090797,34.412951022462444,-3079.9641544101755,0.3930926180410029,100.10721887484326,-0.0557984498958301,High,-0.0557984498958301,val
17.252294511360603,15.316094775575923,-29.567213252909248,0.0262918641508585,100.02123758493764,0.0110799012788719,High,0.0110799012788719,train
17.63178765308972,17.427876687521096,1451.151893030372,3.104407244672891,4.930203912318049,2.082390662619068,Low,2.082390662619068,test
18.808490702019924,16.580217101351778,88.83271704839723,0.1713080939120909,100.013942369128,0.1047849177831773,Medium,0.1047849177831773,test
19.01846138732536,31.169200376868865,29.662121213517324,-0.0341367989054424,100.01248346865611,0.0954418811051148,Low,0.0954418811051148,train
16.347421516902557,13.473349322399388,-29.597969209556823,-0.1543364121378963,100.00491310070625,0.0202267668379177,Medium,0.0202267668379177,train
18.690679473038813,16.765963674968294,1006.9289458984864,2.255333945035479,99.95996301752048,1.022435892513652,High,1.022435892513652,val
16.283834685553852,13.638573641793956,-29.583214765245906,-0.1092021262827726,99.95497630446452,-0.0064678690192798,Medium,-0.0064678690192798,train
16.854287705640512,13.37113844878362,-29.59646788743817,-0.089946573882495,99.97364161373982,0.0173392664407721,Medium,0.0173392664407721,train
18.566370155806847,7.221151872775215,-740.3531856080897,-3.663627996080184,5.066014018095432,1.1494307518486435,Low,1.1494307518486435,train
17.56342429835392,0.7394122617419687,29.6191875459717,-1.7675652145151115,100.0091234943546,0.0437445730521045,Low,0.0437445730521045,test
16.735821958962802,21.863404122935915,-236.97769150634952,-0.2274186926583806,100.00749472997906,0.0403268215212536,Low,0.0403268215212536,val
16.434261673300117,13.29391745043485,-148.03421322426246,-0.3961338967991041,100.0288823528882,0.1541447912392345,Low,0.1541447912392345,test
17.578423063539745,17.02129455620965,1006.9558152489334,2.218782049946552,99.97956998728752,0.9762748448246876,High,0.9762748448246876,train
17.51487535651155,16.972699654847858,236.893299035372,0.6044660820892631,99.95372258531702,0.3329283062029572,High,0.3329283062029572,train
17.68085880821544,16.88073585662048,236.92071170905967,0.6011551223236308,99.9870432989373,0.2635337021550126,High,0.2635337021550126,train
17.633220507107165,6.26986356262012,1924.94528116346,-74.92357228228467,75.04491714143248,1.9428340512459144,Medium,1.9428340512459144,train
16.684904916698716,13.329648056570374,-29.67103459560977,-0.1239045264301182,99.89857941081344,0.0526540968402956,Medium,0.0526540968402956,train
16.659801404464908,13.168353800845416,-29.77032179176073,-0.0475575459796963,100.05313017133552,0.0160820727546319,Medium,0.0160820727546319,train
18.130823493293217,16.820438776071203,59.28228984601264,1.18100151261176,100.00086711322052,0.8274086435564425,Medium,0.8274086435564425,test
15.650041748604284,4.575798708338142,-503.47824451066526,-3.78207643377445,5.036890514037512,0.0014824940923525,Low,0.0014824940923525,val
18.68409613119022,17.458025893017908,1688.1866583969295,3.626846065310623,50.05726247813596,1.81136682178266,High,1.81136682178266,test
18.839146499017847,17.41499961649795,1747.2276763437378,3.5944588754831006,99.94824449218228,1.6867987665940638,High,1.6867987665940638,train
16.1966545985066,11.841583152438544,-621.9009035963714,-1.575160829729097,49.97682675457114,0.4235054418734556,Low,0.4235054418734556,test
16.50182795235978,5.562962389788071,-236.95628225421416,-2.617640323001518,4.951873880776137,0.080207951811799,Low,0.080207951811799,train
17.296106587706085,12.53520283897709,-473.9309218602253,-1.5663319474403912,100.01173622502004,0.3175871894570291,Low,0.3175871894570291,train
17.125211898072827,22.79462261557508,2369.1805600080183,4.119955400098699,4.945813122721563,0.7319135290022604,Low,0.7319135290022604,test
18.567502725594373,16.693361004522348,236.8653139283533,0.5627524800744257,99.96233242152266,0.1972216379186224,Medium,0.1972216379186224,val
18.01068841666529,16.11223937113397,1954.5988773450008,4.275423375420581,99.900180426096,2.644242144457749,High,2.644242144457749,train
17.255907417872375,0.8123583346480049,29.66281448278113,-2.0951578372921165,119.99276372723516,0.02337035531225,Low,0.02337035531225,train
16.212569276237296,13.553552406988814,-29.59117277834559,-0.046152622639814,100.04543168286928,0.016016911865459,Medium,0.016016911865459,val
16.40151265615988,13.63657471726307,-29.72852747931529,-0.0974241198844614,99.977396131344,-0.040973576242922,Medium,-0.040973576242922,val
17.169553965122795,16.64674711793137,29.533996037722464,0.1402826877253664,99.99628637685652,-0.0572388945034231,Medium,-0.0572388945034231,test
18.031288595752123,14.820167034143417,-740.4610125484102,-1.6158243700348294,5.001562099610116,1.22104331802124,Medium,1.22104331802124,train
17.48146167584573,17.429773241081683,1036.4815109659894,2.240486341227184,99.94596275735438,1.0970578449068709,High,1.0970578449068709,train
15.903697980888326,13.463557961218612,-29.588545875818305,-0.0595843790341683,99.98160664364194,0.0458022256470626,Low,0.0458022256470626,train
17.568999126487864,10.06377547430876,-651.5058947671017,-2.503290469944666,4.979048583364923,0.7091405759684961,Low,0.7091405759684961,train
16.433900721960406,22.59273055904798,-355.37004663379844,0.0123900976259763,5.070972799704385,0.0938991813603553,Low,0.0938991813603553,test
16.559275866246168,13.23505606215155,-29.529904995403804,-0.0010153405083238,99.96344435893546,-0.0088154414789549,Medium,-0.0088154414789549,val
16.839329452819268,13.218521069422753,-29.639453057061395,-0.0473584895934275,100.08142517124053,-0.0917765597154193,Medium,-0.0917765597154193,train
17.258673759564434,19.49158517483076,355.3708976754622,0.916533573257416,49.93103083654019,0.3321896024870364,Low,0.3321896024870364,train
17.975768654164987,10.118812130261537,-177.61958046639128,-0.6899465363442756,4.940342904991949,-0.0282597263825007,Low,-0.0282597263825007,train
16.923015396676313,13.27865035152851,-29.560048020526107,-0.023912496460429,100.02252353125888,0.0143004523709995,Medium,0.0143004523709995,val
17.557123737801845,16.8424487349735,236.9385485529533,0.5036965059871163,100.01247981647104,0.2717076438342566,High,0.2717076438342566,train
18.13390091454007,11.234076258561087,-947.6086300611358,-3.097555279374032,4.974568944778082,1.259560801777749,Medium,1.259560801777749,train
16.06517190684037,13.40468138936743,-29.590445811934465,-0.0736145402606211,99.98945255429727,0.0091694635712541,Medium,0.0091694635712541,train
18.396470120139785,16.87665097296045,236.9813051780914,0.5228065032813568,100.07075780087874,0.3066873891889206,High,0.3066873891889206,train
17.138163734764753,5.56520773604123,355.3799882147812,-3.104299087495335,4.986918273229549,0.1218429284348224,Low,0.1218429284348224,train
18.421318813642102,16.956292289274476,207.3103145159132,0.5077001517932748,100.0523993082094,0.2577049459122731,Medium,0.2577049459122731,test
16.927300268397264,12.989005157973564,-29.56611315892729,-0.0113205381078872,100.03087735792396,0.0608064972852912,Medium,0.0608064972852912,val
17.590529270437063,5.917567202558493,1865.742925609857,-74.9389279148561,74.94162219195086,1.8221438110782675,Medium,1.8221438110782675,test
19.67066024761415,13.053326094639363,-385.01068776677744,-1.1617884372892384,99.9660957755838,0.4339719661904173,Low,0.4339719661904173,train
17.04455817673599,9.088031779963744,-829.178896277553,-3.390243370558973,4.970785322734011,0.3397288728035583,Low,0.3397288728035583,train
18.834347904194875,21.151753246287505,1628.8693598724249,2.956675718376649,100.05216205359316,0.0067327592190678,Low,0.0067327592190678,train
16.497611268941572,17.055006265928952,236.90769019800965,0.6273992333130541,99.95826516065056,0.3185389709738153,Low,0.3185389709738153,train
17.88871899970406,15.130639348165516,385.0019592869222,0.5619080867547448,100.06101197186794,0.3698875024553503,Low,0.3698875024553503,train
17.67962514283122,12.843952168491665,-1243.863156025494,-3.614882040479236,100.01814445492788,1.375874428905965,High,1.375874428905965,train
15.994111925138684,17.56311541867753,355.38476945037183,0.8640653667181017,50.02504378646073,0.2094997498810242,Low,0.2094997498810242,train
16.969675338450685,13.33105895580344,-29.561985757967403,-0.0603663236340338,99.9165705087174,-0.0628772156408183,Medium,-0.0628772156408183,test
17.932292798656096,23.40703929654028,-385.0231288777296,-0.3751397992904519,99.96023926960324,-0.0596686550796233,Low,-0.0596686550796233,train
17.56468743244079,6.025637508107535,1925.0522901822435,-75.02222814817195,75.08194219760075,1.8101802935572164,High,1.8101802935572164,test
17.811580866436035,16.942209030054933,207.3329323526412,0.4892718692848319,99.9866639456926,0.2492945587277654,Medium,0.2492945587277654,train
15.83613321695638,20.231093962413144,6367.260856702541,11.984745130287854,49.95418227552281,5.770079463589412,High,5.770079463589412,train
15.32146774352255,13.767330250719626,-29.577815466717613,-0.0462472386190841,99.94237621452189,0.0477628486400664,Medium,0.0477628486400664,train
18.03913387191804,16.920667155689024,236.92919438711223,0.5549193209418911,100.00211428309156,0.2849058703492519,Medium,0.2849058703492519,val
17.532475832778534,16.88467107797518,236.9050961304761,0.5314648103250179,100.0092864641437,0.2861168048725712,High,0.2861168048725712,test
15.427444673069632,13.475494101182363,-29.603913178219507,-0.0391106755131679,99.95463478894442,0.0343676885988404,Medium,0.0343676885988404,train
17.574894801583827,9.933097098378322,-1154.9933576917472,-4.503964009816356,99.93351829990084,0.6432414449594721,Low,0.6432414449594721,train
17.31189852523314,13.720783574190923,177.60862616896313,0.3550546351485145,99.9389131009452,0.0388721936523513,Low,0.0388721936523513,train
16.96226583742638,16.046534424724996,1954.6400879368568,4.399163506697742,5.094192145203212,1.943076347911207,High,1.943076347911207,train
18.254232942959508,19.890220558694107,740.3850466220917,1.4657293489997474,100.05283574002851,-0.04699979440712,Low,-0.04699979440712,test
16.330353839876956,13.345805229474133,-29.653132896956752,-0.0037046849741822,99.9725973900916,0.0545268401517936,Medium,0.0545268401517936,test
19.55003132492499,22.77501857584182,118.53297196018988,0.2577328918187197,100.04621876509584,-0.0895397363645766,Low,-0.0895397363645766,train
18.07613174387446,7.624169525717845,384.8662756843362,-2.7170028019749592,49.99933954473244,0.004479143725806,Low,0.004479143725806,train
16.069636600555732,13.12611439848766,-29.62077720737991,-0.0057022822239948,99.93681269984724,-0.0020243431196867,Medium,-0.0020243431196867,train
17.51625124684282,12.982037367733994,-29.57966364000256,-0.0721467117617021,99.97323494742903,0.0124373124132848,Medium,0.0124373124132848,test
23.96898220661388,1.2325007039032068,177.7389910527091,-5.319374541247792,100.03040038781413,0.1635841148401023,High,0.1635841148401023,train
17.344142332754974,0.883183958351831,29.6205601485725,-2.246957893833441,120.00841120521676,0.0519435332692691,Low,0.0519435332692691,val
17.26103941209663,20.86959428076572,148.10349934484802,0.1517025851235185,120.06194563315296,0.0905092068398702,Low,0.0905092068398702,test
17.497798973888727,16.909544649980493,296.1314783056372,0.5793482280317035,100.0287636941143,0.2376130712147425,High,0.2376130712147425,train
16.11969012034187,60.05181336370989,1243.864701909641,-6.073736908922816,95.07767865929708,2.495431348643224,Low,2.495431348643224,train
18.86213132447487,13.271133201544991,-29.633888129607747,-0.052422558268974,99.91278773747824,0.0653558794331257,Medium,0.0653558794331257,train
18.22208246521264,17.21543290359588,148.1121824620483,0.4042418188045021,99.93802361796958,0.1470986115473138,Medium,0.1470986115473138,val
17.530921627121,13.291558115482957,-29.51961201193932,-0.1400035829001321,100.08532901537455,0.0239034106589959,Medium,0.0239034106589959,train
18.19356035021985,11.918344711872937,-799.6351402261367,-4.050197927209846,5.032695993248076,2.3139500318875887,Low,2.3139500318875887,test
16.66415703647587,13.440580301220097,-29.640650915520467,-0.1473950839511374,100.10562113020336,0.0962599225122403,Medium,0.0962599225122403,val
17.310846536126085,15.494714926936233,-118.42253184698556,0.093546167717745,100.09847535912046,0.0154166106977359,High,0.0154166106977359,train
17.144937550207203,1.412504862277356,207.2402334850885,-5.357727376314252,100.03518213060032,0.2100759992754502,Low,0.2100759992754502,train
16.9926312840367,6.284154082275939,1925.0303757620927,-74.99371246486687,75.0458337806846,2.043503818324104,High,2.043503818324104,train
17.116775554902993,13.51121763416076,-29.62096403380797,-0.2063813219360597,100.04648965711742,0.1235503122913675,Medium,0.1235503122913675,train
16.566873969151327,13.476178582842888,-29.613910219825176,-0.0605672017633547,100.0250037317677,0.0437542160367272,Medium,0.0437542160367272,val
17.28204054413421,12.125518922362264,-3761.2288192399446,-12.0189075553631,100.0791777395665,3.140825069195887,High,3.140825069195887,train
17.808641714164636,13.126592937038785,-503.3814244172981,-1.625043700963583,50.01615800939377,0.6647823531733861,Low,0.6647823531733861,val
16.651683426409612,13.069569789694748,-29.575865737786227,-0.0772995966321545,100.04203456295774,0.0242362534988408,Medium,0.0242362534988408,val
17.597263852497356,6.917427735608632,-829.2131800682473,-5.208974424217332,49.9315895854672,2.049878430552333,High,2.049878430552333,train
15.944956381210815,13.49258593840998,-29.55552321793952,-0.05064487392692,100.01066409654848,0.0245457247954659,Medium,0.0245457247954659,test
17.86727319078768,12.587383184143302,-1628.8758406086142,-5.0793668074277205,99.91166286239756,1.875155024230012,High,1.875155024230012,train
16.652980441290893,18.568920805971008,-266.4547701439997,0.0023346994919723,99.96065635043531,-0.0499014396293827,High,-0.0499014396293827,test
17.64607808552157,1.41721692833911,207.328248932406,-5.456637221571286,99.981080525944,0.2245061995869746,Low,0.2245061995869746,train
16.442200403619793,19.761424706242423,118.48231690878644,0.2691629881299109,99.98548383911393,0.0101578958376146,Low,0.0101578958376146,train
17.301258419897135,16.462457562557343,740.3408103599567,1.717457723254742,100.10553269490084,0.2277160557990407,Low,0.2277160557990407,train
18.39634839038872,16.967941377237363,207.300757930452,0.4504651430808276,99.94474297156836,0.2110863539781303,Medium,0.2110863539781303,train
17.014824120165294,13.545779144177722,-29.581906077858136,-0.142648959276272,100.00953327314986,-0.0085010719888672,Medium,-0.0085010719888672,test
16.960800801615296,18.066278972539138,1836.156220601492,3.644182417986152,100.05426711155856,1.966161660104875,Low,1.966161660104875,train
17.969980700336617,5.583859798946799,-118.41056538242668,-0.9779072934101506,49.998544529017366,0.2115740860249476,Low,0.2115740860249476,train
17.6443540673447,12.060449677627927,-1303.100928961524,-3.853069073304463,49.99066446669814,1.2785564159568894,Medium,1.2785564159568894,val
15.841687526035743,13.097748908396596,-59.21384032687986,-0.2404976803810196,99.97441172470973,-0.0123529764794282,Medium,-0.0123529764794282,train
16.614677158016196,15.741763356822824,59.28187794089914,0.0866172207038472,50.05259385127071,0.0218029762978963,Low,0.0218029762978963,val
17.000519967804774,16.736757955479735,29.59220157575698,0.1005421289422188,99.87519891173064,0.1163031836175562,Medium,0.1163031836175562,val
16.69331031893728,16.87446275514329,-148.04966622480606,0.0686191137878505,100.00113958548928,-0.0391282666654329,Low,-0.0391282666654329,train
17.419592719183285,16.654791697270774,1628.758333703959,3.6536332404537353,99.88901535952374,1.637454061970749,High,1.637454061970749,val
16.617593311520803,18.18619600688939,-444.1365801546265,-0.0186428540516669,100.06783525098469,-0.0145119630863641,High,-0.0145119630863641,train
17.270960118228718,16.888845504549632,236.9545367220356,0.5024495611659489,100.01004268917548,0.2155284454417284,High,0.2155284454417284,val
17.332583687855852,12.449364117202554,-1214.2095767823205,-3.497634025441956,99.98433249667244,1.17128516672043,High,1.17128516672043,train
17.24480285710433,13.52432940015749,-29.543804163673293,-0.0909239424264262,99.97948665153883,0.0814615004684278,Medium,0.0814615004684278,val
17.08598326086926,11.04636955902476,-918.1355075002136,-3.0892835832644137,5.024939027104217,0.4307888708672385,Low,0.4307888708672385,test
18.19353426303586,13.626352635629695,-29.63300102641212,-0.1257592480399525,99.9795746609865,0.0709203643104423,Medium,0.0709203643104423,train
15.959275686775408,13.623134065180608,-29.66031412665353,-0.1256722496686603,99.95588290515764,0.0528927626468967,Medium,0.0528927626468967,train
18.01924204840815,16.96024240727418,236.9474030009718,0.543731893944525,100.0026250957258,0.2240553896588001,High,0.2240553896588001,val
17.149791245073164,12.24706957855995,-829.2195344387188,-2.3001519445108576,49.99691043954021,0.0388425795894218,Low,0.0388425795894218,train
16.35532992897216,7.817912358784847,-592.2818696389459,-3.677549758004536,100.06483304766762,1.3089754065558408,Low,1.3089754065558408,val
16.68881017030213,1.3397122903735568,207.27846602906408,-5.407058195751691,99.99016140086532,0.1485918270507589,Low,0.1485918270507589,test
17.100803303486572,13.515470792886203,-29.611622499772302,-0.1618625677552493,100.0213628538592,0.0533720829148542,Low,0.0533720829148542,test
18.357095755570302,16.86024115231328,1006.926685467076,2.124415896229388,100.04766508529364,1.0911167368144774,High,1.0911167368144774,test
17.413000234294397,21.7450495587392,-177.6163116995967,0.0589677593266863,4.988148954638826,0.0641358334488757,Low,0.0641358334488757,train
17.205014666514703,10.211042729516016,-29.59658389720245,-0.3363030234445105,5.054500083450632,-0.0529709425644726,Low,-0.0529709425644726,train
17.925457891215032,14.151195700974004,-1806.5072197404404,-4.673940168145736,5.016466709798732,2.287077809937548,High,2.287077809937548,train
16.33306329872015,0.6978951225261133,29.59649385271392,-1.7113560727444996,99.91554590325828,0.0487652777704398,Low,0.0487652777704398,train
17.91183373559227,16.94637664423028,236.9553943234785,0.6341165890661616,99.9604029386838,0.2135877465503157,High,0.2135877465503157,train
18.111291609799785,21.745076661911227,1984.3140023770693,3.68393010992844,99.97464801434248,1.7131170547415009,Low,1.7131170547415009,train
17.94937027934149,16.976044256666242,503.5545296038989,1.0384090294117287,50.003385814253015,0.3915437038702681,Low,0.3915437038702681,train
16.21450643101681,12.951155262483589,-29.58842771199596,-0.1562375548085732,100.02722670699404,0.0716342402449774,Medium,0.0716342402449774,val
17.78986597637513,13.716857806043192,-118.50654276896924,-0.3545258042854803,4.962258675234153,0.0465685378532882,Low,0.0465685378532882,val
15.488908766695378,13.419254799908632,-29.56089904998925,-0.0876123423840609,100.02995661404272,0.0657714222847118,Medium,0.0657714222847118,train
16.693819157834582,12.43883857082161,-1717.7573642211664,-4.840189382102152,50.01190944490619,2.017140856453374,High,2.017140856453374,val
15.81357905001438,13.463499515160692,-29.626534525363027,-0.1414327039944461,100.02322636757285,0.006633942987914,Medium,0.006633942987914,train
15.808231671620751,13.139362007377718,-29.66520335153051,-0.0816231025176827,99.98034447034762,0.0032075104772214,Medium,0.0032075104772214,train
12.988867080903836,14.876454043933728,-88.84572042709519,0.0515455731741047,100.0088568954446,-0.0330302469732965,High,-0.0330302469732965,train
16.81009932773973,13.086042038332415,-29.623211571454288,-0.0045782396270004,99.99595569095057,-0.0315575281119181,Medium,-0.0315575281119181,train
17.42730116792852,13.5846739583602,-29.50138061908463,-0.0942634121456876,99.94245856111402,0.0996041135800467,Medium,0.0996041135800467,train
17.901882641492197,16.553555181640217,977.3404982804258,2.2467160924040224,99.95687385984178,0.9891925311616484,High,0.9891925311616484,val
16.859679162080138,13.00774476749444,-88.8255076107897,-0.2285583844591555,99.98099540261296,0.1655406911608636,Medium,0.1655406911608636,train
17.671098289498893,13.978676820821272,1776.9878115381878,4.449068323732095,99.96241923513436,1.5419217405150083,Low,1.5419217405150083,val
16.937959679170874,10.5912858533991,-740.3543668046373,-2.8084980255433227,4.99446258626191,0.630909360829446,Low,0.630909360829446,train
16.554724809583572,11.619374828309391,-1155.0306318730252,-3.590601208350697,99.9945282006851,1.943776694112208,High,1.943776694112208,train
17.610500198360807,13.29329002263773,-414.6222860237591,-1.1439100474506425,99.94336317372849,0.4915749216731655,High,0.4915749216731655,train
17.872289047313327,14.111604238711651,-1895.351558713811,-4.90525933993592,100.01195217549832,1.986088528717146,High,1.986088528717146,train
16.651247358442046,13.390371142867767,-88.94869700124086,-0.2944114176838127,99.9808005132388,0.1538219267730283,Medium,0.1538219267730283,train
18.61852652947189,15.602618758542844,207.3156632219449,0.2545853787388402,50.035049040196064,0.327252455883088,Low,0.327252455883088,train
17.202538287710393,13.047450008660274,-29.63277216577527,-0.0838271199682614,100.03174163612984,-0.0317012892863751,Medium,-0.0317012892863751,val
18.779379330551595,17.386892017391528,207.33693282655096,0.484911860269034,99.98262193318833,0.0803792242943524,High,0.0803792242943524,train
17.21632254145624,16.785493585576056,266.59089570844634,0.5488151297875821,100.04908577686092,0.3138321250613932,High,0.3138321250613932,train
16.404443368761033,16.286490531215975,1273.3404229694663,2.899629571988347,4.984911593423593,1.044648268308022,Low,1.044648268308022,test
17.69477110569289,1.5116248876078102,207.32181479444031,-5.4223290594556754,100.02545988936946,0.2229430697013452,Low,0.2229430697013452,val
17.07080848862752,13.73927995544245,-29.473633913164704,-0.0896369083190722,100.1061269325156,-0.0021856638822081,Medium,-0.0021856638822081,train
16.500993635119997,15.351301883346444,1480.78302727581,3.949703081207999,50.04285527198564,2.0377980945652583,High,2.0377980945652583,test
17.155774907835692,13.051904585657514,-29.58550480122073,-0.0259476379673365,99.91579510303865,0.0217999683355747,Medium,0.0217999683355747,train
16.434023052041702,4.437688342422217,-88.7913492778982,-0.9077323622456552,50.05480119590531,0.180711312314841,Low,0.180711312314841,test
18.67213517347691,16.847476676793093,1006.9323693762844,2.2529261976900936,100.04865012737112,1.0427894631300236,High,1.0427894631300236,val
17.024361308802845,13.642234211170887,-1332.6371164745626,-3.601964558377764,100.00987572290906,1.1808380436378751,High,1.1808380436378751,train
17.882806952187845,0.9148627380736908,29.67285531874365,-2.102995468334321,120.06105210592382,0.0273181524839742,Low,0.0273181524839742,train
16.478655442923763,13.260782470282368,-88.76125229738217,-0.2849680890288807,99.95090440164256,0.1508158349950483,Medium,0.1508158349950483,val
17.252344079838846,11.949800134274508,-1184.5538483780915,-3.563190073447367,99.92781917374148,1.2343543983784468,High,1.2343543983784468,test
15.136945605037557,13.355157830335733,-29.65137583520529,-0.0917205732448114,99.98079980197735,-0.0413038329337592,Medium,-0.0413038329337592,val
17.8816133140865,19.38203550282915,799.6040659537452,1.6503656063386798,4.970561149790695,1.4396406785585538,Low,1.4396406785585538,val
17.885190272925357,12.810128646943143,-385.0868780910633,-1.3162625082899615,50.062530371286186,-0.0296675657402128,Low,-0.0296675657402128,test
17.687865243596892,16.877150965356545,236.7909211382796,0.6427057586978195,99.93907973142753,0.2262614006920569,High,0.2262614006920569,val
15.859594352129752,13.152821876116493,-29.541938966720565,-0.1402956006186682,99.96744486276754,0.0106746391449361,Medium,0.0106746391449361,train
17.665536453599742,28.86299678165076,2843.059735964779,4.54038730593434,4.995466844858461,2.7907725190907624,High,2.7907725190907624,test
18.223131864844547,12.56564269778026,59.17245868380216,0.2419831953261181,50.029611128128266,0.078583294327162,Low,0.078583294327162,train
17.79317406299597,32.899068649831456,-1006.873873447704,-0.0032209997388819,99.9591553591988,1.226400211561843,High,1.226400211561843,train
17.554924748601834,18.880786161023043,236.94646432169844,0.674570686849848,50.06453777075157,0.0371322450549146,Low,0.0371322450549146,val
17.55821195875915,15.940846447569164,-29.56597458532677,0.0972118657538056,5.049913883061865,0.020277973960087,Low,0.020277973960087,val
17.740594365349494,29.653645468677283,-858.8388845339365,-0.1817742433404082,5.046685720878716,0.0909376217897527,Medium,0.0909376217897527,val
17.663800389643885,2.749802058205718,-177.70025035111397,-1.647260714555374,100.00050429157724,0.0185396774514294,Low,0.0185396774514294,test
16.38380341661389,13.450704485072803,-29.599115221106818,-0.086507168079407,100.04783116535646,0.0079736543492445,Medium,0.0079736543492445,val
18.030080281784382,17.1474851679676,325.7556435376561,0.6777081977529268,100.03452430356552,0.1178910818963451,High,0.1178910818963451,test
17.448387427869598,13.161720412252809,-29.469888564761217,-0.1698484892822598,100.09430747036724,0.0903114541393452,Medium,0.0903114541393452,train
17.830843876368064,11.38285334835512,-444.1649250831216,-0.2490974958178593,5.151088401682564,-0.02642480586811,Low,-0.02642480586811,train
16.961054094825357,16.238320914902438,-29.597248216824784,-0.2426755753714043,49.94449483506686,0.1070920503887229,Low,0.1070920503887229,train
16.553890780929574,13.72586531052829,-29.63569977423897,-0.1371589098513007,100.03152526620217,0.0362318425029114,Medium,0.0362318425029114,train
16.774282833150796,12.970974777242,-29.654003854744367,-0.1130911043085696,100.04293562519295,0.0750870601992581,Medium,0.0750870601992581,val
16.340676471644578,12.019635064722385,-1095.7937129699917,-3.3242322622187195,100.07479817766917,1.0920003602398978,High,1.0920003602398978,train
18.22940973909273,1.7098625965348129,88.85135287792214,-4.489130778178257,4.9583746667488535,0.8867181344520948,Low,0.8867181344520948,train
17.7960507758662,0.8012118781377982,29.63411753668512,-1.9362237340074064,99.94351465110356,0.0249121520910584,Low,0.0249121520910584,train
17.324482190985922,9.839097599688992,-118.41956744593816,-0.5685963659225293,49.924391721430375,0.2447899566549439,Low,0.2447899566549439,test
17.33661301347287,12.807141839206915,-1806.618099303944,-5.764255647341017,49.9904052714982,1.132244823351896,High,1.132244823351896,train
17.819043498815326,16.90409801721915,207.286639117412,0.4032251238736614,99.94493024334396,0.1801179961486757,Medium,0.1801179961486757,train
17.572860645178242,17.037870496841027,325.7565661345536,0.7558998457714868,100.07739636733704,0.3104356659643174,High,0.3104356659643174,train
17.285237395391835,19.82209151964856,829.2416483220421,1.7561052022084862,99.95763196446526,1.0307959083685971,Low,1.0307959083685971,val
16.669910110658286,15.952042811754206,-2665.369310322558,-5.365707908909937,49.9711806401985,1.732993767641596,High,1.732993767641596,test
17.44234659544793,12.494781544297366,-1776.8952052859431,-5.192170857200011,49.957817442888,1.351269734671254,High,1.351269734671254,train
17.443150410535328,16.67017644106007,236.97161142049205,0.4044559378544212,100.01843935574055,0.087493759741772,High,0.087493759741772,train
17.882964782857055,16.743121494102617,-59.179903145102166,0.0039925665008899,5.0483239579304495,-0.0274498511241651,Low,-0.0274498511241651,val
17.391459816706096,17.092935115267018,236.89765100602096,0.4960536758527031,100.08816151144607,0.2272239036008621,Medium,0.2272239036008621,val
18.21475513041992,12.693784802873342,88.81410237936123,0.5791454117560293,100.0273822587669,0.3374121352250104,High,0.3374121352250104,train
17.33242435250823,14.43744619512184,29.711857512325544,0.0622760177179498,5.118522562686637,0.0209575157494102,Low,0.0209575157494102,test
18.63433283973041,17.099604535144913,1036.5201100028314,2.148401361271078,100.0126405348989,1.0445731689970532,High,1.0445731689970532,train
16.515974480806044,9.945690769245976,-1421.562756235266,-4.779793530557968,99.94269552949982,0.7590290025116613,High,0.7590290025116613,train
19.2615169797282,18.45035676062284,88.8031434100123,0.1541936719932031,49.97963069499955,0.30161837115938,Low,0.30161837115938,val
16.536799312941167,11.347449265972823,-29.562809008421755,-0.3405094971169176,50.13317078930561,-0.079996614728534,Low,-0.079996614728534,train
15.355394966393762,13.192504226256954,-29.62470817648574,-0.1793753336645399,100.09252211657146,0.0730133446433308,Medium,0.0730133446433308,train
14.934188672923792,13.553518864022822,-29.639213580211955,-0.0890413196487211,99.9482722540792,-0.0081750263598756,Medium,-0.0081750263598756,train
16.797192818346677,13.301392055367746,-29.554005380312766,-0.0919854264403926,100.03657721124998,-0.0662214971740347,Medium,-0.0662214971740347,train
17.719848016916355,10.3937495679955,-1421.492085522766,-5.296177109770948,50.063002575613005,1.6883782785674806,High,1.6883782785674806,train
17.6462206431323,12.876559783653464,-29.67213838045016,-0.0199971579827029,99.9151550999372,0.0400118878062796,Medium,0.0400118878062796,train
17.378029379327067,12.262199931313084,-236.9506142658337,-0.6904301124212147,49.97653454092221,0.2365414330895909,Low,0.2365414330895909,val
18.87745248226388,9.830401281423624,148.02069867527865,2.4553531390584388e-05,4.921069251933429,-0.0096942480221934,Low,-0.0096942480221934,train
18.55816718376432,12.967421859147567,-29.56273701610916,-0.0919101783974392,99.96322648376204,0.0460810965876956,Medium,0.0460810965876956,val
18.32061021488769,24.812664650644777,-444.2289851075849,-0.0399318694019797,100.08643110256136,0.0656532210082613,Low,0.0656532210082613,test
15.934700939180312,12.19801398898094,-1066.1837546952634,-3.2586131564321583,99.99855610525032,1.0234219377994036,High,1.0234219377994036,train
17.013625632287876,35.487794119563254,-2694.9747135228927,-1.1629600062678689,99.96428386167128,1.194441137098396,High,1.194441137098396,train
16.744114101301545,17.23089715037458,503.4188013765926,1.2567313813825025,50.02166142074344,0.5446074333337734,Low,0.5446074333337734,val
16.648060821517408,14.285581130795068,-1510.4128454537065,-3.1687220069420565,100.10003270133858,0.4455726487268784,Low,0.4455726487268784,train
17.4967874863318,16.90471352947742,236.96009360865725,0.5845589161679632,99.96517949289787,0.2585367000822973,High,0.2585367000822973,train
17.308120995607183,16.337017878364737,1362.3342300532938,3.0488865265623057,100.03095317207216,1.5083718270919595,High,1.5083718270919595,test
16.52754417782333,13.149321656775234,-29.52881491678597,-0.0770340641648078,99.99519582009049,-0.0047079851645556,Medium,-0.0047079851645556,train
17.85587119333164,5.883927141940102,-829.2231902546183,-3.930238965417868,49.95293482804522,-0.0792750027783675,Low,-0.0792750027783675,test
16.560238859343677,13.811521045857695,118.44675624489382,0.3912686918693469,49.93924751163141,0.1634756914680959,Low,0.1634756914680959,test
16.503397494832317,12.60657683986729,-1214.2216216764295,-3.518471627711957,99.9882687031192,1.2607652560524256,High,1.2607652560524256,train
17.328401764792407,17.058467566536457,503.4485392271287,1.012296388551969,99.9876830341815,0.5618231653255445,Low,0.5618231653255445,test
16.752761506407438,1.434286816522531,177.6419352625605,-5.3850980255683645,100.0276182415958,0.1656876715394717,Low,0.1656876715394717,val
17.93978819331004,13.093574267445826,-2132.259961249939,-5.630207490497615,49.98159310068532,1.1829397886601496,High,1.1829397886601496,train
17.774263469988753,20.07931959606292,-533.096050986333,-0.0278681376452784,49.92479546215069,0.1065770985457808,Low,0.1065770985457808,train
17.017557667445576,18.22440599846684,29.63640388508764,0.1932242015128543,4.956026434780737,0.1744906421355097,Low,0.1744906421355097,val
16.27755039802152,23.34807804975704,177.68691780990085,0.6160215192101623,99.9995459160282,0.4781811128290596,Low,0.4781811128290596,test
17.021440653968888,13.11667016953176,-88.81081260415044,-0.4024760129705269,119.983892908446,0.1341397537602128,Medium,0.1341397537602128,val
18.029332721904947,13.180654335635705,-29.639160683035,-0.1271927540687497,100.01923684633392,-0.0625111101477812,Medium,-0.0625111101477812,train
18.69400205167566,17.502567275388053,1717.7712807240057,3.62698225246448,100.02601286649032,1.8018009627631733,High,1.8018009627631733,val
17.90052080880238,17.057861456691864,503.4233442905101,1.0344815352417185,50.02332456197614,0.5935619609215874,Low,0.5935619609215874,train
18.251830784999225,26.91764495040469,977.3487677982856,2.3733773532616467,50.01351957050009,17.720480419427965,High,17.720480419427965,train
16.391478263853728,13.625047293700604,-29.732252306882664,-0.1164026430648332,100.0474688068234,0.0164421241683684,Medium,0.0164421241683684,train
18.05050243699004,10.144530967825183,-947.7264436687082,-1.986279537823184,5.03257163142754,0.1555024470258323,Low,0.1555024470258323,train
17.077688719975527,13.014685685145876,-29.623353628210623,-0.0271608740750655,100.04156217190555,-0.0268983341468791,Medium,-0.0268983341468791,train
18.74964299812907,12.968521890027912,-29.64034637414624,-0.010842437356865,99.90200060980884,0.0287977273427832,Medium,0.0287977273427832,train
16.3949859321869,13.40270687205785,-1125.396137857622,-3.095663817430795,99.96464519234227,0.3644178317161105,Low,0.3644178317161105,test
17.878222173806083,16.940644199431386,384.9810624660364,0.8218791125883497,49.951988037246494,0.3847419031643094,Low,0.3847419031643094,train
17.384540576036912,14.861600382722656,-266.5812513768104,-0.7262088275454489,50.04673125400183,0.3426029400543529,Low,0.3426029400543529,train
16.938294376907795,24.221965478571896,325.7723772174415,0.686705238648523,50.10215132495519,0.0693677666820767,Low,0.0693677666820767,train
18.60156235164958,17.077655781531828,59.14278092356397,0.1602863122062574,99.99796164270748,0.1451983631742402,Medium,0.1451983631742402,val
18.062468233363703,14.01784016262294,-473.78803103237846,-1.3212134712598669,50.02332427921719,0.4475956202485741,Low,0.4475956202485741,train
16.693881938197695,13.380413245605205,-29.57980961024945,-0.1041998555738474,100.00842020164276,0.0827117856988557,Medium,0.0827117856988557,train
17.7822260348723,16.819996767143596,236.9499810729584,0.5590850286716234,99.98915032222712,0.1876600455870023,High,0.1876600455870023,train
18.43957137086945,19.30379404705221,4383.022106587291,8.319166964941989,99.8556169975765,3.9972335583492207,High,3.9972335583492207,train
16.785613033631165,0.8432340018222715,29.62740538681823,-2.2275383087983363,119.90734162892116,0.1411408308051019,Low,0.1411408308051019,test
17.715364501792628,16.923051510211234,236.98784263596312,0.5464750017511122,99.9600687678078,0.2216551872118695,High,0.2216551872118695,train
16.920195329815982,13.13008405475691,-29.458953197321616,-0.0699181835926976,100.02233626426452,0.0902598974852955,Medium,0.0902598974852955,train
17.28777630349335,13.217380559655483,-29.59144940229849,-0.0291601157232195,99.96084608417812,0.0707923348515697,Medium,0.0707923348515697,train
17.17885850794416,13.257573616947386,-29.549763786747373,-0.0284334750480293,100.00873756969008,0.012614745916339,Medium,0.012614745916339,train
16.85389266395857,19.502773063579028,5863.855047331617,11.97530993761108,99.96984393251012,6.366549206970903,High,6.366549206970903,train
16.636213170491967,13.323429433108144,-414.64702410733264,-1.1556272442327755,100.01883790552584,0.4330076750636774,High,0.4330076750636774,val
16.42288586117885,0.8048193097924985,29.564620636063992,-1.7628632750372917,99.97633180519466,0.1086738992356193,Low,0.1086738992356193,train
19.3660807907488,17.031262856852155,325.7607685405687,0.7522494868031204,100.03415988037683,0.460451994192299,High,0.460451994192299,train
18.21186464201369,8.767054462201866,-562.629723204491,-2.3147174195941664,4.960481374961276,1.108670840569948,Low,1.108670840569948,train
16.776894428344004,1.374470832110961,177.66837024259095,-5.400828850495757,100.11574075215005,0.1550454161758382,Low,0.1550454161758382,val
16.56005309828151,0.7717338463798236,29.626620115654564,-1.767038725926573,100.06792768498028,0.093982070019406,Low,0.093982070019406,train
19.70536085899777,13.26160844990098,-29.622085688301706,-0.0352695115566993,100.06524897639238,0.0566834896339467,Medium,0.0566834896339467,val
17.57631030863931,13.37040306487211,-29.6636957464548,-0.0921243972851584,100.0388597473551,0.0631114851209767,Medium,0.0631114851209767,val
17.6825091231105,16.932934391929475,207.35155407482816,0.4942442406745727,100.0294458175312,0.1707485468550026,Medium,0.1707485468550026,val
16.777937558599234,13.250318684041387,-29.59616924939184,-0.1190155639321259,99.93131575605528,0.0073745311357964,Medium,0.0073745311357964,train
17.51049541081397,13.018473433062749,-414.5902952243717,-1.1778179315087154,99.99898214393836,0.3922679476365454,High,0.3922679476365454,train
17.52664811121344,15.84267688757687,-385.014055203491,-0.3101180438123184,100.125930053896,0.1495866890459104,Low,0.1495866890459104,test
17.53436870430536,17.450226164038067,29.69895498496422,0.1921122007688399,100.08717467679789,-0.002847162842233,Medium,-0.002847162842233,test
18.12876643489729,15.706390671441218,2487.6944549343893,5.150911491312596,99.99588971548953,1.825042595127751,High,1.825042595127751,train
17.014273059856343,13.347514540696029,-29.55895671879357,-0.0841240152865218,99.97850333718203,0.0473637499666426,Medium,0.0473637499666426,test
16.921653607254918,29.04549759735628,-1717.632248773119,-0.4732125646645795,5.007968552008792,0.2490296214421637,Low,0.2490296214421637,train
16.727663227795443,72.49709161693168,16258.815188696355,11.425316004714018,99.94801934986396,3.0861718398602505,High,3.0861718398602505,test
16.779895359320683,13.68638595378445,-1332.6947568949863,-3.6043289456935295,100.01487960924992,1.214340088663617,High,1.214340088663617,test
16.28793224470565,24.05055655990934,444.2702359351002,1.0008598706678091,50.05577241056773,0.4602915893275964,Low,0.4602915893275964,train
17.549214121942843,11.715473144978358,-29.640031726079886,0.0398062767133982,49.98413831717125,1.7557573596305125,High,1.7557573596305125,train
17.155069007228317,15.78338271955911,-118.57242420769752,-0.03268403180573,99.94989975699356,-0.0361282683196631,High,-0.0361282683196631,test
16.702180364188926,13.54170854767264,-29.63164503672853,-0.1353633079970698,100.07300785825224,-0.0071967290649562,Medium,-0.0071967290649562,train
16.689655053715992,13.327168301752131,-29.55293215597377,-0.1558732174738476,99.99221982007904,0.0726132695229584,Medium,0.0726132695229584,train
16.96194673645179,18.775065394609005,4235.03345074199,8.418546755282183,99.9700772732222,4.345681710723678,Low,4.345681710723678,train
17.736172469710255,17.078197694589576,1006.9512479941124,2.166140189486152,100.0143991697688,1.012778267639722,High,1.012778267639722,train
17.73066804303,17.740261768297408,29.60758733987978,0.0789802207860095,99.97648011664133,-0.0064162231442766,Low,-0.0064162231442766,test
18.37829665770461,17.093036295793492,236.9136511632399,0.606975738723742,100.00571990041963,0.346077151339652,High,0.346077151339652,train
17.064456442995265,17.85690642029881,-1865.7902304092995,-2.814605043748508,99.98852268788336,0.6169021792819619,High,0.6169021792819619,train
17.04952797550963,16.786563146706186,236.90918398355507,0.5785801137293975,99.87611794320028,0.1928134797230624,High,0.1928134797230624,train
19.61204810348777,5.679205273984312,3168.9394502667706,-119.93331049603168,119.95183714278052,2.3800017595687986,High,2.3800017595687986,val
17.754395979235234,80.50652076233963,15607.297294334112,11.191618194853524,100.02440137429294,5.048523762167189,High,5.048523762167189,val
17.66772827697543,16.75368785611688,266.5389937310288,0.6363579134838032,99.8213590329858,0.2176621459334012,Medium,0.2176621459334012,test
16.13672028440458,14.628849731813744,384.9719935434444,0.7709935822762165,49.97010100666953,0.2101691183429062,Low,0.2101691183429062,train
18.10636932482848,16.869051281933924,88.92543673633612,0.2570905755301931,100.10540603413274,0.1039093498362674,Medium,0.1039093498362674,train
16.818842092158008,13.623722532026571,-29.640696525659312,-0.0852700365419526,99.92441653872464,0.099078204959276,Low,0.099078204959276,train
17.077135379864522,13.108615614782014,-29.64371296700968,-0.0543702081984872,100.01553629724866,0.0607143861196926,Medium,0.0607143861196926,test
17.564742135602618,13.309784638086027,-29.649455778723613,-0.032552168334421,100.01104026512228,0.0100495431315217,Medium,0.0100495431315217,val
16.352054957654552,12.035468683037374,-1806.52530473918,-4.972473320418252,49.89834378952525,1.4779114364053252,High,1.4779114364053252,val
16.56545146082524,1.301683836727409,148.0283869405609,-5.420573878230185,99.9344474313898,0.3340939904461507,Low,0.3340939904461507,train
14.92050996571446,16.03860124924142,-88.78216656845429,-0.0045098843599662,100.0434770797386,0.0794586715952717,High,0.0794586715952717,train
17.79524059579983,13.034280039819237,-29.59021692744961,-0.1103813421860668,100.03031446396324,-0.0222510279658813,Medium,-0.0222510279658813,test
16.881581726307807,13.457061559432894,-2369.234189268567,-6.140002456549831,49.96073086773585,2.633844664350917,High,2.633844664350917,train
17.414261786246776,17.06409501250275,207.34302448396969,0.4999651399531417,99.90131426929057,0.2670458116456612,Medium,0.2670458116456612,train
16.81616049699132,15.417964892177723,-59.17090430907158,-0.018741538266856,99.99570622543226,1.304215788665677,High,1.304215788665677,test
17.326407357124438,13.147078428035917,-88.83842861648226,-0.3645743573907494,100.01958678709236,0.1610786365540377,Medium,0.1610786365540377,test
17.239050640777265,13.177736077481397,-414.6312014125013,-1.312935076747132,99.9386069696639,0.4685411644631494,High,0.4685411644631494,train
18.16305734760701,16.59217724414773,88.80469374189101,0.1740620358269224,100.0053620509113,0.2585991346995174,Medium,0.2585991346995174,val
18.453201709346025,16.81433603860614,29.558526222963213,0.1258433880084481,100.032600281752,0.0870173945455815,Medium,0.0870173945455815,train
17.212020855147273,13.568604786086402,-29.66481614811919,-0.1982374212390932,100.08996892346406,-0.0490679981161802,Medium,-0.0490679981161802,train
18.32304456051249,4.118650894971023,1273.5198948112927,-47.99423954254432,60.060062959003815,1.2122153958273962,Medium,1.2122153958273962,val
16.88737315871809,12.995638428182616,-414.6199569918308,-1.25309100833514,99.91756602173524,0.3860311961383776,High,0.3860311961383776,test
16.607078794094583,34.5233963446605,-710.7723844581898,-0.0299541091267276,50.10741423572798,0.0814150850999799,Low,0.0814150850999799,train
16.635444903809013,13.318407209248964,-88.70796560007791,-0.2341648218803378,99.99949718078558,0.0787493967066983,Medium,0.0787493967066983,train
17.152004043162652,1.3955675997480266,207.2345699231332,-5.447880433068471,100.00000475706176,0.0691074263732663,Low,0.0691074263732663,train
17.564152298681964,12.33537241706376,-1658.4488526954442,-4.958046965025388,49.98585664879042,1.5324895650662826,High,1.5324895650662826,test
17.229308252115583,15.67482875261434,-29.515863508516546,0.0233283962604426,99.97419387220752,0.0852036168053422,Low,0.0852036168053422,train
17.760332282346443,12.361491828390673,-888.3573112052077,-2.655155007724977,100.04734145397912,0.4461833346347382,High,0.4461833346347382,train
17.568602188104244,9.608174298640362,-1095.7950108320572,-3.358805447443225,100.08558366313564,0.4679580715662936,Low,0.4679580715662936,train
17.074986030682116,16.800916793957246,-1480.8439720082076,-3.37562221574744,100.07926066470708,1.3111693626772376,High,1.3111693626772376,train
17.69418480265108,17.02700441339078,296.0634907689844,0.7188271331102438,100.0424611960722,0.2625122155519709,Medium,0.2625122155519709,train
18.004097454931106,4.192417906420161,1303.0412890454943,-47.96528247304843,59.90503557962657,1.3274363254222292,Medium,1.3274363254222292,train
18.99318146948364,22.662214664301263,1836.1821980400744,3.8287433242163327,50.00511243874053,-0.0624941710937128,Low,-0.0624941710937128,test
16.57318866241661,14.182584975013176,-237.02111980796525,-0.4631604795684324,100.04786792845016,0.1586670646200325,Low,0.1586670646200325,val
16.60571801822593,12.725833925947166,-177.63900753891735,-0.5616816795014818,100.0152852078024,0.8285499648243332,Low,0.8285499648243332,val
17.19689818298848,26.975400125663946,473.8172566512068,1.2796556321002808,4.964811945481668,1.688812471049692,Low,1.688812471049692,val
17.326347786278422,17.801623695490004,2073.1024749745657,4.543187662758768,50.00456408294219,2.485136649290413,Medium,2.485136649290413,train
16.693949005319823,13.568281435073963,-1658.490279911616,-5.102246230627476,49.97828225010114,1.896428339926969,High,1.896428339926969,val
16.270090432738407,13.621792222667684,-29.623052115851745,-0.0780810480581034,99.99714885713396,-0.0029293619954196,Medium,-0.0029293619954196,train
14.884144987686154,13.426333289906346,-29.633603598037684,-0.0127370574762611,100.11629826740337,0.0588397055125988,Medium,0.0588397055125988,val
18.18315354155683,17.00141974423737,236.9315581085376,0.5525618889158187,100.01231062836628,0.3403228746835393,High,0.3403228746835393,train
17.7421617392028,16.860340542601783,236.96774721167145,0.5360947136176527,99.95729361026532,0.2471228948343194,High,0.2471228948343194,test
18.17981804369996,17.18189704621638,236.8912341545157,0.5981445925793283,100.0175445654348,0.2822395188072548,Medium,0.2822395188072548,train
16.194254992979403,9.492438798628756,-1095.752352864744,-4.050295307345947,4.969820228106198,0.8005306026273599,Low,0.8005306026273599,train
17.566582339059917,18.902958655271167,-177.76764291194718,-0.0620696448701099,5.023365197328973,-0.0423701302981014,Low,-0.0423701302981014,train
16.608350688308544,12.16810614406621,-562.6816530426948,-1.8656696485308288,99.94905534044926,0.332437063835386,Low,0.332437063835386,train
18.56919509204545,11.272251526053186,-266.4823106681633,-1.1082441388617452,100.06555591436005,0.6131458607548214,Low,0.6131458607548214,val
16.524328738514974,15.393706734752527,-29.61365327595785,0.0052717950263138,49.93282654929404,0.0615566307097251,Low,0.0615566307097251,test
17.17677078689615,12.65451625492222,-1243.8317623346725,-3.6065296873727366,100.01758099723394,1.4423681929894856,High,1.4423681929894856,val
17.030093598755617,13.266182923637032,-88.69775124845302,-0.2397869073111395,100.0801664762824,0.1330748325514326,Medium,0.1330748325514326,train
17.92220332746557,11.805234570490374,-118.4952633406061,-0.3550637930622209,99.93530911370124,0.1749947728423613,Low,0.1749947728423613,train
17.828307126455027,0.7848712082796001,29.57716268568665,-1.7334232558761469,99.98637601117,0.0488577632905444,Low,0.0488577632905444,train
17.559610584590406,13.29847860208052,-29.55848678883196,-0.1467578916909659,99.9568174600765,0.0152552012271046,Medium,0.0152552012271046,train
15.669708335752604,13.19504304849457,-29.70276609957392,-0.177966065778263,99.9355707527722,-0.0393565832874134,Medium,-0.0393565832874134,val
16.06878863903406,12.993640032343146,-29.65441138759618,-0.0756910095138628,100.01235038511382,0.0954408031026272,Medium,0.0954408031026272,val
16.30063261747372,13.438188934114788,-29.70701829544022,-0.0928116653998643,100.01655923349892,0.0848554084399542,Medium,0.0848554084399542,val
16.75134165198642,17.246414186424406,5567.69991217813,12.067806483900736,100.05142620161652,13.43133954678719,High,13.43133954678719,train
16.630678227340056,13.231996050118871,-29.607306847855355,-0.090979612128566,99.99628549874916,0.0804342500897269,Medium,0.0804342500897269,train
18.07030424116753,4.603119201018688,-177.64881987620112,-1.928901797346933,5.044032682954441,1.0919144083152228,Low,1.0919144083152228,train
18.157447045065467,16.889485950919518,236.94311831410656,0.5692301085791278,99.99885806485317,0.3331265614024289,Medium,0.3331265614024289,test
18.21878405180504,15.09902320523372,-621.8188805434006,-0.0364397052074432,50.04665044693787,2.73140413786024,High,2.73140413786024,test
19.411765166144807,55.228255953693846,8203.43105295471,-24.90859418675016,60.0158616107658,10.11836717389953,High,10.11836717389953,train
17.341902977036018,16.909302590106496,29.611511309393048,-0.0240278078241607,119.99942061436248,0.0013195752622756,Low,0.0013195752622756,train
16.119415823653235,12.68751382767621,-1066.170588556573,-3.0243129189226177,100.16132599160794,1.0241720351459016,High,1.0241720351459016,test
17.212909150276726,24.420153852079213,7255.768615460679,11.966469186176848,99.99352420521404,6.07182553158327,High,6.07182553158327,train
17.39208646137043,16.82161409773532,236.9634734900605,0.4351162430521014,99.9845178326092,0.2240757406822116,Medium,0.2240757406822116,val
18.006840385197822,13.18819265243754,-29.66191878127368,-0.1052264211862833,100.05842488608164,0.0174028175308927,Medium,0.0174028175308927,train
16.291942106991204,16.81820423125458,1273.403260473988,2.909900467686597,99.94116349640096,1.2969677059444542,High,1.2969677059444542,train
16.947234127864167,13.337077366708645,-29.57996361271285,-0.1592752898596019,99.99956646138476,0.0813532124196926,Medium,0.0813532124196926,train
16.806060716358598,8.666130302958887,-592.370344074338,-2.646450701585496,4.990287198349322,1.0440966320391274,Low,1.0440966320391274,train
17.351574699870937,16.549436572624973,-177.68647221250862,0.013047863916971,100.05846678848444,1.291849363221301,High,1.291849363221301,train
18.49565085685588,17.270868380914663,1006.9775971780756,2.2034778405424293,100.03891920613763,1.0649525849784884,High,1.0649525849784884,test
17.331534148789927,16.078860864151288,-118.4635722057754,-0.8231398250820575,99.99457278115374,0.2379342315063984,High,0.2379342315063984,train
17.713115429180267,13.265283052042037,-414.5956010494514,-1.3013866338963478,100.03234071141256,0.4665877248704578,High,0.4665877248704578,train
18.421542434975457,17.50954397405972,1747.4449451390687,3.694555207532525,100.05723555273336,1.5855133116894464,High,1.5855133116894464,train
17.166759758960804,13.930935297424243,-1510.45831074863,-4.093320872187463,4.990493639239106,1.2326359679272685,High,1.2326359679272685,val
16.498890006657653,90.12747617162913,-27986.55000626574,-96.76706684205836,89.97431192866485,26.68613058648923,High,26.68613058648923,train
16.886452553280478,13.805939501082548,-29.590948719917968,-0.0857104252007855,99.97134101193764,0.036378686391262,Medium,0.036378686391262,val
18.43879034956943,17.083251704736778,236.89734318133213,0.6748589857870467,49.99669865471634,0.0339705424214785,Low,0.0339705424214785,train
16.36767654500384,10.74626531274916,-88.81222846669425,0.0286708915108792,49.92703087526736,0.0646558649583453,Low,0.0646558649583453,train
17.26655280257451,16.841333485391388,236.9144489105109,0.5934152752019646,99.98834363545748,0.2422434786530462,High,0.2422434786530462,test
18.972238122407912,16.877118510415833,207.1577171176656,0.4110603563168931,99.99621713612947,0.240856483566057,Medium,0.240856483566057,train
17.076461710509637,12.930176333114987,-1273.2867214274793,-3.546331944436097,100.06798414694649,1.2665398940172994,High,1.2665398940172994,test
16.54461642656738,14.830577536144286,-1688.0940513279202,-3.6991275499442944,4.970803551193674,1.2981635845317312,High,1.2981635845317312,val
16.542229555264413,17.35514333529167,444.1946932869509,1.0123735898006767,49.93760002820183,0.5198768673521356,Low,0.5198768673521356,train
16.988707065284192,6.444020177266232,1984.270652937808,-75.07958333716206,74.92993990446877,2.258789578306685,High,2.258789578306685,train
17.72840495339389,13.46390220844555,-29.60592740890085,-0.0940934714376107,99.9849680109842,-0.0218596744612393,Medium,-0.0218596744612393,train
18.41919659838124,13.071040335920271,-118.43416984204669,-0.4228022993264889,100.01304338349432,0.0681552059847236,High,0.0681552059847236,train
17.39045189626781,16.064863269920107,148.03978963941933,0.2987332367366761,5.009139584577444,0.2236589769371935,Low,0.2236589769371935,train
17.556590721307135,16.932706257543916,236.96920941941417,0.582114648053317,100.04012175069737,0.2384362973057889,High,0.2384362973057889,val
14.213544040243486,17.01532084316346,88.83656000533381,0.1647317073051782,100.07990951558406,0.1329649127045275,Medium,0.1329649127045275,train
16.869731906951664,0.6621015435031644,29.56960464874916,-1.848322744692417,99.954892458136,0.0297164241344301,Low,0.0297164241344301,train
17.480391028517936,16.962010845288535,207.3476020862201,0.4802613937261344,100.02309606370606,0.2939718923603555,Medium,0.2939718923603555,val
14.828803366292505,13.708753358920106,-29.61450852158221,-0.0415653698522713,100.06130356261436,-0.0180540436092104,Medium,-0.0180540436092104,train
17.684608632930217,10.296306543396655,-1332.7078495775322,-5.288852291298295,50.0263136095918,2.9406966957581786,High,2.9406966957581786,val
18.348056111715263,13.19487950242511,-29.63611655280532,-0.1081652554037874,99.92795282802857,0.1090110808989683,Medium,0.1090110808989683,val
18.7603966220734,13.24099378025602,325.81700209087,0.6846253006934298,49.98153957695911,-0.0209802769969338,Low,-0.0209802769969338,train
18.30559257702124,16.840269684388755,266.51419034205696,0.5605027702676942,99.99300321411208,0.2451801602289662,High,0.2451801602289662,train
17.130850870695586,1.4090353258899733,207.3239718744188,-5.338328036892442,100.04112960313414,0.1643016544847574,Low,0.1643016544847574,train
16.51776218389194,13.289494871792922,-29.546897745533897,-0.0572445815941771,100.0748892914949,0.0774560117707597,Medium,0.0774560117707597,val
16.131131850458303,13.159703723768006,-29.614704604277584,-0.0650176711130202,100.00272365317343,0.0904224996558605,Medium,0.0904224996558605,val
17.612695493492872,20.06327128198696,207.39398231613427,0.8755680866038132,49.96972991349974,0.5028074846645743,Low,0.5028074846645743,train
16.36364705967529,0.7087128139720055,29.6294892963081,-1.7726236383082543,99.98951159306728,0.0879061815125551,Low,0.0879061815125551,train
18.094316873067108,13.293381872672908,-29.59204337356729,-0.1244543428123237,99.97449848105352,0.074312464417511,Medium,0.074312464417511,train
17.90607053135093,13.115570954520784,-414.6013860540336,-1.242022836697129,100.04074514552714,0.3716048879291164,High,0.3716048879291164,test
17.838122228915534,16.820474271511465,503.436021226166,1.0874775284421796,49.972607813595374,0.5042162421571857,Low,0.5042162421571857,train
17.902793998212676,17.010596853976512,325.715091179642,0.7856890034528385,99.96850902967138,0.273189145965267,High,0.273189145965267,train
17.595628563250827,7.870609779621972,2398.964720846259,-99.94082138465645,105.12375249170134,22.68316456425817,High,22.68316456425817,val
14.015585582998629,16.717898357109053,59.15682431477544,0.2355556751259859,100.01049667501664,0.0954081904967269,Medium,0.0954081904967269,val
16.693174095452193,13.253220505564595,-414.59337535020575,-1.1348321092793474,100.03090561339528,0.4450710233109757,High,0.4450710233109757,train
16.945228583813545,15.618615477527513,118.42080859434428,0.330659805621442,5.048981466059745,0.0778555115852034,Low,0.0778555115852034,train
18.39233078249103,21.87588966676285,325.7544810176433,1.0589889156848848,99.9867728145932,1.6442271866826803,Low,1.6442271866826803,test
17.83362879753914,16.99752231530588,1006.843616485222,2.229253450547949,99.94448863739028,1.0709056062945232,High,1.0709056062945232,train
18.10092567861217,13.830697926246014,-29.580957846428653,-0.0651678582380446,50.00856425754379,0.0296436372129145,Low,0.0296436372129145,train
17.41723225150653,12.986893107997004,-88.83753558403959,-0.1969278866274756,100.04711273893837,0.140126712078079,Medium,0.140126712078079,train
17.607576787823174,12.89673403919719,-1214.2234899402467,-3.470517988746607,100.01145597680818,1.1995395003099394,High,1.1995395003099394,train
19.23764701606372,13.060902070370748,-29.62328024489396,-0.2025134327326826,90.06480373487383,0.0703383112779595,Medium,0.0703383112779595,train
17.39063934246497,8.045465611906804,2517.346768805988,-115.03281593602992,115.00914875559832,2.095488097293659,High,2.095488097293659,train
15.112363059579668,0.8109345400696821,29.569652469630416,-1.8482452607469348,99.99179838783992,0.0832298248700799,Low,0.0832298248700799,train
18.101872794166088,16.959592187443995,236.8852213330495,0.535383892275548,99.95245004490404,0.2731401708534332,High,0.2731401708534332,train
17.313057678245304,11.617805618678892,-1362.3071603453177,-3.918056509186041,50.02302337462293,2.198125903097896,High,2.198125903097896,train
17.403422922779914,1.3184146621001065,177.72160234878257,-5.432484001190585,99.9850699996632,0.2384919469764237,Low,0.2384919469764237,train
17.70947757720566,13.126143408806506,-29.57030057294844,-0.1090034371652689,100.02671912850738,-0.0010596996343111,Medium,-0.0010596996343111,test
18.8800946130354,13.677626234443691,-29.54352029312796,-0.0582793015014147,99.99606420803968,0.0239956065800497,Medium,0.0239956065800497,val
16.378755854904767,18.47292245780928,503.4339439000184,1.150448664689129,99.97829327638256,0.6521136738180279,Low,0.6521136738180279,val
16.77225348828924,42.66956534493835,-1984.1743415152232,-0.2128860687282789,99.9518479200428,0.0603223931162926,High,0.0603223931162926,val
17.802736474174502,16.481201923367937,-59.26176490799936,-0.0548106087128091,99.94166443195168,0.6005395674451816,Low,0.6005395674451816,train
18.767218366931715,13.352371072578409,-29.590805664917696,-0.1308937630483301,99.9864745057192,0.0090115874767662,Medium,0.0090115874767662,train
17.28491569644741,9.55749338113304,-385.0083250039434,-1.8945672357340573,4.934139757922408,0.397696911634711,Low,0.397696911634711,train
16.84901150318918,13.209930146238076,-29.678936703344966,-0.1644292900061285,90.04827877708655,0.0935295639695883,Low,0.0935295639695883,test
18.266948592094923,16.83930092908299,207.2974169714433,0.4364815805419213,100.03255625065056,0.0508855451031835,Low,0.0508855451031835,train
16.81794900934721,14.504865726950202,-29.682490166541616,-0.0322797285954825,100.00643469470393,1.0079805043735193,High,1.0079805043735193,train
18.426930268471867,0.9521873755538032,-236.8471832292959,-4.234122284918032,5.0360547225225245,-0.0139146190898974,Low,-0.0139146190898974,test
18.00680164752432,9.428757718754849,-473.8503573873582,0.0205138623060824,100.01773789929976,2.6476459595363693,High,2.6476459595363693,train
17.716863147689168,17.03020501431828,118.4059066453763,0.3369774942064101,100.04799956149152,0.0858825303841691,Medium,0.0858825303841691,test
17.096872638036174,16.85935803956349,207.30992250088835,0.4758466682340742,100.022886555724,0.1678297668741382,Medium,0.1678297668741382,val
17.23752171584099,27.45548210780511,-325.7559909264907,-0.0621819482363972,99.98988909106686,0.1287589158773153,Low,0.1287589158773153,train
17.01909950297006,12.980737242497774,-88.80853090181813,-0.3517752067169705,100.07066067955436,0.0934558975711509,Medium,0.0934558975711509,train
18.34756568560072,20.448003576476445,2013.764077139507,3.725681252718427,100.06592181027,2.2961227959871224,Medium,2.2961227959871224,train
16.774041382992966,13.152568937874536,-29.657041938525968,-0.1021402184107213,100.0140470304377,0.063711643079465,Medium,0.063711643079465,val
17.88903105480944,16.7958269192274,325.75217008480354,0.6835814504848277,50.00809093650064,0.3978642686001545,Low,0.3978642686001545,train
17.208571227312316,18.106754395703383,-1066.0936517400105,-1.700913200670043,100.03645922480304,0.5016543656906309,Low,0.5016543656906309,test
17.672244745750465,12.947377683708844,-29.63236028727596,-0.0414303234199119,100.02125543788316,0.0425954864593167,Medium,0.0425954864593167,train
18.14007210995817,12.939924549604058,-1865.771659698066,-4.802002122931989,5.026727921249492,2.591651429469662,High,2.591651429469662,train
17.981539006219325,16.669329138303393,325.7823301568143,0.7230464786508654,100.13925787895208,0.3722566268211066,High,0.3722566268211066,test
17.55614905275267,12.844530303003843,-414.5917742254208,-1.2776515068617642,100.00085936257938,0.3992230587558451,High,0.3992230587558451,train
17.654040123978433,16.99188624435119,236.90461105410856,0.5711917922727218,100.0113790110681,0.3524550115173691,High,0.3524550115173691,train
17.390236567332067,12.87540667758788,-414.6442893131999,-1.2579970271861567,99.92522845737848,0.5211356648585208,High,0.5211356648585208,val
18.068633011717527,17.021753364371882,325.7481351255117,0.803966195499277,100.09021422226888,0.3873711694834456,High,0.3873711694834456,train
17.258598042782246,8.08135983155421,-592.1385593202765,-3.0706780781981133,5.088287786652643,0.2677356888533448,Low,0.2677356888533448,val
16.41897102601775,17.140713014069494,1658.4953471270828,3.5653273300295623,100.10664486476468,1.7028660291548592,High,1.7028660291548592,train
17.959803443889342,16.928742067383524,266.5468791581295,0.607780613645642,99.9819672120635,0.2967392416609772,Medium,0.2967392416609772,test
19.5563179720472,12.708824314469444,29.66246810684985,0.1389328211298685,99.87782859134197,0.2314846757427189,Low,0.2314846757427189,train
15.95307784683196,13.418118657612952,-29.611490619681977,-0.0746644076540587,100.01667175592442,0.0398646332333051,Medium,0.0398646332333051,test
18.48764401414421,16.995569983056363,236.97004087807736,0.5154828512056386,99.97468322146008,0.2705568967639952,High,0.2705568967639952,val
17.83006916054516,21.11523993267861,-266.5660522338292,0.0005653481387929,5.013728813883436,1.9166888488110208,High,1.9166888488110208,train
17.30212411129303,0.7523937689057667,29.56710408750656,-1.8212731540315945,100.02195322670812,0.0162605681317934,Low,0.0162605681317934,train
16.354486262759263,29.192165971640726,-1688.059839400115,-0.6419366845643653,50.00670406094561,0.4154646709443698,Low,0.4154646709443698,val
17.565157234680232,13.265997505719566,-29.577966992483628,-0.1382861011421012,99.99499676188374,-0.010440375412912,Medium,-0.010440375412912,train
16.187182759641733,13.33107095228451,-29.65649579276975,-0.0812213730787156,99.92824350749324,0.0755344123510611,Low,0.0755344123510611,test
16.866420981737303,9.15801420327653,355.43787729475287,0.9574561638931316,99.96028841151768,0.0872790487137537,Low,0.0872790487137537,train
16.91165818358348,15.505594362034142,-918.0422240147516,-1.9918014584823784,100.04159361958988,0.7386269886313991,Medium,0.7386269886313991,test
16.69515411178425,13.236814300592217,-414.7252459442231,-1.2129536016858935,99.98692262919684,0.4249375814601106,High,0.4249375814601106,test
16.022894085249227,9.50534866202308,-236.92395574827503,-1.2862085414765116,99.9157808128912,0.6312689556540683,Low,0.6312689556540683,test
18.29774494305253,13.37185575164212,-1303.1424981172838,-3.608650282760067,100.04697906740184,2.9401086033986,High,2.9401086033986,train
15.730609792755253,19.542246253300107,5656.54945243052,-90.08905624066496,89.86073041747063,0.9465800312182396,High,0.9465800312182396,train
16.56891521928245,0.940641127705344,59.19339662893731,-2.1323134969748274,120.0229636894206,0.0385481645687335,Low,0.0385481645687335,val
17.22349428735779,16.425247165172962,-29.605496290851303,0.0840009086640082,50.01684073718624,0.1031472101289159,Low,0.1031472101289159,val
17.71720681673696,12.982847825105736,-414.6193374728121,-1.2043761963361572,100.0081923393278,0.4528272317793472,High,0.4528272317793472,train
18.07169642761727,16.94319178895071,236.90722406329525,0.5280394587674274,99.93059155256988,0.2152805315999211,Medium,0.2152805315999211,train
18.030127721353143,11.45336219667195,-1362.2714801835186,-4.943104915848633,49.9659297521835,1.626438115755641,High,1.626438115755641,train
17.491498554625633,13.517683810678454,-29.661668481371063,-0.0678995851674265,100.0413936666557,-0.0454908023665809,Medium,-0.0454908023665809,train
17.53727073773767,16.93100291190827,236.93976724390248,0.4760939099578625,100.0094433260063,0.2996924379852872,High,0.2996924379852872,train
16.821603546599892,13.113768391186303,-29.67715829574252,-0.1722084670462871,99.96081550914812,-0.0164705783595487,Medium,-0.0164705783595487,val
19.07876805539895,16.849743544191256,88.84173524824465,0.2006562806380281,49.98483401957592,0.2006075344165853,Low,0.2006075344165853,train
16.500776527310393,19.247007731350944,5952.691756393522,11.978262756964456,99.97821912694172,6.222200876652708,High,6.222200876652708,train
16.46246297401999,11.709126726898624,-1155.0279144271526,-3.6043943407845487,99.910836811175,1.377951005138922,High,1.377951005138922,train
16.833551038826926,7.335662814856011,-118.49425624919655,-1.1401984097361997,100.00607096395106,0.7731733111539246,Low,0.7731733111539246,val
16.753740817789133,16.9494247577824,266.53578871010154,0.7324186862928868,99.97035206128928,0.3362850092324375,Medium,0.3362850092324375,train
17.743030049382057,12.957638532305833,-414.6280728913716,-1.2091666419094422,99.98239945408896,0.4070708969484669,Medium,0.4070708969484669,train
17.675305884674547,12.378504633980024,-503.43769042776063,-2.025617697826489,50.04007169174109,0.7767664033360754,Medium,0.7767664033360754,test
17.261863460212616,20.342493813283127,-2102.6657401311663,2.75909793309868,99.9504722051943,8.587899602427674,Low,8.587899602427674,val
17.052366053610733,13.249055672372794,-29.53681608559473,-0.1412314101615283,89.97832491798947,0.1261313408643376,Medium,0.1261313408643376,test
16.71006575828896,56.69930338183151,5774.999932905716,5.573802823920182,99.99301007700667,6.295667917722374,High,6.295667917722374,train
17.353763205250093,13.045549491742497,-29.603507928616352,-0.1167729907266327,100.0473004580292,-0.0552688594599768,Medium,-0.0552688594599768,test
17.07220707029266,28.975386767253617,-1599.2779150227193,-0.1007956224632784,5.017578966124002,0.0679956926874302,Medium,0.0679956926874302,test
16.251051487175648,14.917585275518444,-148.08585616605208,-0.4903457887775944,49.97345876931267,0.0073757889671439,Low,0.0073757889671439,val
16.436865441956243,16.913848638367877,1658.4727813597883,3.572656091566576,99.80200507030024,1.6024519686409997,High,1.6024519686409997,train
17.580625420003305,16.834828920739273,207.34293180489115,0.5193272025658882,100.03797650315414,0.2477666899763807,Medium,0.2477666899763807,train
17.691951479090367,16.742269597799748,1006.9088385544436,2.279813010651947,99.97833819666684,0.1514022691065299,High,0.1514022691065299,train
17.88746253128498,17.062255184323465,236.9480239397392,0.4974347686190468,100.0445006754806,0.2269642411428764,High,0.2269642411428764,test
17.58335068585436,19.52243287748339,888.3708944181006,2.053271390722484,4.902296121678645,1.9054623401395647,Low,1.9054623401395647,train
17.65652403309809,16.856140853912095,207.3586397907554,0.610551861337068,99.96345709872872,0.231163836168424,Medium,0.231163836168424,train
17.351803549312116,21.281560758644115,1717.70202333212,3.3064486530134407,4.924596630345221,0.247880054116101,Medium,0.247880054116101,train
17.769694375604708,4.7665367744796585,-473.8318359956346,-3.143143203921342,99.97952296181126,0.0958941773579901,Low,0.0958941773579901,test
17.236991135765752,13.435483795048716,-29.58796957771316,-0.1071376541790532,99.92681890052452,-0.0019517329680513,Medium,-0.0019517329680513,test
18.370222413410257,19.954885995824625,-177.73530552414007,-0.1639435523137148,4.953168386865995,0.0563704000722982,Low,0.0563704000722982,train
17.78527740335409,1.958950258104496,-1184.5430637774823,-12.016996847956923,100.01292460717868,3.6457044058087664,High,3.6457044058087664,train
16.78882669458646,13.37083478180298,-29.59860141038269,-0.1280489129989654,100.01665590884436,0.0625406116287859,Medium,0.0625406116287859,train
16.766266642384164,13.504832874598996,-29.64475572331564,-0.0543469605690074,100.02613199775726,0.019730382630263,Medium,0.019730382630263,train
17.78467066858602,16.9701926465274,266.5935104016145,0.5554484964984372,99.97930101110578,0.2689952898029076,High,0.2689952898029076,train
17.535941218464906,10.721940113937563,-1095.724712608556,-3.5364508727340143,99.96194598330192,0.1107133014198931,High,0.1107133014198931,train
18.70086418883222,17.447648288854662,236.8487234941939,0.6168721253793923,100.10323207826336,0.3084709124396202,High,0.3084709124396202,test
17.777888287483222,17.009662409727852,236.8897136671035,0.5975866022933652,99.9588974871283,0.2729543407913558,High,0.2729543407913558,train
17.786645805410153,12.843989478370448,-414.5721530712084,-1.1042420573715317,100.0359248074187,0.4258683092532905,Medium,0.4258683092532905,train
16.625756436917683,14.80072376010868,-296.1366175944088,-0.8418080399590497,49.97946653021689,0.2744133109431549,Low,0.2744133109431549,train
16.977578069146883,37.50764954023544,-2665.419260173705,-0.8436687182353817,99.89924456809528,0.3720307073285467,High,0.3720307073285467,val
18.0292659364252,19.992443355609627,1776.8604980360485,3.491582813184106,99.90768201309317,0.6099787492110738,Low,0.6099787492110738,train
18.280840855260696,17.023828960054757,266.50915392189125,0.6742893445362244,100.01961422727848,0.3001245578772606,High,0.3001245578772606,test
17.101171310148807,17.179272733269,1658.4666131269296,3.6764680168491215,50.00868637801855,1.7278789208216472,High,1.7278789208216472,train
18.00284424111716,24.615610009181832,-917.9895636425036,-1.522691474800815,49.97146547741585,0.27061730091034,Medium,0.27061730091034,train
16.99882553633183,13.509384112850295,-29.62481045837403,-0.1104671122202025,100.03690038815894,0.0447872391011421,Low,0.0447872391011421,train
17.482718471505432,17.3117076253976,384.9150172420662,0.7552557562532103,50.01404562367647,0.5701382112023957,Low,0.5701382112023957,train
17.873797345348578,16.68181177300025,977.235197022844,2.177350578066432,99.9982301745824,1.0069993711478162,High,1.0069993711478162,train
17.418999882261673,0.7779899587114338,29.67365095547126,-1.8313891671677864,100.01599176326704,0.104107010411045,Low,0.104107010411045,test
17.64777346072806,25.27377373149815,-355.4083512214822,0.0025636741315507,99.97091659787844,0.0597100716213859,Low,0.0597100716213859,test
18.157261058408046,17.005064300260628,29.61850971843785,0.0872111481285795,99.9870194017181,0.0123980178364838,Medium,0.0123980178364838,train
18.07686198039565,16.892429630145102,236.9192574483184,0.5497122486016632,100.06397208297524,0.2538450461921305,High,0.2538450461921305,train
17.595602129988535,13.130499426997842,-414.6154440145701,-1.1682226063197088,100.0244102176658,0.4428780216281138,High,0.4428780216281138,train
17.335612894767483,13.28951464270623,-29.63299865667704,-0.0315585897757701,100.0679723941184,-0.0738244853822966,Medium,-0.0738244853822966,test
18.490351868965785,17.075116358953963,1688.0774298593496,3.4846077396257686,100.1083373469904,1.6659787946271978,High,1.6659787946271978,train
17.391435678812318,16.88667922164953,296.23893207851324,0.6590639238477701,99.96755711828652,0.3762810203761272,High,0.3762810203761272,train
18.69382339648796,13.220794149395788,-29.605237170976924,-0.1216860675963511,99.98009184123796,0.0392821779745955,Medium,0.0392821779745955,train
17.402577380125322,13.018016843889438,-414.5917597093522,-1.1906672423969238,100.0262339117306,0.3793865932595853,High,0.3793865932595853,train
17.113331589856823,19.920067074688472,6337.586307228143,11.989044345302888,99.97588468202387,6.444962294483713,High,6.444962294483713,test
16.662099948283956,16.961038153510906,-296.0257476446164,-0.3930006375149947,5.041403356394964,0.2481886733852599,Low,0.2481886733852599,train
16.93905263891439,13.19020737006077,-1303.0918816098306,-3.614297737665593,99.91728555242337,1.2807476159709503,High,1.2807476159709503,train
17.533993913442618,17.779980923059945,1066.1096464185666,2.123911228589765,100.0423745481777,0.9950998107422686,High,0.9950998107422686,train
17.786758335275643,0.7387099651299122,29.69211704946069,-1.8112890816332603,99.93348144397558,0.0627042592760395,Low,0.0627042592760395,train
17.408092608327543,13.238413375197217,-88.83510859026444,-0.2081867494504822,100.0426818000797,0.1883539371416625,Medium,0.1883539371416625,train
17.086681355208633,13.108993467442344,-88.78352981550256,-0.202975164857804,99.9311876261959,0.2381568730791218,Medium,0.2381568730791218,val
17.910746502562116,16.98249647350197,325.8006810147036,0.7220284192488888,99.97143537844885,0.3460761960933712,Medium,0.3460761960933712,test
17.951555809580622,16.196331816387485,1717.6724311063736,4.1089388946371495,100.04612179814283,2.046125707835221,Medium,2.046125707835221,val
17.380027520291456,7.961395386096428,-29.700583981589,-0.5533819010280576,50.05198055262609,0.1666713834017808,Low,0.1666713834017808,test
17.205563397152012,24.75718830617837,3257.6991326848765,5.628954368644253,49.97633871319428,3.993337715758493,High,3.993337715758493,test
16.2848922822274,13.39445592611682,-29.50505466029152,-0.0923344378358752,99.966958557893,0.0694541310043745,Medium,0.0694541310043745,train
18.06594363067345,16.52616563394326,977.2137943981407,2.190082841163127,99.96714342281824,1.0107926337578976,High,1.0107926337578976,train
17.358834570709078,6.562178271679574,2013.8854839474648,-74.96910206635589,75.03367557663917,1.9637503396689089,High,1.9637503396689089,test
18.522461095711066,13.16341568779637,-29.536464237188536,-0.0518333552011367,99.96673444747626,0.0833957380510377,Medium,0.0833957380510377,train
15.645540334960998,13.022131811822709,-29.63770662585584,-0.1323661475867283,99.99905354103598,0.0179605133660846,Medium,0.0179605133660846,val
16.342663309628453,19.573889146634546,799.6303468888099,1.6635804066829958,100.00939749547716,-0.0619382991905328,Low,-0.0619382991905328,train
17.568433014675165,13.119290481740432,-88.90144274718378,-0.3051616785167538,119.99981100075598,0.0720631569796123,Medium,0.0720631569796123,test
16.09343299470763,13.632390751401235,-29.54561347308681,-0.1778640765647441,99.98929525894944,0.0263051808297403,Low,0.0263051808297403,val
17.684006662051093,14.98937663430633,-88.8847437508741,-0.0155349800050862,50.06638100537824,1.841423523962837,High,1.841423523962837,train
16.812547074925593,22.12474195992229,-2132.350594470091,-2.035168814231322,99.97845666328608,1.3904184893643,High,1.3904184893643,test
18.05252869420475,6.226186578382907,-147.9921332335618,-1.6507283641792716,5.023579200409411,0.455760287857477,Low,0.455760287857477,val
17.829328083938442,1.5195344491791911,-88.84965912906746,-3.762012048732504,4.99444355073654,0.6906279759504408,Low,0.6906279759504408,test
17.254230004883414,11.609342890085603,-177.59342523833257,-0.7579166272793569,4.99453045063265,0.2557167200049637,Low,0.2557167200049637,test
19.0980234190976,13.01624218933422,-29.69528944266716,-0.0979171574244994,100.01723646073395,-0.0140508206702054,Medium,-0.0140508206702054,val
18.902728050742347,17.785146432332464,1747.392643963169,3.6362397254284753,99.94385381874687,1.7063879477562425,High,1.7063879477562425,train
16.835049499880565,14.25165369942008,-1540.0275061629316,-3.258698982157635,100.09401337866252,1.2499608995651852,High,1.2499608995651852,val
16.618015831624664,13.20969325907751,-59.27819047773696,-0.1967480455712648,99.9917384767487,0.0813645975012001,Medium,0.0813645975012001,train
18.31220798157412,17.363610396197924,325.78652879390086,0.7276687477776038,99.975527425574,0.3955477453353313,Medium,0.3955477453353313,test
17.093893506744624,20.02759156621621,6130.363088858024,12.03678693322064,100.0285717114399,2.936706009019657,High,2.936706009019657,test
16.476182210277347,16.986588875844507,266.44241273515,0.574787841354964,99.93850511465916,0.3290856913331334,Medium,0.3290856913331334,train
18.042473353809378,16.808494580519834,236.98113873295225,0.5621596356341978,100.04725295523087,0.2199989873201875,High,0.2199989873201875,train
17.706836173945984,13.17874251122587,-88.88097697304917,-0.2640403429684738,99.93642774979875,0.0204578717289022,Medium,0.0204578717289022,train
16.68650182284264,13.181911005037698,-29.580690701503887,-0.1512150466737954,100.00346172662476,0.0708468430122323,Medium,0.0708468430122323,val
17.373829589534576,12.94777489680122,-88.87956948271683,-0.2938121376771811,100.01354032968376,0.0172976819703595,Medium,0.0172976819703595,test
17.262855571086103,13.499182954616066,-29.561213853070413,-0.0370539666623091,100.00634253049058,0.0097461588858415,Medium,0.0097461588858415,val
17.32642104987261,13.281048993275045,-29.594850558265584,-0.0292994070884574,99.97243414014766,-0.0259223091060279,Medium,-0.0259223091060279,test
16.55651513032419,15.329794699273869,-88.85011582904028,-0.0079090044123371,50.08925115963437,0.0395546321477866,Low,0.0395546321477866,train
17.13980733671099,13.566054849802732,-29.73547989590685,-0.1058769523123617,100.08271348559394,0.1386733558678496,Medium,0.1386733558678496,train
17.623975101578317,1.333093156409002,177.71390302904513,-5.476738499112956,100.0188448198911,0.1606114571254129,Low,0.1606114571254129,test
17.484868391618793,16.926189022204582,1006.8971164735163,2.2847917217706866,100.03259545611624,1.1164601623954846,High,1.1164601623954846,train
17.50957120580752,11.208460632798458,-888.4581715902261,-2.1988796638167414,100.0401726277538,0.6936675728359554,Low,0.6936675728359554,train
16.486033609439833,10.42757798893505,266.54278296502457,0.5556836403033405,100.02744876617663,0.2522777360579829,Low,0.2522777360579829,test
17.82077331444913,16.86149851631314,236.89315666312552,0.5046269776928193,100.02773415535296,0.313029566976594,High,0.313029566976594,test
17.647708270398777,17.012681536649403,237.0495884556868,0.5713530239254742,99.9975450492994,0.3165765941335141,High,0.3165765941335141,val
15.959217936256238,16.83866118510255,414.5383504854584,0.8521491755860618,49.98227213161917,0.4479023410137529,Low,0.4479023410137529,val
16.70970083252853,17.573792046796804,503.4218079393772,1.1018092690903205,100.02098967803416,0.5117291943303877,Low,0.5117291943303877,train
17.978614932241527,17.07384720953852,29.69242306245988,0.1011820470393725,99.9803039232936,0.0225464457420049,Medium,0.0225464457420049,train
17.336325674619122,9.571432091897009,-88.85565388406728,-0.3546871482488632,100.03005605937818,0.0359845488399113,Low,0.0359845488399113,val
17.36500857195233,13.751599486153044,-29.69083943973788,0.0299108225049317,99.97661247454738,-0.016052326143752,Medium,-0.016052326143752,train
18.39110493152041,13.420017099224273,-29.59992558551503,-0.1246899929444335,100.05534092008418,0.0291784710934944,Medium,0.0291784710934944,val
17.826531569644132,27.5997677618935,888.4894146239952,1.7119371956911018,99.9657822422387,0.2308775263042833,Low,0.2308775263042833,train
16.492857175147403,13.114882314814066,-29.603788507857693,-0.0991717210422289,100.02355000276958,0.0232254390436205,Low,0.0232254390436205,train
16.099571995208294,13.53872653242325,-29.6319996659903,-0.0740935786701354,100.0077854517534,0.1046081447169071,Medium,0.1046081447169071,val
18.384676340183308,6.6755036348299415,-651.4744460553871,-3.4742243057646536,4.970191178628003,0.8694423311211771,Low,0.8694423311211771,train
15.510575450282223,12.971123318425809,-29.608319071697203,-0.0569594012500106,100.0390122502544,0.1175198295341273,Medium,0.1175198295341273,test
17.6142784186397,13.045838927760188,-29.57130761589316,-0.1318172512652832,100.07458910722832,-0.0170463085350775,Medium,-0.0170463085350775,val
17.394569480427624,13.249621897515611,-29.56430130399451,-0.1190207427284791,99.93629656333368,0.0635842342055738,Medium,0.0635842342055738,train
16.923498953360756,10.636179089742738,621.9252054861454,1.5945804068067793,100.00727289226138,0.0010819966627255,Low,0.0010819966627255,val
16.373120048885003,13.593356461038086,-29.60379820944944,-0.0986891719733088,99.97245418707244,0.0650218791201018,Medium,0.0650218791201018,val
17.587557113975933,13.352641521115109,-1362.3724049376065,-3.260471991367566,99.9841801035694,2.1847987336670043,High,2.1847987336670043,train
16.209991274433122,13.415468255187962,-29.55434626174757,-0.2569303979343524,99.98833636851369,0.0952432894530202,Low,0.0952432894530202,train
16.57001361032436,1.3453980226707472,177.71665042218487,-5.44888955334394,100.05922117613608,0.2542570922875993,Low,0.2542570922875993,train
17.595091850197036,13.174044868121072,-414.6033633289069,-1.1101589114783506,99.994461138961,0.5350630443949991,Medium,0.5350630443949991,train
16.79737717930952,11.683903378574977,-59.20684043227635,-0.3145049332313763,5.031045399140675,0.021866056747388,Low,0.021866056747388,train
17.155043061194952,13.608701681957177,-29.71369854277774,-0.0920302841628497,99.9876629563387,0.0090525755764994,Medium,0.0090525755764994,test
16.61007454774391,7.805657681071105,-621.9065235229654,-2.9960667639180274,5.063230752245008,1.0535120763664532,Low,1.0535120763664532,val
15.65625375832596,13.510608632517062,-29.646043766263908,-0.0928409301990318,100.0351447667652,0.1162437857383763,Medium,0.1162437857383763,test
16.617931861276986,12.184795215376637,-296.13730229840775,-0.9077600975299748,49.98303014952075,0.3247910290057084,Low,0.3247910290057084,train
15.153430871732269,13.730531851033504,-29.58983713648766,-0.1105455964618565,100.0154525865562,0.0696087192079663,Medium,0.0696087192079663,train
18.097635300500286,17.008313721965752,236.92940362835685,0.6157160955666263,100.03821238139192,0.2380160762545076,High,0.2380160762545076,train
15.812120666008797,13.277266432493256,-29.661336750806537,-0.0968923293233939,99.94863904937128,-0.0163350660320991,Medium,-0.0163350660320991,train
17.417015340163633,6.373783247868798,1925.029361985733,-75.04756159461213,75.02624582534375,1.6937417737169391,Medium,1.6937417737169391,train
16.794472245045576,13.027914378857176,-325.803442767543,-0.899486254448164,49.88735257016587,0.2974932188382337,Low,0.2974932188382337,val
17.96292307390777,17.083006199345665,236.97643635299136,0.545409423031482,99.9596468907844,0.1572467755833322,Medium,0.1572467755833322,test
16.28657930424956,15.68492062254983,-59.21663428915557,-0.3142049397442957,50.03095626744462,0.134078519792938,Low,0.134078519792938,train
16.61140227610839,13.386309622707245,-29.59985651085688,-0.1007188749732645,99.90418286865714,0.0698690042480142,Medium,0.0698690042480142,train
17.853690569152786,16.799328558107234,236.9383591581948,0.5388758516833597,100.01400490226295,0.1670062236734077,High,0.1670062236734077,val
17.42759472619301,16.69698127089097,236.93038473730903,0.5333891934337116,100.09507924025372,0.27614876547694,High,0.27614876547694,val
16.792706986958052,13.305962623713716,-1303.009626863486,-3.568646871842565,99.98965377222528,1.7138827668794754,High,1.7138827668794754,train
16.804836750304066,15.626215773338611,-829.2102119711436,-1.993229086620236,100.01989172355267,-0.0025316197819997,Low,-0.0025316197819997,train
18.02634065784249,17.002290479030723,236.99656515688727,0.4945100684114941,99.9300767015833,0.2834667947516805,High,0.2834667947516805,train
17.013322021383168,9.858981808137646,-533.053595816718,-1.606303567175155,99.99046912440824,0.4766067067947733,Low,0.4766067067947733,test
17.848638475444115,83.93386700718696,26002.303249324897,-74.70351492906224,74.96675038193177,3.5646818726470344,High,3.5646818726470344,val
17.62131192802689,16.96453070820863,266.50736251667126,0.6876949913201139,99.99753867710908,0.2386071969506309,Medium,0.2386071969506309,test
15.978372545267169,13.583527541012346,-29.63774268407916,-0.1398799118765546,100.06318241440538,0.0576225180966222,Medium,0.0576225180966222,train
17.651986103778107,16.681418427703345,1628.892058467348,3.609789050816972,49.98087158789027,1.7947870236420669,High,1.7947870236420669,train
16.989882862603856,10.867265689780796,414.6144470160555,3.7189179745909153,49.88503908237003,2.5916039756297167,High,2.5916039756297167,train
17.145311292340747,18.56611840053116,-266.57109417248773,0.0152780615721674,99.93291791847342,0.0351833568397992,High,0.0351833568397992,train
18.14286856275493,18.61849187356112,236.8214705067572,0.5091905984078293,50.06934433511038,0.0113662209829299,Low,0.0113662209829299,val
18.23853355827787,13.07554753099,-29.539048449817628,-0.1202825193338163,100.0350136526634,0.0526308053735564,Low,0.0526308053735564,val
17.586374921207867,13.080308779919688,-29.570692042277585,-0.1043614519693941,100.01573971342356,0.0862897325673993,Medium,0.0862897325673993,val
17.686206371001553,13.02349187383935,-414.6193807944648,-1.196807747938446,99.94161183600568,0.4477373438430905,High,0.4477373438430905,train
15.555101104918176,13.388994722950365,-29.64171632096724,-0.1274290117982403,100.00349116343396,0.10716838982324,Medium,0.10716838982324,val
17.76354735124269,13.010187058343572,-29.59172971133716,-0.0432246228789606,100.09083954217633,-0.0366048604806241,Medium,-0.0366048604806241,train
17.695262747782955,10.238344887532149,-651.422005455508,0.017308324500062,100.06386591097416,0.0561095440828939,High,0.0561095440828939,train
16.532300485314323,10.665052584120064,-88.86435016644819,0.0387028916782227,50.03120990244319,0.0172973282969522,Low,0.0172973282969522,val
16.36855982293108,13.349514228423198,-29.643313754987386,-0.184458442344929,99.95438929395232,0.0277068052386696,Medium,0.0277068052386696,train
16.95638046594976,13.042329001411415,-88.86594919321563,-0.2774689002715684,99.93310530385467,0.1568439873462589,Medium,0.1568439873462589,train
17.800655311003467,16.382249363046622,-29.64241431987625,0.0288194550288588,4.991073257870796,-0.0436292603174988,Low,-0.0436292603174988,train
17.121875885505872,5.963581597340747,1865.7513868480944,-75.05462781506802,75.0988603795062,1.9754010650042293,High,1.9754010650042293,val
17.097395635574017,12.918863313305808,-29.58227495515047,-0.0677682853781263,99.97024307299807,0.0435861767233959,Medium,0.0435861767233959,val
16.0782536528607,13.549380285279245,-29.615306512241364,-0.0447961941411257,100.04099047754542,0.0521428494408526,Medium,0.0521428494408526,train
17.82338084592881,17.048280135829614,236.902435020422,0.5163378045861298,100.046103612927,0.3026689312379927,High,0.3026689312379927,train
17.034247225370816,17.206264896210204,1036.600004963561,2.254736827940516,99.98897665592912,0.3434067449359545,Low,0.3434067449359545,train
17.323373237703066,13.484240237998002,-29.70121813556468,-0.015918708553357,99.99687088179516,-0.0011791081114595,Medium,-0.0011791081114595,train
17.386848879280297,13.358343708406675,-29.69760112517845,-0.1472807910343982,99.888083586661,0.0217275254159064,Medium,0.0217275254159064,train
17.8908986528804,16.82501233351901,266.5564698488787,0.5722797676773175,100.0429471914048,0.2126591959631171,High,0.2126591959631171,train
17.188313197341085,12.280535462727256,-1184.6317132082092,-3.7100104464698274,100.03332301894108,1.2203649908311338,High,1.2203649908311338,train
15.732173419145555,13.544731276319697,-29.626867140015648,-0.0911016376842225,100.0077780467772,0.0252898536335374,Medium,0.0252898536335374,val
16.706278149482806,5.616094551437048,-266.52124049191065,-2.1962321864905325,49.9863856522864,0.0890723492857002,High,0.0890723492857002,train
17.77421458314222,16.658112935522617,1006.8811679806184,2.1624554646304595,100.01114489618926,0.9875501887049762,High,0.9875501887049762,train
17.322766958644152,6.0158229816807305,1776.9405046446475,-75.0360729753943,75.05448357607888,1.7788101157278906,Medium,1.7788101157278906,train
17.870438011216045,16.984213819026298,236.90447134348764,0.5634382538415728,99.98443174196592,0.2827329065889155,Medium,0.2827329065889155,train
16.85601358258517,25.01164880970514,-651.4889579317772,-0.0067016435887493,99.92976071358471,-0.0398778763919333,High,-0.0398778763919333,test
18.50802322672424,11.747533533700365,-1539.9842304264516,-5.288749775379388,5.02424133837338,1.538188759809094,High,1.538188759809094,train
16.468884879674377,12.143826464943093,-1155.018132231441,-3.591897571096525,99.97364225036968,1.1839932593854785,High,1.1839932593854785,train
17.339842018060104,12.83921405477026,-88.88039446007464,-0.2567351255275649,99.98432455740496,0.065577271112226,Medium,0.065577271112226,val
16.041068226738737,13.742880689561105,-29.58829455284793,-0.1168654935498644,100.01632019312278,-0.0272957396044554,Medium,-0.0272957396044554,train
16.99401350364002,13.26802666551432,-88.85253524879352,-0.2382369859640304,100.02528559076508,0.0548014807536759,Medium,0.0548014807536759,train
16.681957624964973,12.937442973323384,-29.62528176040073,-0.1500891862425899,89.92710246429112,0.0046183662832842,Medium,0.0046183662832842,test
17.65541820749883,17.334451556754487,-681.2239642472376,-1.3236650378627886,100.02835518594934,0.8700302402340595,Low,0.8700302402340595,train
16.529299340905286,15.314083971942011,-1895.4607946822584,-4.963270071937586,100.04363499477962,1.9635351022332783,High,1.9635351022332783,train
18.398894145633403,14.779598541134034,-29.698905810750112,-0.0311815131828195,100.07388706298649,-0.0001682149529988,Low,-0.0001682149529988,test
18.83859468906805,16.48799649943194,977.3184380540182,2.2051656265360235,100.07449160127898,1.1001983519964489,High,1.1001983519964489,test
18.12146157842606,16.99026879369258,325.8122011773452,0.783582023286088,100.05520949811604,0.3379650151527781,Medium,0.3379650151527781,val
17.375139398072815,12.88469914839347,-88.8590217328887,-0.2167664863714442,100.01007894938454,0.0528922908939816,Medium,0.0528922908939816,train
16.9437731823415,13.218288503031948,-29.71025261962588,-0.1772844533818446,100.05050816868308,0.0728031233038618,Medium,0.0728031233038618,val
16.783379948038483,12.902717216919168,-29.64882444396976,-0.0432818875224726,100.00153195151653,0.0207552923235222,Medium,0.0207552923235222,train
17.506326949387343,13.298448243915736,-29.65154811050824,-0.1046405350601478,99.89565482458598,0.0665300757985951,Medium,0.0665300757985951,train
18.168633454291417,16.975219360622237,266.4783416219944,0.6190631507782903,99.94831832654708,0.3290341387804419,Medium,0.3290341387804419,train
16.861617756512608,15.26096377641623,59.2722490322977,-0.050349691089542,5.081133213273667,0.3712194537558013,Low,0.3712194537558013,val
18.843814968456183,13.1133503346856,-29.598032807858257,-0.0536838401196254,100.01598565160332,0.0927344235014078,Medium,0.0927344235014078,test
15.946560800875805,13.36984446042329,-29.628130641606862,-0.0726981987719044,100.0366741724404,-0.0432412941002271,Medium,-0.0432412941002271,val
17.46331982785909,13.716521048969238,-29.623695221174795,-0.1373787451962544,99.94387837174148,0.0978658358735629,Medium,0.0978658358735629,train
17.289245703835892,16.81634316339448,236.8684808777776,0.6795226159980562,99.99204190164114,0.2348532037452781,Medium,0.2348532037452781,train
17.720749439047353,12.822093054878946,-414.5485335287988,-1.2173160282614457,99.9861824469316,0.4102662709056853,High,0.4102662709056853,train
17.248684322932572,14.308731577877582,-29.59644777047156,-0.0929328564731101,100.0550439834232,0.0167137593116616,High,0.0167137593116616,train
17.607218846643768,0.795399818742669,29.647319562074365,-2.202332744878424,120.0381850528888,0.0860284580063251,Low,0.0860284580063251,train
17.084105923624968,6.0024536693017945,1865.774895462029,-74.98565716375096,74.98450395385596,1.9845746652741432,High,1.9845746652741432,val
15.35941171427729,13.78518801083141,-29.63946791311534,-0.0562966274291738,99.98232489537084,0.0548300818146283,Medium,0.0548300818146283,train
17.776314672580135,16.810620660614397,236.9893570529756,0.5399849970883155,99.94887204383184,0.3029119455044656,High,0.3029119455044656,train
17.85791750809831,0.7825454198176783,29.643041174121286,-1.7680143435199749,99.94890143436818,0.1270041824747518,Low,0.1270041824747518,train
16.723583731093434,13.003909176603935,-1658.4595785804831,-5.10647321629421,49.94904661910762,4.751591432394184,High,4.751591432394184,test
18.92599671974598,17.539833165854564,1036.555358129997,2.152495630640536,99.99535556253628,0.9478017105305704,High,0.9478017105305704,val
17.342478469140506,14.706615819046558,-266.5598477105852,-0.071509677519724,4.9653854756376665,0.2376805140292626,Low,0.2376805140292626,train
17.53130875139064,17.69674891205581,1066.1424404107877,2.205824757715517,99.95369332757753,1.0311825085741373,High,1.0311825085741373,test
18.76113242258729,12.872244774745038,29.650281213720923,0.0323608741798638,4.996975728068472,0.092049239145679,Low,0.092049239145679,train
17.618857875383974,18.777957406615084,-177.68231884948986,-0.0011201011325761,5.101329568592175,0.0270236557154751,Low,0.0270236557154751,train
17.48270762521423,10.067249326159532,-651.57670971022,-2.5283579086092938,5.044106657974792,0.5086464510870932,Low,0.5086464510870932,train
18.220089186715303,16.7580326242094,266.5451272733312,0.4748725600071719,99.88317655411883,0.215825721600477,Medium,0.215825721600477,train
17.636937325065954,17.968812306872902,29.610426834619247,-0.0072374476307894,49.9982731455048,-0.0592927101603664,Low,-0.0592927101603664,train
15.995279854593292,13.111868071999922,-29.626075579509106,-0.1033730624388696,99.91915285233836,-0.0032170399392716,Medium,-0.0032170399392716,train
17.319724584586435,18.079649562089383,-1154.9950275789115,-2.045627956668512,4.878646562092112,0.1080698933042433,Low,0.1080698933042433,train
15.99318787841977,16.734847129935588,414.60184498185833,0.9342902550442046,49.95777729223036,0.4343355225111949,Low,0.4343355225111949,test
16.75419159973078,13.476617230393176,-2369.2132806533705,-6.128761921712885,49.93438307482744,2.58339180805665,High,2.58339180805665,val
18.78030342521751,13.207354750923075,325.7402159843156,0.5829478443795595,49.98392641537743,0.112182590895643,Low,0.112182590895643,train
17.55283556059867,13.219273424325978,-29.69820130163056,-0.0321390870052659,99.9602716459782,-0.0981210694422696,Medium,-0.0981210694422696,train
17.884425468555435,1.4422604049558128,-88.84140222649,-3.782007178797896,4.994114674165053,0.718208199945509,Low,0.718208199945509,test
16.5125115109759,12.221548987344724,-1599.2699807414149,-4.735201760109352,100.0113979095774,1.2305593417898952,High,1.2305593417898952,val
16.917594175660938,13.24133525243149,-29.55982204935644,-0.0485659771064808,100.00722435236604,0.0099073329009486,Medium,0.0099073329009486,train
16.698288680023737,13.238917237491917,-29.69993950291633,-0.1959915387200029,99.98380549208994,0.011122178427601,Medium,0.011122178427601,val
17.99602120416397,16.89856492135476,325.7544151700331,0.7056983286007157,100.00925118768748,0.2682897741501584,High,0.2682897741501584,train
18.92482987542402,21.073150488685627,1628.8973748525295,3.042653293933956,100.03588079282665,0.0673725370080974,Low,0.0673725370080974,train
16.936525318722854,6.551385693961505,88.91442380746338,-0.0536858403497103,100.01922404246989,0.4178062884672433,Low,0.4178062884672433,train
16.38950356969387,12.85139404549458,-88.83881933534524,-0.2801072934807139,100.03677344372404,0.0854609653321844,Medium,0.0854609653321844,test
17.628633974668475,16.756971530851892,88.89571064952835,0.2241934094443934,100.0428007201954,0.1049922443136963,Medium,0.1049922443136963,train
16.642794112901157,13.409409595822774,-29.656996707712324,-0.1093610352108012,99.98287699550944,-0.0096903322607101,Medium,-0.0096903322607101,val
16.50570694308003,34.503541249101474,-710.7642603691071,-0.1034049238841221,49.97912390974182,-0.0354760554377526,Low,-0.0354760554377526,val
17.05519308611888,13.310420578093517,-29.65594722470531,-0.1224004972226069,99.9601974598405,-0.0820414870893772,Medium,-0.0820414870893772,train
17.48108574404815,16.93153254263188,207.37561739071583,0.5067372924665866,100.03309365856384,0.1731987943429282,Medium,0.1731987943429282,test
17.14225259327458,13.20925542058617,-29.5866414164248,-0.0923889235511756,99.95607853987748,0.1150754568316411,Medium,0.1150754568316411,train
18.2399010004782,17.1978069879645,1036.503912844991,2.131827054456419,99.97245186594742,1.0411264434227756,High,1.0411264434227756,test
17.40486105732754,13.692478717910246,-29.58397244300545,0.0446626203808754,100.04344475652432,-0.0459211423305085,Medium,-0.0459211423305085,train
16.689232392430043,12.882536797327395,-1925.032354492424,-4.986229628968561,100.05401979993584,1.640708481267229,High,1.640708481267229,val
16.80778440185434,16.895061917386794,266.4703328930101,0.540739305953124,99.9558863820208,0.3051048899150825,Medium,0.3051048899150825,test
16.034695485317954,20.131489896708715,-177.71344233921363,-0.0188658778171051,100.06916329855214,0.0961704267940256,Low,0.0961704267940256,train
18.07073554673505,16.901713765969035,236.7977284195912,0.546121439920185,99.99483243645884,0.2908961819687167,Medium,0.2908961819687167,train
17.178403491094304,17.886440831793703,1747.275376682715,3.534635590490842,49.98604641888841,1.790977856376564,High,1.790977856376564,train
17.761129421225185,17.691353172360607,29.595255837573628,-0.0112912460699655,99.92900803771838,-0.0204325210983561,Low,-0.0204325210983561,train
16.008611397219408,13.235562678896027,-29.72205506402454,-0.138844632817824,99.97482298110064,0.0330881561267433,Medium,0.0330881561267433,train
16.46512634271913,16.67619236248557,799.5914052735618,1.8541860172923343,100.0901935412521,0.8453801720203663,High,0.8453801720203663,val
19.18722646795807,13.148807896169002,-29.68997439367842,-0.0910616056488892,89.94907633040715,0.0797817495500568,Medium,0.0797817495500568,train
17.49035959244982,6.328910884636101,1954.67346281524,-75.10480512388817,74.96402936386168,1.8379451741040351,High,1.8379451741040351,test
16.999795628441817,13.5154124896568,-88.76184133815204,-0.2757270014100469,99.99462334594608,0.1223469610507654,Medium,0.1223469610507654,test
17.5465452038267,13.259816645305412,-29.65644258817234,-0.0703658483844145,100.14371605399997,-0.04381547448249,Medium,-0.04381547448249,train
16.72026859229026,13.731955157489406,-29.701850757171787,-0.1241015069039757,100.04901972861376,0.0170514565034004,Medium,0.0170514565034004,val
18.291987746074604,16.960124627343095,236.90157951505333,0.6763024721572087,100.01310115443027,0.1903885038204917,High,0.1903885038204917,train
15.6874947919549,19.50488565422297,5804.650035676199,11.938762858254597,50.04944089863248,6.416096388241873,High,6.416096388241873,train
17.33398166234961,16.8081836565724,236.9164444393849,0.6021707403134169,100.00406289290646,0.3250327140236446,High,0.3250327140236446,train
18.086471861107785,16.86934441452773,88.82914155788815,0.2141142526510936,100.00394198683428,0.1558300507940357,Medium,0.1558300507940357,test
17.083680116074046,13.402204564747285,29.68766643469879,0.1262734204168359,4.909827941912246,-0.0326463728413565,Low,-0.0326463728413565,train
16.96561807602207,13.478511898532703,-29.57017711624677,-0.0289632150080983,99.94647288439754,-0.0271893105837391,Medium,-0.0271893105837391,train
17.989327328372767,19.78395755497164,2043.437235207903,3.834969160518576,99.94650618087408,1.3248152304526517,Low,1.3248152304526517,train
17.670399622081483,13.083941460703745,-29.61491110124627,-0.0130376206060304,99.97875112841956,0.0790395078198535,Medium,0.0790395078198535,test
18.3720845319068,16.453704510000776,977.3345064453932,2.219290041516302,99.9765863379654,1.1044750631668667,High,1.1044750631668667,train
17.657763067556147,11.941186468036475,-1303.120247151743,-3.8253806660547154,50.01218999779572,1.1320905094524336,Medium,1.1320905094524336,train
18.13210295400095,17.041024834086734,29.6032410443013,0.1125564610180026,100.0040632782196,0.101967847385272,Medium,0.101967847385272,train
16.55413203603177,13.056010299224944,-29.72953906196829,-0.1399554044625021,100.0922020333864,0.0657985225518927,Medium,0.0657985225518927,train
17.636087618568684,17.094005204363732,207.28066611470445,0.4790938472876843,100.02557186375402,0.2026478046577014,Medium,0.2026478046577014,train
15.987927466559643,17.98268725171152,1747.3978186263184,3.58278045354236,100.02347841671822,1.7567762400580564,High,1.7567762400580564,train
16.675541816288746,12.124295134875496,-296.0790462638548,-0.8757786706032649,49.96591297506985,0.3517565658714569,Low,0.3517565658714569,train
16.481532387355,20.43065471432306,118.40479120929804,0.3593540877028011,99.91657221644208,-0.0411905798039063,Low,-0.0411905798039063,train
17.196840417272462,16.29642368137838,-29.657914364796856,-0.1290573108701001,99.97462038147144,0.1095659631570328,Low,0.1095659631570328,train
15.244135212978335,13.606081182935856,-29.655877489307706,-0.0749654461795601,100.02232040692436,0.0924849904719183,Medium,0.0924849904719183,train
16.16779719373915,29.1391017330218,-888.5179397555372,-0.0630574072094261,50.042905402541145,0.0605970060419016,Low,0.0605970060419016,test
18.02282490172724,22.226198050139185,-2073.140290403961,-2.9013348125904264,50.02314103054934,2.0156207739465746,High,2.0156207739465746,train
17.34542792155458,13.252445185640411,-29.713088046673047,-0.185773392619071,99.94756019053962,0.0672938923074792,Medium,0.0672938923074792,train
17.923205099352515,11.326075679323685,-473.83897190328696,-2.571974925431881,4.963775368873769,0.1274102425419575,Low,0.1274102425419575,test
17.045820491710437,81.51516580957932,4323.833216408314,-10.607882499966868,49.977465867525794,0.0301541854602327,Low,0.0301541854602327,val
15.916440561295072,12.030727760327558,-1006.915928378188,-3.1177483364276752,99.99677612116707,0.9661907767221664,High,0.9661907767221664,train
18.05082481755186,7.239083549801691,-355.4660855016087,-2.370124393863414,50.02255472750936,0.7280679814299913,Low,0.7280679814299913,test
16.69195301160074,17.272366505992114,236.9304916643933,0.62319016481916,99.9720914412094,0.2858863572307537,High,0.2858863572307537,val
15.516470519066212,15.084568783978936,29.542227981458435,-0.0025110425520443,99.94299777223064,0.1254084030312627,Low,0.1254084030312627,train
17.52742368014018,13.74390589252285,-2102.67418353784,-5.476109112920319,50.04241071749006,2.0160267197778183,High,2.0160267197778183,test
17.10115717709619,13.601103741133931,-29.63518336815131,-0.0020450535788342,99.9421605631151,-0.0296809340497793,Medium,-0.0296809340497793,val
16.912115849754066,13.513242458506303,-29.67263225071158,-0.1454306379428906,100.03959526092548,-0.0290402702909212,Medium,-0.0290402702909212,test
18.379329075795496,16.95375064358614,236.88193069596844,0.6222365070525896,100.07362854762268,0.2999772154691521,High,0.2999772154691521,val
16.97650344491424,13.23116519514442,-29.627325079386445,-0.1692605081816776,100.04379981038772,0.0734777671501362,Medium,0.0734777671501362,test
16.730614899603506,18.93202165551751,592.2111465446196,1.2253909355435908,49.96328058900086,0.0882623840548522,Low,0.0882623840548522,test
18.114640667815383,13.352647213427648,-29.652916337275293,0.0120536740125005,100.04734802839933,0.0827895362740544,Medium,0.0827895362740544,train
17.00211368496616,23.78734004250036,2843.0323009715644,4.717026499416369,5.085963305524412,1.5430942373379288,Low,1.5430942373379288,val
18.38446625498296,24.77252591376857,-444.2032041691729,-0.1205672420582185,99.97276760331926,-0.0129003481905903,Low,-0.0129003481905903,train
17.65874915223734,18.10459314963392,88.83791221321295,0.73927259405385,49.986525687741874,0.0423501875509934,Low,0.0423501875509934,val
16.43104270081832,16.824543867740676,236.89604205780583,0.5187373537635096,99.9676668591521,0.2686468914533853,High,0.2686468914533853,train
19.117203116055546,47.76353195678142,-14511.541198668809,-48.53608575930145,49.961894040961056,13.357651403544066,High,13.357651403544066,test
16.281751100015125,17.41368570707469,1747.38389352492,3.6179493096499593,100.00112032463348,1.6333589744380637,High,1.6333589744380637,train
18.32342900938442,12.991714683390564,-29.602073892299604,-0.07833843658567,100.010103423361,0.0332814801942749,Low,0.0332814801942749,train
17.537765661991042,6.719652624893241,2013.9424472386645,-74.95883334329025,75.0716150399964,1.7275508682797582,High,1.7275508682797582,train
16.796516074770466,24.94405626769476,-651.5661905057696,-0.0583953997814824,100.0236186102428,0.0742374471971347,High,0.0742374471971347,test
17.104262993421937,19.95109615289948,6130.38531452196,12.055695396336096,99.93101695951002,2.9650135960737267,High,2.9650135960737267,test
17.476473287574592,12.86574238105372,-1243.793551115045,-3.559746345938803,100.00613326075488,1.330501805601409,High,1.330501805601409,train
17.237781765380728,12.974911000630891,-29.637461253914907,-0.0672640738093542,99.94866066156162,0.0453573103302664,Medium,0.0453573103302664,test
16.983093266039266,13.684056192575008,-1332.6909465319443,-3.610686788629332,99.96469441925996,1.2986042994828002,High,1.2986042994828002,train
17.720121173170877,9.219255646908016,-29.57295677875282,-0.3587928072543466,4.922695736353823,0.1751420647543233,Low,0.1751420647543233,train
17.324615511187258,12.999669398784658,-414.6057571998052,-1.217952555654508,99.91581106159538,0.454821534869719,High,0.454821534869719,train
17.30936757366852,21.65031207552673,-177.66185416050283,0.003277914825792,5.02819984551559,0.0667685103184724,Low,0.0667685103184724,train
16.91470985984563,15.27585560771468,-59.224452702402886,-0.0278068209603563,100.03033842266412,1.2685203723270384,High,1.2685203723270384,train
17.461522358341174,18.57370649982174,-118.46316646427032,-0.047486847712382,49.97304433076469,0.0992796341317367,Low,0.0992796341317367,train
18.188538743068705,16.779745231224904,266.48682759714484,0.778127623531077,5.035717242924987,0.4041579111345122,Low,0.4041579111345122,val
17.387514895549884,15.331935866366535,-88.92717123532108,-0.0492595881107855,99.94888461539637,0.0846449232830212,High,0.0846449232830212,test
17.106163574394543,24.65876099242812,-592.2211807229112,-0.0995819622998647,99.92268273182722,0.0619996357782044,High,0.0619996357782044,val
17.966252025704403,16.885245167071314,266.46827500546954,0.6503501517888136,99.96930946594394,0.3768743084731775,Medium,0.3768743084731775,val
18.167283979347022,10.53345553165518,-1006.883958389378,-3.775517728010517,4.931453268872897,0.3316374206422402,Low,0.3316374206422402,train
16.16696415146099,13.16313598193125,-29.59972092675126,-0.0522132543473126,100.03014552769284,0.0512839468885901,Medium,0.0512839468885901,train
16.17504564415806,17.46366589600457,1717.7510103376203,3.553198511438119,100.0648907694587,1.0575624822812155,High,1.0575624822812155,train
17.337666733109934,12.996963512832224,-29.64640506994056,-0.0779630707260654,99.94471990095278,0.0030034209118805,Medium,0.0030034209118805,train
17.710599113837695,16.9014275458874,236.9351635007656,0.5202074309965229,100.01157390237827,0.2694151515425454,High,0.2694151515425454,train
16.7343227225686,12.948681892750956,-29.65471114103825,-0.115388654391961,99.93096667904295,0.0277304178095678,Medium,0.0277304178095678,val
18.003762681937733,14.370346256218395,-1836.1533111918504,-4.436285941564268,49.96602025501095,0.9757164205498572,Medium,0.9757164205498572,test
18.65163295560397,21.12707830526148,414.6115839503756,1.65160666295546,99.9090717224061,1.9844753852791848,High,1.9844753852791848,train
17.73526461599841,2.7872580235919093,-177.7636767571236,-1.7054044017978902,99.90995176437056,0.068683890977791,Low,0.068683890977791,train
18.010490319782836,3.842879695971935,-207.34276088303093,-2.1458977497238414,4.991739353869428,-0.0347349073365689,Low,-0.0347349073365689,train
16.647466682426625,14.830341211310696,-296.09841074829654,-0.8257480638716268,49.88097178733246,0.3480574776876476,Low,0.3480574776876476,val
17.37055664158024,17.217902295552605,1273.3773873310404,2.8103169521066333,100.03996268582388,1.2969273895686717,Low,1.2969273895686717,train
17.946702445461625,11.68964328920164,-681.1446564897136,-2.307241872562192,99.99786387664275,0.6219821581936246,Low,0.6219821581936246,train
17.965376782196017,5.391303600499412,473.8981913390413,-3.344720853462897,49.99118842117107,-0.0266574170524493,Low,-0.0266574170524493,train
18.75358799325776,15.9157295822914,88.90885058708096,0.2158865159119705,49.87098849987394,0.1030217551598614,Low,0.1030217551598614,train
15.810698378268068,9.523406388235664,-829.2059006878917,-2.919816378611805,4.99483246751471,0.5533743852834812,Low,0.5533743852834812,train
17.47967009642087,1.4371873585949524,177.7574972549047,-5.409085255468156,100.001270027004,0.1071581893020422,Low,0.1071581893020422,train
17.510507368778082,13.336891327803375,-29.64009029946908,-0.0877112238937028,100.01224090244196,0.0478585435751936,Medium,0.0478585435751936,train
16.95678038968128,13.480540036370735,-1303.0333976393274,-3.706931901321092,99.96699210580093,1.4064589637138984,High,1.4064589637138984,train
17.114824724595206,16.68801871805287,59.32969182307792,0.058219948243328,4.958986014868814,0.0909577180073434,Low,0.0909577180073434,train
15.50450670655599,55.46292250117463,11431.421811661974,12.009312170262133,50.00194319318888,6.140560224824038,High,6.140560224824038,train
16.75608458281531,13.34002033507412,-29.536839732416148,-0.1545514157431029,99.99110350598389,0.1007223848375986,Medium,0.1007223848375986,val
17.463547588560033,16.871670584851625,29.574819984994104,0.0601513312396304,99.97456117674234,0.08917482956869,Medium,0.08917482956869,val
18.924112105697457,16.83748922887856,207.30805761241672,0.4865715208853389,99.91727267633,0.2019051108870715,Medium,0.2019051108870715,train
18.77267770574589,16.8513815614304,237.00857662534847,0.4939033540097306,100.08238419438572,0.251380327886974,High,0.251380327886974,test
17.484874436871976,15.707264005334675,-266.41942907073616,-1.0999783594217354,4.942243093237972,-0.013757178662824,Low,-0.013757178662824,train
17.627224694221578,12.85869431983081,-414.64615993232667,-1.1713089031480943,99.94917861149308,0.4686888237090444,High,0.4686888237090444,test
18.302647660282595,17.181720002234858,1658.4085477856754,3.647512507003624,99.99274420361444,1.590507683857355,High,1.590507683857355,train
17.141872771794997,12.731643937440182,-325.8052263981252,-0.9106218581182826,49.923332250065535,0.2657403768215812,Low,0.2657403768215812,train
16.187733869052053,17.596569067355983,3968.4156932036194,6.991636746232982,49.943555752408194,3.477918800237717,High,3.477918800237717,train
15.802382049810728,13.170751479537667,-29.601477101716508,-0.0476294687509045,100.02777043557704,0.1135783511928029,Medium,0.1135783511928029,train
16.435726444876416,12.135822453868364,-88.87126317933658,-0.2533898596161315,120.01388110870572,0.2075000875475937,Medium,0.2075000875475937,train
17.650592838312683,12.951738477612434,-29.667493770462496,-0.1564817979285513,100.01280526727228,0.0540297696992429,Medium,0.0540297696992429,train
17.617985081879468,15.483497884539071,29.5713979206338,-0.1051614760304705,100.02165316631718,-0.0582145874461039,Low,-0.0582145874461039,train
18.155610767462424,13.261154435394651,-29.614124024899297,-0.02615145460559,99.99531018147812,0.0864957415220882,Medium,0.0864957415220882,test
16.97953915505364,13.245965744160882,-59.22677035757434,-0.2408797716890324,89.9690466016019,0.1044577965268618,Medium,0.1044577965268618,train
19.2338529797358,16.83650466390362,207.433932492742,0.4609553353450366,100.01747113241596,0.1861082032321378,Medium,0.1861082032321378,train
15.723481508577205,13.482748007786324,-29.568026706706945,-0.0562949870296028,100.0069160534928,0.0438071729391811,Medium,0.0438071729391811,test
17.409081711048422,16.94877954072669,236.9492263569434,0.578312210636918,100.07394463328016,0.2437130159887183,High,0.2437130159887183,train
17.104010095434358,6.4297851747787975,2013.82809832076,-74.99306320194503,75.005577711779,2.356822332950955,High,2.356822332950955,train
17.926482876792804,17.071128062404934,236.87899436687027,0.5706599420999252,100.00970815612882,0.363178282997544,High,0.363178282997544,train
17.12554327178961,11.083514634791015,-414.5913372275521,-1.453154441176013,99.9578362111804,0.158871022705639,Low,0.158871022705639,test
17.29522304338795,13.415978597394083,-29.5601535278513,-0.172743017132454,99.97006682384205,0.0200460266900546,Medium,0.0200460266900546,val
17.7758817890605,13.5993668617416,-29.63539963565492,-0.0305358326827823,99.98204739578252,-0.0501650898233386,Medium,-0.0501650898233386,train
16.286582655675378,13.284642970511214,-29.502768019588625,-0.1125140487891066,99.98689029463505,0.0648842732976391,Medium,0.0648842732976391,train
17.14509932746,13.013994010411732,-88.91673000638816,-0.2746336984776754,100.02236243627586,0.1313104466732084,Medium,0.1313104466732084,train
18.27948192126805,12.968699349215845,-1273.5298905281911,-3.6313464102218944,99.96076055197132,1.2006383125321762,High,1.2006383125321762,train
16.533090322502346,1.3286126893956098,148.0429123628512,-5.379482000926401,99.98606285088027,0.2391062514752773,Low,0.2391062514752773,train
16.61668001164625,34.42064763746917,-6989.2826126484415,3.595202419645399,99.91970966324251,7.498586564871866,High,7.498586564871866,train
17.23363653505733,13.178422846730356,-414.5389924921384,-1.1304288618792258,100.09328788019592,0.4413690151401679,High,0.4413690151401679,train
18.23027901733432,17.566156555852913,-59.23132596520974,-0.2681847989424444,5.138108807419296,0.1482917042675478,Low,0.1482917042675478,train
17.862747017770552,16.661814954136027,-88.82862736804566,-0.2475491852495188,99.97973695371044,0.0727058470003375,Low,0.0727058470003375,train
16.80279091824481,13.5644015385,-29.600631842188736,-0.1217809975596543,99.96574768478082,-0.0631661305097702,Medium,-0.0631661305097702,train
18.390988999499385,9.489220357594789,355.28612880462333,0.7484252762253051,99.98524878968568,0.0293396196925916,High,0.0293396196925916,test
18.424104710589727,16.761629262436703,236.88620161099536,0.5130406770969888,99.8515083828422,0.1997859559741573,High,0.1997859559741573,val
24.067666383784697,1.2524724772499525,177.70800938052508,-5.45432113522831,100.0689347728858,0.2969645044667586,High,0.2969645044667586,train
19.54962116606352,94.70975220587354,29615.37718671076,-86.73210230766377,99.98517355977506,30.690957700663027,High,30.690957700663027,train
16.529336819509442,16.870243953737724,1006.931076089784,2.1714096583550044,99.99799316122316,1.0316066125135674,Medium,1.0316066125135674,train
17.026531635138564,13.491659711490394,-1332.7098874821688,-3.5833903049590714,100.00788439801528,1.3240068598399908,High,1.3240068598399908,train
17.39005304841021,13.202147877965642,-414.66727039907954,-1.140915631367076,100.04999969222452,0.3820591138542525,High,0.3820591138542525,test
17.997862886915968,16.4293039331205,-1095.844555775249,-1.8559974465619729,50.03445681923618,0.3456821902391098,Low,0.3456821902391098,val
17.5516808823409,17.470690118355737,1036.5684030547552,2.1840918506005567,100.0055202313944,0.8879783760239294,High,0.8879783760239294,train
16.656346974761057,13.07068124396122,-29.678997892298323,-0.0592463880260926,100.08797632175906,0.0569397416814033,Medium,0.0569397416814033,train
17.66242608729692,25.93753169922634,1924.9115802008207,3.4443287444282022,49.99923367848617,-0.1407657293556597,Low,-0.1407657293556597,train
16.796375654657076,1.4343843407067876,207.29632419760773,-5.377281573637958,99.97032700674669,0.3196203179585781,Low,0.3196203179585781,train
16.600984140599156,1.0885481143314342,177.69603375878307,-2.379812636719928,100.0683817387931,0.0135062082574933,Low,0.0135062082574933,train
18.216002572845326,13.282633779091103,-29.552853965341765,-0.0652617613528914,99.91997654960994,0.0170904348824062,Medium,0.0170904348824062,test
17.665121468056817,10.38394060813803,-1421.5333306621824,-5.34286008140827,49.99694082429812,1.6541725221830907,High,1.6541725221830907,train
16.79982425236876,1.294859249896908,177.65064648025125,-5.430433427028324,99.9762432337043,0.2417197133635245,Low,0.2417197133635245,train
17.201188554348164,18.79570012155309,177.67217544513673,0.5131523955492154,5.075290423177744,0.2068516305708498,Low,0.2068516305708498,train
17.458827641586335,13.017214662228495,-414.585661216773,-1.2466644268618152,100.00540759721746,0.4695938676592477,High,0.4695938676592477,val
17.90047364287586,16.94780682353994,325.857775007958,0.6708970827189616,100.0319462045058,0.2613841496126855,Medium,0.2613841496126855,train
18.127770150360263,46.11519867791729,-10543.123259228356,-33.274800566402845,60.01388910510445,9.0945967713065,High,9.0945967713065,val
17.448126877244498,13.134704188186411,-414.4966117888881,-1.117517063831309,100.0455860587384,0.4254681989688255,High,0.4254681989688255,train
16.340003945058378,8.436040274676346,-473.8203606466595,-1.978509491127559,100.01119962618635,0.4631375384990061,Low,0.4631375384990061,test
17.69274681690918,13.301311184552944,-59.19733691986599,-0.251690976033444,90.05163346406006,0.0530056221694687,Medium,0.0530056221694687,train
19.437033563315616,18.834497027973512,2872.677681928709,5.494527500873564,50.01910086956948,2.704097128451557,High,2.704097128451557,train
18.07086298056865,18.759094476463364,-236.8959042488536,0.0456934327416077,99.93603926680883,-0.0051248949058428,Low,-0.0051248949058428,train
18.54966996169591,17.043642210979154,236.93119758977403,0.5137363816465664,99.94616606434506,0.2019992046308658,High,0.2019992046308658,train
16.279374296886804,13.646407636842955,-29.6014784952752,-0.0715332037566769,100.0297477178559,0.1214206456517082,Medium,0.1214206456517082,train
17.311230987626097,12.986396451740516,-414.6696647760616,-1.2165366111245448,99.9520902025304,0.4306444533614537,High,0.4306444533614537,val
17.5639864173045,16.827966133069452,296.19952931252755,0.5839560540057177,100.00700187173958,0.3221272604353761,High,0.3221272604353761,val
17.082920706005098,13.418721787264664,-29.71320401488924,-0.1075592565771162,99.96224492415608,-0.0106659096677371,Medium,-0.0106659096677371,val
17.366380541870164,12.504000586024333,-473.7943476358136,-1.5146020472337935,99.98321557833316,0.2840629662571982,Low,0.2840629662571982,val
19.23911256019472,22.7734422472934,-414.54865173830507,-0.0298964426849927,100.04491007478435,0.0484017730723795,Low,0.0484017730723795,test
18.055521909391885,15.563003810619664,-2073.034167447606,-4.695018821692778,4.933591128702557,2.426683368001354,High,2.426683368001354,train
17.268989795523833,6.533990314436331,-118.4561706304885,-0.8971370894407795,100.0048822917743,0.1166441434103474,Low,0.1166441434103474,train
17.16635370468373,17.519097134701507,296.02600064810554,0.6056142263741802,50.03356483017152,0.2748992568916242,Low,0.2748992568916242,train
18.1373211577272,14.347623766246446,-88.84418787082478,-0.0510697780543721,49.96923178636538,0.0309031426920076,Low,0.0309031426920076,test
17.045488223593726,17.319114404583928,1688.1470579367976,3.622792965053656,99.98178011427164,1.857659627959373,High,1.857659627959373,train
17.696854051750893,13.35406776745382,-414.6372609500533,-1.1813085165689292,99.9431959172582,0.4368054716576393,High,0.4368054716576393,test
17.317613511454375,16.58639557306716,-177.6722467190317,0.0218618168447337,99.9449923181813,1.3326369357411705,High,1.3326369357411705,test
16.52200220145336,13.152729499589412,-88.86594736264834,-0.374003603897029,99.97704238654374,0.0664002851926143,Medium,0.0664002851926143,val
18.12879215617159,7.84119715056923,-355.3657133229662,-1.4559188451307374,49.9364068901272,0.1343422972782795,Low,0.1343422972782795,train
15.154185362502783,13.399222654698391,-29.59478410712313,-0.0299183222376648,99.91849777127764,0.0185080436418468,Medium,0.0185080436418468,train
19.0196088788231,16.1728881354046,1599.1805108923556,3.598168303822024,100.02623421535422,1.4576763020112378,High,1.4576763020112378,train
17.092289512681184,18.661731494073987,-266.42642560547176,-0.0294463209091967,100.00237059885372,0.1150205572127126,High,0.1150205572127126,train
18.61377222528263,16.546163153362297,29.626515682717912,0.0557515488189288,99.96398893963053,0.0472200182830257,Medium,0.0472200182830257,train
17.12900427442338,13.422651334572636,-29.657129611512826,-0.1035806437742632,100.0930069029817,0.0591587563866687,Medium,0.0591587563866687,test
16.618106870546548,17.186436089590693,59.22763985281094,0.192867629378924,99.91584385939622,-0.0303640851994049,Medium,-0.0303640851994049,test
17.2622460109704,15.549419845601877,-29.61995173105484,0.0725662217759895,100.03184641965215,0.0085487802870027,Low,0.0085487802870027,test
17.923891941102145,9.421960959450898,-473.8909106963629,0.0060805675458919,99.9868224218007,2.7348485451435245,High,2.7348485451435245,train
17.825946086666242,17.02319176140899,236.91091504584367,0.4626210318600772,99.97964320194627,0.2738150029878405,High,0.2738150029878405,val
17.677159699165628,29.67618559401572,-858.9436829235733,-0.2070567384969288,5.024919497185013,0.0413473958565416,Medium,0.0413473958565416,train
18.20706623306912,13.43168192607846,-1303.1656547642572,-3.5901540948883004,99.93170791683973,3.0460091415767145,High,3.0460091415767145,val
17.799501399812115,0.8033817648973324,29.624259273311296,-1.7778709830951984,100.00872906222251,0.0153957765481184,Low,0.0153957765481184,val
17.776858309294884,16.98044951591805,325.7955136308598,0.7669009008891675,100.04991106503878,0.3307143487189258,Medium,0.3307143487189258,val
18.178942846424505,16.243307527306992,1599.2200866003916,3.6184947528962015,100.10577912070768,1.7501899616706134,High,1.7501899616706134,val
16.790811256838477,13.402018730306107,-355.4049868795109,-0.9277572516548132,49.94740150407074,0.3979728695892948,Low,0.3979728695892948,train
14.508923368169915,0.7449898264510162,29.56589560919926,-1.6930215348710516,100.04527353867677,0.1157958322617445,Low,0.1157958322617445,train
18.16233188233409,12.986617619075938,-414.5519359289319,-1.2132283440526055,100.0237028575088,0.4521308711017603,High,0.4521308711017603,val
17.14872330061607,16.971523236240863,236.94454311360465,0.6040488271918434,99.9646292588164,0.3060976240237673,High,0.3060976240237673,test
17.20741536965246,19.8758255037322,118.51492657419038,0.4111069549877273,49.97126903445277,0.5321086151993879,Low,0.5321086151993879,train
17.023730425852882,10.542946949999394,621.9526546592687,1.5932629986951814,100.07232341329208,0.0201365205647279,Low,0.0201365205647279,val
17.179887648927437,11.614407729313053,-1362.220127814819,-4.475561073485944,5.007224245909379,1.4160060669783536,High,1.4160060669783536,train
17.239246425722637,16.644465217242164,29.58679818890581,0.0182719862519942,100.00099286700193,0.0578734195292426,Medium,0.0578734195292426,train
18.95859629750463,12.509558338641485,-1095.8010503321711,-3.1678350645791764,100.11652675994004,1.2638226426846066,High,1.2638226426846066,test
17.7165877716323,1.997147109107677,-1184.6319160091996,-11.958932114621614,100.02714891682136,3.664854226059832,High,3.664854226059832,train
16.100656258777942,13.536783523202242,-29.60019709535173,-0.0608702384230722,99.96319707903557,0.0350039101502754,Low,0.0350039101502754,train
17.02361435947665,13.11444062355875,-414.5699685620489,-1.208763060337261,100.07640880478613,0.395133361444808,Medium,0.395133361444808,test
17.71172840805485,11.660917717784914,-385.0929055571707,-1.18936778878328,100.06175639299518,0.3874448468036968,High,0.3874448468036968,train
17.772250560002075,17.03839234539344,236.9097727078496,0.4958970795936744,100.05391640727632,0.2490106334488208,High,0.2490106334488208,test
18.26410281620505,27.05342547936672,977.3157050637932,2.438144239130737,50.0138989788531,17.659179277798852,High,17.659179277798852,train
18.60939409079887,10.705581268074882,-88.79237197952337,-0.3950076318906602,5.042468430372983,0.1699532987795961,Low,0.1699532987795961,train
17.330385555839683,9.375735539059733,-88.85065248911211,-0.3421264441651171,100.03169146907707,0.0027797585493941,Low,0.0027797585493941,val
17.69008649798466,12.911951656987045,-414.5818898906933,-1.2279965550373315,100.02967777493,0.3544185348298897,High,0.3544185348298897,train
18.63087551623777,13.477969071362748,-29.599761504638824,-0.2462006476665797,100.04198689803276,0.0828677851905086,Medium,0.0828677851905086,train
18.781945577400755,16.600876975571833,977.3017394013186,2.167266648086437,99.97698609089312,1.1106293430580556,High,1.1106293430580556,train
16.875006795223403,18.64708668154008,4234.947498135897,8.345790790802905,100.02822790585246,4.405274327211365,Low,4.405274327211365,val
16.841214579540036,19.27233865509628,6159.930045189411,11.985325829596167,99.99598176569444,6.100547263141346,High,6.100547263141346,val
16.6879382554254,13.644179476082105,-29.7087470492542,-0.1408843765475727,99.95930265209168,-0.0278774419697624,Medium,-0.0278774419697624,train
16.988507571046934,12.534240389744491,-1243.870017009473,-3.55930186360351,100.0084203320437,1.29383015124161,High,1.29383015124161,train
18.33596923207375,21.91095875680308,325.787577046697,0.9991225941502132,99.92504745444496,1.5683724110461332,Low,1.5683724110461332,val
17.028999565678376,1.418582171929694,177.67927954524038,-5.393261367324459,99.927329054098,0.1986232928074447,Low,0.1986232928074447,train
17.398265932529398,13.320077955151326,-29.58318240733055,-0.0440280394727054,100.03136524496722,-0.0403765069974224,Medium,-0.0403765069974224,val
17.059671014076418,13.131918194724417,-29.58409328656103,-0.0087313128913168,100.01824882765015,0.0245247165569978,Medium,0.0245247165569978,train
17.852455459377037,8.181611435079153,-88.87635650187678,-0.5958880916682139,50.025516436038814,0.2526931696260786,Low,0.2526931696260786,test
17.131067745574335,16.939179412014056,236.82211854992548,0.5570194041641862,99.97283584499544,0.2922523246201713,Low,0.2922523246201713,test
16.461118760572628,18.529074020698275,503.5034185072077,1.0743738355959802,100.05609827598327,0.480650473184448,Low,0.480650473184448,test
17.200865942546244,16.70487842473155,236.8779071910089,0.5323557928354924,100.03920172591036,0.2623960110123172,High,0.2623960110123172,test
16.7291891459243,11.716523053036337,-1125.3612523119525,-3.563122857847929,100.02095944274645,1.1935490327159464,High,1.1935490327159464,train
17.085922628117757,16.836261544127627,-1480.7977548832268,-3.396567030941778,100.00346967414306,1.2985973758727432,High,1.2985973758727432,train
16.795271629771115,12.814955875686522,-414.7164654176842,-1.1028330584211352,99.96865557970968,0.3885930897205273,High,0.3885930897205273,train
16.053731200504846,13.526778071753428,-29.57676607187266,-0.0288744882807063,100.0318557441067,0.0958169930548782,Low,0.0958169930548782,train
17.021250741054256,18.94643233517202,-947.6286991886948,-0.9481754964375791,99.99559521801562,0.0553848495804853,Medium,0.0553848495804853,test
16.457895868435333,13.084230408256085,-29.629517373277498,-0.0294994995915572,99.9759723389692,0.0001613378315127,Low,0.0001613378315127,train
17.219207751170977,20.374218272145367,-2102.6129950829227,2.8210904445293896,99.9534927026991,8.505716594705673,Low,8.505716594705673,train
17.413887780560547,16.98728500135647,148.121476399315,0.434737264772204,4.9706709670312925,0.3109878578840256,Low,0.3109878578840256,val
16.635184884310483,12.515936854892711,-1303.1012234718896,-4.271320991761623,4.950573129434777,1.1844572736681345,Medium,1.1844572736681345,val
16.644845006485912,15.084366308826503,-29.57759079265044,0.1171003541376222,49.97862113003201,0.104391877718997,Low,0.104391877718997,train
17.658801316192847,10.324841420170689,-651.6337225688764,0.1162184871136041,99.97174503143611,0.0740266978319655,High,0.0740266978319655,train
16.634178912734008,1.7747642345973866,118.48601788896802,-2.560278454200178,5.075304811565859,2.402350765029887,Low,2.402350765029887,test
16.744382208033088,12.940245481579478,-325.7701860705488,-0.8318563612014138,50.04815639016946,0.1970977642069719,Low,0.1970977642069719,val
17.35193124285474,20.8894963525376,148.1044317577146,0.2329794383415098,119.9843895357036,0.0090277695753481,Low,0.0090277695753481,train
16.3344779292861,13.496528034269431,-29.631876521140143,-0.0003162643205712,99.96927555976754,0.0294942812720206,Medium,0.0294942812720206,train
17.663145437597276,16.84437991428242,236.8739651819577,0.5840239396751206,99.9538589630764,0.2618583611851379,High,0.2618583611851379,val
17.821876822363855,13.363768964727058,-1836.1336683777165,-4.823324064569509,50.06791297572702,2.04822065589768,High,2.04822065589768,train
18.01842323130637,17.05264972782546,236.8305236324597,0.5369246782558252,100.01419375728344,0.3230199266705588,Medium,0.3230199266705588,val
17.231828421631445,13.020810813482417,-29.60067744231646,-0.0778816014644785,99.85876779542627,0.0169411491067438,Medium,0.0169411491067438,train
17.364171426708246,12.978985490925073,-29.53258890655489,-0.056420031159188,99.9705654631848,0.0134644564185579,Medium,0.0134644564185579,val
17.491094066592524,13.131665223847584,-414.5963277081107,-1.1865105884654463,100.01618399215177,0.4682799000921332,High,0.4682799000921332,train
15.449625737893491,12.867273845270145,-88.8527650156296,-0.2390895451750946,100.00453687699935,0.0890635261382739,Medium,0.0890635261382739,train
17.657976250463925,18.870446889673698,59.25865907857187,0.0054670663919026,100.01521835116,-0.0284034836476176,Low,-0.0284034836476176,train
16.496555931387686,13.535543992672077,-29.658770818270728,-0.1154483437616938,99.9625918877971,0.0709134707928515,Medium,0.0709134707928515,train
16.736971005985392,0.895782782707622,29.65685528299249,-2.108111837675954,119.95938794765,0.054533775849544,Low,0.054533775849544,val
16.695882148148975,13.166833747270744,-414.5557535131008,-1.24550507750274,99.94580867180431,0.4546401057762798,High,0.4546401057762798,train
18.1727394042192,16.539183888437215,88.70898002214881,0.1917974324093208,99.9583165185688,0.113113556006523,Medium,0.113113556006523,train
17.832448467377677,16.904074697079793,236.987195456338,0.5885206412278151,100.02942993449572,0.2268911183905369,High,0.2268911183905369,test
18.17235297113144,10.186002076542502,59.30116463147328,-0.0069748214915934,100.10056897425356,-0.00710625564107,Low,-0.00710625564107,val
17.39337313179071,6.014522041978708,1806.59959961854,-75.00323798991276,75.06616418208567,2.2257732865449262,High,2.2257732865449262,train
16.584754074817468,13.023470275296958,-88.93416587346903,-0.3145879874063355,120.08465565675884,0.1765292115138785,Medium,0.1765292115138785,train
16.417186957402798,13.350553254331263,-29.62446949560861,-0.1405432573169242,100.01083657533871,0.0636938360040321,Medium,0.0636938360040321,train
17.770577317795013,12.948852081728791,-621.9130216326829,-1.8485821752996627,99.9571422412736,0.663170600911268,High,0.663170600911268,train
16.27122452433101,13.444247054220336,-29.59339024890348,-0.1243914751697622,99.95940903805528,0.0561145547814284,Medium,0.0561145547814284,val
16.74108025285589,9.64275947988842,-1717.6676415567358,-5.892972146430967,49.97119656747914,2.5156984539559963,High,2.5156984539559963,test
16.320753447198104,13.428520443841643,-29.554011736701177,-0.1319401846702973,100.0889471038032,0.0819849551174383,Medium,0.0819849551174383,val
16.808615899344506,13.384141805364804,-29.68138630242969,-0.0358426222955918,100.02431182551184,0.0305298733058327,Medium,0.0305298733058327,train
17.145508034503912,13.379057832072789,-29.646118027139025,-0.1133765932466092,100.06857757389456,0.0622597983230023,Medium,0.0622597983230023,train
16.488241396439758,13.312959589175328,-29.64090059902337,-0.0986385692339794,99.98643194933496,0.0133709191068784,Medium,0.0133709191068784,train
15.794700954018364,13.147225567911596,-59.26737429367926,-0.2255225163197507,100.04417162054024,0.0692925503954158,Medium,0.0692925503954158,train
17.73912070690806,13.799179667210456,-2013.7723667379,-4.563607095232283,99.9728607208286,0.9964581062996062,High,0.9964581062996062,train
16.55399320486877,13.10425475344008,-29.63280650356512,-0.2163822549646911,100.04854963181369,0.043849473740487,Medium,0.043849473740487,test
17.28312147690981,12.839201318292272,-29.59508589351826,-0.1193516333242924,100.06625693574983,-0.0687061572010493,Low,-0.0687061572010493,train
17.987030477130496,10.227261602711383,29.63591673421973,0.0104401263104181,4.955986081260712,0.7326544641256972,Low,0.7326544641256972,train
17.6833698621234,0.7682381747766879,29.6162463932589,-1.80483744698526,99.90647751992375,-0.0575361802579532,Low,-0.0575361802579532,train
17.120476323332046,16.3813447633471,1599.1693186377736,3.5638563009337747,100.0860836099637,1.7536314439452938,High,1.7536314439452938,val
15.436895110546132,13.830652492076496,-29.60641427142743,-0.1325175106977247,99.90794206422144,0.0821971590800308,Medium,0.0821971590800308,train
17.454937383495142,13.29871953831191,-1362.2791843199295,-3.265623067049787,99.98565284330736,2.064293694997866,High,2.064293694997866,train
16.487319814796685,16.917747266045826,-88.84099199139726,-0.2000277027293319,5.069320550211568,0.1478140953398794,Low,0.1478140953398794,val
17.666205757763645,17.8925211083935,-59.20527828836564,0.0586697716568922,99.99681451767944,0.0237924230181348,Low,0.0237924230181348,train
17.555647425698147,8.265852301271865,-325.7643225420172,-1.2823754004524135,4.995331700941402,-0.015885423393387,Low,-0.015885423393387,train
16.42604996427393,13.529093642486618,-29.645647254039275,-0.0939895580655541,99.9674088475724,-0.0158819659649467,Medium,-0.0158819659649467,train
17.058081060811052,16.713069849012506,29.59528091626086,0.1202178648072273,100.01145797427608,0.0489469363121295,Medium,0.0489469363121295,train
18.90236972528022,16.966485632571384,236.88792582720825,0.6486895951363746,100.037824212489,0.2930076279080302,High,0.2930076279080302,train
17.343156228208905,13.218800914177535,-29.538894815113142,-0.0865346020379314,100.00054075980536,-0.0035811790890022,Medium,-0.0035811790890022,val
17.613260372270965,6.1041754632652685,1895.3761003231475,-75.01954764974148,74.9633103013192,1.9152644251391624,Medium,1.9152644251391624,train
17.183873032937395,18.16259568545064,-1066.124691185758,-1.7394299964121245,100.05881682778124,0.427692613107604,Low,0.427692613107604,train
17.154352855114503,12.97065878567375,-29.567672938884268,-0.0975321783645518,99.97768021056606,0.0401852868160611,Medium,0.0401852868160611,train
16.849104628479633,0.7767317226056216,29.585025237655195,-1.8595972120119093,99.9671753177032,0.0339931683000052,Low,0.0339931683000052,train
15.881232025144534,20.174426102613687,6367.278922163218,12.014924262223731,49.99972053750943,5.952082233196858,High,5.952082233196858,val
18.725482751217783,16.954562133226215,1006.8562718976374,2.2304299745826883,100.03855563363344,1.0632919807568542,High,1.0632919807568542,train
16.691537882909362,13.603477984968064,-29.622492299319923,0.008550778397353,100.08181708193584,-0.0033699353831283,Medium,-0.0033699353831283,train
17.178485819224065,13.384866317760808,-29.649616676025104,-0.1836322823503134,99.98584300511158,0.0731638226895271,Medium,0.0731638226895271,train
17.537397876818765,12.45157059176944,-1776.910747424677,-5.214509808585961,50.08696520823952,1.4790073041473024,High,1.4790073041473024,test
15.964472227379709,13.083680671281922,-29.661166527138445,-0.1089354963519249,99.95682243829646,0.0306903904782058,Medium,0.0306903904782058,test
17.77193085628937,13.37916589737599,-592.320794193533,-1.723953806625151,50.0187979460772,0.5389121085894618,Medium,0.5389121085894618,train
17.62608485173597,13.442878648464518,-29.586482742357536,0.0206927911637235,100.0816300284194,-0.0031746761617315,Medium,-0.0031746761617315,train
17.018447278853674,13.4026003097505,-29.56628858213311,-0.1038156368862148,99.90103928947038,0.0524808624793719,Medium,0.0524808624793719,test
16.338769345900257,0.7609792807865097,29.709481071412224,-1.768470026715743,99.90987805485318,0.0631101994121261,Low,0.0631101994121261,val
17.756140372082626,16.90645778214535,236.92802330145344,0.5702301151298637,99.90051529229645,0.2340633337440709,High,0.2340633337440709,train
17.04885035606045,1.4874144869922303,-385.0175151996468,0.065830992537937,100.02745047025444,10.57072748038623,Low,10.57072748038623,train
17.145830256529717,15.824431915082972,2221.159114999402,5.286086309807323,99.93301260556116,1.937751614585977,Medium,1.937751614585977,train
17.93386185227944,17.154506767395347,325.8476533282439,0.7499551417995531,99.97859450022328,0.2834453718942838,High,0.2834453718942838,test
16.863822084534743,15.434296749698037,-177.66848211364413,-0.2260394232101965,4.922335262865681,0.2968025958602937,Low,0.2968025958602937,test
17.505960896652127,25.551247592687226,-325.7645926113326,-0.0252179685954442,99.97738530704704,-0.0106415378882739,Low,-0.0106415378882739,val
16.108144776476422,13.166172838204323,-29.747114121609307,-0.1416727416304338,100.0406341415744,-0.0033060946655444,Medium,-0.0033060946655444,train
17.974406058585522,13.074505620175133,-29.55742392416054,-0.1842194253518912,100.06945022141912,0.0409057258391632,Medium,0.0409057258391632,test
17.563485869587367,1.3589099868553447,207.3507708336056,-5.445391687511888,100.07219439519557,0.2052987008016579,Low,0.2052987008016579,train
16.814359920647327,13.103072601483838,-29.665408724141056,-0.1287444107250744,100.00892399035742,0.1274489473181237,Medium,0.1274489473181237,train
18.09227581487614,10.68782743687964,-1243.8141614108024,-4.41804302265532,5.067695147499292,1.2222136499484806,Medium,1.2222136499484806,train
18.947086082887044,13.476939695219173,-29.689959570893738,-0.0371978653769183,100.00996149891222,0.0218399769413449,Medium,0.0218399769413449,val
17.70230877001246,16.733988450271486,236.9599146507684,0.6371648541421904,100.08399770395508,0.2660710419215473,High,0.2660710419215473,train
17.65919146464,17.53837404463256,1036.436183543609,2.189485660575954,100.05369537651298,0.9627911418083904,High,0.9627911418083904,train
17.85957265255666,6.170849190363152,1865.7775169120152,-74.97547363603374,74.99749685445695,2.194680079506878,High,2.194680079506878,train
16.687417231286418,13.33169663712352,-414.5712479552792,-1.3104697668870031,99.9402976172462,0.4714024108909074,High,0.4714024108909074,train
16.478463567423866,13.52469049427112,-29.66051206234316,-0.0447684505276301,99.94181992225856,-0.0432769273862047,Medium,-0.0432769273862047,test
17.6543245957862,12.413809340580803,-29.43241507200332,0.0437159807812471,99.94883299898169,-0.0249478180571453,Low,-0.0249478180571453,train
16.378435771374075,7.80223620646894,-592.3097478285802,-3.6016050650706326,100.02840474211206,1.2621876720699836,Low,1.2621876720699836,train
16.214761806491623,13.573781434465008,-29.680954248025675,-0.0456903326158264,99.9891726197835,0.0468067348460694,Medium,0.0468067348460694,train
16.77994570134959,13.303613615888183,-29.5697669220696,-0.1078926534351572,99.98912324004311,0.0289223563685981,Medium,0.0289223563685981,train
18.7196503851563,16.900182533753995,236.91502554125435,0.5850910848069326,100.0363747747864,0.2097269653067554,High,0.2097269653067554,train
17.875260719108446,16.974630258722378,503.5426747914314,1.1172657583351338,50.0367286032209,0.604136709953216,Low,0.604136709953216,train
16.154627432640172,13.692846251002146,-29.57825796908953,-0.218504713325156,99.97767053728576,0.0375680502954208,Medium,0.0375680502954208,test
17.980808300740545,12.623011459176464,148.12106635628072,0.0371535947678006,4.999794833653244,0.3026394423792257,Low,0.3026394423792257,train
17.670075652806077,12.542147082962758,-1924.9670423448351,-5.694171439760583,50.07312647529542,1.7744995220688398,High,1.7744995220688398,train
16.80288100553461,8.347548339830748,-1007.007237913849,-4.361080922193329,50.058314676093055,1.8092809053226568,High,1.8092809053226568,test
16.513423503548747,13.145807223851207,-29.65634058371021,-0.054927227242061,99.99284988585542,0.0206654733591185,Medium,0.0206654733591185,val
15.945113539146591,12.622938922462172,-29.58054187468703,-0.1562124743694044,100.06014189681744,-0.0139129960635415,Low,-0.0139129960635415,train
17.71070463798987,18.524657605101748,2191.506703406033,4.191993070488129,50.0200234744708,1.6376533835167633,Medium,1.6376533835167633,train
16.9439871878828,0.9154046218916336,29.65365199387081,-1.879132800239353,100.10261477780377,0.0309984440710714,Low,0.0309984440710714,train
17.16089775912915,13.186015435003473,-88.96915710371832,-0.2278107362963841,119.97440111713412,0.1805427613544767,Medium,0.1805427613544767,test
17.84933160815234,16.9995047956435,296.1890498806668,0.6216471441104507,100.00861612513576,0.3632347908939786,Medium,0.3632347908939786,test
16.915598889230385,13.792124924486597,-29.55005454583684,-0.1127319915880205,100.1131726525835,0.0127879847206837,High,0.0127879847206837,train
18.218963703785885,16.851029860631968,266.4630501248423,0.5459852562919923,100.02450858679757,0.2161648624944938,Medium,0.2161648624944938,test
16.60495644878461,13.36769855705862,-29.660463082351416,-0.1206166955619963,99.84706560748958,-0.0198631034164656,Medium,-0.0198631034164656,test
18.196701453172807,16.94758346819005,236.9106763592125,0.5214046440554923,100.01625822963086,0.2328399058296101,Medium,0.2328399058296101,val
18.01088897210779,17.124194875927998,296.1266984686488,0.7456720540988432,99.95746269801444,0.2688529952653685,High,0.2688529952653685,train
17.799557249026634,16.448244269562508,-59.20835240660656,0.037104278576827,100.03092078372416,0.6569532080912328,Low,0.6569532080912328,train
16.800781747438222,12.19139532911603,-1214.2649073067437,-3.5819845852254213,99.95369463851324,1.3215451088153414,High,1.3215451088153414,train
20.32184710981769,0.8756694513343,29.671486173336927,-2.127717417511037,119.973229817574,0.0500906549486636,Low,0.0500906549486636,train
17.5482179974695,13.245134261771993,-414.6032549553125,-1.1720248695498032,100.01829881579135,0.4058625286236779,High,0.4058625286236779,test
16.266136824235915,23.014311633171587,148.09355746904615,0.550354339504868,99.9172877527127,0.0251919201089975,Low,0.0251919201089975,train
17.225584339045,17.31151681462136,503.44084041987,1.0955457369691546,100.01339873027575,0.5068008909101921,Low,0.5068008909101921,test
16.65139439219279,11.72766818009309,-1154.972151943135,-3.510531123198315,100.00760600051828,1.9153513660533112,High,1.9153513660533112,val
17.259005650034634,14.59160009429231,1747.289179624019,4.075148921460345,99.99527271222212,2.4426218483004307,Low,2.4426218483004307,test
16.112936768471545,13.108955648204152,-59.22282511209455,-0.1468424365530847,100.0145758533604,0.0737866637722192,Medium,0.0737866637722192,val
17.65296959558004,16.943883559286274,236.96225706795707,0.6000169980878229,99.99898323510956,0.2465219003775488,Medium,0.2465219003775488,train
17.358213530777455,16.81166641265479,236.93754787604345,0.5699456312049299,100.02857773449333,0.3028096044647274,Medium,0.3028096044647274,train
17.04614562332157,16.197271206567798,-1184.55999226024,-1.9292403841555883,99.93279210308594,1.198412623178209,Low,1.198412623178209,val
17.35835642720541,16.197716998788668,1806.5268627138123,4.173030340909536,4.999010360241617,0.6232821483745059,Low,0.6232821483745059,train
16.92499171115046,6.007237642991062,1836.1215830462093,-74.92283612269746,75.01400756623502,2.0800846391711727,High,2.0800846391711727,train
17.759903080010638,6.380537707994068,1925.005408977203,-75.03542091484329,74.96136990294885,2.187872838470511,High,2.187872838470511,val
15.898645901187674,19.519791083228995,5656.504342634113,-90.10244816818144,90.08995473039062,0.956557018891294,High,0.956557018891294,train
17.84833502813576,15.605624244775202,59.35100636764486,0.0228327287501657,5.011769685237124,0.0720743085435123,Low,0.0720743085435123,train
16.336776319188335,13.140896219645862,-29.5976704729666,-0.1171782696285124,99.941060577383,-0.08855852443856,Medium,-0.08855852443856,test
16.60653534883101,13.458770386762936,-29.65693346268447,-0.0352712443921211,99.83655693219988,0.0188194812282463,Medium,0.0188194812282463,test
17.337382337742394,13.352891085457763,-29.59651768755218,-0.1234007559766005,99.920884850126,0.0671735524583824,Medium,0.0671735524583824,train
16.360258310141063,1.328697209706014,207.3005987295,-5.462598375411607,99.95465859753988,0.3463630789733342,Low,0.3463630789733342,train
17.07043775495919,13.287304186517586,-29.52751108701484,-0.1573492143810885,89.95766731491155,0.0201965365404065,Medium,0.0201965365404065,train
14.8302768944857,0.7814165349078326,29.52498181899308,-2.113380712476473,120.02928428360352,0.1231324331386003,Low,0.1231324331386003,train
16.68347666796065,13.235961451222426,-29.59956643473628,-0.0872590986715258,99.9827951731826,0.020118442459537,Medium,0.020118442459537,test
18.24064797568595,16.903981593932347,236.9469717611564,0.6042078676197323,100.00791200634266,0.3034088206076069,Medium,0.3034088206076069,val
16.357858410682244,13.287278686909971,-29.661002907435748,-0.2045428779908182,99.96842631459226,0.0808568418509661,Medium,0.0808568418509661,val
16.90036637535186,15.960426726437092,1954.5227093953308,4.384461646060811,4.9892228183471214,2.0768049911413287,High,2.0768049911413287,val
17.135607661159266,15.761998554416278,-118.3258806715086,0.0365434105357388,100.08026248376171,-0.011425533988834,High,-0.011425533988834,test
17.936460428933334,13.60512890724667,-1243.80196494828,-3.0564966195015337,5.037145021954666,1.357783236130157,Medium,1.357783236130157,train
17.548336528250925,8.109594011527136,2517.294816525862,-115.05114873196086,114.9219720608563,2.0781945074413977,High,2.0781945074413977,train
19.23648158346692,98.76832653916262,30740.73589582365,-112.03995001527066,119.97353950403073,30.417548713790115,High,30.417548713790115,val
18.2514844166316,16.957099327253477,236.95689603737952,0.5757886835288019,99.9865660136638,0.2337173643918353,High,0.2337173643918353,test
17.932516292635043,16.60483018418856,977.263032118601,2.1656347760135377,99.99562515342164,1.0338780892052173,High,1.0338780892052173,train
16.89332730109233,3.361999900185365,-29.54615711441059,-1.4193727867050565,4.967027215870176,0.3441125351486168,Low,0.3441125351486168,test
16.60711518611344,11.801502858329334,-385.04991543922296,-0.9777675219041676,50.03531633916763,0.3600999497258776,Low,0.3600999497258776,train
17.655296335221124,13.19946345335209,-88.76127229858996,-0.2898914783224434,100.01413980458786,0.0734179999956882,Medium,0.0734179999956882,val
18.79303822971581,16.76386108867024,207.39634208990827,0.4766307940605412,100.11947265796768,0.1845579640890094,High,0.1845579640890094,test
16.028585952517606,12.990666311412369,-29.632906469243185,-0.1485024022598651,100.0805599025203,0.1304227489893,Medium,0.1304227489893,train
17.918579028132807,32.84111234128139,-1007.0063233208411,0.0257826966262237,100.04266979370414,1.2557731025005427,High,1.2557731025005427,train
17.200339655205998,11.78915385005862,-2102.66887503005,-5.668243394960688,99.96628318237762,1.4707804081487847,High,1.4707804081487847,train
17.785530771433546,13.35390028076183,-414.6269580205986,-1.2675094402986171,100.04534184980707,0.4641119836623771,High,0.4641119836623771,val
16.122399757714213,13.236061523476558,-29.64108331217179,-0.0637726790846381,99.94071950241032,0.065242146751955,Medium,0.065242146751955,train
17.250704935335772,12.944798563680912,-29.582269032593693,-0.0787602091044438,99.96052669749491,-0.0200992604434498,Medium,-0.0200992604434498,val
16.279121370469756,13.5486048035065,-29.653576842390468,-0.118991324150367,100.08106271035324,-0.0270717371058064,Medium,-0.0270717371058064,train
17.78873288029105,16.863331346450934,207.3241615288565,0.575771422459696,99.977015631,-0.0321579230044846,High,-0.0321579230044846,train
16.794533847782468,16.979377561964842,-1362.2840420801288,-2.7713613707393505,100.01702287871476,1.0435180434690847,Medium,1.0435180434690847,train
18.141258054723657,16.916324106006204,236.9466449893009,0.4966611315137344,100.06276985125484,0.3378984207374685,High,0.3378984207374685,train
17.590681213979327,10.862664593819655,-1421.5384270056977,-4.845553043615348,50.00049084500675,1.4048715774474565,High,1.4048715774474565,train
18.28582041414541,16.99903588812397,266.5107999972988,0.6166744550976183,100.0096388055088,0.3506328869893942,High,0.3506328869893942,test
16.168076084017272,13.261570630896328,-29.555624298390207,-0.0002461574400154,99.9984473514874,0.0324672546051852,Medium,0.0324672546051852,train
16.76852972362664,46.76235821761157,-1688.1002760424324,-3.55320756822978,100.00973230717398,0.5248247106249894,High,0.5248247106249894,test
17.27891984286017,50.89690988405086,-4027.663034798744,-0.944654601612846,100.03005607214664,0.3513957829334527,High,0.3513957829334527,train
17.856151399466416,13.286068737515446,-414.6407393859754,-1.2293492122136958,99.96439942052857,0.3820354960557561,High,0.3820354960557561,test
17.351442064119677,16.966890707291075,29.61955709713176,0.0296488822762577,120.01423868865736,-0.0146785715949063,Low,-0.0146785715949063,train
17.94053850803638,16.794019535036302,207.35819897672195,0.4218170488983208,99.97301599602125,0.271170679700285,High,0.271170679700285,train
16.10720146937429,17.018895186314566,88.82742966286374,0.2072276672815829,99.92863806023236,0.1484718610148683,Medium,0.1484718610148683,train
17.31711498359041,13.746818928429285,-1332.68942952186,-3.608614533206143,99.98664497177236,1.1642872101299298,High,1.1642872101299298,train
18.886386281259263,18.178684274267283,2754.1809330768065,5.54042838810334,49.99306733640173,2.547073558952165,High,2.547073558952165,val
17.46241084324928,11.820175004276198,-562.7768275285691,-1.8382363814041984,49.87634376887647,0.688518437518794,Medium,0.688518437518794,train
17.08374594328865,12.942008425096724,-88.80606959573753,-0.2916143904073338,119.98920345786097,0.1111548693601346,Medium,0.1111548693601346,train
18.36370087602556,13.25126549486752,-29.597047498397263,-0.1375316583969176,99.97781583543184,0.0762833505870975,Medium,0.0762833505870975,train
17.04700224466477,13.176575974275083,-29.55135205072117,-0.0948205490525028,100.01551571352353,-0.0096990314435893,Medium,-0.0096990314435893,train
17.540511422267596,16.950699077400156,236.94518025267848,0.5240907859916838,100.0277107101472,0.2483780847237359,High,0.2483780847237359,train
15.98867481075396,13.601409833865644,-29.6127006163146,-0.1326982373903719,100.08305266755347,-0.0151889749972385,Medium,-0.0151889749972385,test
18.024743766786795,7.947029001422829,-769.907976203085,-3.5065570553313625,50.07195674560981,1.8893934562012915,Medium,1.8893934562012915,val
16.198487070548307,13.357778912608143,-1302.9899303916252,-3.688210603632853,99.96844512018096,1.214162630110298,High,1.214162630110298,train
16.975163341701016,17.01699653124798,236.92703311301725,0.5154893844625557,100.0952303262328,0.2512513509452675,High,0.2512513509452675,train
17.237834092888804,15.209054567557152,-29.677938889361485,0.0027342702299953,99.97175502173418,-0.0094792932474815,High,-0.0094792932474815,train
17.948208055372646,16.997247594082403,236.93626145765288,0.5880496503407574,99.9753232357774,0.3923035295341374,Medium,0.3923035295341374,val
17.695551456815455,13.139039549280628,-414.5247044033918,-1.2200911061184347,100.11234636223128,0.4335668356066079,High,0.4335668356066079,train
17.374000870937277,16.91915014732763,236.9688486865988,0.5812054468829625,99.96310263579424,0.1668739308895857,High,0.1668739308895857,train
17.11937602161413,13.197044801573908,-88.8713875853981,-0.2728493273249958,100.05114581564618,0.1309439387813911,Medium,0.1309439387813911,train
17.6421984017159,3.377776079641954,-621.9656183895099,-3.8012678724075006,50.01433872396385,0.7895266999831371,Medium,0.7895266999831371,train
17.7358968247142,7.7735345006022705,29.6695158279704,-0.0704856981911533,4.992269345830696,-0.0036734378156698,Low,-0.0036734378156698,train
18.487484768200986,17.08084141944598,1006.8815470666126,2.1357013416677635,100.05021709370476,1.135351203836494,High,1.135351203836494,val
18.893401446094675,16.924617811567742,237.00257637049967,0.5572049008274994,100.06190729839336,0.219041215826563,High,0.219041215826563,train
18.05046739004325,6.202255635737578,-503.4704718829052,-1.788691530083065,50.06909270138492,0.3259039940805018,Low,0.3259039940805018,test
16.856407956727153,12.325522009468932,-1214.2255319363974,-3.63188630114174,100.05120145782568,1.2309079568752848,High,1.2309079568752848,train
16.505513910005288,19.70094327668821,118.576350245618,0.241600699198675,99.961935327505,0.1045600678643666,Low,0.1045600678643666,test
17.240489086822933,17.212505713043928,1658.4815963219323,3.569119274895749,50.03049418073641,1.6877412122387845,High,1.6877412122387845,val
16.39522379235805,13.38625222377369,-29.608815506136885,-0.2256342913567416,99.94704708113755,0.0557679595275989,Medium,0.0557679595275989,test
17.62308092588889,17.01554639456167,1006.911700258112,2.164461327301103,99.94644099700588,1.1428865520771745,High,1.1428865520771745,test
16.458178195821873,12.591272627015666,-1806.5280968571503,-5.818284366647483,100.00338538902324,2.548572957323534,Medium,2.548572957323534,val
18.40495007153003,8.966288437105566,-562.6267071112076,-1.9972333534421,99.96079140272349,0.5571678286714655,Low,0.5571678286714655,train
18.744794457400843,16.809854132884304,236.87220786846868,0.5196509329894831,99.95489432752326,0.2589173005882225,High,0.2589173005882225,train
17.036299088987988,13.563773151450109,-1332.6834980763567,-3.581715267750207,100.00053534725927,1.0846542384668425,High,1.0846542384668425,train
17.566433877429457,13.012890476330634,-29.66532380467332,-0.1960541963886541,100.03004562096672,0.073352045922875,Medium,0.073352045922875,train
17.719645122555505,1.1978803836368677,29.643884803361622,-3.876147737993241,100.02343452660064,0.6667592605130447,Low,0.6667592605130447,train
16.21009086088696,13.405075155383384,-29.59973171370125,-0.1180354021543867,99.86753910898425,0.0461927593479874,Medium,0.0461927593479874,train
17.26842232545617,19.76671534771529,6011.876401324343,11.145467655325588,99.98378659445802,5.346963518135439,High,5.346963518135439,val
17.768006002858193,16.04321121543673,-266.5112365773201,-0.5789338368583378,4.991828080416017,0.0038934593071428,Low,0.0038934593071428,train
17.83593794149688,20.517458097170632,2398.928622904109,4.577305415962388,100.04475407569696,1.9669375729661407,High,1.9669375729661407,val
17.97539902022929,16.837777808154925,236.83774167413088,0.5075078425105467,99.95947073789723,0.1698386703595878,High,0.1698386703595878,test
17.699921055706774,16.8114890406153,236.8515656458988,0.4708009502032536,100.0647736970759,0.2499624835410701,High,0.2499624835410701,test
16.786313271514388,13.247743758180276,-29.60450482579046,-0.0834824044171843,99.98939714485677,-0.0030637495951477,Medium,-0.0030637495951477,train
17.15908289586906,11.630385584706085,-1125.396194379329,-3.716049264304876,99.98469760660774,1.2295249777984176,High,1.2295249777984176,val
17.507139954477832,16.599249691185598,236.97616090234925,0.4691381910097268,100.02562735626611,0.0964212444044759,High,0.0964212444044759,test
17.353516389195207,8.7240634004143,-236.8389174941807,-1.512852812744219,5.007770843252852,0.4762764519691057,Low,0.4762764519691057,test
16.844703967781864,13.6167628798813,-29.70544185303762,-0.0803088941301661,100.01946133449306,-0.0626810067176279,Medium,-0.0626810067176279,test
16.636113401247894,13.304619626803904,-29.63119736907756,-0.1680454017687354,100.04483427743064,0.0159304154950454,Medium,0.0159304154950454,train
17.86568669101847,11.538808763177482,-1806.5101744641447,-5.453371208033396,50.031272120422855,2.3409370021950413,High,2.3409370021950413,train
18.69538120784815,17.736547608104843,177.70542638735122,0.4526099284128734,50.02861911188882,-0.0286268616207217,Low,-0.0286268616207217,train
17.939607843153006,16.74153127988573,977.2728925737314,2.1886188024240925,99.98312730200456,1.046295632095115,High,1.046295632095115,test
17.18461356709743,13.308767014410575,-29.635424979095703,-0.0841322148631228,100.00521345038162,0.0408605305785904,Medium,0.0408605305785904,test
17.780022404596814,16.82057469368704,236.78499698573933,0.5316414277783507,100.01291654489783,0.2070206389481037,High,0.2070206389481037,train
18.14397118005052,17.014100060495842,207.24806021348263,0.3909620429708388,99.96779803699614,0.2273209260077051,High,0.2273209260077051,train
19.074652716407577,22.74298733988591,1836.0464750079711,3.8861663257608647,50.054534001171824,-0.0410336941612076,Low,-0.0410336941612076,train
17.535296190416748,12.87010526524804,-29.67376440171817,-0.1422534757994351,100.00970329148784,-0.0039776972380214,Medium,-0.0039776972380214,train
15.623569408858604,13.074951315359678,-29.575401198020472,-0.0842598670778486,100.00818539282184,0.0301468587630793,Medium,0.0301468587630793,val
18.988338298067337,0.8450141558732062,29.555307385034343,-2.206615055642813,120.00138383911496,0.0951631133100102,Low,0.0951631133100102,train
17.23990001803773,13.575123587161862,-29.68593551418442,-0.1174850997755291,99.90884512939348,0.0432821441650072,Medium,0.0432821441650072,train
17.04791687623661,13.138305755023348,-88.82115201579252,-0.2409401168398403,99.94787834460205,0.180113085518707,Medium,0.180113085518707,test
16.5212448946894,11.51191649039559,-59.16627777572109,-0.283448589496923,50.082551673674736,0.106803548308334,Low,0.106803548308334,val
17.31996541034671,20.35026626548645,6219.241170059733,11.92756632646917,100.00473428392408,6.343927792558466,High,6.343927792558466,train
19.28847539479427,12.954296162462418,-29.635173656173908,-0.1078249287232909,100.01169459031148,0.0606030116917755,Medium,0.0606030116917755,val
17.685676890788713,13.170628339245846,-414.5763847789888,-1.2105343062564513,99.9353895806874,0.4886138935295226,Medium,0.4886138935295226,test
17.240995145719612,16.824759619717224,266.5174399041454,0.5444586995622269,100.0730271420554,0.3452525411517312,High,0.3452525411517312,train
16.343200695725702,13.519018713116422,-29.61714882288043,-0.1427806042267538,99.88624418669848,-0.0001734708519371,Medium,-0.0001734708519371,val
16.4288359201679,16.98535982591485,236.89075055630644,0.5701260437547941,100.0758425932074,0.2270806773433945,Low,0.2270806773433945,train
18.36285567081049,13.018657866280364,-118.47741724500573,-0.3857734977399067,99.93847944061412,0.1728945712954964,High,0.1728945712954964,train
18.009711003032017,13.114779672496214,-29.665101820538226,-0.0507829802202127,100.03598341291271,0.0801727050736784,Medium,0.0801727050736784,train
17.464698592128567,1.3252121991947146,177.6592571911216,-5.481504445233844,100.02615736431102,0.1931550401707716,Low,0.1931550401707716,train
17.181672228895476,13.358360063190029,-88.90080614809723,-0.2387843118553237,100.07953457643931,0.0354220153000008,Medium,0.0354220153000008,val
17.75089954805814,13.05489027249398,-29.6109421763715,-0.189539962970514,99.93420325700426,0.0662965942501745,Medium,0.0662965942501745,train
19.496365872222032,16.820553079403773,118.36350606643455,0.2533644509071098,99.88730419910571,0.5615440456999391,Low,0.5615440456999391,test
16.426988122304113,39.32209623887862,-2665.473293314395,-0.7927180364908897,100.0115199691148,0.1807981323247881,High,0.1807981323247881,train
17.83742351486954,9.337079476346007,-29.55625122494024,-0.4183707528182327,99.99963897193048,-0.0348676759835551,Low,-0.0348676759835551,val
16.759705128667026,15.14542906746955,-236.82943605631604,-0.2782363660096577,4.935903871183107,0.0125277049035624,Low,0.0125277049035624,train
17.099073498753366,7.145934702514927,88.81252851972017,-0.0706437512002372,100.00051859517284,0.7413630328799694,Low,0.7413630328799694,test
16.858046625655913,0.7496726015942414,29.533297204002046,-1.834630643001656,100.01039059250098,0.1269680835378931,Low,0.1269680835378931,train
16.795009267892105,27.809564603563025,-2428.4634688740225,-1.6626308630761812,100.06887793836476,0.5159248472446443,High,0.5159248472446443,train
17.571904411332866,15.783561611604156,-385.02630153573887,-0.27133439772765,99.92408738130968,-0.0576979203518206,Low,-0.0576979203518206,test
16.628177509742734,16.910417141797076,503.43289012869,1.158275553708695,100.08043075840531,0.4503759592101373,Low,0.4503759592101373,train
19.243305959501605,16.573621336444436,325.7201745474446,0.7256506731350325,99.94005345566715,0.3059015809504316,Medium,0.3059015809504316,train
17.434993328224966,16.999908916221564,29.674777570620808,0.1259079580072752,99.97327000786991,0.086651535929376,Medium,0.086651535929376,test
16.85242751352075,15.856649491819912,-1066.1358381178582,-2.1390235908546256,4.933374104180318,0.538232965903857,Low,0.538232965903857,test
16.33805216573141,0.7629359760007866,29.677142493918986,-1.7857938152239907,100.00541098082653,-0.0169917273587897,Low,-0.0169917273587897,train
17.367376840836055,16.991918378799397,1006.9034950584442,2.1554252845761352,99.97205423786455,1.1432501943474385,High,1.1432501943474385,train
17.14935640442112,11.584327879371974,-325.6554492208258,-0.6776396756587119,49.97438455734996,0.2588779221606718,Low,0.2588779221606718,train
17.248096821671336,13.476585395572814,-29.57462731359328,-0.09303134529628,99.94338426138,-0.0601987800378022,Medium,-0.0601987800378022,val
17.15558305182256,13.389183302259196,-29.577050928837902,-0.1010163910318996,99.93244490116342,0.0150509775937658,Medium,0.0150509775937658,train
17.596261522331535,13.450996221764916,-29.58860623237973,-0.0845786423224037,100.07262168046452,0.0032466413169837,Medium,0.0032466413169837,train
17.503049900050765,16.970155523861642,1006.9889576518048,2.149422566472265,100.00399588344294,1.1132187897966137,High,1.1132187897966137,val
16.825143546235847,0.8726835778670201,29.51474250940786,-2.091878626276658,120.04739715743725,-0.0072654990195324,Low,-0.0072654990195324,train
17.48947160436047,16.0101559386041,148.08420415265206,0.2432738434833236,5.004166260114934,0.1863697925400776,Low,0.1863697925400776,train
17.226563809402087,13.317542365823703,-29.61110699372136,-0.1246250869852794,99.93107580683478,0.0617932603154987,Medium,0.0617932603154987,val
17.51103531287927,16.810625610534792,236.9733004571335,0.5658990156876263,99.97194073568885,0.3416858018017511,High,0.3416858018017511,train
17.160423819637042,11.319577942736434,-473.8275766878919,-1.5611471728861188,100.00582838029358,0.7155617285956062,Low,0.7155617285956062,train
19.040608230717933,16.8150141723184,88.74525916325453,0.3375239222683296,49.97562623119252,0.1345828565313795,Low,0.1345828565313795,train
18.343818413835663,18.1067322517336,118.46330689524532,0.3867546951965209,99.95662248652468,-0.0989887052114283,Low,-0.0989887052114283,train
17.431248774862816,51.14822816161977,7907.311600296254,-25.989457718290364,49.94025024481337,8.8447080900124,High,8.8447080900124,val
16.92943339744793,13.375779716181665,-29.62849893248151,-0.0802019779079524,100.06241083337432,0.186461764997554,Medium,0.186461764997554,train
16.596120483473353,13.143116407865744,-29.520032321091826,-0.010073529989051,99.99748999310488,0.0493968929205422,Medium,0.0493968929205422,val
16.2867098608027,14.936948345692592,-148.14035416372815,-0.4399775867126322,50.01705861374117,0.0431782680605252,Low,0.0431782680605252,test
14.003243817518957,16.783100696892653,59.13570446655519,0.1699471285497613,100.04637641083522,0.0654233398605698,Medium,0.0654233398605698,train
17.633978594569154,12.45285228960188,-59.17718481263447,-0.2749531371453634,99.94474213704947,0.1916054873579627,Medium,0.1916054873579627,val
17.888392985290217,7.410814751586217,-385.00139284532486,-0.0366111258650866,5.090785846247128,-0.0217927792212713,Low,-0.0217927792212713,train
17.72883781515164,66.49564183676705,20641.91179638913,-60.18447865846868,84.99207473965288,22.13691084331133,High,22.13691084331133,train
16.880233664575265,16.317437847511613,-59.20044104461223,-0.4252096218275493,49.973289437717774,0.1317862704592476,Low,0.1317862704592476,train
17.57069577274688,13.606164812004698,-414.5382253988736,-0.303281815572856,99.96117396323682,0.0617696605543125,Low,0.0617696605543125,train
16.56625802370872,9.56556044981089,-1036.6105655054037,-3.511055452529031,4.948024431092163,1.5704656879814272,Medium,1.5704656879814272,train
17.969982312530107,8.29159715182394,-148.12778770966167,-1.2432990387625804,5.047284776078189,0.295318191319892,Low,0.295318191319892,train
17.226393743388346,3.5565441690313624,-59.23318060610954,-0.0653107654716275,100.0511804218289,-0.0900220590673623,High,-0.0900220590673623,train
16.291554192094402,11.866835069903193,-118.46499892029492,-0.2785044053006725,4.986099268632148,0.0763878208927564,Low,0.0763878208927564,train
16.843717277934513,15.780195419026269,-88.82115001826908,0.0758179551413295,99.99565247724232,1.2252842416947654,High,1.2252842416947654,train
16.652886183801588,13.28469501573363,-29.60786298225416,-0.1241015922110207,100.07555580219665,0.034365022745981,Medium,0.034365022745981,train
17.70551952800353,1.4130093271568795,-236.8222446428669,-3.2662743339409865,5.0168554454275744,0.9641052800125316,Low,0.9641052800125316,train
15.629978110951326,13.033067143294394,-29.692523512821435,-0.1397441183694385,100.03204801507444,0.0440784695529551,Medium,0.0440784695529551,train
17.942017937401914,13.298030612771164,-29.65860582670944,-0.0308681368087129,99.96845304513104,0.0721026101995034,Medium,0.0721026101995034,val
16.851803902960153,13.505329765005762,-29.620106044760664,-0.1840350146811397,99.84455255962712,0.0767531947853832,Medium,0.0767531947853832,val
17.294665553921,13.32588028316337,-1303.0873084641937,-3.5377136840807246,100.03067988608623,0.4624566968307607,High,0.4624566968307607,train
18.803243310901976,9.809937345105787,148.0577928950636,0.0191026246391756,4.980951726184573,-0.0264728440002126,Low,-0.0264728440002126,train
16.951244940649698,15.450700122041978,-918.1342299183182,-1.933590812868784,99.97139042357388,0.6982440878121385,Medium,0.6982440878121385,train
17.350575751336624,10.0101329795565,236.9476540391161,0.1788461475357085,99.97892023096442,0.0375537452877965,Low,0.0375537452877965,val
17.10879803399631,0.9059858578948028,29.633137431027563,-2.1536115411055112,120.03281043222898,0.0699810154071378,Low,0.0699810154071378,train
18.248050875961592,13.11506150355015,-29.652575440543995,-0.0792094075216305,100.03880419611666,0.0549241169496812,Medium,0.0549241169496812,train
21.83989425591493,0.8214450960746776,29.57105233348376,-2.1265861662012653,119.95732681096165,0.0451881978232337,Low,0.0451881978232337,test
17.069644286262626,17.120418916639263,1036.5080692851398,2.3674904296276376,100.04139845536062,0.4283024526561672,Low,0.4283024526561672,train
16.60218955704237,0.7888078053917108,29.61631058274998,-1.7934047842063985,99.94128851371984,0.0394966609343493,Low,0.0394966609343493,test
17.34585918967828,13.030155905499065,-29.596338732257426,-0.1136795909403419,99.93945317849683,0.0237860505394546,Medium,0.0237860505394546,train
17.850768290433788,17.014205544449204,296.247568871113,0.6991468649111015,100.04880987154436,0.2999198572227285,Medium,0.2999198572227285,train
17.029070062964006,0.8812622491758686,29.62990627790114,-1.8196848418775968,100.06491956222408,0.0973815993237851,Low,0.0973815993237851,train
17.537719476453788,13.21315019019888,-29.60471787514413,-0.0858417065850693,99.92910481033394,-0.0042098682838988,Medium,-0.0042098682838988,train
18.9249616947748,13.404334199559734,-29.62042516716248,-0.1351575213892479,99.96124001789768,0.0048253048799207,Medium,0.0048253048799207,val
17.856402397535316,16.941128269006484,236.89915463497053,0.5694767348162217,100.02774899182288,0.3270380667522994,High,0.3270380667522994,train
18.166411764900243,13.14109038328179,-414.71632663532927,-1.201700427941765,99.92009901902674,0.4610990429416426,High,0.4610990429416426,train
17.698241789832128,15.419092619283736,-29.647076511701872,0.0093869238480634,49.94221641740365,0.0522507136701802,Low,0.0522507136701802,train
19.43840754134219,56.75464306571516,-20730.703719886616,-117.50155133907457,95.01892945807904,21.92439121214929,High,21.92439121214929,val
16.675325754306463,13.219433386567909,-88.76376446886681,-0.3701840128617024,100.05596458538422,0.1309886894744929,Medium,0.1309886894744929,train
17.82661798208338,15.37773251198287,-1539.942581285005,-3.601522507114805,49.95210406905054,1.4298497640474768,Medium,1.4298497640474768,train
17.637165001824595,14.962845628957265,-29.67307810689962,0.0282663982686166,99.98864251721932,2.7302025273068926,High,2.7302025273068926,val
18.25910454962657,16.77650763583067,207.37154954579668,0.391786070902522,99.99603396067404,0.1761910663393874,Medium,0.1761910663393874,train
17.92921538282699,6.494568108645172,2013.888985314689,-74.97407035316645,74.9712486065859,1.9336013110125447,High,1.9336013110125447,train
17.04275716493819,14.670927089825216,-29.54426212943048,0.0648551467699921,99.94622760267283,1.2652497130195393,High,1.2652497130195393,val
18.243153866789232,16.96846494084442,266.4910135330587,0.5634854416039153,99.98691649481326,0.2536424779317737,Medium,0.2536424779317737,test
17.200961522844505,12.703736765966095,-29.580586629622875,-0.0988111882362271,100.05545105589545,0.073982372645336,Low,0.073982372645336,train
17.407920616199416,22.31035142723963,6693.063152442655,11.88215992292537,99.9194877462487,5.752434821127442,High,5.752434821127442,val
17.38915133729704,13.54410330522088,-325.81402212719536,-0.9335506491153968,50.01463926422469,0.3286032190248135,Low,0.3286032190248135,val
18.14048677815785,16.7915002210223,237.0374098851373,0.5988713334515744,99.93476042025355,0.1358853651704136,High,0.1358853651704136,val
17.178653592361027,13.39353701390419,-29.7023481050434,-0.1603878152702825,100.02022285609904,0.0817526951881831,Medium,0.0817526951881831,train
17.677654479690847,17.87196935140565,799.6727976578267,1.6493341006178543,100.06793309084314,0.7008920112699959,Low,0.7008920112699959,test
17.474749990538466,16.943377147359023,236.8500372693993,0.5189315721522662,99.95537690724424,0.2382520790280301,High,0.2382520790280301,test
16.34322832539615,13.180213854102172,-29.55987054999751,-0.2423648955023354,100.0411149706942,0.0504957653758665,Medium,0.0504957653758665,test
15.702575144394723,13.161918955464309,-29.63993279414112,-0.0151721013104816,99.85709879051052,0.0897703544112177,Medium,0.0897703544112177,test
16.839135167533858,0.6447931902071102,59.23857539913107,-1.434642351594243,5.040526574485842,0.0553487559893771,Low,0.0553487559893771,train
17.922699111470433,5.389954827147544,-118.4761486700014,-1.489381128292923,4.992725937423464,0.1895493339053862,Low,0.1895493339053862,train
16.751092333041015,14.519759446532914,-29.668317882269225,0.0604795531706168,100.06142117002616,1.067474300639669,High,1.067474300639669,test
17.651756504797728,16.959402925014075,177.6336796775891,0.4206908827397246,100.06909245938894,0.1266473818870296,Medium,0.1266473818870296,train
16.733563782870764,13.281070308830918,-29.64472338059336,-0.0652150378621625,99.9670266732031,0.0796586687986468,Medium,0.0796586687986468,val
17.617588672749505,13.416278665563564,-29.65727514853993,-0.1287150860689247,100.00155601699512,0.0675499772863852,Medium,0.0675499772863852,train
16.74280560758526,11.41113665669234,-88.83818528219608,-0.5680258340226472,50.03274046142604,0.1857793021476337,Low,0.1857793021476337,train
16.659921179973864,56.79194252513836,5774.990513996862,5.512491172672354,99.99445686573551,6.178150290567172,High,6.178150290567172,train
16.578190780540588,13.39392630223164,-29.57256599333827,-0.0846707786717796,99.98442103597368,0.0019990785590206,Medium,0.0019990785590206,test
16.4845299348231,14.694324366691522,947.7135770483668,1.9775438154513223,49.90182546849293,0.3207632842160214,Low,0.3207632842160214,val
17.113381615764467,13.587961147641634,-118.4306573884346,-0.3009398940757752,99.9846674673007,0.0126443068576735,Low,0.0126443068576735,train
16.518674422073094,20.27921407105304,-177.66130305406426,-0.073304862530997,5.062649036496716,-0.1017219993247218,Low,-0.1017219993247218,train
17.226538159567948,13.28919021613558,-29.66825919406213,-0.1087806590501965,100.02666279035502,0.0448413202492272,Medium,0.0448413202492272,train
17.038341833446932,10.76295800580974,414.6900612793695,3.696590230421103,49.9916246970914,2.669753078912265,High,2.669753078912265,val
18.293257140089025,12.962456459760464,-29.62774745362924,-0.0989267221243136,100.08427404579264,-0.0559110420074202,Medium,-0.0559110420074202,train
18.179942132303083,6.304953154687688,-3731.498350350653,6.30667893739714,100.01396107091554,5.8418828785992005,High,5.8418828785992005,val
16.726463390583586,0.7965766235850473,29.694836948790343,-2.178402457206769,119.97046804450834,4.9793423170900464e-05,Low,4.9793423170900464e-05,train
16.689036111512312,13.503940207662495,-29.582353379013192,-0.0907492644212558,99.89773113651138,0.0538022222211319,Medium,0.0538022222211319,train
18.31257175191373,10.867018414046417,-296.1410483162485,-1.024080959629355,50.00700356426019,0.0783882346207035,Low,0.0783882346207035,test
18.308329846210928,13.227349761279516,-29.65186985154441,-0.09071054564911,99.9314493406588,0.0927429515439791,Medium,0.0927429515439791,val
16.272590590508482,16.808106490076657,1273.5120956924404,2.89990417841812,99.96191465671308,1.1745505432377397,High,1.1745505432377397,train
17.564614594862583,0.85919536166923,29.69149962891078,-2.1951493031243965,119.9812700290555,-0.0068505042439888,Low,-0.0068505042439888,train
16.923762905840636,13.392099808096493,-1303.1863016301018,-3.604294798371697,99.94540144793842,2.9327522559559385,High,2.9327522559559385,val
21.537479045658404,13.986789665634808,-651.5604940843297,-1.2788605827256248,49.98290740951303,0.5953594592508975,Low,0.5953594592508975,train
19.303523906041885,16.21538111762489,296.1250416841907,0.627913010054528,99.96591878573804,-0.0005914833166285,Low,-0.0005914833166285,train
17.541996867601537,13.17036987711777,-29.55521265657984,-0.0819606593095835,100.0563090555166,-0.002007600167424,Medium,-0.002007600167424,train
17.313272938192718,13.845079721171915,1332.694777321597,3.2891478572434334,99.97986558365513,0.887631439722743,Low,0.887631439722743,train
17.98041111136133,13.07178115832423,-29.66042545551015,-0.0589630579649093,99.99899847270424,0.1237284890424181,Medium,0.1237284890424181,test
17.070987898568294,15.014922282882388,-29.626613251694973,0.0322740874588673,99.98997726076983,0.0900165923687088,Low,0.0900165923687088,train
17.584244394619088,16.935143796800958,236.90651754913367,0.5033562593498667,100.09929768926015,0.2754385717807754,High,0.2754385717807754,train
17.06916293639612,13.156863068892177,-29.49015780477343,-0.1124964297471428,100.01879313088352,0.0781189016545682,Medium,0.0781189016545682,train
17.41787082159536,16.911506457588526,236.939717133634,0.5355656850661699,99.9236401302687,0.1994875093948402,Medium,0.1994875093948402,test
15.395363646170214,13.419407921487572,-29.6178227468878,-0.0054149629000577,99.99430222127918,0.0151871539300775,Medium,0.0151871539300775,train
17.501046492809195,0.8944183254327875,29.63876093426377,-2.128672976567416,120.12573078230196,0.0558051321891486,Low,0.0558051321891486,train
18.896505030321464,17.614493987767677,207.3396330839452,0.5418974701307524,49.9983587846976,0.1557789933270918,Low,0.1557789933270918,test
16.412796860960267,13.438892031752342,-29.674814321241666,-0.0939704402823412,99.97614519310513,0.1083145620424191,Medium,0.1083145620424191,train
17.353227481301474,0.7646735573394665,29.71027404390085,-1.7881138134941543,99.89070068594332,0.1285975299850988,Low,0.1285975299850988,train
17.564359598417738,17.005721164054183,236.92669488579523,0.5382689033329577,100.0500253109674,0.256385599272252,High,0.256385599272252,train
16.131081299163544,13.309663918031168,-977.325342521656,-2.394881437018504,99.94259219013873,0.6519684541531882,Low,0.6519684541531882,train
17.398774293075796,17.427228203368905,1036.5467026460951,2.1650476122207096,100.02962803719753,1.0804274371985547,High,1.0804274371985547,test
17.86521835491494,16.811198658096057,-59.360093602129126,-0.0103173943024498,4.989888393093716,-0.0408309101278516,Low,-0.0408309101278516,train
17.442774615850265,16.829543102008845,1006.9493501518592,2.182422898889276,99.8928159591062,1.1249152398797202,High,1.1249152398797202,train
17.90603111019102,13.634779260605558,-118.4158514959685,-0.2422866738811867,5.033910196568701,-0.0335527122157803,Low,-0.0335527122157803,test
17.39895056637164,1.4799943493318883,207.38952605759928,-5.419329027613808,99.93060429845788,0.3308217449816958,Low,0.3308217449816958,train
18.106540321389907,9.607372663465966,-503.4084449671265,-1.8827690797231629,4.991240111037012,0.0909046583441697,Low,0.0909046583441697,train
17.09948348468729,17.203682930274226,325.7136823667012,0.7408968096708396,99.94716866732811,0.4068701155515556,Medium,0.4068701155515556,train
17.049374819258826,13.179446244076244,-29.636269916761293,-0.099026138717225,100.01857435715888,-0.0469252816602556,Medium,-0.0469252816602556,test
16.583112628618736,13.707518240378011,-296.20280429769895,-0.419832562413003,50.02939080832753,0.2613443168847544,Low,0.2613443168847544,train
19.34520358241369,17.585890347958408,2665.334063526161,5.593410700568894,50.01232522247919,2.577246627416516,High,2.577246627416516,test
16.112042850900384,18.01582453019504,-2132.267808061724,-4.867614205409396,100.00131887102108,2.574374290452761,High,2.574374290452761,train
16.23176631588747,24.025533109151453,444.3131014670106,0.9839028879332438,49.98078351492581,0.4953612855564437,Low,0.4953612855564437,val
18.71394330026607,17.818850532912204,1747.2456737110706,3.626528784580006,100.04108079748023,1.7981452021945643,High,1.7981452021945643,train
17.08995623048517,13.846587171207103,-148.02354611944443,-0.3851632504767009,49.9353053784382,0.1267101947769718,Low,0.1267101947769718,train
17.545602669541076,17.46668708464971,1036.413386533512,2.220332214316869,99.96617318761122,0.9839914704670558,High,0.9839914704670558,train
16.73627394855512,13.32091758109706,-29.605084577182915,-0.0977454210315238,100.07361379501702,0.0205818466025207,Medium,0.0205818466025207,val
16.499934784363113,13.1856160543202,-88.8555283237149,-0.3150105269874217,99.92158646121216,0.1062311165550192,Medium,0.1062311165550192,train
18.013923782051336,17.051175752180168,266.48268749862603,0.6973354053401926,100.1384954082274,0.2841924372686787,Medium,0.2841924372686787,test
17.847645975701408,14.759426380620608,-177.69749209894542,-0.487445806109629,4.9619017097544,0.1511355282983134,Low,0.1511355282983134,val
17.469856928430428,16.869274211708795,236.95631152486345,0.5612249765707339,100.03392201149477,0.2197655185180195,Medium,0.2197655185180195,train
16.87793117092057,13.08166370807178,-1273.3743687700294,-3.502344233667766,100.01792702121008,3.265758777984321,High,3.265758777984321,val
17.223621894461708,16.3569802434702,1599.1650916872552,3.610483026228791,99.99457286331622,1.7569329914949328,High,1.7569329914949328,train
18.329563868640133,17.158743163707967,236.9041781760064,0.5437824261542948,100.03559189540688,0.2627500836089134,High,0.2627500836089134,train
18.326412548107857,16.983296934302587,236.95872291283965,0.5173296271438016,99.95043154596156,0.2349657845472909,High,0.2349657845472909,val
16.77542444818008,12.029132090629505,-207.2679977357619,-0.4037150711618376,50.03367269265979,0.1242130260727121,Low,0.1242130260727121,train
17.157098333315716,13.161151873642858,-29.63444247016829,-0.0901459692776117,99.92160717356153,0.0724956424568866,Medium,0.0724956424568866,test
17.23984254656104,16.902224361474772,148.1036990486981,0.4325965846140161,4.913067390949306,-0.0839177694442361,Low,-0.0839177694442361,train
17.11948334607221,19.02239217301228,5982.285467111369,11.979137469746764,100.05517596349785,6.388308326380748,High,6.388308326380748,train
16.242052098136355,17.986759672867386,-236.9369341433864,-0.0042982584354153,99.95057295353176,0.6566613555658277,High,0.6566613555658277,train
17.373596556649982,18.617606214584463,2546.917378166669,4.989523905226318,5.0256570577635085,1.7632900834978016,High,1.7632900834978016,val
17.782870244236168,20.05756779895429,-533.0672472846247,-0.0599091660644304,50.01854773900453,-0.0035012241834925,Low,-0.0035012241834925,train
17.473492610639486,17.441015643502624,1036.5829372711394,2.264521460954467,100.03350016749236,0.9277752123152928,High,0.9277752123152928,val
17.083015026620448,13.311571565964336,-29.613374522970528,-0.1053444414637888,100.03125085195614,-0.012082587395139,Medium,-0.012082587395139,train
17.270766578803293,17.985699693751908,-355.3675495396362,-0.0292944025644862,4.989827797635479,1.5668866609084282,Medium,1.5668866609084282,train
18.843866509524847,17.05027755446262,1036.5536120174847,2.293486090256836,99.94102777106104,1.0754075040316244,High,1.0754075040316244,train
14.989157457776102,13.156208641191029,-29.62585657333751,-0.0896677546281768,90.01566678465915,-0.0013650518535835,Medium,-0.0013650518535835,train
17.308603286232906,16.556133694529247,977.29139303344,2.150007765987774,99.98802122773598,1.1303306012706311,High,1.1303306012706311,test
17.065105469313107,1.2389384254936997,177.68060153041327,-5.422072905857164,99.9889652796742,0.1369069921543817,Low,0.1369069921543817,train
18.69900954787922,16.756460614345006,1006.9249011157276,2.193133520331721,99.97299847925856,1.0430496466050676,High,1.0430496466050676,train
18.312282961733704,16.815539748679363,236.8659394330195,0.6131399182263162,99.95563336386708,0.2557190894314289,High,0.2557190894314289,val
17.805259392528068,13.183536604933924,-29.62834135472969,-0.1494975901930088,90.01473694635143,-0.003304419607917,Medium,-0.003304419607917,test
17.56224998771023,16.80102204015436,207.25213798063425,0.4860828565480992,100.00396992775129,0.3134093087945869,Medium,0.3134093087945869,test
17.029466008534666,16.733613764064767,236.92805806368625,0.5392785440014063,99.99314673202134,0.2148625717827081,High,0.2148625717827081,val
18.06238467556252,11.436769039288428,-88.8327246086526,-0.3216477673533122,99.88563836624976,0.0625809429633453,Low,0.0625809429633453,train
18.0797090099576,15.049028599448109,-1095.7265808642774,-1.3309582529307749,49.982785737225264,0.428060653680496,Low,0.428060653680496,train
16.20378471200476,12.951105703978373,-384.9826011470612,-1.0808741426707646,99.98390794010848,0.1478603673282919,Low,0.1478603673282919,train
17.35411831622156,15.453838808814227,-118.40338603613222,0.0441283205276662,100.05127774804237,-0.0137224294894266,High,-0.0137224294894266,train
17.880194069551084,16.828027608216022,1006.8847122522976,2.152717814277321,99.99747098632837,1.0132413741936104,High,1.0132413741936104,test
19.23727592964712,8.126447543704169,2517.311374299368,-120.0029541820413,119.93979260521272,2.5863352975765097,High,2.5863352975765097,train
16.942476449204534,11.181451688874262,29.634190188499023,0.0628940573479773,4.896699103830834,-0.0497224672594847,Low,-0.0497224672594847,test
17.789409890304093,12.036897508155224,-1599.2416682595124,-5.01182962218298,50.08696988982946,2.28429362877808,High,2.28429362877808,train
18.41084908766881,16.92548637897886,207.3444353370269,0.4934495430782138,99.94111003378003,0.204297782234236,Medium,0.204297782234236,val
17.418797272773507,18.6004573160844,207.39360250595936,0.5995666818063127,100.05427148554332,0.2396235657759729,Low,0.2396235657759729,train
17.866688881786683,17.095403113874422,29.552626948844548,0.1558568894935768,99.9776440616337,0.038889848014595,Medium,0.038889848014595,val
17.356479844095244,13.241041236831094,-29.65301489779577,-0.0791308403804119,99.93787839479998,-0.0729666725797659,Medium,-0.0729666725797659,train
18.5089467825579,13.59855109367061,-1806.6549316385665,-4.674239770762076,4.953456377782273,4.133554310332681,High,4.133554310332681,train
17.558543155555004,14.171351395130726,-503.44276522740336,-1.300870655629502,50.07507450283435,0.7309827579387224,Low,0.7309827579387224,val
16.112945162541305,17.82242991136812,1747.3386679087691,3.579845152569185,99.87612860489688,1.5615282515241191,High,1.5615282515241191,train
17.322609401398392,12.827822852715691,-414.612981345245,-1.1404159651464332,99.8610445087158,0.4965379884846763,High,0.4965379884846763,train
16.847162805788777,37.55629115931215,-2665.310797189692,-0.8656988396693477,100.00985660426194,0.4259493704677062,High,0.4259493704677062,train
17.989193371185785,17.06759384099151,1006.896441303328,2.287895474405866,100.0380777877859,1.0008667455367717,High,1.0008667455367717,test
16.384916579871522,16.987200468514104,1688.0846239388384,3.6273264695328207,99.92879058460838,1.5507775988995756,High,1.5507775988995756,train
17.695454112156213,13.148418023748716,-29.60862817570411,-0.1071687276122489,99.9716844487258,0.0060186026454562,Medium,0.0060186026454562,val
17.340579692263276,12.910986484268742,-414.6639513251749,-1.2422829827592072,100.05325733267908,0.4517486064625904,High,0.4517486064625904,train
17.975550059474617,7.189891991843387,177.65432102879146,0.4823825290690223,5.01315752160386,-0.0745631344469298,Low,-0.0745631344469298,val
18.43918904263404,17.805572498811,1066.2191118277103,2.2472296062431445,99.92321992704166,1.022585355454379,High,1.022585355454379,train
16.5803117098994,13.464240391034677,-29.59038179991668,-0.1185610960191052,99.95318292523945,0.0009859059437128,Medium,0.0009859059437128,test
16.668744882137442,13.202416642175477,-88.90089713806069,-0.2921658661729874,119.99764102089983,0.1251480855464853,Medium,0.1251480855464853,test
16.89512352660964,6.029189901347214,1895.4543475147948,-74.96884202995514,75.04298793470218,2.03103819073534,High,2.03103819073534,test
16.265602834880962,13.109484860926967,-59.16271607644036,-0.2187640461681502,99.95451798295596,0.0340431224802884,Medium,0.0340431224802884,train
18.28305883348025,16.997280019501968,236.9282288713491,0.5180708814861692,99.9386266963856,0.246980772590475,High,0.246980772590475,val
18.303739348038945,16.94907334287695,236.90274791401177,0.6054305440062409,99.9685540838974,0.2858595062773123,High,0.2858595062773123,test
18.01550097988748,16.651918525662612,-29.63508235456473,-0.0995395288175253,5.036902660827212,-0.0008683572566486,Low,-0.0008683572566486,train
17.69720612037717,16.83622886796214,236.9209377308236,0.4538212067085914,100.06732577119736,0.272353099687729,High,0.272353099687729,train
17.70194712819473,13.575762788547292,-29.5981099429316,-0.0043659760995461,99.95259063152588,0.021649965528001,Medium,0.021649965528001,train
16.75733247479034,13.339821839301909,-29.62602729553574,-0.1361911368916188,100.02903834018558,-0.0018443110320545,Medium,-0.0018443110320545,train
16.783797462053986,6.591152440774376,-444.2634176514104,-2.5469858690736444,99.99489999715765,-0.0167462187821412,Low,-0.0167462187821412,train
16.901187085027498,2.438346894094784,-177.6382701206931,-2.556409450304094,99.9874204796796,0.6561775833650397,Low,0.6561775833650397,train
16.71294721283124,14.28205777608958,-1510.3213140995774,-3.097937576846011,100.00365625940908,0.4324073731923466,Low,0.4324073731923466,train
16.67135411130748,10.654576358362297,-1984.2346627183915,-5.627214694581959,99.95093366759905,2.506314957095078,High,2.506314957095078,train
17.950765539397896,13.12830957742776,-29.634102856976323,-0.0609090914953807,100.00212597963171,0.0046476010893926,Medium,0.0046476010893926,train
16.82204924006313,15.033552938372145,-59.19340180234685,-0.0909923253135207,49.93289598120338,-0.0082788012921511,Low,-0.0082788012921511,val
14.875362756098143,13.77297351286407,-29.59655825542635,-0.0615545767279923,100.09352762378784,-0.0339202965773555,Medium,-0.0339202965773555,test
17.49566714767637,16.88358336147018,236.9792031826774,0.5048633512804532,100.0598343904818,0.253506934483795,High,0.253506934483795,train
19.369376412920644,16.947431443771407,236.95630149648585,0.5562594232861982,99.87897593257996,0.3252121929387673,Low,0.3252121929387673,val
18.487578491548497,16.312700139311833,977.3284721535888,2.1066548312317974,99.978603919621,1.0917140876276712,High,1.0917140876276712,train
18.08498590430714,4.607075193004326,-177.71965291046243,-1.9709182763515256,5.024680158330066,0.9700033500261586,Low,0.9700033500261586,test
16.98231610345792,6.442697296116091,1954.531713423254,-75.01844609696663,74.95627815728693,2.057665124294108,High,2.057665124294108,test
17.264259084522784,8.228528219472246,-592.2802754317718,-3.0091187700133344,5.073966185765593,0.3492097112269143,Low,0.3492097112269143,train
17.169662483273495,17.045216217350383,236.8911063372528,0.586361538790418,100.06401864353904,0.2181636251054058,High,0.2181636251054058,test
16.57963616779973,0.9262777161940065,29.55336298428899,-2.155899596011268,119.99100868454164,0.0834003925395905,Low,0.0834003925395905,test
18.00187951804651,12.951856247113142,2073.0446053995684,-8.315798923851801,99.93659742039864,1.849649308519652,Low,1.849649308519652,test
16.4152760684147,13.687767423119851,-29.62071539846671,-0.0438290540095169,99.91921876853856,0.0313912377909287,Medium,0.0313912377909287,train
18.023303351722053,16.928234917533064,325.80566285646745,0.6290130635813391,99.98119069640394,0.2895579291628269,Medium,0.2895579291628269,test
17.202256213496938,18.40610227399139,799.6521650797985,1.690086866223886,100.0425516630149,0.5709675458479336,Low,0.5709675458479336,train
16.809206010664717,17.742750192901465,-88.79351771082091,0.1065090694933177,99.98845175841222,0.3709495785883519,Low,0.3709495785883519,train
19.13702804065845,17.896352721903572,88.87322170257208,0.3705459985727106,100.01640865136676,0.1990081241927493,Medium,0.1990081241927493,train
18.131058029343173,17.06568378832849,236.92357840951547,0.5820544641095526,100.01528630975729,0.2891054876139767,High,0.2891054876139767,train
16.462081832984186,13.299879112735454,-29.58555863568645,-0.1292553899717833,99.986144324175,0.0003725259597139,Low,0.0003725259597139,val
17.04692961653931,13.495540779719962,-29.661312232863853,-0.0967010459087967,100.03515870672406,-0.0060142299745391,Medium,-0.0060142299745391,train
17.437459236487296,18.10238890593952,-118.3841650054994,-0.0053210169868109,4.954177413351212,0.3517169977339686,Low,0.3517169977339686,val
15.830746998370843,11.088069574326015,-88.96043405671402,-0.680674362203211,4.951428876317201,0.1593773617615711,Low,0.1593773617615711,val
16.85790624732491,4.032221160399151,-266.4388157280124,-3.1978009281113287,4.98226522623107,0.3141292899370004,Low,0.3141292899370004,test
16.471162674245694,13.359490253631916,-29.59560154004755,-1.7336142866170023e-05,99.99332903938982,0.0566372277825303,Medium,0.0566372277825303,train
16.975947157325724,17.45363172050784,533.1154268334943,1.0422739368867768,100.06245510818822,0.5259472809984052,Low,0.5259472809984052,train
16.723916851677714,16.56782922857588,1658.4317726053878,3.557036661326299,100.00734107360636,1.6340068907614913,High,1.6340068907614913,train
15.997293347367034,13.463921706234624,-29.52881978609999,-0.047340626035623,100.00666694508904,0.0796844257329511,Medium,0.0796844257329511,val
17.715759678579214,13.214077851752815,-29.61101126228656,-0.0905393121973287,99.9637082900146,0.0530200093560611,Medium,0.0530200093560611,train
16.20067820747842,13.080789640084912,-88.83664401020407,-0.292902100243543,100.01971896102998,-0.0028033041849876,Medium,-0.0028033041849876,train
17.27529478367661,13.151412568772471,-29.586908249971444,-0.0611945269355831,100.0109372759078,0.0611610513283408,Medium,0.0611610513283408,val
18.149110208192823,24.674779407221223,-918.0548707531524,-1.3840695460821142,49.922776271470994,0.3341099616731113,Medium,0.3341099616731113,test
16.810416431773266,10.005531652003636,266.57667395267345,-3.259643784430648,50.02768778540029,2.1600490275168136,Medium,2.1600490275168136,val
17.50670709859289,12.87720937101318,-296.11560754636935,-0.86330956016535,50.126445055263446,0.3257364724499772,Low,0.3257364724499772,train
16.82451202268009,15.70836234032606,-88.85601634856255,0.0588423146749854,100.08793863817758,0.0656063038631286,High,0.0656063038631286,train
18.34783825386612,17.03351616369879,236.9089941177991,0.6022299639462013,100.00100358695106,0.2518681572794955,High,0.2518681572794955,train
18.91047524420932,16.776164760698084,236.94301710952072,0.51607348968226,49.984283838949054,0.0872418194846836,Low,0.0872418194846836,train
16.944176481332867,13.22518015371956,-88.80796257107129,-0.4265730006591397,120.02483124715124,0.1001785293858007,Medium,0.1001785293858007,test
16.764588398755002,12.992434961947964,-414.6245274920525,-1.1641377280648777,99.93838590949215,0.4775639180359439,High,0.4775639180359439,train
16.568513537865517,44.28176866500164,2635.7217239935976,3.680071460071332,99.98146810419492,1.6701636197981138,Medium,1.6701636197981138,test
16.802552581963894,13.33400456403804,-207.2936502198285,-0.5802237650669492,5.025956984745813,0.2332494802855638,Low,0.2332494802855638,test
16.6009904488265,12.84365155780206,-29.635347592449325,-0.1136085614472365,99.9607341041832,-0.016875869041416,Medium,-0.016875869041416,train
16.906661934179073,42.48400296344887,3731.565280099557,5.039341718606871,50.0558709656369,3.711527546632031,High,3.711527546632031,train
22.45932350602355,12.31642797126093,-1006.888098606045,-2.960193195724799,100.00370999074408,1.5671069867194307,High,1.5671069867194307,test
17.952088508092906,13.215067274923832,-29.59646872070916,-0.0652381266853717,99.9487961054132,0.0024523008361365,Medium,0.0024523008361365,train
15.837863465231589,13.263589309979142,-29.615278139008755,-0.0859044287559141,99.9887838548967,-0.0424127616180712,Medium,-0.0424127616180712,train
18.01211311442507,26.025907448221208,592.3078776304803,1.3153143990191647,5.043485289450708,0.2616559539349545,Low,0.2616559539349545,train
17.121234958349877,31.821094620590923,9210.340350862103,12.063796864396137,99.98044567428222,5.5038416959682825,Low,5.5038416959682825,train
16.454496765375207,28.390114338248527,681.1839799412328,1.4666353156409269,4.9459457842816335,0.0031571289661256,Low,0.0031571289661256,val
17.588378341160634,17.330351470692914,1628.831261348872,3.632809115783152,50.00844383499701,1.715196051349114,High,1.715196051349114,train
18.193187333731643,16.47765579516896,-1836.2318094022487,-4.435527170765892,49.97409766995796,1.544245771062516,High,1.544245771062516,train
16.193393307057775,13.13872203137347,-29.566172297961664,-0.0829175873524271,99.98965613349525,0.0695712660385038,Medium,0.0695712660385038,train
18.119680898591696,16.19552246681229,1599.2869427505548,3.565481591159908,99.92681995033249,1.829072257829528,High,1.829072257829528,train
17.239017067126802,13.168074885536765,-29.641948900649293,-0.1113214358969482,100.00906928180252,0.0288719586647912,Medium,0.0288719586647912,train
16.186800281374005,13.329650817551212,-29.59856603819533,-0.0829788618219479,99.94052090398412,0.0837235275992711,Medium,0.0837235275992711,train
16.83939057335907,13.698548730561356,-29.644946323170764,-0.0691272156200411,99.8879389244193,0.1158221739555193,Medium,0.1158221739555193,test
16.960390156341088,13.185446235453808,-88.7925053329226,-0.3685591685896391,120.10531741100952,0.0572837804114992,Medium,0.0572837804114992,test
18.32332037277287,17.086586725588226,325.81523608168345,0.8103892366468068,100.0151720897888,0.366203513190481,High,0.366203513190481,val
17.942274709902353,9.945491362231234,-1391.8827382390768,-4.961688982482505,4.926052906583919,1.8355438389023284,High,1.8355438389023284,test
16.790407057505902,19.96789574260444,6219.213359304361,12.041844636489555,99.99726827071802,10.241946305912938,High,10.241946305912938,train
17.923364710469684,17.506444888242786,1747.3558219847012,3.598385439059632,50.01756807985998,1.6239881668053069,High,1.6239881668053069,train
17.75873362042729,16.809710030087217,236.9874763693225,0.5795602869708132,99.95325515694554,0.2692696857638651,High,0.2692696857638651,train
17.909005317649065,16.97335071942626,236.97412306601603,0.5904044596357402,99.99565211834272,0.2844610545614374,High,0.2844610545614374,val
17.049814030546038,19.87267900459338,6337.646498733208,12.003295345914252,99.9117684768617,6.473224656776455,High,6.473224656776455,train
17.347650887642793,13.229250325578992,-29.635511919349067,-0.0976062639139476,100.00882696557666,-0.0239328643529955,Medium,-0.0239328643529955,train
16.5288108283039,1.4634093186891548,207.35295466071096,-5.393563133131043,99.942924760637,0.0822326395966189,Low,0.0822326395966189,train
18.919479785320306,16.727361888572673,148.06908843375294,0.3766817162826302,99.89660541276466,0.1537652878218089,Medium,0.1537652878218089,test
17.779036514878154,16.94766634729061,236.93314914481508,0.5193418260211646,100.01978685901004,0.1841662695653396,High,0.1841662695653396,val
18.61561874290978,16.735518802698973,236.89368858571137,0.5635740440268446,100.00934404099038,0.3415625981457415,Medium,0.3415625981457415,train
16.99095948303245,12.709402526026782,-1243.8292162205375,-3.5919093431258804,99.99414657992904,1.3535741485273751,High,1.3535741485273751,train
17.615006123362477,16.90357945417816,237.04521366038765,0.4592934707421363,100.05627089609447,0.2685675472424487,High,0.2685675472424487,train
15.14594985092707,0.6570008475477591,29.624115328772337,-1.8640795023170584,99.98996126370623,0.0316592242078561,Low,0.0316592242078561,train
16.757709325054915,19.66028306287741,-148.0954202870199,-0.0413757105629985,100.04149681913243,-0.0199982131289261,Low,-0.0199982131289261,test
17.617136553758627,16.62358047153784,2517.3728050607897,5.52777889809006,99.9628571447244,2.8619742155750463,High,2.8619742155750463,train
16.585835104418777,18.30045475406958,-888.4323599313997,-1.6414061988256412,50.02156223991037,0.5577910151612001,Low,0.5577910151612001,train
16.781215769376246,13.262968297845022,-29.673953924008973,-0.1109436043060927,100.0296576319259,-0.0169094266918474,Medium,-0.0169094266918474,test
16.40850398984467,13.286445201736184,-1303.0548112426036,-3.6113988701306665,100.07252565300593,1.129086944674147,High,1.129086944674147,test
18.87014149659649,16.582462715762855,88.88325030333777,0.2427561107112734,99.96622653916891,0.1674923393212162,Medium,0.1674923393212162,val
16.520777464141013,11.551108357888015,-2073.016761155061,-5.649913768450758,49.94885856278407,2.220621699280735,High,2.220621699280735,train
17.79627896767419,73.41657406149417,888.6059418779827,-4.590040429781338,50.08083243125672,0.0113029358026211,Low,0.0113029358026211,val
18.412199765389424,11.991242987431423,-1421.5076390196991,-4.762385363544015,4.858806746848772,1.7711813915021124,High,1.7711813915021124,train
17.224907418020564,12.917019136924717,-414.7130587773775,-1.2685218818810544,99.91285738506625,0.4384353748830527,High,0.4384353748830527,test
17.019184564195324,17.495898269094937,1036.55615814854,2.2994405852568467,100.04053706591876,1.0047970811027582,High,1.0047970811027582,train
17.172963094730804,7.997304649889297,-2546.9418708418457,-11.954760126954914,100.05501749840732,4.59084193596777,Low,4.59084193596777,test
17.666032977500056,13.026681954559482,-29.64170043429264,-0.1966158903209282,99.9696523521684,-0.0236549336676064,Medium,-0.0236549336676064,train
17.08094115682428,16.33831150472588,-384.92216732944473,-0.8612465829681721,99.930842797077,-0.0137974204260896,Low,-0.0137974204260896,train
17.49437476796195,18.448336901987968,2161.9128187870792,4.460595021952526,4.959991812772558,1.3941578398344556,Low,1.3941578398344556,train
18.168085907361142,12.893955155267928,-414.7002756169057,-1.2820174443252823,99.99039110733396,0.3799505381050241,High,0.3799505381050241,train
17.604064625762042,14.356830861197352,-1747.2645476287269,-4.52032228266129,99.9715206550736,1.0920535818356445,High,1.0920535818356445,val
16.70090890621129,16.37765313640292,59.202543079192594,0.3348003532254283,4.932521172457427,-0.043548245283991,Low,-0.043548245283991,val
16.277507255968693,12.917539647107375,-29.59051342959473,-0.1121454441903766,99.9915220429034,0.0364022493178212,Medium,0.0364022493178212,test
18.96204437995301,20.804530506960536,177.6675054369075,0.4947677868109132,50.01231169187583,0.0514861995319473,Low,0.0514861995319473,test
17.897077832768257,19.481746041317106,799.6000904378938,1.709022516789403,5.083508869665069,1.6338205415050984,Low,1.6338205415050984,train
17.84174954430085,16.595805281233247,977.3534666019004,2.1764978808477755,99.97983663067964,1.091176839702768,High,1.091176839702768,val
17.62013237966839,16.745014226991707,236.8319067361436,0.5959626948963699,99.9429850961562,0.2182217113543486,High,0.2182217113543486,val
16.270124125479526,13.084220673631345,-29.60614278620213,-0.0622316476837459,100.0004573018118,0.0686633160294699,Medium,0.0686633160294699,train
16.81204268675363,13.169738847947604,-29.622232454727765,-0.0964242677575879,99.99491588141404,0.0251264795512107,Medium,0.0251264795512107,train
15.844324102972069,13.245123652679268,-29.574479739915063,-0.0676186007908677,99.95296666455184,0.0171016864530781,Medium,0.0171016864530781,train
16.511594591316243,5.614100318241455,-237.0029004008552,-2.6451382289941803,5.025248610385999,-0.0396123451014052,Low,-0.0396123451014052,train
18.07218631020727,7.258352384736092,-592.4703503932869,-3.045913368271893,5.068686756984749,0.0748341739237066,Low,0.0748341739237066,val
17.48236945277954,5.881647006639377,1865.784059428354,-75.01594417625755,75.01446842538337,1.8222368782089708,Medium,1.8222368782089708,train
16.724984018388724,12.969981476747428,-88.84108520797719,-0.3057007245340549,99.99691192805616,0.0820823757572052,Medium,0.0820823757572052,val
17.556491723782283,13.225518582305924,-29.565572204190183,-0.0502400995048773,100.05953368085862,0.0507246292780538,Medium,0.0507246292780538,train
16.86587267421573,16.942010231741502,236.9739134107387,0.4925423629908739,99.996442855427,0.1297915682754545,Low,0.1297915682754545,train
17.90050776175454,13.114370648633937,-503.3575968210609,-1.7308598756106623,5.018855540304044,0.6651831240859508,Low,0.6651831240859508,train
16.5284678810057,11.926754943747058,-29.63117183726253,-0.0350021780070232,100.08318705342622,0.0976533613216824,Low,0.0976533613216824,val
17.70421435161381,16.799076256154148,236.9170705967749,0.5133884574967147,99.99141129341966,0.1642068045829597,High,0.1642068045829597,train
17.081359311482494,13.414485043914272,-29.526103353457025,-0.2015935372748897,100.12849780316364,0.173398422671136,Medium,0.173398422671136,train
17.634863166161303,16.67025572307954,1628.8326534632893,3.569767297433352,100.04826064577772,1.7398423866224824,High,1.7398423866224824,test
19.06431956504785,17.480572527584773,118.43360057545664,0.4556474920638634,100.0643387732876,-0.0048042836260948,High,-0.0048042836260948,val
17.920617776040793,16.633151312999427,977.3044312084818,2.206424992311373,100.07534835361272,1.1253716429963707,High,1.1253716429963707,test
16.255701927433947,12.57953433885249,-1243.8675241109286,-3.6518092944813008,99.85785886185732,1.2011785402601505,High,1.2011785402601505,val
16.333157359709077,6.478908049038617,59.17070235043986,0.090419074164803,49.91816020266342,-0.0496626001218315,Low,-0.0496626001218315,train
18.87816144939134,17.047753970705845,88.83471011744794,0.2469110202867173,100.13651396802112,0.2001778798696279,Medium,0.2001778798696279,val
17.73216061315311,16.928591529133794,236.851690039926,0.6450602119934006,100.01216398388198,0.2543596181209094,High,0.2543596181209094,test
17.5304183334352,12.791410041493496,-414.5879350384832,-1.205257139642652,100.10682746738112,0.4839618213141771,High,0.4839618213141771,test
17.179096513075574,13.5481459291038,-29.579672331500504,-0.0448232840296186,100.0134471486397,0.121033053419188,Medium,0.121033053419188,train
16.923198512009904,13.749163454381746,-29.594351345742115,-0.0296467203004474,99.9254790581305,0.0601037908893247,Medium,0.0601037908893247,train
17.5662564453065,13.031532700237342,-88.82785167136012,-0.2361134753336193,100.0616263407723,0.1404789765164643,Medium,0.1404789765164643,train
17.14804641431329,13.343841798850695,-1184.5945114929732,-3.2068625104464044,100.0412202003241,1.1622540758700026,High,1.1622540758700026,train
16.782376800131836,8.947059022136614,177.63240550200737,0.4293882282783889,50.109235610080205,0.0747259110928176,Low,0.0747259110928176,val
17.552777280796576,16.707926093286414,266.53975429892574,0.5888953227222953,100.04899917358492,0.207042536419552,Medium,0.207042536419552,train
18.00667825417363,16.75956770044886,236.86549326355708,0.5498245831040409,99.9919828607437,0.2617275652132295,High,0.2617275652132295,test
18.300191593111222,17.752605515745593,1717.6086903558316,3.6166553674497854,100.04653854297972,-0.0570159712536539,Low,-0.0570159712536539,train
16.360857365368336,7.999685723957222,2458.087914074905,-114.9586688958348,115.08251935829546,1.7778961664874875,High,1.7778961664874875,train
18.00794828193066,16.626456190229387,977.3143124626014,2.2213305478460352,100.05303038079307,1.0785452455820574,High,1.0785452455820574,test
17.5743748615219,17.64437574647598,-533.0290635323453,-0.3136775973766452,100.0676265966034,0.2908722387389353,Low,0.2908722387389353,train
18.066781515416903,16.46875971482952,977.2340289584264,2.169497497625885,100.13621352520993,1.04996663040314,High,1.04996663040314,test
18.01570153667222,14.072384321703932,-888.5072479502657,-2.2746100239759928,100.04524671284632,-0.0479293970014993,Low,-0.0479293970014993,val
17.767202511762044,18.2859139844284,236.87805566264387,0.5634594711678074,99.93168733278344,0.2116540637277204,High,0.2116540637277204,train
18.31392655412464,16.727806578268563,236.9446892186577,0.4898296369207078,100.0444312800562,0.289197158207838,Medium,0.289197158207838,train
16.446779837240502,10.452131549871636,266.63068652994554,0.5631493174505602,100.05255476059874,0.2761946389548662,Low,0.2761946389548662,val
16.628172491513116,12.273189326683736,-1036.5374497140438,-3.126734977790125,5.090198426215782,0.7692982360681782,Low,0.7692982360681782,train
17.693282840820608,16.897905625659547,236.9285366017565,0.5735943492710666,100.03597247801918,0.2753417185390251,High,0.2753417185390251,val
18.30254577097135,17.008470749890215,266.52519136371177,0.6782320122138938,100.09577283111562,0.3019396931876258,Medium,0.3019396931876258,train
17.289767547287077,9.760062390134957,-681.1363285502763,-2.6330177974697166,100.0682131729337,1.1010885373110886,Low,1.1010885373110886,train
17.71311378812043,16.573528647729383,1628.820117084915,3.595293399167496,50.0223836660101,1.7356699447715316,High,1.7356699447715316,train
17.30749911697712,13.595697596542456,-29.67184776545928,-0.1081054308396569,99.9623384565912,0.0809376110681898,Medium,0.0809376110681898,train
16.814228756339592,4.463940238278201,88.82465918864978,0.0542779446685723,100.03186677870336,0.0222727804750096,Low,0.0222727804750096,train
17.544573017895797,11.785148592106228,-1154.9989797897413,-3.602206424915176,100.01698989016774,1.2441015870748642,High,1.2441015870748642,train
16.68136651580056,10.381038773259467,-621.8546005759912,-2.411229900591673,5.0278792228640246,1.349606291987487,Medium,1.349606291987487,train
15.757667956621273,17.198033859603697,29.64972304106238,0.15928746211246,5.032177123893992,0.0071739391483616,Low,0.0071739391483616,val
15.992049624628043,13.368482748468868,-29.57429159433231,-0.1250300362676328,100.04223581787828,-0.0869709037970863,Medium,-0.0869709037970863,train
16.728174928260586,13.387274176862489,-29.59876226346186,-0.1406365501870475,99.94218683259017,0.0384612176139316,Medium,0.0384612176139316,train
18.61869200149053,12.316740479008857,-1066.1911879203496,-3.2386315606204583,99.89631437651497,1.083573457487299,High,1.083573457487299,train
16.662606542253634,12.953873665510509,-385.0445745446042,-1.151425601051021,49.987800330396496,0.5127222190441953,Medium,0.5127222190441953,test
16.5416218739393,11.415650077679873,-29.630582174587698,-0.2503141641284495,49.98430550575794,0.0381032625719256,Low,0.0381032625719256,train
19.392240921344023,16.839851066463023,88.90001744484746,0.244171279126297,100.04776139314386,0.0814635193202393,Medium,0.0814635193202393,train
16.559183094369914,13.098344609345515,-29.59107831393464,-0.0847678741254446,99.98047987920296,-0.0490570385545057,Medium,-0.0490570385545057,val
17.545701724521734,11.192584030927057,-888.3796052124165,-2.200853755103963,100.1010688422413,0.783437901045125,Low,0.783437901045125,val
16.95479313354044,6.195898805840265,1895.4156747391537,-74.94051051464976,74.96588844859696,2.072217970870535,High,2.072217970870535,train
16.306135588563624,13.643047207153533,-29.459339183953293,-0.1570745262095584,100.00910220925007,0.0483952712721132,Medium,0.0483952712721132,val
15.11982679626729,0.7430057435928363,29.602410446606,-1.8118985478425864,100.08917694631585,0.071492104170078,Low,0.071492104170078,train
17.295263265049602,12.41449967951913,-266.4852120560729,-0.2044198857666322,4.931497070055723,0.1342450717414387,Low,0.1342450717414387,val
18.589230304959475,11.33694614325323,-266.57289946912647,-1.0661474355587814,99.98634837414416,0.7192743655770781,Low,0.7192743655770781,train
17.58735411961881,12.443151076553727,-2043.518780497552,-5.954810320727178,99.92959676711494,2.4018720404373286,High,2.4018720404373286,train
18.14582399750269,11.392686020468568,858.7862087400758,2.7312859528407167,50.11582127577169,5.997675306101662,High,5.997675306101662,test
16.070588354625038,20.79912041544697,-769.9654698257907,0.0001168191472711,100.04500182961124,0.0103891100391191,High,0.0103891100391191,train
17.731651728643676,16.80424359987214,236.98546070300355,0.6027309119088935,99.99069638345892,0.290810950483692,Medium,0.290810950483692,val
16.967630814855266,17.792609042611364,503.4273199298957,1.0913082178995404,99.99814034012144,0.4985975044731396,Low,0.4985975044731396,test
17.57982248609695,18.754104159457256,-1924.991521698292,-1.7412962638407523,49.9379384083576,2.058511833832672,Medium,2.058511833832672,train
17.410365708941686,16.89308503753213,236.8992008387628,0.5259086835662594,99.95771257285996,0.2413340187311934,High,0.2413340187311934,test
16.73278702598654,14.74745490989766,-29.557080701659537,-0.0063032133378006,49.95380267842249,0.0915611828141604,Low,0.0915611828141604,val
17.09153510292342,12.8335459136165,-1243.8076334210584,-3.691697447679834,99.97807057799602,1.103456490268496,High,1.103456490268496,train
16.239769686164973,19.841146444806743,3435.29068831659,6.161572102732497,50.00630377775677,3.536617924154736,High,3.536617924154736,train
16.639854472878486,11.89076794900589,-1006.8947899858806,-3.4434491541775945,4.966453692056841,0.2554808390593835,Low,0.2554808390593835,train
18.68044384280265,17.57209061017603,1036.545999174666,2.2228805239612632,100.05914723419863,1.1016728954220372,High,1.1016728954220372,train
17.60825592894731,13.096183174860712,-29.674220526321,-0.0814994015229774,99.92968436680223,0.0365420449008676,Medium,0.0365420449008676,train
17.08841858601461,13.1210369413632,-29.655362307178947,-0.0248269082500468,99.99251291243674,0.0831714525317608,Medium,0.0831714525317608,train
16.340925215441604,13.590400608109777,-29.57468313201617,-0.0624566723321889,100.08818503152676,0.1401313433533,Medium,0.1401313433533,test
16.577210879607,18.19534707733667,-444.2450261977678,0.0739153335954104,100.02607192709954,0.00950851025673,High,0.00950851025673,train
17.379181881933636,7.205463777465917,-296.1028071507025,-2.4245780072329937,4.931195306477561,0.9336254862426994,Low,0.9336254862426994,train
17.14424468060737,13.286708746733556,-29.613028614490204,-0.0357115903702009,100.04800941126118,0.0665665842697911,Medium,0.0665665842697911,val
18.41049670886888,16.910654311106605,236.8797496689189,0.5786813783290684,100.00575862907444,0.2471603219691188,High,0.2471603219691188,test
17.68361459988894,9.335373275790312,-385.0449335558951,-1.287024183646357,50.01860132679017,-0.0505287040241674,Low,-0.0505287040241674,train
18.439129056659844,17.583040602270295,1747.374339130014,3.6231950391619936,100.02689404507804,1.679888383981133,High,1.679888383981133,test
16.998641042717697,13.324773449332124,-59.30932096290607,-0.2183055309854777,89.94749687579241,0.1160297662835951,Medium,0.1160297662835951,val
17.17976842275926,0.89350676658781,29.6324950396748,-2.256083447151831,119.90679263666324,0.1403198665083876,Low,0.1403198665083876,train
16.794991366404886,12.912101948438895,-1273.391330390956,-3.6116775316083576,100.06274858896832,1.3436496454685631,Medium,1.3436496454685631,train
18.02751551102396,13.806523611164472,-29.59687779471472,-0.0824135558995546,49.906549916317466,0.0574163002596499,Low,0.0574163002596499,test
17.744414262616388,11.126015608637728,-1688.1567029680225,-1.8419333856058453,50.14800421290341,0.0216485936729362,Low,0.0216485936729362,train
17.664922018741006,13.12779154481774,-414.5578899285927,-1.185054890157074,100.03955994447824,0.373263058930174,Medium,0.373263058930174,train
17.47707176658929,5.329705158874372,1658.4735007567592,-59.99306898817254,64.94542053749223,26.037841271007363,High,26.037841271007363,train
16.392891246778053,13.45858726122144,-29.59590857256882,-0.0905321685359863,99.9866195355431,0.0115445141353101,Medium,0.0115445141353101,test
16.52699436307801,13.10106446718761,-1273.4729363123186,-3.6449309574353848,100.00132683299051,1.2083078758761965,High,1.2083078758761965,train
16.866265897577225,12.750518851859006,-414.70289110805663,-1.2447687441855877,99.89963538232332,0.5150429565966241,High,0.5150429565966241,val
17.87485039615142,13.152783010946226,-414.59995517741777,-1.2173763086377405,100.07230816024531,0.3736753932688489,High,0.3736753932688489,val
16.228582643506478,13.422930278027003,-29.556349375469644,-0.0869228828408221,100.0483066239244,-0.0509863651683483,Medium,-0.0509863651683483,train
17.521881774720008,17.81346000225084,236.95028861127463,0.6411136908697017,50.02053992917731,0.3555198668287209,Low,0.3555198668287209,train
17.985231916851077,16.940577712822844,325.8482147731111,0.7431884357353251,100.03542524686212,0.3774968756888481,Medium,0.3774968756888481,val
18.187652629217425,13.395025348652077,-29.6819414253652,-0.0629653750530973,99.9936933014016,0.0780411532535965,Medium,0.0780411532535965,train
16.869059413373094,13.538452852956436,-29.65490111758606,-0.0679914882535654,99.99941506676213,0.0809546056756264,Medium,0.0809546056756264,train
16.893294625927116,11.861352803049224,59.2673515492453,0.0433449817244851,5.070933829966383,0.0970052900125505,Low,0.0970052900125505,train
15.512241740710923,13.036948041199558,-29.667301169223293,-0.1179820595900063,99.91395127288676,0.0484548841959279,Medium,0.0484548841959279,val
16.833404866362642,13.526658399121253,-296.081994867576,-0.8437654068890996,50.00449702032576,0.1868530505637405,Low,0.1868530505637405,train
18.1156164558612,16.65642639518972,88.7936935036954,0.2002848032751773,99.9589986772117,0.077048817692809,Medium,0.077048817692809,train
17.355117326650184,13.149063694798173,-88.79102056727665,-0.264807608965742,99.98846396784256,0.047484576919363,Medium,0.047484576919363,train
16.05042455643341,13.442564578302852,-29.67804351144212,-0.1523095239493665,100.02846757665122,0.0268434082578485,Medium,0.0268434082578485,train
18.32576946917341,16.986889909926468,236.9967720511868,0.484732315987035,100.02504821976616,0.3349913789385706,High,0.3349913789385706,train
19.44674116189577,16.659933478742932,503.5296501371661,1.1551359973502435,100.02220345232983,0.5112492715969145,Low,0.5112492715969145,train
18.03698195220815,22.67307793781837,-651.5797635591975,-0.3160692613476897,99.99594830999293,0.137586007713228,Low,0.137586007713228,train
18.574312369452027,17.012924323557936,1006.9741488951496,2.243574919670048,100.06521479461118,0.9333725177382164,High,0.9333725177382164,train
18.019792483757847,16.828229843853887,296.1030370213965,0.5436368943730242,99.97111588472914,0.3661650358972911,High,0.3661650358972911,train
17.50818002449293,16.866937871175416,1006.840869836142,2.172889481664404,99.93780835970108,1.0471730627420566,High,1.0471730627420566,train
17.33905798121444,17.01457910014115,236.95417406833047,0.5663282927026065,100.06605977305422,0.3587302483509322,Medium,0.3587302483509322,train
17.368145351716603,13.281011823656211,-266.4957662185916,-0.7704453275270854,100.0688414077081,0.2740030704096535,Medium,0.2740030704096535,test
17.124297615159954,17.06627512986593,503.40203305682303,1.0869494285379022,99.99721799573948,0.4735499508316783,Low,0.4735499508316783,val
16.904206555612653,22.94428030678513,-207.2920183181961,-0.0466830624928859,49.98469139091159,-0.0395791453188616,Low,-0.0395791453188616,test
17.538156375589182,0.7891346177314007,29.59029755306815,-1.832835808546144,99.96233363543324,0.0199855308758321,Low,0.0199855308758321,val
17.54146832940413,25.230880942985763,3050.4378371400435,4.789922193143399,4.980389779913732,2.2292547020232445,Low,2.2292547020232445,val
18.490936075238032,17.150613896344417,1006.942694471994,2.2247465918548057,99.97005246281412,1.0179452283281436,High,1.0179452283281436,test
16.76453926169746,12.41235987178042,-414.5330693153684,-1.1859745029805109,100.02568118388815,0.4585149097193733,High,0.4585149097193733,val
17.807565570767775,22.63307201586781,-414.6146242769826,-0.3636633755807267,100.03601362163369,0.0746204695002269,Low,0.0746204695002269,train
16.84899540502044,13.411067899751076,-29.625709380680657,-0.0271014342152825,100.00146741634322,0.0583335864032946,Medium,0.0583335864032946,test
17.128793425809064,16.76752548921946,1006.8363590741104,2.2448455504109868,100.01225769717948,1.0452099383331028,High,1.0452099383331028,train
17.522733211875202,16.99900202862746,236.92717971972817,0.7251387181873068,100.07024316629771,0.239350008695881,High,0.239350008695881,train
16.396263823308285,10.786021619195733,-88.87297193733795,0.0126596812599178,49.99310494252606,-0.0327322909788337,Low,-0.0327322909788337,test
16.669579518569485,13.510705298296664,-29.59246614710362,-0.0433962279351859,99.94657703123345,0.0714609048267464,Medium,0.0714609048267464,val
17.519332984973186,12.898828456671447,-1214.272661805986,-3.444396875701551,100.064840242841,1.2617367710601313,High,1.2617367710601313,train
18.36855723566693,17.42857434711722,1036.5633287019025,2.1846634870064583,99.97902521836996,0.9613119967276798,High,0.9613119967276798,test
17.894488708199987,18.078199257777747,29.67963901390213,0.1594645932526717,4.912229008379411,-0.062100457108791,Low,-0.062100457108791,train
18.116760388113068,10.04630041907342,-1066.1344934800045,-4.147467156962337,50.01725230034344,1.0497404974225288,Medium,1.0497404974225288,train
16.720451795761353,13.287624868489369,-29.67590773349481,-0.0986651012246952,100.0157419465595,0.1100229732784361,Medium,0.1100229732784361,val
19.32442223243634,16.750640241663408,88.78918859178587,0.2224246841025922,50.0307636534138,0.1606561762662643,Low,0.1606561762662643,test
18.089970565943503,54.10869576750964,14096.971954967088,-42.0591494623947,79.97756936720484,15.888758518627304,High,15.888758518627304,test
17.126723803723554,16.97388570381884,236.8821983878604,0.4840029414696571,100.02221978757424,0.1386421348698788,High,0.1386421348698788,val
18.27063824781497,11.726357071822166,-503.4528268824973,-1.7583534862665378,5.013152660643832,0.0014032623309662,Low,0.0014032623309662,val
16.671470963429044,18.759555868246924,6071.128034145577,11.987267883304389,99.89591625522849,6.33467208223396,High,6.33467208223396,train
16.32580268970345,12.060442478609028,-1095.7232529477333,-3.381182244532024,100.06316040598112,1.10399004978473,High,1.10399004978473,train
17.492422445400166,13.08312019535541,-29.587974370628466,-0.1352629823975035,99.9934330074568,-0.0024291410115757,Medium,-0.0024291410115757,train
16.744735859040755,17.501978555627815,503.5201770338621,1.258858045276884,100.00675180883935,0.5061854300753322,Low,0.5061854300753322,test
16.658030735380674,12.915939790236097,-414.5554176435172,-1.1610708951754394,99.987005692366,0.3809630578354132,Medium,0.3809630578354132,val
18.426042535566904,16.924368598338624,266.48153733824387,0.5382262912809015,100.02531779363892,0.2805629903362807,High,0.2805629903362807,val
16.99880894528251,12.60562420390384,-414.6134085658278,-1.215589365254579,100.00330298347984,0.4800586733552112,High,0.4800586733552112,val
18.19888183741497,13.216209095582505,-29.59236669467137,-0.1284860102005603,99.8772493989197,-0.0033869318144017,Medium,-0.0033869318144017,train
17.49340496617702,13.39754013285168,-29.59026492239093,-0.0295195744811107,99.96894434786591,0.0758603484850243,Medium,0.0758603484850243,val
18.19788782785917,13.600792961606269,-29.642355061344503,-0.0939201301988538,99.91495608905043,-0.0275407279521527,Medium,-0.0275407279521527,train
17.742121392381364,13.140870669684494,-414.5619890069969,-1.276319227533481,100.01210824114176,0.3894198147877314,High,0.3894198147877314,val
18.10227358179906,14.036138784551492,-473.83851822864153,-1.3060989313962228,49.93079591800174,0.4518447216481921,Low,0.4518447216481921,val
17.866086614273502,15.61389506827827,29.58012800231433,0.1863577930288387,49.88597086133805,0.0098686359137984,Low,0.0098686359137984,train
18.407092537705687,1.1027360353885742,-237.01971212020803,-4.289141057517801,5.016597234592212,-0.064040529449766,Low,-0.064040529449766,val
17.399563953588356,7.971100255162404,-59.20053843871808,-0.5686639599759871,5.062940115097245,0.0183691919661578,Low,0.0183691919661578,train
17.7670364815821,13.459983167005785,-29.63672538132616,-0.1199732195608658,99.9890547729689,0.0459232731825454,Medium,0.0459232731825454,test
17.369198307802332,13.323176704663442,-29.58843539097237,-0.088040134320187,99.94642868373808,0.0567282428595072,Medium,0.0567282428595072,test
16.843437252066746,13.434620219079996,-29.55131300159321,-0.1449510348556255,100.03462236623685,0.1080061334670912,Medium,0.1080061334670912,test
17.18832449204316,19.869873127038773,829.2363391973521,1.6301548816104148,99.97136398452383,0.9753033745419184,Low,0.9753033745419184,test
16.45869557874658,13.279549299773118,-29.58285880274983,-0.0711409145344505,99.920982486474,0.0107663820954914,Medium,0.0107663820954914,train
17.590045712254543,13.044657406217926,-414.6110857025972,-1.155036073077674,99.9863694176371,0.4794822050883975,High,0.4794822050883975,train
18.21438681870813,21.658850676133408,1984.3006194611207,3.641990248874575,100.02390254203743,1.659287376078812,Low,1.659287376078812,train
16.557644263697544,17.318305702666954,-59.15747137499237,0.0599529546180562,50.02900236865222,0.0252824312780485,Low,0.0252824312780485,train
17.441338730485757,13.371671873735826,-29.610757635923257,-0.1374915941669357,99.98997883661843,0.0189037337261725,Medium,0.0189037337261725,test
17.661521322920404,13.0045856140759,-414.6481870003104,-1.2749910147437384,99.88802115140815,0.5305331415812227,High,0.5305331415812227,test
16.88931065349222,13.557041514082115,-29.586911601659704,-0.1651275894717672,99.96122291319982,0.0213577661145701,Medium,0.0213577661145701,test
16.94585573210262,13.195189285628183,-29.59273697467645,-0.1678434303893063,99.92355875422498,0.0534191668107077,Medium,0.0534191668107077,train
17.055298990987094,1.1908201651474952,177.67001011988245,-5.389417333168347,99.96542897441267,0.2162157337291308,Low,0.2162157337291308,train
17.843502081959898,16.93338076497736,207.34567701464607,0.5075761424008483,100.02644376999282,0.2666218641533027,Medium,0.2666218641533027,test
18.031821565224465,16.79654130799025,59.18495233680812,1.0453980465519344,99.92146021217798,0.8573555934226553,Medium,0.8573555934226553,train
17.685800180271297,13.636683573850004,-266.6065272821378,-0.8982655219066189,100.00552007238552,0.3816270234401779,Low,0.3816270234401779,test
17.243421356184726,17.819562077985893,2073.062526945422,4.582569147082175,50.020985967054685,2.4446297510490127,Medium,2.4446297510490127,val
17.09372860960024,13.190656081072577,-29.62707122318186,-0.1077400677323029,99.98431638708492,0.0518583365107898,Medium,0.0518583365107898,train
18.046390375518968,12.979141492135382,-29.70437573895827,-0.205372662538069,99.97218790858676,0.100759109168602,Medium,0.100759109168602,train
17.32174416293853,15.93092553802992,-1717.6811400645086,-4.561971630293608,4.877882658602968,0.7031339411762405,Medium,0.7031339411762405,val
18.550211152118543,17.64720010105874,59.21768225075747,0.3021234075432221,99.98817650802258,0.0582167292826503,High,0.0582167292826503,test
16.895851794220686,41.65613335049611,-1628.9170685832134,-0.054922719941609,99.93421694639436,1.2111697806526929,High,1.2111697806526929,train
19.18340589650576,16.73244340562843,236.9757179259679,0.5433492423752588,99.95521388716344,0.2964303638174778,High,0.2964303638174778,test
22.44603598454294,12.81270856995116,-1066.1569779695649,-3.0143551658717858,100.03008915042666,0.3811574841731186,High,0.3811574841731186,train
18.12760007649956,17.29121408075175,1036.5771439712082,2.265956227824005,100.04364961689092,1.064306226615569,High,1.064306226615569,test
19.178528913178845,16.978408674619796,177.7274902835126,0.3839172659387295,100.01804466201528,0.1869998533389042,Medium,0.1869998533389042,test
16.59718673259195,11.021361451091495,-1006.8427187744333,-4.342582828800235,4.968600214968332,1.2742376562111486,Medium,1.2742376562111486,train
16.562929583469494,13.110376263785582,-88.79150956919187,-0.2446151260288058,99.98157317760518,0.0519922839087669,Medium,0.0519922839087669,test
16.852073524505617,13.15896398630668,-29.67676350863689,0.0064313856647387,99.959957032783,0.1253533007738403,Medium,0.1253533007738403,train
15.103477254725604,41.59044996804279,-1569.639229124342,-0.0266681542548771,50.04912977336346,0.0292614781730159,High,0.0292614781730159,test
17.197753728345006,15.747580549719064,-29.696325332774848,-0.1224106984233075,49.97361059789446,0.0138001059786571,Low,0.0138001059786571,train
17.695996690582337,17.0656361434033,236.99254672251675,0.5076465403941958,99.96367054268283,0.2194828179292594,High,0.2194828179292594,train
16.90281742580896,9.08832745635996,355.3998599833377,0.9167874833244212,100.0511988332516,0.0421875846436816,Low,0.0421875846436816,train
17.389824686066255,16.94661523756582,533.0774609502346,1.1696509875055177,49.93914396824887,0.5742332622050912,Low,0.5742332622050912,train
18.626843282115605,16.972527402955826,414.5716785445777,0.9373717953098328,50.001928490277336,0.486534232762253,Low,0.486534232762253,test
16.362802928558096,9.081697236425144,88.76215449079442,-0.0784510985966049,4.923018424954307,0.0651283256884356,Low,0.0651283256884356,train
16.703293817590033,13.255814664673588,-29.53914656280393,-0.1230069636814466,90.02500694277553,0.1509396211665837,Medium,0.1509396211665837,test
17.286490134525014,11.685738420507668,-29.655709420021555,-0.2326242884668649,100.04693042323738,0.2786134725820238,Low,0.2786134725820238,val
15.952346137184897,17.43147909638546,355.39370201930933,0.8730318455732538,49.96686755037639,0.1557487978491517,Low,0.1557487978491517,val
18.592825899733526,16.396953691677925,1599.282167158742,3.5743174002844182,100.03325881510456,1.7120991412578432,High,1.7120991412578432,test
16.855080167919223,12.833968610788252,-29.662223603581204,-0.3300054664362997,49.96738806689359,0.0995197798073813,Low,0.0995197798073813,test
18.06731937946826,14.428366131889836,473.8470528360343,0.95468545215602,100.00521757269355,0.2559096844534422,Low,0.2559096844534422,test
17.068347039962635,0.8427948527454643,29.643398163435258,-1.804980294890652,99.9855077747127,0.0127302649031888,Low,0.0127302649031888,test
17.61507071961425,13.283135983118598,-88.81340665508849,-0.283514299559197,99.99459585552556,0.0981092991343822,Medium,0.0981092991343822,val
17.21918035750369,18.859345771562165,59.25213681401059,0.2170189633147594,5.055046264696415,0.0260669578150245,Low,0.0260669578150245,train
17.804333181006808,16.950485099160353,207.3609065211837,0.4833594251943002,100.03740955220634,0.2499750078721694,Medium,0.2499750078721694,test
16.34199826683086,13.3388442414208,-88.81875727361664,-0.2698927602775511,99.99735173369552,0.1375606027684298,Medium,0.1375606027684298,test
18.16072504350219,16.854617482765843,207.2849700287793,0.5184262153014059,99.90731693141444,0.2660182660628307,Medium,0.2660182660628307,test
17.678611247771936,17.01527091299327,237.03104203042184,0.5735302649228583,99.93485670390076,0.2601301166064005,High,0.2601301166064005,val
17.00306662803123,11.893716109492049,-1154.987373662931,-3.633831741879545,100.01634110646118,1.3425817323294198,High,1.3425817323294198,train
17.00149921652203,13.010814073290009,-29.751933201227818,-0.1126416533446693,100.04468546273152,0.0174367142104779,Medium,0.0174367142104779,train
17.731831627996915,6.151938437022357,1925.0647727483347,-74.97984873098677,75.07179542838281,1.8466689085685573,Medium,1.8466689085685573,train
16.743652716790475,13.262474117799886,-1303.0485395992143,-3.642016418968288,100.00388072691156,1.8569241914960368,High,1.8569241914960368,train
17.843012022014616,12.942685617563336,-414.4785306551686,-1.213588335930546,100.01059695243748,0.4320845341083507,High,0.4320845341083507,val
17.206336642130914,12.183478911333207,-1184.6750961140306,-3.5899859680672126,100.01369080321648,1.2039225899977029,High,1.2039225899977029,test
18.104756553897555,17.006257734376074,325.7481176753604,0.7084741606863891,100.05444835732976,0.321156491750995,High,0.321156491750995,train
16.401125798309803,13.489413110610965,-29.65695578928012,-0.0529025041816604,100.13349342939011,-0.0509869425998102,Medium,-0.0509869425998102,train
16.683788754274886,17.13947536886612,503.44970010461446,1.0338717399490385,100.09128881262905,0.3666725757481222,Low,0.3666725757481222,train
17.589846293762847,17.153536016332165,236.97929587275988,0.5814256383161813,100.001355167799,0.3180823785217817,High,0.3180823785217817,val
17.471540927462666,12.932753123776829,-88.86454729518461,-0.219417653424742,99.95886415847802,0.1141070426380722,Medium,0.1141070426380722,train
19.560817866558533,17.12954382493369,325.7533743277256,0.6254519802784142,99.99558148036417,0.3876133733220444,Medium,0.3876133733220444,train
18.31784859057576,12.294883687297428,-1717.6394130707663,-4.472657339397927,99.98535108113992,1.5196878089745862,High,1.5196878089745862,train
17.18629864322752,11.780985355480208,-1155.080122270411,-3.5973731956651904,100.0108398404969,1.3732585515165077,High,1.3732585515165077,val
17.51866812733421,17.23703742732522,1688.055297560198,3.754934401838136,49.872326952934856,1.8555071221270087,High,1.8555071221270087,train
17.09896884905081,6.125286881145367,-621.8145627933543,-3.943747174114815,100.02880504538471,1.0789646403730098,Low,1.0789646403730098,train
17.134238073419535,13.611731123867708,-29.687368031284976,-0.1774582015300462,100.02706289107994,0.0335746076099194,Medium,0.0335746076099194,test
18.10071447113766,11.555160752800145,-710.6371087216476,-2.417754807176582,100.01440838227808,0.0240403142365042,Low,0.0240403142365042,train
17.716486697690396,21.836251027609823,1747.2897362568183,3.539303423512164,49.959453314919486,1.7681908875975514,High,1.7681908875975514,train
18.252259094509224,12.982215228745824,562.6058714708632,1.2830403286358458,100.00139098473154,0.8795745861260815,Low,0.8795745861260815,train
17.594064983892135,11.228999983592177,-414.5689098868806,-1.221487408019181,4.962486048145155,0.4053797898503908,Low,0.4053797898503908,train
17.50468351801283,19.993936228316723,-503.4170788154259,-0.1356588419353713,4.886651952495896,0.1065444680003388,Low,0.1065444680003388,val
17.110436497781244,1.430579515542047,207.29389686598287,-5.515783017918105,99.94770770564573,0.084565712247142,Low,0.084565712247142,train
16.824595735081285,16.69411177708428,-177.72702123283145,0.0566147435122261,100.09000406202536,1.4324993648930937,High,1.4324993648930937,train
16.651737058028605,5.53728768341162,-266.5480648379359,-2.1672460539995697,49.95991317824996,0.1573858805890269,High,0.1573858805890269,train
17.017093230982677,3.395453298473052,-29.59345182494859,-1.6851289039446378,4.948459761450667,0.0938698790786567,Low,0.0938698790786567,train
15.445124081532756,13.649607687474292,-29.55172389217924,-0.0971331875337645,99.93405542300036,0.0417132085482791,Medium,0.0417132085482791,train
18.790903914372905,19.57751616577384,207.29615860777776,0.4833505398872058,100.00983802856184,0.1577872811649638,High,0.1577872811649638,val
17.638520678550933,13.158189664998426,-29.663842098504496,-0.0790801072930236,100.04196632030455,0.0370493755107505,Medium,0.0370493755107505,val
16.453571121149164,13.713080586376218,-29.55943307831328,-0.1419142516305252,100.02962164015992,0.0620096131274343,Medium,0.0620096131274343,train
17.46013589952161,17.528580386311695,503.3880217160924,1.1004068374412177,50.03545032064044,0.312327693417702,Low,0.312327693417702,test
17.422437679078715,6.229948777504363,1865.770313057045,-74.9001490828072,75.0839955533991,1.902174961843534,High,1.902174961843534,test
19.458232965492744,57.90855974093576,2250.7724263574787,-8.333812216934742,59.94343670550898,3.4651847415596,High,3.4651847415596,train
16.55191873875375,13.329761142260145,-29.48797031174282,-0.0829319847000892,100.03323967013664,0.1207912902177008,Medium,0.1207912902177008,train
18.8736676788268,13.159977049568347,-29.641250310937007,0.0253486162563464,99.98062391545712,0.0195833766940259,Low,0.0195833766940259,train
17.66979605056392,22.697340908699186,1066.1422816228635,2.2354418839612777,99.9921354580371,1.1139973546770383,High,1.1139973546770383,train
16.318992168145463,13.505341233290936,-888.4282012551739,-2.2526429527061103,5.007196619597049,0.2050214489939727,Low,0.2050214489939727,train
16.613934706559238,1.408288978298808,207.27352108053427,-5.37758270982336,99.9382382265146,0.1712046375692822,Low,0.1712046375692822,train
18.068502289016635,11.634500963785992,1865.745764814784,5.124336527693588,99.94114106863628,3.820172026497262,High,3.820172026497262,test
17.919073111424915,17.13972099151038,236.9155118908045,0.5427879217929812,99.96129553474998,0.2981159494061232,High,0.2981159494061232,test
17.609618752125698,17.478408385587734,1036.486262171852,2.165111351809798,100.0497898759212,1.0977249177039918,High,1.0977249177039918,test
17.892065149341818,8.567460905909154,-444.1911004743616,-2.0026169401665315,4.992308276224328,1.009950329759132,Low,1.009950329759132,train
17.03077469831819,9.096609146833911,-829.2240116865271,-3.362341850693423,4.984430138495996,0.3703074394741267,Low,0.3703074394741267,test
14.265998710655214,17.13858321346304,88.8287890907282,0.2165010866829686,100.0272694729507,0.1234478310022749,Medium,0.1234478310022749,train
16.3097215865348,19.23911538676743,414.59746286582777,0.9292575814476192,50.00858362301093,0.4430075224888666,Low,0.4430075224888666,train
18.31439426687287,10.966297028328553,118.401637664106,0.3506466907947245,4.9961249402038,0.1700215261169903,Low,0.1700215261169903,train
16.69570934899317,13.397197285942372,-29.639894612888423,-0.034631208090029,100.04799753303632,0.1201685370280352,Medium,0.1201685370280352,val
17.301010565807097,12.50656702764292,-1036.5960251112272,-2.96794472106918,4.946957599504078,1.108949057131292,Low,1.108949057131292,train
18.519834606912056,17.018549507503437,237.0146445773037,0.529399389668827,99.9508869471352,0.2302133959268881,High,0.2302133959268881,val
16.689146244585864,20.106487643606105,6219.2085565854095,12.129262256553837,100.0705871944254,6.385564590982548,High,6.385564590982548,train
16.982906155037195,13.02446093961014,-29.60523752486862,-0.1570683163331948,100.02031544277624,-0.0301503047746311,Medium,-0.0301503047746311,val
16.90294708901947,13.207070964963975,-29.62989193941445,-0.1464275671604636,100.01259474867936,0.1219461507182567,Medium,0.1219461507182567,train
17.14137857019734,13.270936516035436,-88.91448453948612,-0.2743427250906981,99.96994619739282,0.1935546853113764,Medium,0.1935546853113764,train
17.31168614775966,9.803252841098512,-118.46609959259432,-0.6436175812839764,50.001073350454654,0.31474268578881,Low,0.31474268578881,train
17.857642843874295,27.68875422793789,888.4035056951938,1.7641152796381463,100.00584403960345,0.2604666940556713,Low,0.2604666940556713,train
17.446604194530877,16.658815257845042,29.56585018400183,0.0252723318691249,120.02522395735238,0.0569283535675701,Low,0.0569283535675701,train
17.643885222783588,16.967610357235355,207.34379719249432,0.5257094936953197,100.00093086786994,0.2200876937158741,Medium,0.2200876937158741,train
15.832869995736964,13.320302607711644,-29.746941947616023,-0.0518970209109597,99.95266527016987,-0.0119659402089406,Medium,-0.0119659402089406,train
17.66341010045839,13.27849993210022,-29.56216579711188,-0.0377300458523991,100.0139663510981,-0.0144902480539821,Medium,-0.0144902480539821,train
16.60105300688924,15.28163951092081,-88.86257336417815,-0.0442193766245919,49.93778150308447,0.0606277339721417,Low,0.0606277339721417,test
17.346747469268976,12.37572153411528,-236.9609539489344,-0.7310346584921451,50.02119704485051,0.2125322523884946,Low,0.2125322523884946,train
16.81362857523522,17.317396176458534,355.4059259122047,0.8939861328906762,49.91315543304189,0.2575559133860969,Low,0.2575559133860969,train
18.72989597206272,21.6463650506135,118.51444148233224,0.6942564762179702,100.05399838268404,0.8183351119987384,Low,0.8183351119987384,train
17.52002482132498,14.170811807022744,-29.683256547311867,-0.0609161817283416,99.90167639402227,-0.0295599842937108,High,-0.0295599842937108,train
17.56821841705253,13.206204484117704,-29.582359536184963,-0.2447626426375057,100.03917772162796,0.0905746906934272,Medium,0.0905746906934272,train
19.390084498190284,44.16009746345848,-9299.32236338836,-30.62919552885318,49.89896518275621,7.914768742338569,High,7.914768742338569,val
18.865422088840283,16.943565145068266,414.624041146162,0.9854157347432924,49.91673984926764,0.4085884972388794,Low,0.4085884972388794,train
17.696736271684912,20.298565682519783,-148.10424463086463,-0.0659207112543111,100.07826714042056,0.7839142917261198,Low,0.7839142917261198,test
17.753401113102363,15.035561549910565,-88.82553353735943,-0.0403617785404452,49.99604571540496,1.996164137794923,High,1.996164137794923,train
18.66939825998802,19.277624702281773,6130.3458625190815,11.948071449214597,99.90169533125976,6.821432759991725,High,6.821432759991725,train
19.00139633585392,17.08709931948729,118.58454427225531,0.2505482375176635,100.00078485683596,0.1272311694049064,Low,0.1272311694049064,train
17.163952947783375,13.264798493265104,-29.631526269753213,-0.1260809728498819,100.01415383471272,-0.067797032680864,Medium,-0.067797032680864,train
18.01896763393205,17.004447107959557,236.95635052981547,0.5453418799999566,99.90905906463806,0.3330598435835272,High,0.3330598435835272,train
16.899974173725276,13.188818783434863,-29.620913988366823,-0.0478310161000554,99.9636284507367,0.1201296530656444,Medium,0.1201296530656444,train
18.31761990480771,13.042687432152514,-29.619570933473003,-0.0672784902043517,100.01481952489723,0.0992745267495149,Low,0.0992745267495149,train
16.956318637173784,25.84227559346195,-1658.4432739300755,-1.1955135958971943,99.9827346728692,0.2798752184398375,High,0.2798752184398375,val
17.294321726767986,13.350414603979395,-29.685130681383143,-0.105365014266839,99.97556491473664,0.0717633687453174,Medium,0.0717633687453174,train
16.83112565668502,11.586818449943534,-266.5663104843613,-1.0454706402358955,100.0161233618623,0.1954051429306293,Low,0.1954051429306293,train
16.812662393727436,11.659486316873105,-710.6807105452756,-2.105387296901398,4.969897008865384,0.225425715568884,Low,0.225425715568884,train
17.79078152422534,10.346767550522584,-88.79489195550336,-0.5695844296851251,4.985483843185259,0.240769929033704,Low,0.240769929033704,train
16.12668135580374,19.95174503240859,355.3922297165548,0.8765852960540091,99.99944382645222,0.0182714882884505,Low,0.0182714882884505,train
17.94974826085255,13.448679257371316,-1303.1302735201557,-3.719212721983197,5.081707671987979,1.325512456438554,Medium,1.325512456438554,val
17.583605306852064,7.587910475631294,-29.484940726365245,-0.8753320325233186,4.887596056321183,0.2060549585589405,Low,0.2060549585589405,train
16.996385276483643,11.188259823078258,917.9735374218864,2.9724426565302813,100.09938931430624,1.5166447607861029,Low,1.5166447607861029,val
17.48659133676294,13.319930681253869,-88.76537664113515,-0.1146765136548736,99.95646021053588,0.1655667592942613,Medium,0.1655667592942613,train
16.54156483445949,43.03659150228429,-1925.0019729423136,-0.2617901437307682,100.05766846158303,1.2684170599095208,High,1.2684170599095208,train
17.69078785608682,18.655947480351024,3435.330533223921,5.617969733145966,49.91967005126486,2.761322334832521,High,2.761322334832521,train
16.48948006060146,16.86018008670942,1658.5536444833897,3.622386049496368,99.88263028089104,1.5697743282255974,High,1.5697743282255974,test
18.00202819353817,5.954438602499758,-29.623348526144643,-0.6308488417819128,4.995810567623852,0.0493662932161722,Medium,0.0493662932161722,train
17.083115958239798,6.926292090533553,148.021081562925,0.1432682661046666,100.00483830242152,0.3308676138774878,Low,0.3308676138774878,train
15.733385824527558,13.258480216633709,-29.6041942753959,-0.144726514114683,100.07932574544397,0.016009527546342,Medium,0.016009527546342,val
17.985271890270276,12.836129235183634,-414.5206090459727,-1.2604793956429468,100.0164610944547,0.4251778898760587,High,0.4251778898760587,val
17.069778334745703,13.377775167180308,-29.58118475429445,-0.130833457904085,99.97254784017456,0.0022782264707855,Medium,0.0022782264707855,train
18.37932825174435,6.542134008925523,-651.5040991926103,-3.502789372796014,4.88179068160432,0.9813366695567196,Low,0.9813366695567196,train
17.291655275545597,17.989221637609866,177.67788448697883,0.31903574035619,4.982365417014368,0.4970005140524741,Low,0.4970005140524741,train
15.807522764571704,13.546778175302618,-29.620384227077192,0.0150767479952592,99.8451828492082,0.0643266583668451,Medium,0.0643266583668451,train
17.748075460113345,14.561198957790657,1658.4933646946638,4.397231278550783,4.9997503750710965,2.000581449171945,High,2.000581449171945,test
17.887080982653735,6.928550869152718,-325.7588576635304,-0.600452156144073,49.89594211403973,0.1520326737597862,Low,0.1520326737597862,train
17.523981404346582,15.364404549854216,29.54587358448141,0.6269392364503978,99.97363742204055,0.2631768892802207,Low,0.2631768892802207,train
16.548292944799254,15.097168178343892,-59.34230034467664,-0.1455576857095486,50.01815731158322,0.025785417196609,Low,0.025785417196609,test
16.854779902815043,13.344570136468665,-29.58742578632853,-0.1216105951596496,100.03190952683072,-0.0094026711380597,Medium,-0.0094026711380597,val
16.803574262965686,13.13532480184968,-88.823152104253,-0.2935038660624809,99.95160009987912,0.0498174989132943,Medium,0.0498174989132943,val
13.047185315847525,14.883169657399348,-88.78272049309456,-0.0071965701917971,99.94870326557756,-0.0326565362626459,High,-0.0326565362626459,test
17.61900590606227,23.22621415420353,-1628.8492593095775,-1.4649944382448343,5.041633029781039,0.1961844067430667,Low,0.1961844067430667,train
17.480759149355908,17.005645351907955,237.0070060479349,0.6312880125374932,99.9724093112801,0.2576397242562008,High,0.2576397242562008,train
16.878211283601594,17.51783085385636,1539.9967931661229,3.2431779045870344,100.06725777059724,1.4750409933956263,High,1.4750409933956263,train
17.882920297824757,16.84932561042248,236.8921913930516,0.5212220064702491,99.93320837777183,0.2842353849188669,High,0.2842353849188669,train
17.530178522979487,16.81729649261968,236.9199947661617,0.5575652203213071,99.97483576454134,0.2669980229112303,High,0.2669980229112303,train
17.068795183020292,13.761163989634516,-29.72344755518587,-0.1747308487821716,99.92961515449102,0.0693277778376179,Medium,0.0693277778376179,train
17.391417265343506,16.966401036903648,236.85118771090512,0.5735844791950026,100.01787766174448,0.3160625438906831,High,0.3160625438906831,train
17.222657919335926,13.099294599563802,-88.87540074655983,-0.1914418293981805,100.01322652913976,0.1549478135629363,Medium,0.1549478135629363,train
17.014658757974306,12.827605460307664,-29.618101386669213,-0.0698091209928738,100.08401858913928,0.0277513386577886,Medium,0.0277513386577886,train
17.11498599557434,13.293805472018546,-29.60131399815084,-0.0763319823334806,100.00238699646052,0.1548704534369897,Medium,0.1548704534369897,val
16.036414259941346,13.211602710533244,-29.655804071652828,0.0218822744040172,99.99748166090563,0.0283265316176813,Medium,0.0283265316176813,test
18.048136301954404,13.48929465369963,-29.64077619960539,-0.0844713164946002,99.9885982865244,0.0355747675547265,Medium,0.0355747675547265,val
17.28955136755798,13.184603347944638,-414.67282501511113,-1.166131031824917,100.03037592472332,0.3917242939685512,High,0.3917242939685512,test
16.95239937257219,15.263840087812056,59.27338621208978,0.0398152159163736,5.0290430765657455,0.3058515949984158,Low,0.3058515949984158,val
16.354729235753815,5.184705868252012,118.45163153051234,0.0166030108830165,99.93838714946408,0.0474357396931377,Low,0.0474357396931377,val
17.96404718333213,8.236019090442968,-829.2342778440665,-0.2300829197385327,4.993725311357718,0.1231720113370989,Low,0.1231720113370989,train
15.6847148284546,13.181456872549631,-29.56011111481592,-0.0707969195096299,100.031333837635,0.0637560776725494,Medium,0.0637560776725494,train
16.452182624905898,15.27981429510766,-1895.3670953642936,-4.983761736494047,100.13588513401794,1.9200178021849224,High,1.9200178021849224,train
17.175803399671185,24.43564915797341,7255.7661173380675,11.962685281056476,100.02692253969332,6.21764940041525,High,6.21764940041525,train
16.259266693522584,13.662334957801535,-1243.880564003318,-2.932088256393947,100.03217358349536,1.1812764637244886,High,1.1812764637244886,train
17.22064323949413,16.84682692345016,59.15612595040679,0.1283322894622519,5.08598566391994,-0.0394600050600422,Low,-0.0394600050600422,test
17.15344579516725,16.358190425334016,-1036.4650351343791,-1.7537286436181754,50.03772488556319,0.8217162001814443,Low,0.8217162001814443,train
17.653570660601932,16.949045133314407,236.89258639090505,0.4425542597503117,99.98068937703708,0.2426925695239001,High,0.2426925695239001,train
17.703594169982548,17.162029977167514,236.93617973780016,0.5335902258006057,100.02405672363632,0.2901018888813624,High,0.2901018888813624,train
16.205054857653508,16.220156042860307,414.6777054067628,0.9275865720988185,49.86131490620408,0.1491367965038031,Low,0.1491367965038031,train
18.02209625444615,16.740400761343295,236.9333955801669,0.57197989273509,100.00357220345964,0.203670206919859,High,0.203670206919859,train
17.034686739476413,26.90063379510482,473.776061108584,1.39269979888912,4.892826242423807,1.7908411817719194,Low,1.7908411817719194,train
17.553297905565366,17.07190683480973,266.5996435913279,0.623208243542177,100.0527008664384,0.3482121683646538,Medium,0.3482121683646538,test
17.950374241670286,5.564054235260727,-118.56842713208798,-1.0736577930915283,50.06563248497302,0.1801521598642204,Low,0.1801521598642204,train
16.811099123159128,21.858900989256977,-236.90994205869555,-0.2558551229886752,99.97886111149548,-0.0168047069301575,Low,-0.0168047069301575,test
16.934537671787393,28.426476252414563,9121.527921862778,12.049201312557466,100.06761134652834,0.526099277648775,High,0.526099277648775,test
17.69147646434957,14.003498805742693,-1362.3918874378292,-3.5463269047171115,99.92873594450728,1.206234294408571,High,1.206234294408571,val
15.999891197361688,13.512659795194995,-29.62716289674728,-0.0895614173960774,99.96181902841408,-0.0319975589835095,Medium,-0.0319975589835095,train
17.242583007713172,17.13203130695846,118.3951891187022,0.35590887404543,5.120416402153412,0.1942725299925308,Low,0.1942725299925308,train
17.799540474776034,23.53038007209918,-266.5943223971516,0.0182068300157538,4.9855439285597685,0.1850432171985874,Low,0.1850432171985874,test
17.116654864761642,13.509788336538238,-29.536144673946268,-0.1941729840767403,99.98015371138185,-0.0214788969461517,Medium,-0.0214788969461517,train
17.328627298495764,13.302368520271084,-414.5924726540539,-1.255387441127703,99.98692277097568,0.4250733373999807,High,0.4250733373999807,train
19.0159435104702,16.685819199849387,88.81821407879806,0.2078227921167634,99.88626933672226,0.0326168883085546,Medium,0.0326168883085546,train
18.262924973596668,13.15356016854949,-88.91110996172738,-0.3081456763080646,100.06380561331493,0.1343305019080065,Medium,0.1343305019080065,train
18.242043800830952,16.88163555792967,207.37849753161305,0.427557906839151,99.98058110849064,0.1977361539760826,Low,0.1977361539760826,val
16.99673454736234,16.938141506083333,977.2458643638996,2.0717693303856057,100.056658700733,0.9621381930932046,High,0.9621381930932046,val
16.326323922092467,2.5386842969175496,503.43867016451736,-3.980585430769617,100.0168410339291,9.225590683441842,Low,9.225590683441842,test
16.50532183583652,13.532041802277838,-29.60374285397707,-0.0365600264561402,99.9217292006108,0.060461900507633,Medium,0.060461900507633,train
17.412998585310785,13.153761031340364,-29.59904824632936,-0.0615224492715471,99.98239223760608,0.0713648009740474,Medium,0.0713648009740474,train
17.45565778499742,5.860515685307188,-118.45481989010165,-1.559933732437632,100.0675033214283,0.0084980532163749,Low,0.0084980532163749,test
17.454498991069546,17.065232827376107,236.95316138709987,0.513670231715849,99.96939950645184,0.2547976592111879,High,0.2547976592111879,train
17.947849083253278,16.951321004885752,384.9906798182115,0.8555007946725125,50.06094223242532,0.4818924948956987,Low,0.4818924948956987,test
16.993886764342314,17.30952436102943,1688.0485745224134,3.62111035560931,99.99623153656196,1.6248900431541244,High,1.6248900431541244,train
18.20120654842969,15.060308481576282,-621.9520006093582,0.0017437125562977,50.00155067515057,2.625581952614158,High,2.625581952614158,train
18.20299003897249,16.982575896998807,236.89475338289515,0.4952314737871497,99.94875882297828,0.2359914415864144,High,0.2359914415864144,train
18.114718062972035,13.749402464735368,-384.9727835817304,-0.9707720356410474,5.0402640910432295,-0.0106461138568469,Low,-0.0106461138568469,train
17.13138852630307,5.525338387653415,355.3981663952729,-3.131936573182063,5.0082400015642845,0.0944017689700295,Low,0.0944017689700295,val
18.422535455821603,17.406650700963155,59.12018279988799,0.1855928681030491,100.04132439934624,0.0789178977279619,High,0.0789178977279619,test
17.660270685382056,9.52016367203251,-29.581091036151363,-0.2607397947593307,50.011591476312894,0.1566863444495041,Low,0.1566863444495041,train
17.873928060957248,1.3954755500624694,177.7919467087738,-5.40169537449587,100.06258432595752,0.1871585950116377,Low,0.1871585950116377,val
17.270614065985857,13.525762681499934,-29.6289804748628,-0.0727827004594781,100.0493034258521,0.0340863924147722,Medium,0.0340863924147722,train
18.06300736351152,16.525531803203414,59.24784344030529,0.0061955578682498,49.93824038461983,0.0614447511874687,Low,0.0614447511874687,train
17.392426449535304,17.87431523524979,148.10403063255868,0.5194431600141431,4.980162781585663,-0.1562363516522814,Low,-0.1562363516522814,val
17.801028812633064,13.381527063265018,-29.66208752024,-0.102256218345942,99.99063309444932,0.0471755488733677,Medium,0.0471755488733677,test
17.33373817633805,16.888092172745115,236.9821883779488,0.5082162425661847,100.04069437460495,0.2469409393241933,High,0.2469409393241933,train
17.56433042130013,16.960315539848704,236.9205256623228,0.5440948404867604,100.09058097498632,0.2337064664629537,High,0.2337064664629537,val
16.625711284075976,12.087601314033366,-1599.1616002341566,-5.032545669383608,50.00983786594716,1.533959764056879,High,1.533959764056879,val
16.29466537965108,13.1056797606807,-29.72008628618034,-0.1179479816929537,100.06482327190812,-0.0241318224920956,Medium,-0.0241318224920956,train
17.68393924402797,25.297569149405145,-355.37563801022804,-0.0289101531094636,100.0770934713498,0.1493957829938284,Low,0.1493957829938284,test
17.875962934116522,56.27582986079236,2013.8893707166808,-8.023078785345508,50.01080372458783,3.044148112372297,High,3.044148112372297,test
16.662344876322337,13.231039120956236,-414.5795236038557,-1.2811741458746178,99.94034554419272,0.305280035087404,High,0.305280035087404,test
16.887423922868408,16.851107880644285,236.9595047766385,0.5174751692904328,99.99742167747462,0.2990313893820243,High,0.2990313893820243,train
16.39902349869749,17.313991538348883,-207.31645951974423,-0.004618456255169,99.9602587849405,0.2319535258045644,High,0.2319535258045644,train
16.86651163222964,24.183169811454327,-296.13732883688226,0.0473394847202351,100.00983223088804,0.1691509477562686,Low,0.1691509477562686,val
17.135816943125228,6.4468755953701296,-651.571619978414,-4.433096566041287,100.07880504742448,0.2024766007177637,Low,0.2024766007177637,test
16.822758464688405,1.3427318744025185,177.7475616312422,-5.521637341167932,100.06219626534146,0.1553657011508606,Low,0.1553657011508606,val
16.627952058351706,17.83916689687958,414.581273443322,0.607626594763877,99.99639503648378,-0.0162306728742868,Low,-0.0162306728742868,train
17.652161446510526,3.0807123777009533,-118.46548060274222,-0.7349061918495465,50.03038927874802,0.1213795751507111,Low,0.1213795751507111,train
16.468888034488927,11.988591490771029,-740.4175815380769,-2.360350987809228,99.9836999011472,0.4675548044902647,Low,0.4675548044902647,train
17.575415132297547,18.952599069381183,236.9328918222316,0.6506483939883598,49.96589328659617,0.0817255984486775,Low,0.0817255984486775,val
17.682934354276608,16.968600339596037,118.50937481123572,0.2476358544915391,99.99771778896468,0.1295903576027289,Medium,0.1295903576027289,val
18.413515671815613,21.156780568960865,-236.8837714234192,-0.2427892142793316,100.05299194821704,0.3269120168296511,Low,0.3269120168296511,train
16.93338302424782,13.15379400855759,1599.2616999397364,4.489906357874726,5.024925842499963,2.213732686915504,Low,2.213732686915504,train
18.56473687597237,17.005722201791887,296.13579317248144,0.6847186582902558,99.93604853106844,0.2835451787878846,Medium,0.2835451787878846,val
17.968812245697222,16.9885870417491,266.54108164216746,0.6382175690807644,99.98313451606212,0.2685720367633355,High,0.2685720367633355,train
16.86961744529863,0.8155203931758068,29.56226682095538,-2.168004753219652,119.9735018245145,0.0308782528095011,Low,0.0308782528095011,val
18.11648370793041,17.008347329500427,29.53182996064339,0.198495916243197,100.03356252312932,0.0559004105400264,Medium,0.0559004105400264,test
18.239986830415777,17.138355579893204,148.06657336191458,0.3675167649818578,99.9462941326487,0.2972094559651513,Medium,0.2972094559651513,train
17.442742349709963,16.928071701612105,236.87175255405035,0.5716935659103671,99.93835807411888,0.2136274509750933,High,0.2136274509750933,train
17.654648855405096,13.150817189355962,-29.547969534833307,-0.1046532269171531,100.04649854327306,-0.047554004156908,Medium,-0.047554004156908,train
17.658636859699083,6.465075987756334,1984.16686975016,-74.94049048817867,75.04451091795845,2.13308060834568,High,2.13308060834568,train
18.37407265328397,17.095971893895207,1006.9498837597096,2.1899085295953564,99.98031845275862,1.043778264213916,High,1.043778264213916,train
15.50491670868534,13.247021929910195,-29.670931676879693,-0.1034601869439022,99.95587164820864,-0.0754280299656951,Medium,-0.0754280299656951,train
17.727146078803734,14.379130947711444,-29.606220984606583,-0.0460559370874104,99.99583218469748,-0.001227281643547,Low,-0.001227281643547,test
17.222844204655445,12.584925777054382,-59.23768393808356,-0.2244130640228394,99.97872169975108,0.0883138936147942,Medium,0.0883138936147942,train
17.8193502209357,16.89383625188659,236.9177349381957,0.5094260103131326,99.8805163578444,0.233995945528759,High,0.233995945528759,val
16.512912506765087,10.713887769986414,3405.817870642651,-120.04836938590324,119.99611902470602,2.923316813698785,High,2.923316813698785,val
16.187074923235322,13.829919870053384,-29.63059510572308,-0.1320746530495375,100.06370611114664,-0.0570970092140511,Medium,-0.0570970092140511,train
18.26304348602133,11.89032997079045,-384.9471840158305,-1.0719306405418338,99.92665236706024,0.3654045861988567,Low,0.3654045861988567,train
16.69127260430666,13.506580425141436,-177.7223014881366,-0.3062714905832179,49.94912194530433,0.0998021688627049,Low,0.0998021688627049,train
17.546529427083918,11.1018925865739,-1036.5990767759006,-3.97338455031005,50.00635481713328,1.576926869696863,High,1.576926869696863,train
18.059502691151568,16.926052243462877,1006.8892712683612,2.0694392077605133,99.98697077846822,1.099113852865132,High,1.099113852865132,val
17.641030943037215,16.96792962856307,207.23105276669736,0.4839686800138775,100.02742993038925,0.2228101395864776,Medium,0.2228101395864776,train
16.90687538283525,0.7621251393452761,29.629545720311363,-2.1336839971822217,119.90614306652496,0.060020594122821,Low,0.060020594122821,train
17.56526261216165,16.860554615716993,236.8260935860247,0.575303873324458,99.94684299450805,0.1923814449730435,High,0.1923814449730435,train
17.678015909896818,12.476650182359627,-503.52208912117743,-2.0862094738304138,49.98518206004521,0.7631189887491283,Medium,0.7631189887491283,test
16.286759953627215,13.429132159890148,-29.70636580156623,-0.0425511927081862,99.9482913446406,0.0403003216157399,Medium,0.0403003216157399,test
17.296862741573673,11.343491395762904,-29.481556872580043,-0.3075413952668118,99.97955600090198,0.0091535198180887,Low,0.0091535198180887,train
17.51921439994305,16.854636960955975,296.1299426917882,0.6139163497717769,100.06941159628248,0.2074168678051072,Medium,0.2074168678051072,test
16.383569855672803,10.729323279492691,-88.83553767666896,-0.0178668424874965,49.93892357764387,-0.0510333575562219,Low,-0.0510333575562219,train
16.5483180280635,12.80845447366796,-1273.4576201338732,-3.657711869403778,100.08797985107408,1.280809185299516,High,1.280809185299516,train
18.2326281238873,16.900360674859574,236.8807336512289,0.5874673146920539,99.97084970818416,0.2073703615410421,High,0.2073703615410421,train
17.206177808912837,16.773962127473045,236.94524365599707,0.5999997545712792,99.97967619379908,0.2558937751171653,High,0.2558937751171653,train
16.354584615806154,13.515513164298122,-29.565421789980206,-0.0997643855069625,99.98334861353564,-0.0043380028439302,Medium,-0.0043380028439302,train
17.52425833133845,16.792175672826527,236.9497795814944,0.5411134543440587,100.00465537894526,0.2756982611463466,High,0.2756982611463466,train
18.98038787748461,20.13635764516765,2398.803061331357,4.667845282914143,99.99355196512792,1.9170811802890688,High,1.9170811802890688,train
17.945273340087297,13.534261710195809,-29.639535167255943,-0.1319416730761,100.00381900856888,-0.0174427648122898,Medium,-0.0174427648122898,test
17.54394687435437,17.226037039507872,-59.1587535691027,-0.1118543852261721,49.93495936964021,0.043345342008225,Low,0.043345342008225,train
16.75828617943578,15.24736319581338,-1480.7768928784587,-2.864783002472392,50.00468321684894,0.8432986202000244,Low,0.8432986202000244,train
14.937507460450108,16.131185888489735,-88.83419469366468,0.0596191021070954,100.0116847678836,-0.0194735766106554,High,-0.0194735766106554,test
18.59979731575499,17.468754947092883,1688.1199579862814,3.5915642612819947,49.930491861264265,1.811418521559502,High,1.811418521559502,train
17.153350968608855,8.922844693380734,-148.17361873019226,-0.750109531553307,49.93444081930062,-0.0286075202105919,Low,-0.0286075202105919,test
17.488024264999293,20.3992296644792,-473.86391465402335,0.0096083596418256,99.99695441145067,0.2046965859130604,Low,0.2046965859130604,val
17.375951354740508,13.31262536563959,-414.5565434234389,-1.1384044342491015,100.05143232127408,0.3041778151351428,High,0.3041778151351428,train
15.494138585725445,20.04746463856972,2458.128982171978,4.579187052995155,50.070521733009485,1.9848853220086404,High,1.9848853220086404,train
17.23643092731214,13.234958524474782,-414.57480000372095,-1.1585773070854593,100.06647424531242,0.4474799027368773,High,0.4474799027368773,train
18.118599803419865,16.848963523930866,236.8594740126492,0.4910888912998046,99.9596839400958,0.2174841390254141,High,0.2174841390254141,train
17.24346078280997,12.85942938012438,-414.50739258676026,-1.1666842895214176,100.09045117500033,0.5239050714949438,High,0.5239050714949438,val
19.451518794466832,13.176861760061042,-29.62783877331077,0.0125145215082489,100.01094082883851,0.0539652886666225,Medium,0.0539652886666225,train
17.14772815561449,6.371827449338332,1954.5856056142368,-74.90471318256921,74.98151273953492,2.1697568194961243,High,2.1697568194961243,train
17.176688099446483,15.787437953368196,29.59730368963352,0.0643650839192529,5.129045129498402,0.0478931316392069,Low,0.0478931316392069,train
15.926060727528856,13.173978460942552,-29.61376690583019,-0.154391332240061,100.02587749096244,-0.0067739086632257,Medium,-0.0067739086632257,val
16.69375747311218,13.411336018760773,-29.680246935764064,-0.1189886759822751,100.10059486729332,0.012880778484247,High,0.012880778484247,train
16.21767909607481,13.361032825743834,-29.64802689688296,-0.0315444952358048,100.05455633508689,0.1166539255448181,Medium,0.1166539255448181,train
17.718722380048483,16.801564935108207,236.83303940596872,0.5513590536598777,99.95214647401352,0.2412047347533942,High,0.2412047347533942,train
17.69798695441353,12.782450471544614,-414.5526614299321,-1.0901178839744938,100.03374341203212,0.4116716360206837,Medium,0.4116716360206837,train
17.541143170317998,13.184255938221222,-384.9668297747857,-1.1157018792594156,100.01316947910504,0.3784317699311497,Medium,0.3784317699311497,train
18.587513242920583,17.10522135400862,1688.0948872602496,3.6310449078638594,100.0413103945729,1.762717152778588,High,1.762717152778588,train
18.18151825950245,16.973336940217806,207.41209683206785,0.5226969597962352,99.9212587563574,0.2457795963486534,Medium,0.2457795963486534,val
17.5478387322244,12.831979097638705,-414.6334311536252,-1.2045513859134425,100.07416227972688,0.4278488704455543,High,0.4278488704455543,test
16.032029235812775,16.097178818793527,-236.8543649856645,-0.5107178406208298,4.957094714075022,0.0469547975844153,Low,0.0469547975844153,train
15.037825810651563,13.103492430407652,-59.25953305313045,-0.2176598258844303,99.97599729956008,0.0931847688226364,Medium,0.0931847688226364,test
16.363660875216954,4.55300826798399,-88.87415338768267,-0.9073785383645424,50.027300210744855,0.2283503468802848,Low,0.2283503468802848,train
16.50897111700893,1.0969138575440365,59.29329045772131,-2.12489467621788,120.057897080391,0.0948117007557755,Low,0.0948117007557755,test
17.82555583723864,16.95176738314816,266.5964987817516,0.5622969075296472,100.04566125706546,0.2312172619721912,High,0.2312172619721912,test
16.66649514042309,7.585862011232652,-621.8305438106734,0.0438677754137006,49.942996235772966,-0.0658882942532575,Low,-0.0658882942532575,train
17.513809807903414,12.541677407180291,-29.50359790162612,-0.0133970641243765,99.99945615140275,0.0042329164391943,Low,0.0042329164391943,train
17.726644225751006,17.2313234334959,-681.218005552771,-1.3582950592990033,100.07948210133922,0.8181439990107339,Low,0.8181439990107339,train
15.694812498853375,13.444871338826966,-29.58185509630696,-0.1093903588130963,99.9843343708235,0.0557556188769008,Medium,0.0557556188769008,test
19.21579113956343,17.855128074153274,444.16732532575264,1.0160446637496603,50.007252381799205,0.1958629243159275,Low,0.1958629243159275,val
17.193630099304006,11.711304611508917,-1154.9884925284523,-3.5500395046139737,99.97854034104716,1.4388890883416408,High,1.4388890883416408,test
15.590466817743618,13.219986846732407,-29.608513932335107,-0.0706197762834463,100.0330079445651,0.0600796593225807,Medium,0.0600796593225807,train
17.361444057846246,16.691883600992842,533.0910337506187,1.1435130614366569,49.96691577415159,0.5452455745568596,Low,0.5452455745568596,train
18.314118233797377,16.88799633544968,236.85880103955125,0.5200109742270326,99.91428705229762,0.2657644206565025,High,0.2657644206565025,train
16.05835219519702,13.650224688251104,-29.65723906660835,-0.1098665836861736,99.98975370402393,0.0117864624036688,Medium,0.0117864624036688,val
16.637709067914077,13.591927106382396,-1214.171452565017,-3.463239112763134,5.049216539840902,1.298080599919649,Medium,1.298080599919649,test
17.51045977524019,17.123143821924177,503.54025692667886,1.1338090088911006,100.0612074699948,0.5106318467855039,Low,0.5106318467855039,test
17.328517639662564,6.612662399862036,2013.8452673690715,-74.98573420914947,74.96146610784788,2.1140386328071896,High,2.1140386328071896,train
17.496054424081986,9.320610341917812,-148.11903743779914,-0.8044076476349185,4.951899978320462,0.1177091144870163,Low,0.1177091144870163,train
17.96402796048984,17.514593143610394,1036.498513661826,2.100824984932492,100.0115019195304,0.9118241983770188,High,0.9118241983770188,val
18.779547767598697,16.260883053831883,1599.220799379592,3.610333560599991,99.95528251160452,1.6049146552934257,High,1.6049146552934257,train
17.65161001859578,16.447532484108528,977.2757473548749,2.2552892658485746,100.06003260290984,1.0167883048687425,High,1.0167883048687425,test
17.279458374095995,13.077623021702632,-88.91037489512534,-0.2577504609971267,99.98196888071833,0.0696603605069713,Medium,0.0696603605069713,train
18.10731785439522,8.388620588663231,-414.5867975948608,-0.6554266130577,50.03415735475716,0.165407387895805,Low,0.165407387895805,test
16.753998328347265,18.98728644216403,5893.519089290412,11.89668879178257,99.92028518474396,6.153863536345334,High,6.153863536345334,train
16.270085713582866,13.305428170907348,-29.60357714853528,-0.0740779526943221,99.95645470947822,-0.042725470677515,Medium,-0.042725470677515,train
17.801559731790196,19.92403819000581,562.6969690015922,1.1821315178683809,4.891967913345927,-0.0509208055931941,Low,-0.0509208055931941,train
17.081352453285703,18.869685762559808,1480.6896179432115,3.106211462114965,99.96355161978146,1.3771886566782117,High,1.3771886566782117,train
17.515367961332522,17.19419074163568,325.7282902428562,0.6874615418102363,99.93041966413206,0.4451040789076158,Medium,0.4451040789076158,train
16.712999624701236,13.096990478464898,-29.66056824984135,-0.0638877916855302,100.02842658328856,0.0423922581322486,Medium,0.0423922581322486,train
19.563049955647223,5.639895796215975,3168.835211000664,-119.95567876717251,119.9300030280384,2.341027202040064,High,2.341027202040064,train
17.385208661901032,12.948365915018496,-29.59268275492791,-0.1096645205244119,100.12220757965056,0.0293436955927208,Medium,0.0293436955927208,val
16.885312425377403,9.024191622686237,-858.799548313408,-4.041123658865942,50.01815580415441,2.050373775273024,Medium,2.050373775273024,test
17.729620244007524,13.084313955953524,-503.4173987187117,-1.7089572586475674,50.06988832787026,0.7040575931778872,Low,0.7040575931778872,test
17.105382485035573,6.390550446441249,1984.230896342096,-74.93013752707292,75.00739144878376,2.2177630010975484,High,2.2177630010975484,train
17.886811365725904,16.90093144257901,236.9578006783656,0.5630902222351425,100.0403192656217,0.2611511429374361,High,0.2611511429374361,test
16.668192489673867,13.592262837864956,-88.75727534389962,-0.2559567466809371,99.98010322914394,0.0810214426160182,Medium,0.0810214426160182,test
15.925251241693209,13.24719025878634,-29.60445614412622,-0.1267581119190848,100.08709036313076,0.0402393355639554,Medium,0.0402393355639554,val
16.634866524037097,18.578365058573425,592.2558437984778,1.296883478597319,100.05273544867488,0.2077219261389519,Low,0.2077219261389519,train
16.50827440668506,13.181808950218128,-88.86376139650291,-0.1753957320710241,99.9905430529789,0.0511750033682152,Medium,0.0511750033682152,test
17.39823152355238,13.311900660161086,-29.633863398918965,-0.1107363148438862,100.0536833958656,0.1369350569413097,Medium,0.1369350569413097,train
17.136667369418728,22.883787113453256,2369.132743183119,4.069512649274027,4.984049757537834,0.7525790967516574,Low,0.7525790967516574,train
17.156155799990014,17.036224963303525,236.8606264197985,0.5954445735462581,99.91996482764344,0.3265424445962868,High,0.3265424445962868,test
17.620407655967686,10.94103457204596,-1036.540346057228,-3.7047274747003,100.00336045599248,0.3455252637245666,Low,0.3455252637245666,train
17.863884195398224,13.395263158698867,-88.7948138316636,-0.2476329666617888,100.0171485519844,0.0900390671923404,Medium,0.0900390671923404,train
16.97212812258187,13.426506617825892,-681.2065643617195,-2.0990107747541966,5.009046019357447,0.4951285548548313,Low,0.4951285548548313,val
18.392844751007072,29.31632674091484,1036.586290854991,1.9625034957003804,5.012265510245834,0.2445729952833999,Medium,0.2445729952833999,train
16.918307636424334,9.039439619734386,503.4776862491886,1.723796275493959,99.9127582862692,1.814488486669133,Low,1.814488486669133,train
16.984563840425718,13.239245970474666,-29.539559381015813,-0.1851965931907741,99.93316369268378,-0.034332294972141,Medium,-0.034332294972141,train
17.47111917279033,45.84226325685708,-1510.283957135264,-3.0360555315657,49.95977279320667,5.41618101935148,High,5.41618101935148,train
17.934318615416814,15.971136815351386,385.02069060525537,0.9513938193846498,50.00581454022208,0.3003908206362413,Low,0.3003908206362413,test
18.86342979854089,17.353740448165638,207.3548657544699,0.4370618446753915,99.92726474726648,0.1449276078412248,High,0.1449276078412248,val
17.831852226807925,28.08818345678156,-414.6227813052281,0.0432935161127579,49.98906409972629,0.0208509401401314,Low,0.0208509401401314,test
16.68282119834105,15.301138948109694,1480.6660308605638,3.8923006894588834,49.99368767637668,2.04372978396314,High,2.04372978396314,train
16.879593128120007,13.513861357807388,-29.675130763607847,-0.0752471777831091,99.9971134662688,0.0125486150505801,Medium,0.0125486150505801,train
16.548741637659667,12.630155186572612,-1214.1909761884556,-3.644356426261348,100.01058658552024,1.247462871526333,High,1.247462871526333,train
17.990546773813566,17.00138929551767,29.595217562877103,0.0777772973093342,100.03602081556517,0.1139735442851061,Medium,0.1139735442851061,train
16.577401095409346,13.172112583688982,-29.605343143271256,-0.0187003499563071,100.04557684501324,0.0941215943515098,Medium,0.0941215943515098,test
17.185899792311876,6.139262018392047,1954.598733645817,-75.00747168102683,75.02593260356537,1.8558844412614623,Medium,1.8558844412614623,train
18.475206789431635,17.261486968072262,1036.456799708553,2.1681371946098307,99.9932990222614,0.9004249367380023,High,0.9004249367380023,train
17.05134216962877,11.1592436533919,-918.043892256439,-3.1526317926790304,5.069849680683369,0.4069525424379691,Low,0.4069525424379691,test
16.731022856265714,22.5347757013176,977.3403146296304,1.8565644944732904,100.06501875881276,0.9648722286642248,Low,0.9648722286642248,val
18.029650330732096,13.21445194257579,-414.6670958492971,-1.1683787556770855,100.03731401259242,0.3410155982361443,High,0.3410155982361443,val
17.600647229482615,11.959258534561574,-1776.9134139265605,-5.520663899892109,50.06673911108154,2.066477267637489,High,2.066477267637489,train
17.305944282190058,12.7737122996451,-88.86464388337403,-0.2445876802073708,99.98117910839775,0.0895263770950257,Medium,0.0895263770950257,train
16.882100232149323,15.812600395869,-29.6415986465762,-0.4536822003793572,99.93850629172584,0.3400524147443935,Low,0.3400524147443935,train
18.172477770607102,16.663602048950082,-29.553541855241907,-0.1116304393726616,99.99844460302695,0.0943586933144563,Low,0.0943586933144563,train
17.931084088489047,6.465288027465538,-503.4661455065359,-3.34992794569002,100.07545648108646,0.0032492791852686,High,0.0032492791852686,train
17.066531512788433,22.011190190310487,621.8289230168461,1.161893280597763,99.96880320118026,0.1858319777924085,Low,0.1858319777924085,train
18.12538977825762,9.39228009277742,59.28372029342295,0.3320961774516685,5.05356397217795,0.2620344388598584,Low,0.2620344388598584,test
16.240327877417737,13.177147905598131,-29.65445902834332,-0.0806637471856304,100.03697023307134,0.054224623732474,Medium,0.054224623732474,train
16.75867866785269,13.13402455495931,-29.596268015816868,-0.0992547154644036,100.0044968304608,-0.0150452544886709,Medium,-0.0150452544886709,train
17.270682167354767,23.52411890856185,-207.28307275475905,-0.1161029835646335,100.08590456858872,0.1437077011012016,Low,0.1437077011012016,train
19.29421571293693,73.29174852095453,23336.83228209862,-68.92160322647574,75.01856710576517,25.14576189247196,High,25.14576189247196,train
18.086039525242487,16.898365624643294,236.78620078414568,0.5906693409644852,100.04092575672256,0.2091023120569341,High,0.2091023120569341,test
16.252405811570803,13.680776561371474,-29.586750902547152,-0.1166938154289464,100.0135152683735,0.0276157290744386,Medium,0.0276157290744386,val
19.12265341994443,16.817240798989175,236.9087389119708,0.5806052961309625,100.10003048491672,0.1698048965472837,High,0.1698048965472837,val
16.632365593795114,17.37810035439634,-236.9924334573728,-0.110537423213867,5.009420768529814,0.218867545770813,Low,0.218867545770813,test
16.013021991875426,12.89806961811925,-59.20505981217219,-0.2727489997271462,100.01840308089726,0.1549068994209037,Medium,0.1549068994209037,train
17.499616436244995,13.460770149419051,-29.62677366541069,-0.1699203078883465,100.09490654719762,-0.0350370759293404,Medium,-0.0350370759293404,train
18.48865778397556,16.99562001835878,236.9117187397223,0.4311612705774008,99.9669251583015,0.2657764287822333,High,0.2657764287822333,train
18.275344472829985,16.937855971295665,1007.0030781764102,2.232754475523861,100.01747301004832,1.0452769786609997,High,1.0452769786609997,test
17.562499920323784,0.897144654822284,29.682686355293377,-2.163418126507674,119.99310352323332,0.1094653484949529,Low,0.1094653484949529,train
17.83031181465727,23.67108309235531,858.8663813940299,1.6628208400452635,4.990265574032131,0.2696557141443282,Low,0.2696557141443282,train
16.96437727938409,17.703141220723413,4027.696391415526,8.261434840077687,100.04592828701512,4.169633994915919,High,4.169633994915919,train
18.91304995105689,13.014157622280116,-29.65484756704033,0.0348800331224973,100.02612550766024,0.0381109480443261,Medium,0.0381109480443261,train
17.29941607933086,10.851856109163014,-266.55063176750986,-0.8494527016580287,49.96681360961976,0.3829640808961116,Low,0.3829640808961116,train
17.514595762509074,13.380579648908563,-29.61948566177088,-0.1597634157732516,100.02784890400238,0.0788589709045381,Medium,0.0788589709045381,val
16.001871277650423,13.008994274406664,-29.55867675475865,-0.1420367454080562,99.99245380877952,0.0750654515614291,Medium,0.0750654515614291,train
17.241450028573976,13.764606563866328,-29.55716733412668,-0.0966255782360033,99.9964197569507,0.0237670386699291,Medium,0.0237670386699291,val
18.165728724803607,16.93016746686609,325.7679501203384,0.6396209482315105,99.9615637301351,0.2842973468061063,High,0.2842973468061063,train
16.760748092693486,62.15695483272033,6900.461721545952,7.092555952038047,99.99876405762386,6.315699492555879,High,6.315699492555879,test
16.277328207485233,17.95105733703748,-59.12687970445274,-0.023746888904565,50.00143952911992,-0.053922086908272,Low,-0.053922086908272,train
17.44029796691196,16.822575501741074,236.92593030510733,0.4969175657523745,99.99081266419203,0.2760546575939208,High,0.2760546575939208,train
17.08675475719191,13.593626449452302,-29.66101640600867,-0.0626630972807981,99.98142308688276,0.033876590382185,Medium,0.033876590382185,train
16.391213284205616,13.449132352278106,-29.62400362356856,-0.1326475134941924,100.01345691084244,-0.0576461135866054,Medium,-0.0576461135866054,train
17.240977994589066,13.316622457900705,-148.03206734589574,-0.5932283885973807,50.15122180383237,0.1648668501816559,Low,0.1648668501816559,test
17.035079192708153,13.092010849218616,-29.559500563324608,-0.1411099652649083,100.02424809418746,0.0871536488926581,Medium,0.0871536488926581,train
17.026502675307192,13.125211629659896,-29.695048473674177,-0.1556663545595612,99.9267996438196,0.0019958123055428,Medium,0.0019958123055428,train
19.050010889258573,11.365274428524314,-177.62666481682777,-0.4673589466494699,100.0062245699738,0.1722511734651938,Medium,0.1722511734651938,train
16.9466263281088,14.544701992826631,-29.658567550808687,-0.0249689192146719,100.0322411225852,0.0846906487265648,High,0.0846906487265648,val
17.261300821906506,12.706892773021426,-1806.475418748496,-5.6551510376143534,50.04578344752731,1.101413369444686,High,1.101413369444686,test
17.848908228898164,0.7450980846384401,29.53602442462584,-1.848312181845304,99.98454961889064,0.025478241110071,Low,0.025478241110071,train
17.599744129190736,13.527453124986916,-29.578550515270702,-0.0221553995145156,100.02541495660422,0.0728491738961841,High,0.0728491738961841,train
18.11999516295656,11.977791046676506,-799.5759731030208,-4.003364061741235,5.002433659081738,2.318124409864013,Low,2.318124409864013,train
16.7157224663923,13.466727852966413,-29.56936937982009,-0.0477097455852899,100.03296928676484,0.0677957375583179,Medium,0.0677957375583179,train
17.090929704865886,8.46658556049429,-444.19641682442426,-2.126008466351038,5.107203736290789,0.0403329111267451,Low,0.0403329111267451,train
16.656761543949994,1.2884200459974635,177.68080810784636,-5.40925394676149,99.99755072426694,0.2252887537514132,Low,0.2252887537514132,train
18.974053327833428,19.22290850916084,1006.9615269194272,2.1238418493426865,100.06936398126147,5.916768193234866,Low,5.916768193234866,train
17.754244741821967,4.5222413143142,-59.11626920882485,0.0052771643498205,99.98589285626744,-0.033690702756824,Low,-0.033690702756824,test
17.102461229670098,16.863688500721025,236.933961010017,0.582373403188868,99.98502665397648,0.2761837144188423,High,0.2761837144188423,train
16.792741248595238,13.172136543162749,-29.6775082811699,-0.1792261951309443,100.00024129964925,0.0198327510072426,Medium,0.0198327510072426,train
17.865321730035774,16.577879223598526,-29.646932157996304,-0.0488940162589136,4.931955467394573,-0.0429920520339868,Low,-0.0429920520339868,train
16.595962064296476,13.471677108836042,-29.64263439489947,-0.10339567348285,99.9781066529786,0.1322553317200163,Medium,0.1322553317200163,train
17.999989642901944,6.4708900809634295,1954.551896955388,-74.99029376094965,75.1236656240075,2.114751562898596,Medium,2.114751562898596,train
16.782788551152148,11.178630326000803,-148.11466947260095,-0.3775741490900681,50.07237084028072,0.0513908554051726,Low,0.0513908554051726,train
17.30720218613783,20.33044461124346,6219.332544662579,12.037246170397973,99.95457902811982,6.2352564337444765,High,6.2352564337444765,train
17.92591254830933,16.94163775058654,236.9034188017752,0.58681428474263,100.02600928785766,0.3047386159157954,High,0.3047386159157954,train
19.04583984134356,13.325665398398767,-29.587703518092884,-0.0762526491593224,100.03971493664352,-0.0488922459512048,Medium,-0.0488922459512048,train
18.05676657063136,16.85177121608511,207.3160234183336,0.4864911616524631,100.0002083939871,0.2649836260478816,Medium,0.2649836260478816,train
16.54037595842161,13.514080810086329,-29.73072861629367,-0.0787506037191739,100.00207715329545,0.0533384828510703,Medium,0.0533384828510703,val
17.988222134376056,13.26723024369628,-29.645138605219586,-0.0533223916567629,100.03693544480458,-0.0339375415315301,Medium,-0.0339375415315301,test
18.847398082825364,13.122941993312846,-29.56793033095641,-0.1239190571615179,100.06623245677206,-0.0275261882732305,Low,-0.0275261882732305,test
18.987785770920592,17.074755789704724,325.7267621907082,0.6867903199947869,99.93030355336226,0.3484261144942119,High,0.3484261144942119,train
16.80527559266914,13.09697267713595,-829.2824384618629,-1.9943882610526555,99.96949661481392,0.8531107598823819,Medium,0.8531107598823819,val
16.365175703303887,13.379729863362591,-29.54621664499418,-0.0793449568792963,99.95743132433388,0.0900886375923212,Medium,0.0900886375923212,train
16.67799464912109,13.144863586974637,-414.6518042054992,-1.2214865093549878,99.92389593205084,0.4114075439098799,High,0.4114075439098799,train
17.640476297315455,13.4315496172287,-29.618796857936264,-0.1483818911996145,99.9755248064766,0.0532906115870802,Medium,0.0532906115870802,train
16.752971781523403,14.183089368782715,-1540.012832244788,-3.213675705703825,99.94216612475824,1.3335559079646249,High,1.3335559079646249,train
17.752141473693474,10.83750865615042,118.49907291881551,-0.0744085386572997,99.99223242773527,-0.0483728525108668,Low,-0.0483728525108668,train
21.000887663709864,1.050784244098854,88.88241786489436,-3.74202919285642,99.97225099703893,0.1006847514857483,High,0.1006847514857483,train
16.654687024690112,13.437110791897194,-29.6295714369621,-0.0793455339111701,99.97504749788644,-0.0232377807896626,Medium,-0.0232377807896626,test
16.58646607682887,11.8095742735334,-1154.9967306810631,-3.5473758828848223,99.89712981491776,1.3402657608782225,High,1.3402657608782225,train
16.57827139447891,12.102409973439284,-799.6376702566113,-3.1912839692651405,4.864568474626165,0.7631598180313361,High,0.7631598180313361,val
17.55534224181692,6.234372160202193,1895.3349761800453,-74.9976413054667,74.9739923527915,2.1428405266339503,High,2.1428405266339503,train
18.00990675935909,7.170671242660739,-118.430482404023,-0.9580465750896986,99.94340877478623,0.0990652301375876,Low,0.0990652301375876,train
16.321827664954775,13.09026586277228,-29.60989547796381,-0.0718705157400365,99.98283747480431,0.1498642074295796,Medium,0.1498642074295796,train
18.42504645988137,10.35703260991908,-533.0901749600914,-1.8567632190760923,4.99567820917351,0.5447431116943714,Low,0.5447431116943714,test
17.10453798209577,13.039047998147977,-29.60343046454655,-0.1205766209283286,100.0022819330613,0.161925940712819,Medium,0.161925940712819,train
18.482657921273177,16.875183086417035,236.949151944266,0.4930403019584526,99.96202035496545,0.1930798150040802,High,0.1930798150040802,val
14.73921486375663,13.189903004339476,-29.62813798990065,-0.1593500797712418,100.08119607171484,0.0288663021773767,Medium,0.0288663021773767,train
16.555165749680906,16.30862088700812,1273.4982642991786,2.9553049748837426,5.050434400492042,0.9180333999507478,Low,0.9180333999507478,test
17.612893750136827,12.92882831674718,-414.5808729020462,-1.2980028226175833,99.92258003226044,0.4497610460571099,High,0.4497610460571099,train
16.425852623576446,13.244569420189674,-29.60802628050924,-0.0380733467140586,99.99271186073088,0.0215610689231267,Medium,0.0215610689231267,train
17.00539983492079,19.81480805904152,2843.063421873061,5.340106856570924,99.9882700044861,1.9717499296138807,High,1.9717499296138807,train
16.71938275427034,13.164843157094316,-29.60803718660736,-0.006019981832139,100.0333719578456,0.0917038715600795,Medium,0.0917038715600795,val
17.50251773045669,13.200071099352352,-29.55129991742792,-0.1901147205456433,99.97633755205224,0.0481585883980944,Medium,0.0481585883980944,val
16.90140693831437,13.28810100524808,-29.610758757622143,-0.1886686108228138,99.96693695466764,-0.0033978859892471,Medium,-0.0033978859892471,test
17.400055527950766,16.86207560993534,236.93842907052368,0.5973759207391368,99.9970406831166,0.3484809430070372,High,0.3484809430070372,val
17.499786057329004,5.996543893828016,1865.7742322637007,-74.94390725616103,74.98237823309273,1.9407010351587664,High,1.9407010351587664,test
17.025897733711755,13.358069538817794,-29.61728111775555,-0.1383798970371418,99.9847147066158,0.0426955963382001,Medium,0.0426955963382001,val
17.41103646018481,13.106981775892022,-29.68772488943416,-0.0918396910575105,99.95341678237033,0.057888225636434,Medium,0.057888225636434,test
18.05876433433724,13.537443820131614,-1599.1556735358088,-4.926769936710028,49.95261489824716,0.9952575397691598,High,0.9952575397691598,train
18.02066185125496,7.592690001236835,384.9705887266148,-2.803617543934843,50.00760914160683,0.0092714264579957,Low,0.0092714264579957,val
16.334442046995306,8.702400453164582,-148.0757543023654,-0.8435987705999063,4.945948710824567,0.4209864509006895,Low,0.4209864509006895,train
16.89296729330941,16.620388381621808,503.57026991266673,1.141022335865681,99.92313803055782,0.5306017340670335,Low,0.5306017340670335,train
16.625010787500454,1.4287498974526869,207.34554177496008,-5.43559846904971,99.99061526906314,0.1955958322654185,Low,0.1955958322654185,val
16.885076130342156,12.753812478942192,-1243.8566032623892,-3.6496264767739937,100.00453926586002,1.2969571870522831,High,1.2969571870522831,train
16.39165964415016,9.628149108578157,-473.8572143536347,-2.5667311622857376,4.951563062970255,0.561626119696916,Low,0.561626119696916,train
17.784580833645784,16.618587883798437,977.2920301763844,2.1450886001471456,100.06080097180126,1.1602744050281952,High,1.1602744050281952,train
18.12335531611675,11.570116026104015,1303.05756173715,3.661098229033321,100.00395064319908,2.9054237233725253,High,2.9054237233725253,val
17.129849727400433,16.965312586519197,236.9421571251285,0.5263103016746873,100.0024562554574,0.2439431295680947,High,0.2439431295680947,train
17.503419702934707,17.0659106071539,1006.8185792632496,2.2273493508265387,99.9246019461218,1.0642312024423646,High,1.0642312024423646,train
16.82550344452835,13.198159372611135,-29.60869629895599,-0.1440268835808478,99.9578370886052,0.0053019855691994,Medium,0.0053019855691994,train
18.36737321845001,19.88867504751572,740.4120348756386,1.5327243502459198,99.97799038095822,0.0623346205555065,Low,0.0623346205555065,val
17.63744559099312,9.480503728323232,-710.7454697662099,-2.447527300836994,49.93779533349346,-0.03040895245112,Low,-0.03040895245112,train
17.871692020698948,16.85634307554509,236.95378004857136,0.601894432781229,99.98178769270746,0.2829798465255996,High,0.2829798465255996,train
17.581444474265503,6.178204772908222,1925.0150401180103,-74.98317951538937,75.01811195681645,1.6510628153300062,Medium,1.6510628153300062,train
20.13047944276285,19.10322849553839,88.84136026129497,0.2713375935085664,100.01585188579396,-0.075603060961589,Low,-0.075603060961589,train
17.732347943379853,13.04717960549853,-414.5677009349246,-1.2379121036946923,99.9786672414352,0.4841783322464593,Medium,0.4841783322464593,train
18.4810396759584,16.75495641805815,236.9535032489977,0.5590013504180483,99.96257000120644,0.2495688891916905,High,0.2495688891916905,train
17.729079089288177,13.771169530083792,740.4113540056262,1.7594350551711535,49.88957165501607,0.2154868867053701,Low,0.2154868867053701,test
17.177429227907336,16.964875005957147,236.94939919962587,0.563236077559663,99.9884731980988,0.2752521621396794,High,0.2752521621396794,train
18.494273579877984,17.127392093724833,29.65516612566213,0.1579614807545116,99.97637096827133,0.0611029199319049,Medium,0.0611029199319049,train
18.22609480698592,16.85594970204907,236.96844001395985,0.5415663122600259,99.97482940271011,0.2422006430740357,Medium,0.2422006430740357,test
15.7006537466618,13.748319748015106,-29.576610065595457,-0.0823136111964711,100.10485010690536,-0.0203725391467223,Medium,-0.0203725391467223,val
17.11266401617853,13.13532458032093,-29.67935155630333,-0.0642947777911783,99.96943477770536,0.1118363076942505,Medium,0.1118363076942505,val
16.879700531812432,13.36225269351763,-29.73412771844007,-0.0861361930374294,100.03937717826236,0.0248868834525593,Medium,0.0248868834525593,test
16.741729338381386,13.25810966880472,-29.50525158052337,-0.1261526930647083,99.93796874528688,0.0171172494780452,Medium,0.0171172494780452,val
16.834240023002383,10.61555201217562,-740.3518200462302,-2.8224999429113327,5.001876215695613,0.6344378277428612,Low,0.6344378277428612,val
18.988280539562,16.84818222349438,1006.841417594786,2.162623922336768,100.04491025017848,0.9897626468856596,High,0.9897626468856596,test
17.221239555325514,11.888287099912567,-1155.094257418713,-3.5835217536205697,99.95084762802908,1.399383263000035,High,1.399383263000035,train
17.923829048541645,16.896924264312567,207.45760866617204,0.4428904809887223,100.06458128343832,0.2323410050063845,Medium,0.2323410050063845,train
16.305367739189524,9.478824225672714,-1095.7823237154876,-4.055129905472543,5.041072375430592,0.8618780629689083,Low,0.8618780629689083,test
17.19232450765443,13.534724930369787,-29.58423005361875,-0.0559576425356387,99.96872675788676,0.1016151098123278,Medium,0.1016151098123278,val
17.286134950890318,13.057454234141558,-88.84554127026809,-0.3321377356665533,99.97895107790734,0.1022515781161836,Medium,0.1022515781161836,train
17.271589010543597,12.879135049104528,-88.83579123760025,-0.2475002631750067,99.96929054792083,0.0824612216946043,Medium,0.0824612216946043,train
17.173776309665993,13.071206087714067,-29.62925611046375,-0.0268274058527242,100.04769709825057,0.0343169059157787,Medium,0.0343169059157787,test
16.543930550518013,13.084573436677534,-88.88778236163412,-0.1930545718384692,100.01438195079275,0.1642882132267048,Medium,0.1642882132267048,train
17.951821023275528,12.979016521320444,-88.87479215223755,-0.3190583478963076,100.05860858871426,0.0106752666361032,Medium,0.0106752666361032,train
15.9488487303497,18.45315956524601,88.80631879848153,0.1914883788050929,99.93438222211202,0.0112567075448428,Low,0.0112567075448428,test
17.258999182438345,12.248766118912704,-1214.191132900536,-3.578066688758614,99.97764114443058,1.3851300355320342,High,1.3851300355320342,train
15.89121360070979,12.26864416952885,29.679134458317563,-0.0430942803191363,99.94520253647642,0.0553999857501939,Low,0.0553999857501939,train
17.99067111626635,16.8390334921392,236.9142269714665,0.5048904800538065,100.09905628666294,0.2306265031004143,High,0.2306265031004143,train
17.06308511321645,12.898514306694082,-414.61456930067015,-1.2208224124258684,100.08252565842596,0.320707801538555,High,0.320707801538555,train
17.11351783735431,14.429597128388046,-1658.4105157603774,-4.658506809172926,100.04119051416396,2.955938569665466,High,2.955938569665466,val
17.877987033452825,16.999388182918675,325.7787853486081,0.7477360036462664,100.02148434607318,0.2745523700217037,Medium,0.2745523700217037,val
16.239366574697723,13.329688755134557,-29.61407929462475,-0.1831935048772129,99.96842392929577,0.1070670997435839,Low,0.1070670997435839,train
15.318762827762525,13.582507564570706,-29.572310363876017,-0.0753757733980415,100.06190602289044,0.0405915558256988,Medium,0.0405915558256988,train
16.535160523300497,21.41344552046688,1924.986203829541,3.781875512326663,100.02871523453148,2.359223640439944,High,2.359223640439944,train
16.924350620085757,12.38707770458527,-1214.2072334242866,-3.599145284106793,100.03481522967648,1.220914523782394,High,1.220914523782394,train
16.615416701230057,13.27063794768808,-29.59382854019085,-0.0433252082983747,99.90829479805492,0.0701638198867878,Medium,0.0701638198867878,test
16.970330896870617,35.43707646542471,-2695.03726205386,-1.063311861048855,100.06806735549482,1.2345335998345073,High,1.2345335998345073,val
16.793077795724837,13.398982176365028,-1303.1191406855846,-3.62598479645992,99.98738117535692,1.8555799708233367,High,1.8555799708233367,val
18.236628287526905,12.441498929102613,59.23052991162729,0.2160395541949398,49.91225181800401,0.0458397171574047,Low,0.0458397171574047,val
17.374402128008867,13.24127699255459,-29.624624559922133,-0.0979773469155114,99.98713875333178,0.0643123640865259,Medium,0.0643123640865259,train
18.19331993180296,8.69983746285338,-918.0808309954872,-4.45173883314695,5.034730315961812,0.6525297307720901,Low,0.6525297307720901,train
17.955592031305905,23.21832040897764,118.40587088125372,0.6698388024959169,5.046241908456288,0.4944260088774341,Low,0.4944260088774341,train
17.415552613342367,16.653948950315606,1628.9193966977264,3.518219435531797,99.97996853759452,1.6434313297590677,High,1.6434313297590677,train
17.828503961686305,12.95492309168212,-414.6844564522698,-1.2876335797838037,99.9417538704534,0.3830352596590911,High,0.3830352596590911,train
17.54488727083584,16.76296714495753,266.490908061781,0.5849042081424927,99.95252173029812,0.2257733701225513,Medium,0.2257733701225513,train
17.58738160698926,13.725111561343118,-29.691506000616062,0.0217024180214645,100.03915617312082,-0.0166649437795763,Medium,-0.0166649437795763,train
17.34281329292025,13.17024570518976,-29.606353241223413,-0.1835662439100291,100.00834160453456,0.0281067309044445,Medium,0.0281067309044445,train
17.791267222491484,16.81217480351374,236.90596732382232,0.5333537536122264,100.09549414238909,0.2609480839253779,Medium,0.2609480839253779,train
16.87458020664354,18.88824900003826,6011.914517599481,11.999505966402456,99.97719417746188,6.501846434968553,High,6.501846434968553,train
18.31801536635049,19.07667555080865,296.1182393438617,0.7046278534434935,99.9606601758771,0.4082582589722985,High,0.4082582589722985,train
17.53377400665622,11.338547901475852,-829.1955927315188,-2.916473418103935,5.019385892679941,1.213646868389625,Medium,1.213646868389625,train
15.323883491931012,13.309852661115446,-29.580738961570177,0.0340876818096328,99.99440144695907,-0.0047299906955001,Medium,-0.0047299906955001,train
17.49592217123455,17.660884856159246,1036.5321248864673,2.211276621432395,100.01942366913302,0.9509323477126568,High,0.9509323477126568,train
17.081137235579323,16.922261009696093,266.55229211384307,0.6136025066184734,99.978199396536,0.1640418381590576,High,0.1640418381590576,val
16.992349826617573,13.002315970381376,-1273.3879868867248,-3.546106977561448,100.0146907025084,1.340555899745352,High,1.340555899745352,train
17.040260038689535,9.813982138225551,-533.1223359472752,-1.6535671478410028,100.01613246607964,0.4339088265851062,Low,0.4339088265851062,train
17.001219785010285,0.8284414184857971,29.65895690227515,-2.1812284435422384,120.00723294578192,0.0852801871800265,Low,0.0852801871800265,train
18.29703503453464,13.295289161208396,-29.614411942476742,-0.2679137336303703,99.86418500513506,0.0575895711951289,Medium,0.0575895711951289,train
17.22141485096685,6.207317315813333,1954.613391245169,-75.06526235844699,74.94159619407154,1.797264791022908,High,1.797264791022908,test
17.054243760550573,10.625709617660076,88.80094932083901,0.3496360463707807,100.0178174401976,0.8857141922967076,Low,0.8857141922967076,test
18.08248138657374,15.91667228718252,-1747.3090939066333,-4.300442936707484,100.01106486139128,0.9036717028141782,Medium,0.9036717028141782,train
16.871172315929208,0.7382107112545249,29.61456281702534,-1.78974453889293,100.03599485270271,-0.0622211634626576,Low,-0.0622211634626576,train
16.76256096330909,13.035207874140465,-88.83212904310582,-0.2193176887220006,99.93885492256815,0.124101433729895,Medium,0.124101433729895,train
17.424786826868452,17.444383064529948,385.06653176785545,0.7915657857210396,49.98164770995275,0.4855130862030791,Low,0.4855130862030791,val
18.41763171337364,16.90598982817651,207.2228980064037,0.4418084991135631,99.9397010023679,0.2033539568515114,Medium,0.2033539568515114,train
29.954819550287457,1.446871719590543,207.2264490011881,-5.462945182620173,100.018266163475,0.2541566536051814,High,0.2541566536051814,val
16.7380600345732,13.482237405232816,-29.53349614037471,-0.1608446024583519,99.96382645582229,0.0915136889194939,Medium,0.0915136889194939,val
17.963960594063174,11.281078351237072,-621.8266888664377,-2.013173892228626,99.86288081749976,0.6545758006194853,Low,0.6545758006194853,train
17.13987205629408,29.09533581651072,-1599.175906814236,-0.0149987562906899,5.035654428425714,0.1507661368351444,Medium,0.1507661368351444,train
17.487808588482196,14.468564789758096,-29.655015919159524,-0.0849765172441728,100.0485929409554,0.0510176633377285,High,0.0510176633377285,train
17.07984390056124,4.2176918681919,1302.941375652761,-48.059453954916826,60.00753483677235,1.5142705409654078,Medium,1.5142705409654078,test
17.562527327800694,13.09331089588065,-29.692486281369806,-0.0568983824921415,99.9460686342302,-0.0258555732348836,Medium,-0.0258555732348836,val
17.129865871567088,13.18413946015451,-29.609313579760283,-0.0728195093555271,100.01942469875806,0.0127487484107991,Medium,0.0127487484107991,train
17.235140596359887,69.22734306510448,-7166.8510319550105,-0.5757355849868963,99.97215488054457,3.632350314433201,High,3.632350314433201,test
17.52946024996041,13.228915411323117,-29.56107337390865,-0.3139213597065551,100.00856693563964,-0.0241525612682721,Medium,-0.0241525612682721,train
17.76929352335742,12.365828011469146,-59.23202367031868,-0.3269867296304461,50.05696276697864,0.104533097596189,Low,0.104533097596189,train
17.48117230617349,33.37077294884998,-947.7427018767212,-0.0532913563394691,49.96056480714356,0.0773065757172103,Low,0.0773065757172103,train
17.576306683274154,16.851711207287092,207.3028544310708,0.4335010782798168,100.0634680035395,0.2545381425385835,Medium,0.2545381425385835,test
17.884800408581867,16.956786985261992,236.93189307320017,0.6091907950465031,99.99765252118344,0.2804869064445974,High,0.2804869064445974,train
17.008047330012058,0.8995120389959013,29.605413859531545,-2.23772894163426,119.99059235207764,0.0647567324006052,Low,0.0647567324006052,train
17.920143130837477,17.049312514302088,1628.8297654794692,3.498122721916534,50.038976243291785,1.806126753608446,High,1.806126753608446,train
16.82658180906195,5.141341338104204,236.9081111738737,-2.3504499194922146,4.996412270946535,0.2241867275663262,Low,0.2241867275663262,train
18.01737988786828,3.246562811726871,148.12958739361758,-2.4976033673329363,5.038869297901117,0.0085292640658765,Low,0.0085292640658765,val
16.946341068193078,13.259846966208851,-29.59416473456698,-0.157794033666997,99.86827516095636,0.0521865340062919,Medium,0.0521865340062919,val
17.354932882254914,13.00236453491828,-414.5978726932463,-1.2237069442374369,100.01799219412408,0.4486847179513876,High,0.4486847179513876,train
17.99677778192182,17.872691707824103,1214.292552252229,2.558052883950862,50.03830717579408,1.1512246038770717,High,1.1512246038770717,train
16.94469325977317,25.354084061535307,88.78733840489313,0.6155889981316742,4.972307005136731,-0.0309716351532357,Low,-0.0309716351532357,test
20.514687752035,18.30761909304919,2132.2912360182,4.441839081446476,4.918630436708583,2.487517086527184,High,2.487517086527184,val
17.952374809284443,17.017112502532598,237.00669257895285,0.6242155231600279,100.0283030829866,0.3501568721248353,Medium,0.3501568721248353,train
17.2516820961469,6.304881706924114,1895.4146779166645,-74.9822092111489,75.01824148697335,1.889669043603646,High,1.889669043603646,train
17.872962617776412,10.094817885247574,-1006.904197245397,-3.736651517351408,5.035613968397079,0.3005951676722153,Low,0.3005951676722153,val
17.698513210129192,6.01503642774617,1776.8411969671229,-74.94380748020349,75.03218024261035,2.176436510716182,High,2.176436510716182,val
17.71914099223378,13.145324322688095,-414.6016054772414,-1.2003943378144373,99.92652658830028,0.4455653825278444,High,0.4455653825278444,train
17.843901225399286,17.80789262693503,2724.6533625545167,5.589928408571402,100.05959798813626,1.7694304566045935,Low,1.7694304566045935,train
16.984025319039805,17.311472303631422,118.45738150268724,0.3037644224084326,4.966542422639965,0.0647411627217288,Low,0.0647411627217288,val
17.52025698220893,16.97754895682455,236.94065575566336,0.579820253352739,99.97947852241916,0.308385332409136,High,0.308385332409136,test
17.255343676955167,12.552769022046348,-1214.191082834736,-4.4146060158970695,50.025692137492975,1.0939463355141723,Medium,1.0939463355141723,train
17.254830827605552,8.015895602984108,-621.8550462001493,-2.429901167389509,50.040624563016046,0.726798334737434,Medium,0.726798334737434,val
16.69454441756393,13.3452125683279,-29.625619671141603,-0.0415802297787127,99.9044661380304,0.0609024872112244,Medium,0.0609024872112244,train
17.09074779369853,13.53632807109236,-29.58963815152352,-0.1209287452284089,100.03237012395788,-0.0116928371441275,Medium,-0.0116928371441275,train
17.528642718967024,13.648214932427962,-1332.7682674815787,-3.650546469262821,100.10657550946402,1.186741743623008,High,1.186741743623008,test
18.24192686198836,4.831285833764688,-118.40703212930764,-0.0033617970103756,100.07348370384342,0.0341805728475505,High,0.0341805728475505,val
18.658043571890506,6.809395595732836,-118.4859123209105,-1.0649483618997595,4.922789085933967,0.432216085160871,Low,0.432216085160871,test
17.28875646141194,17.0290635453485,503.49546793426975,1.142602419175512,99.97810891201,0.5170267778737738,Low,0.5170267778737738,test
17.696794196508623,13.45871252271962,-1303.05518997217,-3.5877379967099894,100.00700874249516,1.2091136530322828,High,1.2091136530322828,train
17.108787770645627,13.046496106062811,-1273.4862240601658,-3.5761289984336044,99.94102013529948,1.3801482787911925,High,1.3801482787911925,train
18.441071914701112,16.860538073035055,236.87995611101624,0.5481793852571162,100.0141501506,0.3210575862098263,High,0.3210575862098263,train
16.483004410157765,13.467495890984518,-29.626259892109776,-0.1649436843818303,99.95568423166247,-0.0535039715124386,Medium,-0.0535039715124386,val
16.522060030399302,13.550406259915048,-29.561231524056804,-0.0875365185158389,99.97368109668972,0.0776737700114441,Medium,0.0776737700114441,train
17.898363290190087,17.51230253071278,148.11460054517764,0.4528600373869421,99.92351190605676,0.2425386442530923,Medium,0.2425386442530923,train
17.817538738760998,11.676307451457705,-1924.8876470324044,-4.80392408785531,49.96248113327529,2.6625207139158613,High,2.6625207139158613,test
17.150065683275127,1.4249714868526282,207.32401474675103,-5.443083577162246,100.0094717604346,0.2047710388979493,High,0.2047710388979493,train
16.95361903445548,13.277125421491307,-29.612263880463043,-0.078166939807677,100.01743850317602,0.0631145903221164,Medium,0.0631145903221164,train
16.75822132317087,19.487135404847105,5923.169367360862,11.95994421639641,100.046552792746,5.291896966601186,High,5.291896966601186,train
16.310954151358914,13.53045990409912,-29.726517944322108,-0.1634844788262908,99.9965342240914,-0.0023536209998646,Medium,-0.0023536209998646,val
19.35700774505481,16.829605737219726,236.9094489947724,0.5210157903584312,99.97739336424269,0.2420616029335379,High,0.2420616029335379,train
17.276430218927413,13.494786545486749,-29.64600878045859,-0.0657384295100496,99.924638133057,-0.0219351980297383,Medium,-0.0219351980297383,test
17.843651812354537,6.548831443766599,2043.4055635424936,-74.95733808819476,75.06336750327827,2.0065992631681704,High,2.0065992631681704,train
18.753827053035284,13.478525062701738,-29.63036255794778,-0.1071296544499445,100.00675704207164,0.0613620322041593,Medium,0.0613620322041593,val
18.245341770910706,20.30426856470977,118.39084864348062,0.9428873298427828,100.0358156011419,0.2176389754514807,Low,0.2176389754514807,test
25.91867342265257,4.630866206244763,236.96237395379745,-2.7247377341952266,99.97210026454182,0.7679232642156328,High,0.7679232642156328,val
16.766643808475536,24.143378914312084,-2458.0996865817287,-1.807769701196957,100.03217443263172,1.3193832406970547,High,1.3193832406970547,val
16.936587433040692,4.280810292636833,1303.036033465016,-47.94811972255224,60.03687367428272,1.4187169480503008,Medium,1.4187169480503008,train
16.576668134439732,13.307470873700716,-29.60512338446044,-0.193550495944633,99.95552258532936,0.0650632540543317,Medium,0.0650632540543317,train
18.374303050889765,13.325852778183812,-29.619053419122324,-0.1345720727991747,100.05446910366042,0.0547370765542408,Medium,0.0547370765542408,train
16.78024322556659,13.12574680892802,-29.677021301135618,-0.094652852851623,100.0382247721959,0.0182669323040124,Medium,0.0182669323040124,val
