load_X,load_Z,power_Z,speed_SPINDLE,override_SPINDLE,powerDrive_SPINDLE,power_consumption,power_kw,split
1.422119140625,9.051513671875,3.23957554064691,605.850219726563,100.0,0.0428840517997742,Low,0.0428840517997742,val
1.165771484375,1.20849609375,3.23957554064691,2765.17868041992,100.0,1.29570293426514,Medium,1.29570293426514,train
2.430501909764361,6.6015542880419895,-651.2181641344366,3990.0483224551913,105.02598724635736,2.3213619307779583,High,2.3213619307779583,test
1.214599609375,7.366943359375,-12.9583021625876,2749.09973144531,100.0,2.95572686195374,High,2.95572686195374,train
0.7322972544947275,1.353466051896704,6.48070156884726,2754.417736250597,100.06419013855157,0.3479258884467561,High,0.3479258884467561,train
1.318359375,7.70263671875,3.23957554064691,605.792999267578,100.0,0.117743544280529,Low,0.117743544280529,test
1.043701171875,13.56201171875,6.47915108129382,605.907440185547,100.0,0.261782765388489,Low,0.261782765388489,test
0.3019628712597349,10.86552191151088,-822.9192523404536,2998.8098977715704,99.98254987277618,1.7570722045843796,High,1.7570722045843796,test
1.678466796875,1.080322265625,3.23957554064691,2611.31286621094,94.9999988079071,1.48077511787415,Medium,1.48077511787415,train
0.3320041781006306,5.063628783195662,-252.72332099960207,1989.9189918335776,99.9948203597318,0.3444106736971513,High,0.3444106736971513,train
0.91552734375,13.897705078125,6.47915108129382,606.021881103516,100.0,0.0162590947002172,Low,0.0162590947002172,val
1.64794921875,3.3203125,-161.978777032346,2999.03869628906,100.0,0.583739042282104,Medium,0.583739042282104,train
7.691165364197743,9.91697787899074,1399.5533690775842,606.3232399067316,100.03648171871735,0.0164023627797632,High,0.0164023627797632,val
1.9287109375,2.01416015625,-42.1144820284098,2766.49475097656,100.0,1.16586518287659,Medium,1.16586518287659,train
1.2287524580584233,1.051618225023844,3.20432164810648,2893.127348377527,104.99373341159192,0.1975989758018315,High,0.1975989758018315,val
1.3427734375,9.43603515625,3.23957554064691,606.0791015625,100.0,0.0566541105508804,Medium,0.0566541105508804,train
1.422119140625,1.849365234375,3.23957554064691,2617.77877807617,94.9999988079071,0.752529740333557,Medium,0.752529740333557,train
1.9957802062693668,15.411607574560868,6472.700388480352,3800.326975320792,99.94949221653678,2.644538671623012,High,2.644538671623012,train
3.196360832032674,19.672714287126084,6611.97391971947,1990.354287380656,99.98937409211788,1.3061318426477266,High,1.3061318426477266,train
1.6705138734586171,20.180817866101904,5099.1265428390825,2759.659727927291,99.99374400015309,1.678821681829809,High,1.678821681829809,val
1.15966796875,0.50048828125,3.23957554064691,2757.68280029297,100.0,0.779939830303192,Medium,0.779939830303192,val
1.67236328125,1.7333984375,32.3957554064691,2752.24685668945,100.0,2.21489930152893,Medium,2.21489930152893,val
1.788330078125,7.452392578125,463.259302312508,999.927520751953,100.0,0.841362714767456,Medium,0.841362714767456,test
1.318359375,0.6591796875,-9.71872662194073,2749.44305419922,100.0,1.26033020019531,Medium,1.26033020019531,val
1.324462890625,8.49609375,537.769539747387,1000.04196166992,100.0,0.888750672340393,Medium,0.888750672340393,train
0.4736329816319141,25.22859791349807,6187.577811173515,4257.375301603891,99.925106642552,2.877946052988245,High,2.877946052988245,val
1.092529296875,5.43212890625,-38.8749064877629,3826.61819458008,100.0,1.27725517749786,Medium,1.27725517749786,train
0.628662109375,1.422119140625,6.47915108129382,2754.70733642578,100.0,2.46756052970886,Medium,2.46756052970886,test
1.171875,8.2275390625,427.623971365392,2999.38201904297,100.0,2.57964897155762,Medium,2.57964897155762,train
1.300048828125,8.544921875,42.1144820284098,2892.43698120117,104.999995231628,0.773767709732056,Medium,0.773767709732056,train
1.422119140625,14.39208984375,6.47915108129382,606.193542480469,100.0,0.0942614302039146,Low,0.0942614302039146,train
1.5463419252228272,8.053345377618346,12.905057253800797,1990.1768996331773,99.92080055507138,0.3529187328442005,High,0.3529187328442005,train
1.74560546875,14.727783203125,149.020474869758,4999.69482421875,100.0,1.95370888710022,Medium,1.95370888710022,val
0.726318359375,13.543701171875,6.47915108129382,605.735778808594,100.0,0.227595701813698,Low,0.227595701813698,test
0.3488292866748052,14.194838670237736,-450.30772329884326,2755.1527030375623,99.95770130027022,0.0902698635855965,High,0.0902698635855965,train
1.03759765625,11.639404296875,3654.24120984972,3540.45867919922,104.999995231628,3.37928032875061,High,3.37928032875061,test
1.2476010755165976,1.7766649284258251,6.599825206806764,2757.32649783592,100.0117148910095,1.6343309759384892,High,1.6343309759384892,val
19.281005859375,4.962158203125,-213.811985682696,3979.33959960938,100.0,2.56019234657288,High,2.56019234657288,train
1.312255859375,11.0595703125,3.23957554064691,606.136322021484,100.0,0.0187498852610588,Low,0.0187498852610588,val
10.7045350404927,13.98683190628223,4156.362674857927,2498.94150827196,99.98554681308048,0.9520835207102668,High,0.9520835207102668,train
0.68359375,1.568603515625,80.9893885161728,2999.09591674805,100.0,3.98110413551331,Medium,3.98110413551331,val
1.2173748323759612,7.292311599526532,375.6943485870659,3001.131203524032,100.03599000795508,1.9380734089538,High,1.9380734089538,train
1.0986328125,10.6201171875,55.0727841909975,2765.06423950195,100.0,4.15537786483765,Medium,4.15537786483765,train
1.104736328125,13.39111328125,3.23957554064691,606.021881103516,100.0,0.040030874311924,Low,0.040030874311924,train
1.26953125,14.02587890625,6.47915108129382,606.0791015625,100.0,0.207989722490311,Low,0.207989722490311,val
1.4629621048046229,9.453257633408784,42.13859664762682,2903.635133635567,105.04235756624362,0.7118245703781876,High,0.7118245703781876,train
0.8009864064579735,25.85867080311792,5721.12855786423,3973.753983789383,100.04628758508323,2.6570313820562315,High,2.6570313820562315,test
1.3688171594912215,6.252827730686558,-3.207622707092769,2754.894881021927,100.05416702970778,1.3870490460807914,High,1.3870490460807914,train
0.933837890625,14.447021484375,929.758180165663,2500.24795532227,100.0,0.520456671714783,High,0.520456671714783,train
1.025390625,7.806396484375,651.154683670029,636.005401611328,104.999995231628,0.295405566692352,Low,0.295405566692352,test
1.96533203125,12.3046875,4230.88565608487,1899.60479736328,100.0,1.23198652267456,High,1.23198652267456,train
2.204384316855548,4.986384730970899,-1373.595715205574,3990.911160030635,104.9591082124973,2.534249252066745,High,2.534249252066745,val
1.74560546875,8.5693359375,359.592885011807,3801.09786987305,100.0,2.34689569473267,Medium,2.34689569473267,test
1.348876953125,2.239990234375,-9.71872662194073,3826.44653320313,100.0,2.34269952774048,Medium,2.34269952774048,train
0.8156079055100135,5.874792783919685,51.81004557316788,4245.686033064011,100.03409485819044,1.431948115147665,High,1.431948115147665,train
9.78510925064188,14.162159841041612,1240.7731379821523,605.8768463837414,99.9322574000257,0.0105734526208917,High,0.0105734526208917,train
0.970458984375,3.8330078125,64.7915108129382,2767.86804199219,100.0,3.95240211486816,High,3.95240211486816,train
1.64794921875,7.379150390625,71.270661894232,2758.6555480957,100.0,3.63861441612244,High,3.63861441612244,train
1.1597916280566978,11.326131184049563,1525.7953372480172,2768.406623893259,99.98440468942268,3.721568342447135,High,3.721568342447135,test
1.348876953125,13.1103515625,3.23957554064691,606.250762939453,100.0,0.363888442516327,Low,0.363888442516327,val
3.318788460406433,15.955827766105578,6142.218298421743,1989.440161445904,99.953032661759,1.6240392235250285,High,1.6240392235250285,val
7.352870747756148,4.856013208774488,-3.1785823644710134,3713.6241830156905,100.0197638891892,2.3647471377121425,High,2.3647471377121425,test
1.4775120611240131,11.117342877276624,51.811823617788114,2902.114780380906,104.94072821355957,2.4351852431082257,High,2.4351852431082257,test
1.081309132133775,12.43077279372624,2031.203182663501,3826.301317426232,100.00084868063922,4.307641213264764,High,4.307641213264764,val
1.52587890625,10.55908203125,48.5936331097037,2903.36608886719,104.999995231628,0.656282484531403,High,0.656282484531403,train
1.4515477493906428,8.41831876939072,1049.5687645704518,3799.8740383630206,100.05136918601109,3.7795354042356415,High,3.7795354042356415,test
1.74560546875,2.288818359375,340.155431767926,3801.49841308594,100.0,1.84923100471497,High,1.84923100471497,val
1.556396484375,13.104248046875,3.23957554064691,605.850219726563,100.0,0.0304695088416338,Low,0.0304695088416338,train
1.239013671875,9.94873046875,48.5936331097037,2757.96890258789,100.0,1.50821316242218,Medium,1.50821316242218,train
1.165771484375,10.455322265625,35.635330947116,2763.34762573242,100.0,1.02204298973083,High,1.02204298973083,train
0.606931438986382,15.403430415246842,5381.036402968776,3137.0980911705883,104.903558405918,15.872539344060067,High,15.872539344060067,train
1.708984375,12.646484375,155.499625951052,1000.04196166992,100.0,0.39088648557663,Low,0.39088648557663,test
1.9669728740744208,4.748830968185454,-81.04853472521283,1050.2383003271989,105.06275891058728,0.8643101102497491,High,0.8643101102497491,train
1.3700960926251016,6.838514112927412,-12.96543801566408,2765.279701372486,99.98971003100702,0.9620780288206584,High,0.9620780288206584,train
2.0924234452937487,7.274787020308087,-783.9502855437804,2769.3425532478745,100.05999830040304,2.602814299121488,High,2.602814299121488,test
1.171875,11.99951171875,97.1872662194073,4245.58639526367,100.0,2.79285717010498,Medium,2.79285717010498,train
1.67236328125,17.08984375,3612.12672782131,4244.72808837891,100.0,2.47112965583801,High,2.47112965583801,test
1.0138373780153485,5.247967497839146,-3.2431013526738512,3989.981490719888,105.0559204540165,1.5635046861451969,High,1.5635046861451969,train
0.6263422440442683,9.5671094327993,48.60383724798184,2671.639165125914,99.94134395198462,3.0759977407347456,High,3.0759977407347456,train
4.55322265625,9.08203125,375.790762715042,605.964660644531,100.0,0.0273500755429268,Low,0.0273500755429268,test
1.409912109375,13.76953125,6.47915108129382,605.850219726563,100.0,0.256453990936279,Low,0.256453990936279,train
3.3712014236242345,15.986008039408237,6142.223030687239,1989.5565755349087,100.05150567421792,1.4869216401372798,High,1.4869216401372798,test
1.1721497973126005,1.0741889464958954,3.204252165357917,2893.086808139212,105.02989573895164,0.3199379903212295,High,0.3199379903212295,train
1.7101046485584557,7.206378277736742,3521.5228395600047,2770.270293216274,100.06581109411616,2.364623791235549,High,2.364623791235549,train
2.216899144351771,4.193943367193086,-586.311017888695,2760.927702261148,99.89891785379332,2.44224956119943,High,2.44224956119943,train
0.8966744276028034,13.15312645827596,3200.7426525818128,2755.89444982189,99.995378617188,0.8387690462584962,High,0.8387690462584962,test
1.7818970320263858,8.47568036204617,359.63036129026284,3801.018297041271,100.04781455273758,2.238565237655604,High,2.238565237655604,val
1.4404296875,13.46435546875,3.23957554064691,605.850219726563,100.0,0.0324914939701557,Low,0.0324914939701557,train
1.9880148453486937,4.75734164310175,-80.97597282938881,1050.1054853696717,104.96698971414406,0.796934249536907,High,0.796934249536907,train
0.885009765625,13.14697265625,3.23957554064691,605.850219726563,100.0,0.281208723783493,Low,0.281208723783493,train
1.79443359375,13.800048828125,6.47915108129382,605.907440185547,100.0,0.0239803027361631,Low,0.0239803027361631,train
1.472402090926871,2.350339990582444,-61.54084567724748,3666.384358562867,99.94583762349428,0.1235082456447126,High,0.1235082456447126,train
12.860107421875,15.386962890625,6501.82811007835,2500.82015991211,100.0,2.92877864837646,High,2.92877864837646,train
1.141357421875,13.04931640625,242.968165548518,3826.61819458008,100.0,3.2588267326355,Medium,3.2588267326355,test
1.20849609375,9.429931640625,6.47915108129382,420.513153076172,100.0,0.0423459410667419,Low,0.0423459410667419,train
2.4603419306371968,4.1994539613115895,-45.30970657957234,3046.598423032595,109.99280929732222,1.3595171235884005,High,1.3595171235884005,test
3.3650119415424573,15.90937209632768,6142.255805442238,1989.50895216294,100.03981355474836,1.573827994713007,High,1.573827994713007,train
2.087039077737561,15.198659589612166,6472.682729032005,3800.308651632299,100.04186145217692,2.769528872422708,High,2.769528872422708,test
1.409912109375,13.739013671875,2675.88939657435,1989.55535888672,100.0,1.0883229970932,Medium,1.0883229970932,val
2.549761730568292,4.155863925233983,-45.36586535720956,3046.644156481451,109.95138825770104,1.538966491741559,High,1.538966491741559,train
1.5869140625,14.3798828125,6.47915108129382,606.250762939453,100.0,0.291204869747162,Low,0.291204869747162,train
0.9141608763807316,16.75241660330026,2753.610545772131,2612.234156296835,94.9835835053091,3.309874566185001,High,3.309874566185001,train
1.55029296875,3.179931640625,-165.218352572992,2999.72534179688,100.0,0.83570921421051,Medium,0.83570921421051,train
1.141357421875,14.36767578125,6.47915108129382,606.0791015625,100.0,0.110524617135525,Low,0.110524617135525,val
0.8043678709181709,13.179702837229833,3200.7431261014463,2755.848679354308,99.99438726100811,0.8594511464319826,High,0.8594511464319826,test
2.050818667802147,9.834605632070264,162.05115164720047,2768.1200546982186,99.98586056940728,1.2172624849977758,High,1.2172624849977758,test
0.9521651524261175,7.981332706774174,-12.991966629358492,2759.3275090257816,99.96596786613738,0.9332686535773717,High,0.9332686535773717,train
1.6357421875,9.088134765625,29.1561798658222,2767.06695556641,100.0,0.260476320981979,Medium,0.260476320981979,val
1.019287109375,10.51025390625,2209.39051872119,3065.47164916992,100.0,5.52493953704834,High,5.52493953704834,train
0.9521484375,13.2080078125,3.23957554064691,605.850219726563,100.0,0.233498528599739,Low,0.233498528599739,train
1.214599609375,6.292724609375,-6.47915108129382,2755.45120239258,100.0,1.93680214881897,High,1.93680214881897,test
1.4892578125,10.302734375,427.623971365392,776.023864746094,100.0,0.291544377803802,Medium,0.291544377803802,val
2.313232421875,4.69970703125,2753.63920954987,2611.083984375,94.9999988079071,1.96846973896027,High,1.96846973896027,test
2.500922902040376,9.128773980252156,647.9159387376496,2754.4601462761866,99.95196031971206,0.9011978878825266,High,0.9011978878825266,train
0.80049454100836,10.368460832512977,51.82954385619603,3803.019504208725,99.92736222241312,3.0398676921296715,High,3.0398676921296715,train
0.9597070680481672,7.907830301300105,-12.900154104158762,2759.421846312052,99.97417719279449,0.931902046261028,High,0.931902046261028,val
1.3193580249025103,9.657700225639344,2406.927402605952,3799.933088465584,99.93875408960744,2.7916378836513505,High,2.7916378836513505,train
28.328389498548603,4.3242012939111625,-9.76213562870383,1990.0109682025875,100.0684608130316,0.9515932308282082,High,0.9515932308282082,val
1.544189453125,8.099365234375,12.9583021625876,1990.24200439453,100.0,0.208788201212883,High,0.208788201212883,test
2.18505859375,16.2353515625,894.122849218547,606.250762939453,100.0,0.028575973585248,Low,0.028575973585248,train
1.81884765625,10.3271484375,3.23957554064691,605.964660644531,100.0,0.33290696144104,Low,0.33290696144104,train
1.025390625,9.564208984375,1441.61111558788,3635.90240478516,94.9999988079071,0.13500414788723,Medium,0.13500414788723,test
1.30615234375,0.628662109375,-12.9583021625876,2750.01525878906,100.0,1.43383419513702,Medium,1.43383419513702,train
1.6581121618817392,8.257923548760006,1376.849776788313,2769.539732667878,100.04561901689956,1.8872954799131787,High,1.8872954799131787,train
1.2453073640762469,8.90145928564755,294.8921577760595,3821.98785282562,99.92992156108818,0.5017039409926969,High,0.5017039409926969,test
1.5380859375,1.77001953125,6.47915108129382,2755.56564331055,100.0,1.03466725349426,Medium,1.03466725349426,train
1.336669921875,6.890869140625,126.34344608523,2615.71884155273,94.9999988079071,1.52893793582916,Medium,1.52893793582916,val
1.4355928732894712,10.204544395494713,25.92465447998796,2499.3973782735984,99.9926987708478,2.045430062790625,High,2.045430062790625,train
1.190185546875,9.38720703125,45.3540575690567,2756.59561157227,100.0,1.46138489246368,Medium,1.46138489246368,test
0.4805175858840477,7.036777890503127,-450.3341882646273,2755.796155239945,99.9699783160833,2.3507928446454422,High,2.3507928446454422,train
1.519775390625,3.6865234375,-12.9583021625876,999.641418457031,100.0,0.574677050113678,Medium,0.574677050113678,train
2.058646343361987,12.880853060730333,-1814.1396466096407,2769.618562478144,99.99913197633818,2.367507796370861,High,2.367507796370861,train
2.410888671875,10.6689453125,3.23957554064691,606.136322021484,100.0,0.0331368036568165,Low,0.0331368036568165,train
1.898193359375,6.109619140625,178.17665473558,5000.32424926758,100.0,2.04837369918823,Medium,2.04837369918823,train
0.6933793915142403,14.8095229981724,2076.633502398445,4244.733820501656,100.06805484576697,2.0670031550202586,High,2.0670031550202586,val
1.873779296875,3.985595703125,204.093259060755,2761.23046875,100.0,1.24060595035553,High,1.24060595035553,train
1.388801903749934,9.147774995436196,1159.685634835994,3799.411260704144,99.9438638963232,3.408862224798781,High,3.408862224798781,val
6.388590680387865,8.80645034501264,2578.720318243436,605.7466723135328,100.03644400376146,0.1139134520332969,High,0.1139134520332969,train
1.324462890625,9.698486328125,3.23957554064691,606.193542480469,100.0,0.075188472867012,Low,0.075188472867012,val
1.4822684499784422,32.30094711746418,8037.401097909852,2749.117818493505,99.96208804941672,2.078863092831938,High,2.078863092831938,train
0.5126953125,0.48828125,-9.71872662194073,3804.35943603516,100.0,3.84972596168518,Medium,3.84972596168518,train
1.596803949488244,12.997840371019816,4629.377574424608,3727.707930654661,104.9830849966372,2.018115332453088,High,2.018115332453088,train
0.982666015625,1.171875,3.23957554064691,2755.85174560547,100.0,0.378174871206284,Medium,0.378174871206284,train
1.4053500975822797,22.02119625642648,5636.8719112663175,2759.107556269322,100.02233203438584,4.3766412592819615,High,4.3766412592819615,train
2.256565979014274,3.213791201027565,1224.4882939369922,3045.619053993772,109.94115802524117,0.824432833162213,High,0.824432833162213,train
1.251220703125,10.040283203125,246.207741089165,3825.98876953125,100.0,2.17354011535645,Medium,2.17354011535645,test
0.2649200486742859,23.35235516349008,6420.909530574635,2769.9817206816983,99.9987918878173,2.1078373365233825,High,2.1078373365233825,train
1.446533203125,13.14697265625,6.47915108129382,605.964660644531,100.0,0.0399740226566792,Low,0.0399740226566792,train
1.6367741852398168,11.676772220087946,3437.2908820802377,3713.235523134663,100.00393137811842,11.389548841623618,High,11.389548841623618,train
1.8628104803884007,7.333631447383975,291.5114934985947,2754.6048002284583,99.99785103381522,2.432837903161555,High,2.432837903161555,test
0.494384765625,7.733154296875,-3.23957554064691,2671.22268676758,100.0,1.01465010643005,Medium,1.01465010643005,val
1.66015625,16.412353515625,168.457928113639,999.984741210938,100.0,1.28635573387146,Medium,1.28635573387146,train
1.0498046875,14.61181640625,6.47915108129382,606.479644775391,100.0,0.220836117863655,Low,0.220836117863655,train
1.031494140625,11.85302734375,9.71872662194073,3979.05349731445,100.0,1.70461428165436,Medium,1.70461428165436,train
0.7131173306184029,5.8061365758161445,6.4864669663333,2755.7331700608656,99.94749726996989,0.7340656618653864,High,0.7340656618653864,train
1.129150390625,1.678466796875,100.426841760054,2612.05673217773,94.9999988079071,0.0129643557593226,Medium,0.0129643557593226,train
10.85205078125,10.784912109375,634.956805966794,605.907440185547,100.0,0.111889131367207,Medium,0.111889131367207,val
1.960489778134329,4.653187707066208,-80.99928851084728,1050.158872545213,105.04284389391673,0.8936084144661702,High,0.8936084144661702,train
1.9934121232173696,7.057674785885143,-220.2877649611498,2754.202960589357,100.09426211700004,2.05983458873731,High,2.05983458873731,train
0.9974028180689816,17.580859365903443,5539.678332769669,3825.866139803248,100.00173565213892,1.6839655914306848,High,1.6839655914306848,test
7.110595703125,11.968994140625,1836.8393315468,775.794982910156,100.0,0.0678649172186852,High,0.0678649172186852,test
0.767111507871937,25.76793449736641,5721.065338983997,3973.796874117257,99.9232740035526,2.734378344590403,High,2.734378344590403,train
1.617431640625,14.398193359375,6.47915108129382,120.0,100.0,0.09482641518116,Low,0.09482641518116,val
0.732421875,17.559814453125,178.17665473558,999.927520751953,100.0,1.10462784767151,Medium,1.10462784767151,train
2.3132127257124977,2.335456261212092,-51.87025388706135,2768.162781652104,100.00150382825994,0.4816397333881195,High,0.4816397333881195,train
1.4176663323013627,10.498656530088292,48.662390042036215,2903.381460355304,105.06776639858823,0.6513598800094941,High,0.6513598800094941,train
1.312255859375,0.762939453125,-12.9583021625876,2749.84359741211,100.0,1.01879966259003,Medium,1.01879966259003,train
0.67138671875,14.0625,6.47915108129382,606.136322021484,100.0,0.0566264875233173,Low,0.0566264875233173,train
0.653076171875,13.641357421875,6.47915108129382,605.964660644531,100.0,0.103384859859943,Low,0.103384859859943,train
0.10986328125,28.271484375,7567.64846295118,3046.1311340332,110.000002384186,4.73512935638428,High,4.73512935638428,val
0.8720297810448964,22.018869495542752,2215.814932615969,2766.8085591673826,100.05193135343497,0.3398878970137214,High,0.3398878970137214,train
1.446533203125,7.672119140625,3.23957554064691,605.850219726563,100.0,0.0861679762601852,Low,0.0861679762601852,val
1.544189453125,4.754638671875,926.518604625016,2753.73458862305,100.0,2.23691511154175,High,2.23691511154175,val
0.7426676761108163,13.22019506707985,5105.458709923921,2761.367200109617,100.08340293567274,1.232832915532773,High,1.232832915532773,train
0.323486328125,10.784912109375,-822.852187324315,2998.75259399414,100.0,1.75355362892151,High,1.75355362892151,train
1.541260146373609,10.097590607224506,25.96068132016109,2499.263354908462,100.03617677577482,2.062740283709688,High,2.062740283709688,train
1.446533203125,9.796142578125,3.23957554064691,605.850219726563,100.0,0.0777647867798805,Low,0.0777647867798805,train
2.062425203154907,11.193660086209814,187.83021623323563,3977.501155629959,100.0265283165753,3.0487138804593297,High,3.0487138804593297,train
1.738336445883589,14.009122449997598,4431.7565269685765,2617.5468424840365,94.97478185132388,1.468024286520057,High,1.468024286520057,train
0.933837890625,12.982177734375,725.664921104908,999.984741210938,100.0,0.660880506038666,Medium,0.660880506038666,val
1.160354043195813,0.7276508946945385,3.2330633840898764,2755.3855480055126,100.03223056155504,0.2700358223267337,High,0.2700358223267337,val
1.522507198665679,1.892412364368658,-955.6797589463512,2768.363454066211,100.06732184480391,2.002080647011088,High,2.002080647011088,train
1.4507607954417878,11.09971755989166,51.87917823212147,2902.1684356168025,105.038271825595,2.416210056546292,High,2.416210056546292,test
8.09326171875,10.638427734375,1020.46629530378,776.252746582031,100.0,0.213933005928993,High,0.213933005928993,test
1.556396484375,9.222412109375,1163.00761909224,2670.4216003418,100.0,3.07676911354065,Medium,3.07676911354065,train
2.3787181948221106,8.3896718937159,-304.4984815711375,2769.992994794792,100.09587039754524,0.8153792010002099,High,0.8153792010002099,train
0.98876953125,5.09033203125,-61.5519352722913,605.792999267578,100.0,0.0026504211127758,Low,0.0026504211127758,train
1.9870147861217584,4.665869094814178,-81.0065554203157,1050.1616915614604,105.01938356261526,0.9008771798708072,High,0.9008771798708072,val
0.72021484375,14.14794921875,6.47915108129382,605.792999267578,100.0,0.0563181452453136,Low,0.0563181452453136,test
1.46484375,8.41064453125,42.1144820284098,2765.29312133789,100.0,0.209756344556808,Medium,0.209756344556808,val
0.3683551698820939,23.70333322527153,6151.909514156984,2760.1036486735634,100.05086458015542,3.560951554814658,High,3.560951554814658,test
2.40478515625,11.1083984375,3.23957554064691,606.136322021484,100.0,0.156075403094292,Low,0.156075403094292,train
1.556396484375,9.4970703125,48.5936331097037,2757.39669799805,100.0,0.719144999980927,Medium,0.719144999980927,train
1.3671875,9.161376953125,194.374532438815,2750.47302246094,100.0,1.95747768878937,Medium,1.95747768878937,val
1.0986328125,13.720703125,6.47915108129382,605.850219726563,100.0,0.383061826229095,Low,0.383061826229095,test
1.513671875,9.33837890625,356.35330947116,2749.32861328125,100.0,1.01971328258514,High,1.01971328258514,train
1.806640625,8.038330078125,3.23957554064691,606.021881103516,100.0,0.0387801826000214,Low,0.0387801826000214,train
1.4310189848230233,11.905890050277826,4185.54414527893,3756.032884202805,100.0880093770378,15.53236818919672,High,15.53236818919672,val
5.023193359375,10.3759765625,310.999251902103,2499.96185302734,100.0,0.781563937664032,High,0.781563937664032,train
4.210634467785619,2.0488389512794702,-1143.5852271696438,2700.278685838968,100.0387056113974,2.3042823077654067,High,2.3042823077654067,train
1.15966796875,9.014892578125,25.9166043251753,2889.97650146484,104.999995231628,0.782108902931213,Low,0.782108902931213,val
9.402977392188273,11.451821487860364,1486.9934005397397,2500.050118559232,100.04273782819152,1.503908694475646,High,1.503908694475646,test
2.3456994068134858,10.585770068507806,3226.5618657460896,3800.709014380468,99.94529748913446,2.696195980711221,High,2.696195980711221,val
28.375244140625,4.339599609375,-9.71872662194073,1990.07034301758,100.0,0.962116062641144,High,0.962116062641144,val
1.885986328125,4.52880859375,-126.34344608523,999.813079833984,100.0,0.843285083770752,Medium,0.843285083770752,test
2.020263671875,10.064697265625,3.23957554064691,606.021881103516,100.0,0.0148338358849287,Low,0.0148338358849287,test
2.1031539035107576,1.904123339021388,9.747420968073929,2999.525894850561,100.06927582242504,2.9796090796187107,High,2.9796090796187107,test
1.275634765625,1.861572265625,-45.3540575690567,2752.47573852539,100.0,0.202799096703529,High,0.202799096703529,train
1.8988682987336143,9.630389277333151,868.1955167693872,3046.540544635476,110.0612367381154,3.5962656183134696,High,3.5962656183134696,train
1.397705078125,10.565185546875,3.23957554064691,605.621337890625,100.0,0.0077572935260832,Low,0.0077572935260832,train
11.712920631109911,15.299052376189636,6258.973641778072,2700.993661564816,100.01305562034769,3.111807526072845,High,3.111807526072845,train
1.26953125,10.430908203125,217.051561223343,2750.01525878906,100.0,5.08997106552124,Medium,5.08997106552124,val
1.1962890625,7.26318359375,375.790762715042,3001.0986328125,100.0,1.9359335899353,High,1.9359335899353,train
1.153564453125,0.8544921875,3.23957554064691,2892.95196533203,104.999995231628,0.221333011984825,Medium,0.221333011984825,train
1.8935827232076177,12.80208146695149,317.4512539233107,2499.511800789423,99.96406171682992,2.658592223103041,High,2.658592223103041,train
2.0210139309715727,11.676741169643574,155.5080323524717,2499.390504806589,99.9995279988597,0.1593758961283532,High,0.1593758961283532,train
1.617431640625,0.03662109375,12.9583021625876,2766.55197143555,100.0,3.37332010269165,Medium,3.37332010269165,train
10.82763671875,17.71240234375,4603.43684325926,2625.10299682617,104.999995231628,2.85697770118713,High,2.85697770118713,val
1.33056640625,1.483154296875,6.47915108129382,2902.9655456543,104.999995231628,0.470079332590103,Medium,0.470079332590103,val
2.46337755188842,33.34104801150713,9171.140221967324,4244.553657658525,99.99179996605,2.061872098420148,High,2.061872098420148,train
1.568603515625,1.727294921875,6.47915108129382,2749.84359741211,100.0,1.4293897151947,Medium,1.4293897151947,train
0.750732421875,14.5751953125,6.47915108129382,606.479644775391,100.0,0.310292392969131,Low,0.310292392969131,train
2.508544921875,6.427001953125,-294.801374198869,2699.7184753418,100.0,2.21694231033325,High,2.21694231033325,val
3.545884122596058,2.496154538220867,-22.79631416802553,2756.3868890626222,99.9783011454933,3.6590510729715966,High,3.6590510729715966,train
0.8375688141896301,6.419531943764616,333.73806368256675,2999.6147862273315,100.01768603531043,0.2310874807071608,High,0.2310874807071608,test
1.3457409935744726,8.690565439169776,45.38618128385705,2754.8269846603853,99.93372627445731,4.614459357249364,High,4.614459357249364,train
10.60791015625,13.92822265625,4156.37541864999,2498.93188476563,100.0,1.10070192813873,High,1.10070192813873,test
1.5105419173398356,32.35601353120018,8037.327781610981,2749.185042866734,99.97223248927232,2.1323452521775565,High,2.1323452521775565,test
1.373291015625,12.8173828125,64.7915108129382,3826.56097412109,100.0,1.95588159561157,Medium,1.95588159561157,val
1.11083984375,1.776123046875,9.71872662194073,2750.70190429688,100.0,1.27416133880615,Medium,1.27416133880615,test
1.2939453125,12.908935546875,3.23957554064691,606.536865234375,100.0,0.177036955952644,Low,0.177036955952644,train
1.7651076336055629,21.95012228382069,8154.060957127806,2756.475059193023,100.0449526101905,3.1410781353911053,High,3.1410781353911053,train
1.3713814389021055,9.434363395115811,42.22587979211403,2903.689455019676,104.93963486288172,0.699443745715065,High,0.699443745715065,train
1.019287109375,9.27734375,42.1144820284098,2670.24993896484,100.0,0.809390246868134,Medium,0.809390246868134,train
1.995849609375,9.55810546875,3.23957554064691,606.422424316406,100.0,0.23004986345768,Low,0.23004986345768,train
1.678466796875,14.53857421875,6.47915108129382,606.021881103516,100.0,0.286307811737061,Low,0.286307811737061,val
1.373291015625,1.3916015625,6.47915108129382,2755.27954101563,100.0,0.359104603528976,Medium,0.359104603528976,val
5.072021484375,5.291748046875,220.29113676399,636.119842529297,104.999995231628,0.133967757225037,Medium,0.133967757225037,train
0.87890625,2.47802734375,-9.71872662194073,4012.12692260742,104.999995231628,2.37873339653015,Medium,2.37873339653015,train
1.202392578125,11.90185546875,22.6770287845284,2892.03643798828,104.999995231628,0.366961568593979,Medium,0.366961568593979,val
1.6143290021190408,12.360431391925582,1159.787587611965,999.8975620690514,99.98295040661856,1.381346111002424,High,1.381346111002424,train
0.86669921875,14.093017578125,6.47915108129382,605.964660644531,100.0,0.0254506319761276,Low,0.0254506319761276,train
2.554811517277253,10.8233289535742,-725.6538123300207,3800.154194232513,100.04483450227777,0.750120820710807,High,0.750120820710807,train
1.007895119420551,5.281355483760196,-16.205537529623676,3799.5127232324967,100.03886009033307,2.7039635015988384,High,2.7039635015988384,test
1.35498046875,15.087890625,6799.86905981787,5000.32424926758,100.0,2.96550321578979,High,2.96550321578979,train
1.2731298491965175,6.139467880682299,-780.7037751294441,2750.376416818337,100.02733056968006,0.8458094325635207,High,0.8458094325635207,train
1.25732421875,0.76904296875,-12.9583021625876,2889.57595825195,104.999995231628,4.63736152648926,Medium,4.63736152648926,train
0.03662109375,9.918212890625,-233.249438926578,2903.36608886719,104.999995231628,0.285636156797409,Medium,0.285636156797409,test
2.032470703125,7.470703125,-278.603496495634,2758.08334350586,100.0,3.67674493789673,Medium,3.67674493789673,train
1.2595998642546835,0.202458646851655,35.55579093562432,2767.3486123101925,100.04603624752124,1.039823462548753,High,1.039823462548753,train
0.9033203125,11.090087890625,3.23957554064691,606.021881103516,100.0,0.164931878447533,Low,0.164931878447533,train
0.9005153086617936,12.300744692858746,3404.7566384473266,2561.049052133013,100.0026419740648,13.526746481440606,High,13.526746481440606,train
0.7568359375,10.38818359375,220.29113676399,3809.39483642578,100.0,2.39676570892334,Medium,2.39676570892334,train
-0.0055368433862786,8.710518238114426,22.62808498121944,1049.8922032527246,104.97447369613349,0.714047188063998,High,0.714047188063998,train
2.154541015625,10.5712890625,3.23957554064691,605.850219726563,100.0,0.0385089665651321,Low,0.0385089665651321,val
1.580810546875,20.880126953125,434.103122446686,605.678558349609,100.0,0.35515758395195,Low,0.35515758395195,train
3.118896484375,19.586181640625,6611.97367846034,1990.29922485352,100.0,1.32083368301392,High,1.32083368301392,test
9.999490832298235,14.061590612381016,1240.7343186292253,605.9401316332252,100.01786714766344,0.0383391460991399,High,0.0383391460991399,train
2.18505859375,9.490966796875,3.23957554064691,605.850219726563,100.0,0.387816190719604,Low,0.387816190719604,train
1.20849609375,9.06982421875,45.3540575690567,2756.59561157227,100.0,3.01671767234802,Medium,3.01671767234802,val
3.326416015625,7.3486328125,-3.23957554064691,4245.64361572266,100.0,2.20827531814575,Medium,2.20827531814575,val
7.720947265625,9.954833984375,1399.49663355947,606.307983398438,100.0,0.0477673560380936,High,0.0477673560380936,test
1.5389050370206554,22.078907981566942,5636.885998129596,2761.00608479921,99.9776682281277,0.9460380630825111,High,0.9460380630825111,test
0.64697265625,12.835693359375,3.23957554064691,606.0791015625,100.0,0.0252033229917288,Low,0.0252033229917288,train
1.385498046875,10.6201171875,220.29113676399,2763.11874389648,100.0,2.07879018783569,Medium,2.07879018783569,train
1.025390625,6.6162109375,106.905992841348,1990.07034301758,100.0,0.791624784469604,Medium,0.791624784469604,train
10.149647932516698,14.292047253447956,1652.140297600876,1050.0382952008906,104.84720678503766,0.7085604081321334,High,0.7085604081321334,train
1.7812536329449256,13.305856758845126,2772.98158195398,3817.748582027778,99.97107387563864,2.4204997238357464,High,2.4204997238357464,train
1.26953125,12.46337890625,3.23957554064691,605.735778808594,100.0,0.32878851890564,Low,0.32878851890564,train
1.611328125,11.224365234375,9.71872662194073,169.887542724609,100.0,0.0345026329159737,Low,0.0345026329159737,val
0.72021484375,10.357666015625,51.8332086503506,3803.04336547852,100.0,3.05011129379272,High,3.05011129379272,test
9.09210737038836,5.117990566167431,168.48776837676405,3800.214642299256,100.00028017025426,0.2467506857957122,High,0.2467506857957122,train
2.0995399443695586,6.4766247627844855,-9.685347625540029,3001.325440938929,99.98497357210672,3.9821187719683455,High,3.9821187719683455,train
1.18408203125,9.7412109375,55.0727841909975,3066.44439697266,100.0,1.53068125247955,Medium,1.53068125247955,train
1.641845703125,7.77587890625,110.145568381995,3991.01257324219,104.999995231628,0.724495232105255,High,0.724495232105255,train
1.495361328125,11.03515625,48.5936331097037,2903.07998657227,104.999995231628,2.25040745735168,Medium,2.25040745735168,train
1.434326171875,10.748291015625,9.71872662194073,2748.29864501953,100.0,2.66514492034912,Medium,2.66514492034912,val
1.5869140625,6.573486328125,35.635330947116,2749.44305419922,100.0,0.942429184913635,Medium,0.942429184913635,test
2.1088351166849137,17.839163939519644,5057.064758455113,2758.2320132363216,99.97896034516656,0.2097538492635497,High,0.2097538492635497,train
1.470947265625,8.966064453125,45.3540575690567,2894.1535949707,104.999995231628,2.88292789459229,Medium,2.88292789459229,test
0.506591796875,9.844970703125,48.5936331097037,3810.25314331055,100.0,3.83770704269409,Medium,3.83770704269409,val
2.081298828125,22.94921875,6806.34821089916,3001.49917602539,100.0,4.07836389541626,Medium,4.07836389541626,train
1.59912109375,6.87255859375,25.9166043251753,2754.42123413086,100.0,2.96019721031189,Medium,2.96019721031189,train
0.8700337209415783,13.180060512904983,5293.433092199178,3001.0905945294694,100.09549253392142,0.5003143199809639,High,0.5003143199809639,train
3.212034058469516,10.320419316576269,174.88197883911013,605.9358006419244,100.00307502824492,0.0519403065201896,High,0.0519403065201896,val
1.8416206176597465,2.610311350787037,-534.545015594875,3799.567148111296,100.0312793097158,6.987376838547647,High,6.987376838547647,train
6.325132344636204,4.302888164459816,-353.10751827322616,3977.9427498826617,100.0087426082512,1.9607175315358167,High,1.9607175315358167,train
1.141357421875,0.665283203125,-6.47915108129382,2751.27410888672,100.0,3.86633944511414,Medium,3.86633944511414,test
0.9539157038004248,14.469964408702364,929.7636755853904,2500.1862952068536,99.98747865569683,0.5045077536758991,High,0.5045077536758991,train
1.6845703125,15.557861328125,126.34344608523,2999.43923950195,100.0,3.17225742340088,Medium,3.17225742340088,train
1.261039947161424,1.7853050664024934,6.525367061217146,2757.3678779443617,100.01725120349298,1.6902387078875534,High,1.6902387078875534,train
0.9033203125,9.918212890625,48.5936331097037,2755.05065917969,100.0,1.55670523643494,Medium,1.55670523643494,train
2.331383396072172,14.35629466683776,3307.601721386976,2891.983701432909,104.96559480645112,2.7866761329993404,High,2.7866761329993404,val
1.092529296875,11.480712890625,25.9166043251753,3825.98876953125,100.0,3.49215126037598,Medium,3.49215126037598,train
1.07421875,8.53271484375,563.686144072562,2750.12969970703,100.0,0.348897814750671,High,0.348897814750671,test
0.274658203125,13.70849609375,3.23957554064691,605.564117431641,100.0,0.0775382146239281,Low,0.0775382146239281,val
2.2737620575255413,5.915181063772006,-9.70337199152523,2834.432949848318,105.03840212546278,0.68975994458874,High,0.68975994458874,train
4.43115234375,10.040283203125,281.843072036281,605.850219726563,100.0,0.107875905930996,Medium,0.107875905930996,val
0.579833984375,13.604736328125,2659.69151887111,3826.73263549805,100.0,0.219032406806946,Medium,0.219032406806946,train
1.0037601173172097,14.401581181494212,929.7304683505076,2500.242073056123,100.0971968268981,0.6498690594706857,High,0.6498690594706857,test
1.3940972173807524,1.0754907623546062,3.232344229417843,2903.3557528857696,105.00831645427378,1.7524572613311304,High,1.7524572613311304,train
2.5146484375,8.9599609375,-84.2289640568197,2767.69638061523,100.0,3.15270733833313,High,3.15270733833313,test
0.86669921875,8.966064453125,45.3540575690567,2754.6501159668,100.0,0.658403098583221,Medium,0.658403098583221,val
1.983642578125,10.870361328125,3.23957554064691,605.735778808594,100.0,0.0593250580132008,Low,0.0593250580132008,train
0.4327636223250062,16.395281572382483,3427.4574632181143,2835.8705065521044,105.0307906621682,0.397249851255431,High,0.397249851255431,train
2.091262540259215,8.529879909649996,1788.2652039977304,2766.415747710628,100.03649136666938,0.5979225837474339,High,0.5979225837474339,val
1.141357421875,8.123779296875,268.884769873694,2768.09692382813,100.0,3.72652220726013,Medium,3.72652220726013,val
1.25732421875,10.430908203125,3.23957554064691,605.964660644531,100.0,0.044494703412056,Low,0.044494703412056,val
3.3407924383079206,15.968242219302107,6142.240051283508,1989.5252702125065,99.910874025102,1.5437441611405291,High,1.5437441611405291,test
2.25830078125,10.94970703125,-780.737705295905,420.169830322266,100.0,0.216447696089745,High,0.216447696089745,train
1.820633425536804,21.975122734476027,8153.98387797999,2756.566109908434,100.05710814318329,3.046763033480291,High,3.046763033480291,train
1.690673828125,5.56640625,2543.06679940782,2768.44024658203,100.0,0.938649415969849,Medium,0.938649415969849,train
1.3159008403170247,1.8013576365693549,6.5161121385083245,2757.267640312524,99.95745106607944,1.6899129072481924,High,1.6899129072481924,train
0.8709615720653889,13.293531869868556,3200.69388031306,2755.8828041984234,99.96403518217409,0.9104147620946196,High,0.9104147620946196,train
1.11083984375,14.6484375,6.47915108129382,606.021881103516,100.0,0.188586175441742,Low,0.188586175441742,test
2.1728515625,5.914306640625,-9.71872662194073,2834.47265625,104.999995231628,0.764244496822357,High,0.764244496822357,val
3.582763671875,2.557373046875,-22.6770287845284,2756.30950927734,100.0,3.58965706825256,High,3.58965706825256,test
9.107845744842438,11.081879609832985,1299.160963325285,2499.025419977402,100.02426994595666,1.5035412831271189,High,1.5035412831271189,train
0.6330304849789099,7.28608978873208,-3.2470533614722994,3810.6009838949017,99.97254167474986,2.0883348833731903,High,2.0883348833731903,val
1.3427734375,13.61083984375,6.47915108129382,606.307983398438,100.0,0.11547027528286,Low,0.11547027528286,train
1.01318359375,13.165283203125,3.23957554064691,606.250762939453,100.0,0.121193990111351,Low,0.121193990111351,train
1.5625,6.365966796875,12.9583021625876,2617.3210144043,94.9999988079071,1.34212291240692,Medium,1.34212291240692,train
0.20751953125,6.268310546875,-45.3540575690567,156.326293945313,100.0,6.08717679977417,High,6.08717679977417,train
2.440929265495328,9.637027971296002,-576.6832073653703,2770.005394924644,100.006525939349,1.276575624847089,High,1.276575624847089,test
1.8259302991578776,3.01837562903634,123.12090174083264,1989.89522231848,99.98230305848654,1.65840972717374,High,1.65840972717374,train
1.776123046875,7.183837890625,16.1978777032346,2611.42730712891,94.9999988079071,1.39515602588654,Medium,1.39515602588654,test
8.523736541740558,8.013997050252218,1373.5590852920147,2500.781677002834,100.00433898993964,7.753452760165427,High,7.753452760165427,train
1.06201171875,1.776123046875,6.47915108129382,2756.99615478516,100.0,1.41175520420074,Medium,1.41175520420074,test
1.6118732232858075,20.2406332549607,5099.089390268808,2759.74238089792,100.05222475066805,1.5583027273597034,High,1.5583027273597034,test
9.046148176825003,5.077373435626905,168.31104709344837,3800.164187695428,99.99548345729175,0.3100888270836949,High,0.3100888270836949,val
1.91650390625,13.3544921875,3.23957554064691,999.984741210938,100.0,0.942006826400757,Medium,0.942006826400757,train
1.141357421875,13.525390625,6.47915108129382,606.365203857422,100.0,0.102023907005787,Low,0.102023907005787,train
1.318359375,7.77587890625,38.8749064877629,2758.19778442383,100.0,0.875646948814392,Medium,0.875646948814392,train
1.580810546875,13.946533203125,6.47915108129382,605.964660644531,100.0,0.0754312053322792,Low,0.0754312053322792,test
1.4894223934458584,10.0681075082547,25.939618473232883,2499.2623249270896,100.0116014572036,2.016780042035052,High,2.016780042035052,val
1.03759765625,14.508056640625,6.47915108129382,605.907440185547,100.0,0.111892685294151,Low,0.111892685294151,val
1.5331809986054397,12.370182036053151,1159.8564513130038,1000.0095737297988,99.9844946492872,1.496514002806732,High,1.496514002806732,train
2.13623046875,2.325439453125,822.852187324315,2561.13052368164,100.0,13.5159826278687,High,13.5159826278687,train
1.0616902863594182,5.356833112830826,-16.21806808200498,3799.5030260019776,99.89394294674578,2.775592597922832,High,2.775592597922832,val
1.971435546875,4.718017578125,-80.9893885161728,1050.16708374023,104.999995231628,0.85622650384903,High,0.85622650384903,train
3.3825602273597064,4.341253520504832,-301.24589610484645,2625.480601104414,105.0420492106534,2.747378593217307,High,2.747378593217307,val
1.8983585179090845,16.092115497282343,165.20634256012795,3001.4789622310045,100.08079381530102,0.9685247948182456,High,0.9685247948182456,train
1.190185546875,9.521484375,3.23957554064691,606.021881103516,100.0,0.0452735126018524,Low,0.0452735126018524,train
1.348876953125,11.700439453125,9.71872662194073,1093.82629394531,100.0,0.148705661296844,Medium,0.148705661296844,train
1.568603515625,11.871337890625,3.23957554064691,605.678558349609,100.0,0.0157189946621656,Low,0.0157189946621656,train
1.495361328125,13.3056640625,3.23957554064691,605.964660644531,100.0,0.188180193305016,Low,0.188180193305016,test
2.5227342154265844,4.353272701881853,-259.1293826200264,3799.196901848667,99.97639376705725,2.223021695489607,High,2.223021695489607,val
1.5625,11.175537109375,3.23957554064691,606.250762939453,100.0,0.134842097759247,Low,0.134842097759247,train
7.03125,4.6630859375,32.3957554064691,3978.53851318359,100.0,1.13907206058502,High,1.13907206058502,train
1.7333984375,12.469482421875,126.34344608523,4999.80926513672,100.0,1.53192818164825,Medium,1.53192818164825,val
1.7477421295388007,22.00657355023873,8154.0399060445725,2756.560070740812,99.9278689690837,3.1377311622787367,High,3.1377311622787367,train
9.4179240492567,11.481120574852298,1486.910064529088,2500.081961763643,100.0423087482794,1.4268120359075764,High,1.4268120359075764,test
0.3662109375,5.029296875,-252.686892170459,1989.95590209961,100.0,0.270655751228333,High,0.270655751228333,train
1.446533203125,11.03515625,3.23957554064691,605.735778808594,100.0,0.0071976091712713,Low,0.0071976091712713,val
1.519775390625,12.054443359375,93.9476906787604,169.944763183594,100.0,0.0674832612276077,Low,0.0674832612276077,train
0.1302115111348547,6.261547754567153,-45.42566957703489,156.30479805079656,99.97770789214496,6.018529066751152,High,6.018529066751152,train
1.214599609375,5.511474609375,-6.47915108129382,2993.31665039063,100.0,16.9992332458496,High,16.9992332458496,val
1.324462890625,10.19287109375,3.23957554064691,605.907440185547,100.0,0.352571040391922,Low,0.352571040391922,train
2.175748431060292,17.747142473986482,5056.961210421173,2758.1993601470585,100.02888343824604,0.1614220984220579,High,0.1614220984220579,val
2.264404296875,14.324951171875,3307.6066270005,2891.9792175293,104.999995231628,2.78431963920593,High,2.78431963920593,train
2.4513013982380665,11.07369651552716,22.63380461829309,1669.5958645035469,104.9819812395703,1.3227393614341991,High,1.3227393614341991,test
1.171875,10.791015625,3.23957554064691,606.021881103516,100.0,0.184252485632896,Low,0.184252485632896,train
1.837158203125,10.711669921875,3207.17978524044,3000.64086914063,100.0,8.06736373901367,Medium,8.06736373901367,val
0.84228515625,11.370849609375,236.489014467224,3810.08148193359,100.0,1.86223649978638,Medium,1.86223649978638,val
1.79443359375,14.17236328125,3.23957554064691,606.193542480469,100.0,0.284041792154312,Low,0.284041792154312,test
0.775146484375,13.22021484375,3.23957554064691,606.193542480469,100.0,0.331196486949921,Low,0.331196486949921,train
0.4353111704835782,7.093799900028301,-450.3165784965126,2755.733962183925,100.0191898411228,2.24211769984492,High,2.24211769984492,train
1.3966573898290298,3.6287010827971145,-864.9223262980462,2618.5606499404817,95.0021687065653,1.3393256692301416,High,1.3393256692301416,train
1.5053817590975334,11.066061685656148,51.84747042338872,2902.035103070623,105.0298268650456,2.342003321074443,High,2.342003321074443,train
1.85546875,7.159423828125,97.1872662194073,2616.80603027344,94.9999988079071,2.03191375732422,Medium,2.03191375732422,val
9.348457637205687,11.474255363973672,1486.8915155910586,2499.944893651877,99.92956643542954,1.5383224817040402,High,1.5383224817040402,train
2.008056640625,8.38623046875,139.301748247817,3978.53851318359,100.0,4.0261173248291,Medium,4.0261173248291,val
9.844970703125,9.771728515625,301.280525280163,606.0791015625,100.0,0.0049242479726672,Medium,0.0049242479726672,train
0.775146484375,0.74462890625,-3.23957554064691,2671.79489135742,100.0,0.0380456559360027,Low,0.0380456559360027,train
1.46484375,13.63525390625,9.71872662194073,723.552703857422,100.0,0.0909781903028488,Low,0.0909781903028488,test
9.98083688801976,14.152728288528484,1240.7865996019668,605.9262693330237,99.95554699913158,0.0885518038361415,High,0.0885518038361415,test
0.372314453125,5.206298828125,323.957554064691,999.813079833984,100.0,0.977155089378357,Medium,0.977155089378357,train
1.495361328125,9.246826171875,55.0727841909975,2893.8102722168,104.999995231628,2.33104348182678,Medium,2.33104348182678,train
1.593017578125,14.727783203125,152.260050410405,3000.52642822266,100.0,2.25808501243591,Medium,2.25808501243591,val
0.54931640625,15.49072265625,6637.89028278552,3825.70266723633,100.0,0.461465805768967,High,0.461465805768967,train
1.7578125,15.5029296875,158.739201491699,4999.40872192383,100.0,1.64954841136932,Medium,1.64954841136932,val
1.129150390625,5.1513671875,-22.6770287845284,3826.84707641602,100.0,2.39097046852112,Medium,2.39097046852112,train
2.056884765625,10.406494140625,3.23957554064691,605.678558349609,100.0,0.0732918456196785,Low,0.0732918456196785,test
1.385498046875,11.688232421875,3.23957554064691,606.250762939453,100.0,0.156140804290771,Low,0.156140804290771,val
1.688223825021241,17.047424325433678,3612.124706257575,4244.830936283187,99.98322192095374,2.331190724059036,High,2.331190724059036,val
0.6853914434422778,5.73799873553668,51.84532703711144,4245.713233324302,100.01617689232674,1.53451639696957,High,1.53451639696957,train
1.0986328125,11.053466796875,962.153935572132,4244.95697021484,100.0,2.88414597511292,Medium,2.88414597511292,test
0.885009765625,0.9765625,3.23957554064691,2756.30950927734,100.0,0.794174790382385,Medium,0.794174790382385,train
1.995849609375,12.872314453125,-1814.16230276227,2769.6418762207,100.0,2.35880637168884,High,2.35880637168884,test
2.264404296875,10.369873046875,3.23957554064691,606.307983398438,100.0,0.310398191213608,Low,0.310398191213608,test
13.4521484375,3.21044921875,-541.009115288034,2616.92047119141,94.9999988079071,1.16713440418243,High,1.16713440418243,val
0.68359375,13.5009765625,6.47915108129382,605.678558349609,100.0,0.302317053079605,Low,0.302317053079605,val
1.03759765625,1.33056640625,-6.47915108129382,2763.34762573242,100.0,5.54948806762695,Medium,5.54948806762695,train
1.92612349907204,9.880412484427616,161.9321856251861,2768.0389269557027,99.97388170821178,1.175243838370568,High,1.175243838370568,train
1.531982421875,10.4736328125,3.23957554064691,606.021881103516,100.0,0.163072809576988,Medium,0.163072809576988,val
1.0772773895530023,10.415252170871408,35.656128413374695,2763.276822509893,100.08830409935716,0.9803817946760484,High,0.9803817946760484,train
1.5175210492382163,0.7869366374416852,-29.136136130591066,2766.8713765823886,100.07023382043356,5.340507587069735,High,5.340507587069735,train
1.513671875,13.9892578125,152.260050410405,1049.9382019043,104.999995231628,0.456173092126846,Medium,0.456173092126846,val
1.263427734375,12.542724609375,145.780899329111,2624.87411499023,104.999995231628,1.71224093437195,Medium,1.71224093437195,train
9.330046535256562,11.493157889974285,1487.0058609604098,2499.844609385596,100.0545970587584,1.4936345101569497,High,1.4936345101569497,test
0.872802734375,12.02392578125,3.23957554064691,606.0791015625,100.0,0.181358084082603,Low,0.181358084082603,train
1.4875428014431953,4.113177416839656,-32.42063896312499,3799.0524353606406,100.08206747029368,0.9392164248882626,High,0.9392164248882626,test
1.690673828125,11.541748046875,252.686892170459,2765.12145996094,100.0,2.57184386253357,Medium,2.57184386253357,train
1.18408203125,8.612060546875,42.1144820284098,2756.76727294922,100.0,0.998578429222107,Medium,0.998578429222107,test
11.8098912305618,15.404291453762127,5160.7112576398295,2699.0124997183166,100.07286891409912,0.16029779108719,High,0.16029779108719,train
1.531982421875,14.84375,6.47915108129382,606.136322021484,100.0,0.208587437868118,Low,0.208587437868118,train
0.8200436014694128,6.33926931243663,333.5977231841636,2999.5317766075564,100.06828885690256,0.2392880028517282,High,0.2392880028517282,train
1.612088799642499,17.127535063735323,3612.1497940430186,4244.690355303392,100.02631693631736,2.447247219769749,High,2.447247219769749,val
1.4939432336568126,10.539622028560965,5863.561649536188,3821.809348906298,100.00370320972924,3.1604786350761542,High,3.1604786350761542,train
1.300048828125,1.84326171875,-139.301748247817,1000.55694580078,100.0,0.959891259670258,Medium,0.959891259670258,train
1.434326171875,14.361572265625,149.020474869758,1000.04196166992,100.0,0.684008181095123,Medium,0.684008181095123,val
1.3416051544308365,10.499400590724536,1311.9989144168685,3800.753025961199,100.04178454292116,0.578875154445518,High,0.578875154445518,val
1.26953125,10.028076171875,3.23957554064691,606.136322021484,100.0,0.0615022592246532,Low,0.0615022592246532,train
1.0815870318111425,4.723043043384113,-3.18272478965972,2700.480692972256,100.02982341208563,1.895120821125024,High,1.895120821125024,train
1.6287324814046265,0.5959127250442307,84.2874780415487,1990.273382070932,99.96258514053152,2.0993991805413934,High,2.0993991805413934,test
2.208708836156633,4.505203263165788,-174.82272070994162,2760.3796756679462,100.06332986079909,0.6985334815791365,High,0.6985334815791365,train
13.457671030005342,3.202905993403319,-540.9633592641129,2616.864118312897,94.9221447555994,1.15725570279956,High,1.15725570279956,train
1.57470703125,5.169677734375,304.52010082081,2999.61090087891,100.0,2.76438212394714,Medium,2.76438212394714,test
1.4407326974905184,0.8201595190356796,-29.206905123945987,2766.813780705704,99.89978054746584,5.321007142602553,High,5.321007142602553,train
1.336669921875,10.443115234375,3.23957554064691,3826.904296875,100.0,1.210373878479,Medium,1.210373878479,train
1.6411143551393992,7.355509529618788,71.29744896125119,2758.619897768658,99.9624426114172,3.6250245029621824,High,3.6250245029621824,train
1.4365204979406987,21.814137525472866,1697.5317945494285,2499.382039275284,100.05393933888736,2.917803147683353,High,2.917803147683353,train
1.0804562355347005,12.964841909638787,3255.787117915619,3826.1276575573615,99.99224852400246,2.249299003398855,High,2.249299003398855,train
1.898193359375,2.606201171875,-534.52996420674,3799.55291748047,100.0,6.95654630661011,High,6.95654630661011,test
1.28173828125,11.322021484375,6.47915108129382,778.369903564453,100.0,0.242967680096626,Low,0.242967680096626,train
1.129150390625,12.298583984375,3.23957554064691,606.250762939453,100.0,0.154139950871468,Low,0.154139950871468,train
1.214599609375,14.190673828125,6.47915108129382,605.792999267578,100.0,0.171703338623047,Low,0.171703338623047,test
2.4885316795355688,4.080455240217205,-94.0025990448443,2617.962509737201,94.99435757026872,0.46988495154184,High,0.46988495154184,val
1.4225101212489102,14.757427597320955,6210.287490573983,3990.399715742551,105.0273723130792,1.082270721174991,High,1.082270721174991,train
3.765869140625,12.1337890625,16.1978777032346,606.136322021484,100.0,0.0824438780546188,Medium,0.0824438780546188,train
2.2327871346427486,4.988558678103309,-1373.5584065849266,3990.99019875194,105.10608023009164,2.512374878986924,High,2.512374878986924,train
1.30615234375,1.40380859375,25.9166043251753,2756.13784790039,100.0,4.10733509063721,High,4.10733509063721,train
1.715087890625,1.0986328125,-790.456431917846,4244.72808837891,100.0,1.85930299758911,High,1.85930299758911,test
2.25241976540656,4.302648385106616,97.17938802272413,2750.541289687236,100.01523011706796,2.3651801997331208,High,2.3651801997331208,train
41.20329220219023,0.8051805374761677,-9.767528975345307,3977.864185357108,99.94316233839122,3.023331019622308,High,3.023331019622308,train
18.1158114947431,1.313467147447233,-32.37477022175796,4244.689668933011,100.03271673174288,1.7668108727404754,High,1.7668108727404754,train
0.103759765625,5.755615234375,-673.831712454557,493.125915527344,100.0,0.0662456974387169,Low,0.0662456974387169,train
9.147730520916168,10.940153763313974,1299.0305056128032,2499.0959636577923,99.89978230278378,1.4729294477873067,High,1.4729294477873067,test
1.468540467221738,2.426669621552303,-61.54269597899227,3666.417427886644,99.86523695064196,0.1242607202247788,High,0.1242607202247788,test
1.324462890625,7.342529296875,93.9476906787604,605.735778808594,100.0,0.0801941305398941,Low,0.0801941305398941,val
1.519775390625,6.512451171875,29.1561798658222,2754.42123413086,100.0,1.1144380569458,Medium,1.1144380569458,test
2.8540673147461986,2.092651802158828,-223.55526986046323,2806.006816535799,99.94068057597114,17.176746500983466,High,17.176746500983466,train
2.2094416961994474,4.025066082281009,945.93301940859,4244.645607820034,100.03958337822507,1.9475055435691624,High,1.9475055435691624,test
1.5869140625,1.15966796875,116.624719463289,2615.77606201172,94.9999988079071,0.515239477157593,Medium,0.515239477157593,train
2.932090114436092,6.6474007807708135,-29.195754429590693,169.89140266517367,99.99943200769556,0.0045309274856586,High,0.0045309274856586,train
1.0986328125,10.83984375,6.47915108129382,775.794982910156,100.0,0.0117521975189447,Low,0.0117521975189447,val
2.105712890625,11.480712890625,3.23957554064691,605.964660644531,100.0,0.252885818481445,Low,0.252885818481445,test
1.5794845863113678,10.932483596901156,178.17876672348532,2749.8441813903573,99.94014263553848,2.2064251630751186,High,2.2064251630751186,test
0.567626953125,7.26318359375,48.5936331097037,3817.69180297852,100.0,3.80606269836426,Medium,3.80606269836426,train
0.982666015625,0.98876953125,3.23957554064691,2761.05880737305,100.0,0.267648428678513,Medium,0.267648428678513,val
1.618161455965745,7.326964013681117,71.23270411961549,2758.7529351283447,99.88102103405792,3.66993010246828,High,3.66993010246828,test
2.0988432955128538,3.4291435876149823,-45.31596487015329,3989.5197847475897,105.04736275428468,0.5942816067685409,High,0.5942816067685409,train
1.739501953125,2.99072265625,123.103870544583,1989.84146118164,100.0,1.60231983661652,High,1.60231983661652,train
0.79345703125,11.19384765625,3.23957554064691,605.850219726563,100.0,0.0367730371654034,Low,0.0367730371654034,train
1.5951640744818645,20.355970624881724,5099.012517614926,2759.673958611168,99.96757253882788,1.7416998010147235,High,1.7416998010147235,train
1.2451171875,10.94970703125,3.23957554064691,605.964660644531,100.0,0.219721913337708,Low,0.219721913337708,train
1.74560546875,9.747314453125,3.23957554064691,776.081085205078,100.0,0.287892758846283,Medium,0.287892758846283,train
1.141357421875,12.579345703125,3.23957554064691,606.136322021484,100.0,0.0701383054256439,Low,0.0701383054256439,train
0.7146337239758433,16.708815783434463,2753.668362291428,2612.1827121166343,94.91363115818992,3.414940668170966,High,3.414940668170966,train
16.45875856463545,0.8585545807935111,955.6517726477392,2617.6829072955325,94.9801012820811,1.026110952299419,High,1.026110952299419,test
2.40478515625,7.196044921875,-307.759676361457,3990.09704589844,104.999995231628,1.85475051403046,High,1.85475051403046,val
1.3765434256448417,11.57817825185406,3935.992929872287,3989.7587437956063,104.95635431754008,0.8987456878740318,High,0.8987456878740318,train
1.8077496047554755,2.2468708635460777,340.21401600497217,3801.5129390566585,100.01880182213094,1.8171521439937817,High,1.8171521439937817,train
1.3620902091605254,13.555645934983234,5332.348487419808,2993.2975943923807,100.00732664372308,7.926439151246869,High,7.926439151246869,train
1.3114951374116246,10.547087526008324,1311.9061363159676,3800.801147055357,99.99676428756324,0.5582884146858484,High,0.5582884146858484,train
1.1231026059164304,5.372691425750584,-16.23800423358245,3799.471919068858,100.00623450424771,2.7560697394016413,High,2.7560697394016413,train
13.475970921777307,3.157891649060856,-541.069139329764,2616.958144157831,95.02029686088912,1.1637878269205737,High,1.1637878269205737,train
1.275634765625,9.979248046875,51.8332086503506,3063.64059448242,100.0,0.393183946609497,Low,0.393183946609497,val
0.6591796875,14.788818359375,2076.56792155467,4244.72808837891,100.0,2.03772234916687,High,2.03772234916687,test
1.220703125,0.8544921875,-16.1978777032346,2889.51873779297,104.999995231628,1.11611342430115,Medium,1.11611342430115,train
2.238632679222656,1.2468696590032016,-9.66204335001509,2902.26192377132,105.01689231654215,2.453039644800741,High,2.453039644800741,train
1.104736328125,12.176513671875,3.23957554064691,605.678558349609,100.0,0.131512865424156,Low,0.131512865424156,val
0.0244140625,8.72802734375,22.6770287845284,1049.88098144531,104.999995231628,0.693216383457184,High,0.693216383457184,train
1.3627156897224455,6.822040224109917,278.64985867782053,3978.018845119617,99.93219933691265,2.154234239072667,High,2.154234239072667,train
0.9459985475839456,13.21255561868551,5293.536538993649,3001.004615637104,99.99237383952112,0.4483239928510082,High,0.4483239928510082,test
3.173008812117702,15.84853601894338,6103.373385395269,3699.056176121616,99.93646914419304,10.305834902215723,High,10.305834902215723,train
7.196205309052896,4.789525686705793,-3.2219132075824346,3713.65249502154,100.03642702142868,2.2911610066315684,High,2.2911610066315684,train
1.13525390625,13.2080078125,829.331338405609,3699.01657104492,100.0,19.1179580688477,High,19.1179580688477,train
1.40380859375,7.159423828125,126.34344608523,3990.15426635742,104.999995231628,8.71801948547363,High,8.71801948547363,test
2.534035910221345,8.985756741037626,-84.31597255746456,2767.737672582283,100.10296646495958,3.162475512377428,High,3.162475512377428,train
1.531982421875,0.152587890625,3.23957554064691,2755.39398193359,100.0,3.76011276245117,Medium,3.76011276245117,train
2.175082684728454,4.424739727732939,-174.90856807143672,2760.336467624289,99.99012049962828,0.6799198345796125,High,0.6799198345796125,train
1.0986328125,14.013671875,6.47915108129382,605.792999267578,100.0,0.26131409406662,Low,0.26131409406662,test
1.28173828125,0.634765625,19.4374532438815,2749.5002746582,100.0,0.510857164859772,Medium,0.510857164859772,train
1.740335834294931,8.298245184399295,1376.7596137513567,2769.4728926538937,100.03396603827449,1.7937561580186276,High,1.7937561580186276,test
4.300566326867366,13.88879534595265,5601.186889288184,1000.0647119609712,99.95808424139628,0.419345449354802,High,0.419345449354802,test
1.385498046875,1.055908203125,3.23957554064691,2903.36608886719,104.999995231628,1.74532389640808,High,1.74532389640808,train
1.33056640625,0.1708984375,132.822597166523,4749.755859375,94.9999988079071,2.51137900352478,Medium,2.51137900352478,train
1.507568359375,1.531982421875,3.23957554064691,2762.03155517578,100.0,0.314387202262878,Medium,0.314387202262878,train
1.4892578125,10.546875,5863.63172857091,3821.75445556641,100.0,3.16612863540649,High,3.16612863540649,val
6.370717320118977,4.267690114101019,-353.143880584168,3977.9758069755903,99.99131446216664,2.015732174223846,High,2.015732174223846,train
0.9521484375,13.818359375,6.47915108129382,605.907440185547,100.0,0.179599359631538,Low,0.179599359631538,test
1.251220703125,11.3037109375,155.499625951052,2761.45935058594,100.0,2.00862240791321,Medium,2.00862240791321,train
1.15966796875,9.65576171875,58.3123597316444,2754.59289550781,100.0,3.95459914207459,Medium,3.95459914207459,val
1.068115234375,19.5556640625,712.70661894232,3825.75988769531,100.0,1.22641348838806,Medium,1.22641348838806,test
1.4274921135991527,7.083144999414902,126.26186264695788,3990.1764899856353,104.95502167189572,8.73581067177629,High,8.73581067177629,train
1.4259331342514845,11.077817584037057,268.9116717891506,3977.6950485495686,99.97992809189384,4.167347628404152,High,4.167347628404152,train
1.924436828336879,7.30741895930641,291.57164129734053,2754.7011064486,99.94399878708396,2.4051612659198485,High,2.4051612659198485,train
1.654052734375,1.531982421875,3.23957554064691,2903.59497070313,104.999995231628,2.73895645141602,Medium,2.73895645141602,train
1.361083984375,13.861083984375,6.47915108129382,606.193542480469,100.0,0.178308680653572,Low,0.178308680653572,train
1.5869140625,6.011962890625,9.71872662194073,2768.15414428711,100.0,3.68981003761292,High,3.68981003761292,train
1.55029296875,14.2822265625,145.780899329111,999.813079833984,100.0,0.669125616550446,Medium,0.669125616550446,val
2.600436954716528,1.9738888829866,-168.49775879852612,1990.1399725306228,99.93529488747276,1.0683249748470178,High,1.0683249748470178,train
1.52587890625,0.860595703125,-29.1561798658222,2766.83807373047,100.0,5.35276556015015,High,5.35276556015015,test
1.013012777549351,2.0232962719330803,29.206936183105203,2768.228886205821,99.98567008276574,0.0883357263711501,High,0.0883357263711501,val
1.678466796875,15.5517578125,191.134956898168,999.984741210938,100.0,0.922802150249481,Medium,0.922802150249481,train
1.106903046936948,10.421750651323771,35.6936921772489,2763.414032782877,99.96782531709204,1.087555895476745,High,1.087555895476745,train
2.50029522501852,2.089159511089842,-110.18733893468492,2766.457179277976,99.97627730342752,0.8663002092879052,High,0.8663002092879052,train
0.8223422935638464,25.751839126478625,5721.104087440875,3973.7117192787823,99.93668333786242,2.6986485418532715,High,2.6986485418532715,test
1.092529296875,2.313232421875,6.47915108129382,2757.33947753906,100.0,0.296265244483948,Medium,0.296265244483948,val
1.5508711380115936,6.010658344836859,9.736247492651591,2768.2197273808065,99.99646904309222,3.5828849183344342,High,3.5828849183344342,train
1.127211935517603,13.226344714950269,829.3523049559908,3699.0522647821545,100.0107347245654,19.147034685904416,High,19.147034685904416,train
1.416015625,1.812744140625,3.23957554064691,2618.23654174805,94.9999988079071,0.560753047466278,Medium,0.560753047466278,train
1.275634765625,4.608154296875,-16.1978777032346,999.526977539063,100.0,0.788225114345551,Medium,0.788225114345551,train
0.982666015625,15.216064453125,1538.79838180728,606.136322021484,100.0,0.15578481554985,Low,0.15578481554985,train
1.11083984375,12.97607421875,3255.77341835015,3826.04598999023,100.0,2.33352255821228,High,2.33352255821228,test
1.107516150153869,1.2145494345990908,3.3123691627195684,2893.141391556768,104.98443357143468,0.2500745350318469,High,0.2500745350318469,train
10.75439453125,0.567626953125,116.624719463289,605.964660644531,100.0,0.18993778526783,High,0.18993778526783,train
1.0009765625,11.474609375,3.23957554064691,3978.1379699707,100.0,2.59121417999268,Medium,2.59121417999268,train
1.226806640625,8.819580078125,22.6770287845284,2763.8053894043,100.0,0.0795227363705635,Medium,0.0795227363705635,train
0.970458984375,4.559326171875,-61.5519352722913,2474.26986694336,89.9999976158142,1.59651148319244,Medium,1.59651148319244,test
5.157470703125,12.371826171875,366.072036093101,605.964660644531,100.0,0.418507695198059,Low,0.418507695198059,val
1.763916015625,7.177734375,145.780899329111,2750.53024291992,100.0,1.04380130767822,Medium,1.04380130767822,train
1.445376855640265,11.023312039962503,268.9383376336303,3977.543507123334,100.08097345440804,4.069986199156693,High,4.069986199156693,train
0.78125,14.678955078125,6.47915108129382,606.0791015625,100.0,0.317372500896454,Low,0.317372500896454,val
1.4299389252898065,9.497300929683243,9.719420085346252,2756.2743339301323,100.02375522430631,4.726228169371753,High,4.726228169371753,train
1.884995830773836,1.3744422270631351,-793.6778047395936,2700.767453772996,99.97689062883332,1.314453835998285,High,1.314453835998285,train
1.15966796875,14.849853515625,6.47915108129382,605.792999267578,100.0,0.107591569423676,Low,0.107591569423676,train
1.5342473790595157,13.98392912383127,5043.912684828548,2761.323810438458,100.04193008295849,2.462198905323873,High,2.462198905323873,test
0.8011890858256719,15.26615366830404,4587.30045113378,2903.082375016377,104.95757790039102,0.7746396017217859,High,0.7746396017217859,train
1.458740234375,10.662841796875,9.71872662194073,2756.42395019531,100.0,3.58034515380859,Medium,3.58034515380859,train
0.8506755795907274,11.14727221830536,2569.046948776362,2617.8855884478835,95.08823091747472,0.5855256220427578,High,0.5855256220427578,train
1.116943359375,14.14794921875,6.47915108129382,606.307983398438,100.0,0.208760067820549,Low,0.208760067820549,train
1.214599609375,9.75341796875,48.5936331097037,2756.93893432617,100.0,2.65492558479309,Medium,2.65492558479309,val
1.20849609375,16.461181640625,5137.966807466,3989.63928222656,104.999995231628,0.594644546508789,High,0.594644546508789,val
1.77001953125,14.80712890625,3.23957554064691,605.907440185547,100.0,0.0954877361655235,Low,0.0954877361655235,train
4.60205078125,8.7890625,301.280525280163,605.850219726563,100.0,0.167644426226616,Medium,0.167644426226616,train
2.130126953125,10.345458984375,3.23957554064691,606.0791015625,100.0,0.19394551217556,Low,0.19394551217556,train
0.69580078125,11.102294921875,3.23957554064691,605.964660644531,100.0,0.189991027116776,Low,0.189991027116776,train
1.3381874084127334,11.603868849869247,3936.054444039428,3989.7082581881614,104.98011867127984,0.8909787341680072,High,0.8909787341680072,val
0.640869140625,1.3916015625,6.47915108129382,2756.36672973633,100.0,2.02156209945679,Medium,2.02156209945679,train
0.885009765625,13.6474609375,6.47915108129382,606.021881103516,100.0,0.294202744960785,Low,0.294202744960785,train
2.039544857498157,20.42445909462916,3055.05981543646,2617.077922981652,94.9633007731573,0.6842997290292833,High,0.6842997290292833,val
1.1646232733592754,7.236040601162667,375.7962627755508,3001.030942140542,99.97579960867476,1.9763845075106423,High,1.9763845075106423,train
1.202392578125,4.193115234375,-12.9583021625876,999.984741210938,100.0,0.895068883895874,Medium,0.895068883895874,train
1.1962890625,12.73193359375,3.23957554064691,606.250762939453,100.0,0.0444480590522289,Low,0.0444480590522289,train
1.345843895156316,10.484246578653591,1311.9707778027807,3800.885888651996,100.11341271400138,0.5971688313721703,High,0.5971688313721703,val
2.94189453125,7.8857421875,-456.780151231214,2492.86651611328,89.9999976158142,0.0730136707425117,High,0.0730136707425117,val
1.227975720492532,13.53426635952947,5332.338263888879,2993.303147878405,100.09251798231205,7.867410802400587,High,7.867410802400587,val
9.161376953125,10.986328125,1299.06979179941,2499.16076660156,100.0,1.53484892845154,High,1.53484892845154,val
1.8387464232309745,8.807214489595736,550.7180537272084,3000.8444252676936,100.04377038065093,5.859073723563684,High,5.859073723563684,test
1.62353515625,1.947021484375,6.47915108129382,2757.96890258789,100.0,0.747503995895386,Medium,0.747503995895386,train
3.0105416129168368,6.621438773276524,-29.1166626762744,169.72228068888683,100.07609105520706,0.0227359407529275,High,0.0227359407529275,train
1.18408203125,9.423828125,3.23957554064691,606.136322021484,100.0,0.106310665607452,Medium,0.106310665607452,val
2.3189625449926288,24.836032653938247,4247.173620564545,2753.75448462182,100.05351462938668,4.516798241197896,High,4.516798241197896,train
1.501736230494109,0.9385072341910506,-29.13414613420884,2766.837397897924,100.01496511411568,5.3695823023893805,High,5.3695823023893805,test
1.236851366907811,1.804097772990406,6.480487189673608,2757.27629231486,99.99633508644726,1.7267553415935823,High,1.7267553415935823,train
1.50146484375,6.976318359375,29.1561798658222,2754.70733642578,100.0,0.22514770925045,Medium,0.22514770925045,train
0.579833984375,0.897216796875,-3.23957554064691,2679.80575561523,100.0,2.85135245323181,Low,2.85135245323181,test
1.483568981197533,0.7460424876658687,-29.180941479107904,2766.9095590054308,99.96377557284808,5.293443011776834,High,5.293443011776834,train
1.319007129651639,1.8490031363881263,-45.35090004001978,2752.426970963985,99.99696233432633,0.217568452693479,High,0.217568452693479,train
2.442383272335452,13.285391052000133,4480.34484945467,2618.148337341407,95.0581446393049,0.6782209322633878,High,0.6782209322633878,val
1.426498002945492,7.067986748051659,126.41117530425797,3990.089559200211,104.95081419308352,8.679660178129067,High,8.679660178129067,test
1.50146484375,10.406494140625,16.1978777032346,2748.06976318359,100.0,2.35936617851257,Medium,2.35936617851257,val
2.183382110220696,5.834429663080872,239.68578638530835,3978.103234287844,100.02896286268968,15.870122155975176,High,15.870122155975176,val
0.8056640625,13.1591796875,5105.57105205953,2761.40213012695,100.0,1.29284346103668,High,1.29284346103668,train
1.6283379338625263,12.752864269416976,2439.3594413703177,2765.665140929479,100.07098729786492,0.9338109374250374,High,0.9338109374250374,val
3.054160688323733,19.539640360984887,6612.02238714558,1990.2413554448617,99.93898058077448,1.358966494521794,High,1.358966494521794,train
1.0817220289857257,15.881606178373907,6764.138675425654,3825.1798464124,99.99307701527934,4.314484817884855,High,4.314484817884855,val
1.2432895154229398,10.025411002926344,48.62543582838376,2757.4550679657286,99.9113998626865,1.625173320199332,High,1.625173320199332,val
16.448038315421368,0.8751882736310189,955.7147242937872,2617.704159009917,95.10202506844377,1.05374471670231,High,1.05374471670231,test
1.559390928839228,0.9006317188967407,-29.082692160208303,2766.829619517143,99.99713960273326,5.334292400579735,High,5.334292400579735,test
0.811767578125,1.239013671875,6.47915108129382,2754.53567504883,100.0,1.91794264316559,Medium,1.91794264316559,val
0.79345703125,13.275146484375,3.23957554064691,606.0791015625,100.0,0.297254890203476,Low,0.297254890203476,val
4.749920221130712,5.245816123806142,754.7615920579343,2754.4296161943025,99.88300510163693,2.4963282195535683,High,2.4963282195535683,test
0.677490234375,13.29345703125,3.23957554064691,605.850219726563,100.0,0.163013696670532,Low,0.163013696670532,val
1.9913583177748648,12.814638903287992,-1814.130221152028,2769.644471261422,99.90866754089151,2.275344261609069,High,2.275344261609069,test
7.371534904957353,4.890629179242249,-3.16562729038266,3713.58890237538,100.05273976788207,2.328856041974991,High,2.328856041974991,test
1.310220552268182,1.081789546643827,3.1287495601441093,2765.34811329612,99.9468551884452,1.23979651553701,High,1.23979651553701,train
1.104736328125,10.64453125,3.23957554064691,605.964660644531,100.0,0.0358991473913193,Low,0.0358991473913193,val
0.537109375,13.24462890625,3.23957554064691,606.250762939453,100.0,0.23591011762619,Low,0.23591011762619,train
2.073985402720316,22.38755993662089,5290.216259824677,2767.910852862658,99.96428450972464,0.4056070556485838,High,0.4056070556485838,train
0.72021484375,1.15966796875,3.23957554064691,2756.4811706543,100.0,3.72484540939331,Medium,3.72484540939331,train
0.897216796875,9.307861328125,3.23957554064691,606.0791015625,100.0,0.155101254582405,Low,0.155101254582405,test
1.361083984375,2.34375,-119.864295003936,5000.03814697266,100.0,2.40067839622498,Medium,2.40067839622498,test
6.325199261907222,8.783514338070288,2578.770350505149,605.755645329179,99.98557617581118,0.2109367524780704,High,0.2109367524780704,train
9.174652156879583,11.011560084899145,1299.0878657288524,2499.0801241545623,100.03601692945308,1.5925002291129997,High,1.5925002291129997,train
1.01318359375,13.29345703125,3.23957554064691,606.136322021484,100.0,0.166224420070648,Low,0.166224420070648,train
0.4836728164459665,29.09374086749839,5491.1456770625655,2617.167108893726,94.95715166565653,0.3754747343723275,High,0.3754747343723275,val
1.165771484375,12.51220703125,187.895381357521,3825.58822631836,100.0,3.44643187522888,Medium,3.44643187522888,test
1.055908203125,9.8876953125,1587.39201491699,2768.89801025391,100.0,0.908022224903107,High,0.908022224903107,val
0.7961683131345219,22.11048127661229,2215.820557286002,2766.810947087665,100.0077733807004,0.2557932404730709,High,0.2557932404730709,train
0.8282455303137289,6.372306099534797,333.6505427152441,2999.491884470604,99.98437952329256,0.147777592201944,High,0.147777592201944,train
0.872802734375,13.641357421875,3.23957554064691,606.0791015625,100.0,0.265634477138519,Low,0.265634477138519,train
1.0338267298032948,20.43136734570262,3547.288434260048,2769.934784748047,100.01252252268222,1.2564769038735386,High,1.2564769038735386,train
1.129150390625,10.7421875,220.29113676399,2890.1481628418,104.999995231628,0.964486241340637,Medium,0.964486241340637,val
2.319694197565795,4.895192410872235,35.650626350681456,7.968384161808475,100.05175056323304,-0.0421784779367107,High,-0.0421784779367107,train
1.874647215935083,1.4058616309284286,-793.7586088151797,2700.753021129958,99.97008737470829,1.3254582217194055,High,1.3254582217194055,test
1.1012940192200182,8.583744699866147,563.6716325483122,2750.1144604151177,100.00140913243644,0.4289255429216603,High,0.4289255429216603,val
0.986371356744701,14.631968166710376,6190.905749245053,3825.755032336935,100.01919763213938,3.633288465070833,High,3.633288465070833,val
0.8381474692366188,13.157419861862792,3200.696024253388,2755.8095127708325,99.97270793163348,0.8597357432420542,High,0.8597357432420542,val
1.202392578125,0.811767578125,3.23957554064691,2756.25228881836,100.0,1.56078708171844,High,1.56078708171844,train
2.34375,8.50830078125,-304.52010082081,2769.98519897461,100.0,0.730404317378998,High,0.730404317378998,train
1.07421875,13.104248046875,3.23957554064691,606.136322021484,100.0,0.0239641573280096,Low,0.0239641573280096,train
1.30615234375,11.46240234375,22.6770287845284,2750.58746337891,100.0,0.858208119869232,Medium,0.858208119869232,train
4.18701171875,2.05078125,-1143.57016584836,2700.23345947266,100.0,2.34375095367432,High,2.34375095367432,test
2.044677734375,7.9345703125,142.541323788464,2768.72634887695,100.0,0.116043135523796,Medium,0.116043135523796,val
2.419392534584355,4.237843489954595,-586.4052884823304,2761.006701697016,100.00164312569991,2.3997353049402377,High,2.3997353049402377,train
1.62353515625,2.630615234375,-38.8749064877629,3816.71905517578,100.0,0.645014941692352,Medium,0.645014941692352,train
3.409555640898931,15.9001390481839,6142.317871323839,1989.3718541278204,100.00208139429068,1.599901849589834,High,1.599901849589834,train
1.471343406488934,32.395693516221634,8037.376792445481,2749.197112508995,100.07717950711736,2.2032657094738504,High,2.2032657094738504,val
11.712828556202776,15.341599638835053,5160.626228379455,2699.031901193951,99.9510161099072,0.1786185905629912,High,0.1786185905629912,train
2.74658203125,2.081298828125,-223.530712304637,2805.97686767578,100.0,17.2447757720947,High,17.2447757720947,train
1.07421875,4.6630859375,-3.23957554064691,3826.61819458008,100.0,2.01750373840332,Medium,2.01750373840332,val
1.300048828125,13.555908203125,5332.34133990482,2993.31665039063,100.0,7.93204259872437,High,7.93204259872437,train
1.715087890625,15.0390625,152.260050410405,4999.58038330078,100.0,1.56771302223206,Medium,1.56771302223206,val
2.04393809792445,22.44445305742459,5290.267183471749,2767.9495065128326,99.99426491722092,0.5744862453585032,High,0.5744862453585032,train
0.8361358923531599,5.833049389040909,51.792001279808666,4245.670025788206,99.96259640087708,1.475857884212732,High,1.475857884212732,train
1.118121651059668,20.422339205006423,3547.3363159773144,2770.0261866194915,99.93068375381397,1.2897278472509217,High,1.2897278472509217,val
1.7822265625,12.860107421875,6.47915108129382,776.3671875,100.0,0.17276705801487,Low,0.17276705801487,train
1.220703125,10.70556640625,220.29113676399,2750.9880065918,100.0,1.7536278963089,Medium,1.7536278963089,test
1.678466796875,1.727294921875,6.47915108129382,2749.55749511719,100.0,0.225631952285767,Medium,0.225631952285767,train
1.67236328125,3.729248046875,-35.635330947116,2767.06695556641,100.0,2.39521622657776,Medium,2.39521622657776,train
1.755388876974428,29.19753577957827,6161.725082187642,2611.1498762484907,94.99464769430568,1.5427105408674555,High,1.5427105408674555,train
2.34178085275266,8.534878838331576,-304.5675744476404,2770.040609793848,99.96156374546854,0.677895789199219,High,0.677895789199219,train
0.8185059740529874,13.30016624748504,5293.533818020248,3001.114321601047,99.998130575648,0.4484232127635999,High,0.4484232127635999,train
0.982666015625,13.385009765625,3.23957554064691,606.021881103516,100.0,0.0125971911475062,Low,0.0125971911475062,val
1.422119140625,10.3271484375,3.23957554064691,606.193542480469,100.0,0.0116937411949039,Low,0.0116937411949039,test
1.648019004091415,7.81337680357029,4690.902152860523,3990.661129861856,104.98470868466973,3.431007604193541,High,3.431007604193541,train
5.324906016726397,14.904438542884265,6148.720796011156,3990.212722028223,105.06259662844298,1.226792182652076,High,1.226792182652076,train
2.708141442799893,2.3391614979053226,-217.11196407783603,2768.68579254063,100.01886812842258,1.2413524200138586,High,1.2413524200138586,val
1.42822265625,13.0859375,3.23957554064691,605.678558349609,100.0,0.0138482227921486,Low,0.0138482227921486,train
1.1365226750344666,11.285645377408478,1425.360285002022,4245.479705470089,99.97405987442994,2.617854450177336,High,2.617854450177336,train
1.28173828125,10.400390625,51.8332086503506,2763.69094848633,100.0,2.01535129547119,Medium,2.01535129547119,val
2.0909308786064424,1.2687277270857835,-9.620513321391378,2902.1909284149683,104.93999963198884,2.600324470841352,High,2.600324470841352,test
2.180973048416328,5.436026645937631,3437.221558246733,3713.279851457649,100.05097763234438,3.635703566488622,High,3.635703566488622,val
0.6367093796987486,14.887035431830808,3330.289496611431,1989.517288806811,99.91255571121228,0.7601897077873603,High,0.7601897077873603,test
1.6863664616149094,7.759943161754038,4690.828609883222,3990.5983888485807,105.1037890978363,3.5866238961781605,High,3.5866238961781605,val
1.3951916615353588,11.907073357700389,4185.469848791112,3756.010956376453,100.03276610611412,15.517713462680716,High,15.517713462680716,train
1.654052734375,6.982421875,12.9583021625876,2756.99615478516,100.0,1.64982986450195,Medium,1.64982986450195,train
1.177978515625,11.175537109375,155.499625951052,2751.61743164063,100.0,3.29176759719849,Medium,3.29176759719849,train
1.20849609375,10.711669921875,6.47915108129382,419.940948486328,100.0,0.0824159979820251,Low,0.0824159979820251,train
1.5189946774632983,5.143202040965384,81.01907554560496,2747.6764952462377,99.97501063892074,2.326800050641446,High,2.326800050641446,test
1.556396484375,10.3515625,9.71872662194073,2749.21417236328,100.0,0.584786295890808,Medium,0.584786295890808,train
0.0481045596477867,11.702662498822026,-544.2277288242778,4245.572445380019,100.035540511449,0.9398158791496088,High,0.9398158791496088,test
1.324462890625,13.360595703125,3.23957554064691,605.964660644531,100.0,0.0499920919537544,Low,0.0499920919537544,test
1.544189453125,11.1083984375,25.9166043251753,2499.56130981445,100.0,2.6408748626709,Medium,2.6408748626709,test
2.44140625,11.895751953125,-333.676280686632,606.250762939453,100.0,0.187229678034782,Low,0.187229678034782,test
1.3360303175998187,-0.0734507209619062,-1150.0361240160044,2756.2893400706266,100.00414420325504,5.421403515122945,High,5.421403515122945,val
5.291748046875,14.94140625,6148.71437614784,3990.15426635742,104.999995231628,1.29736292362213,High,1.29736292362213,train
0.7805204171741696,25.772665953291103,5721.106601390894,3973.766314525652,100.06574856629422,2.743815627943694,High,2.743815627943694,test
0.1361756622201536,11.607691670615312,-544.3314468535609,4245.664962836356,100.08099441565022,0.9526784458120467,High,0.9526784458120467,train
0.7596000318728344,25.782751193784417,5721.09353631645,3973.807015386885,99.96662716582756,2.754792541597197,High,2.754792541597197,train
1.500350001456762,10.242658497196516,3045.148723520769,2768.071038958836,99.92259264004846,2.728820597221148,High,2.728820597221148,val
1.371734877054236,9.743934199530877,2407.0678625621244,3799.827948375421,99.97122226398332,2.70484401786611,High,2.70484401786611,train
1.177978515625,9.765625,55.0727841909975,2755.85174560547,100.0,1.73875439167023,Medium,1.73875439167023,val
1.5625,14.947509765625,6.47915108129382,606.136322021484,100.0,0.0450912863016129,Low,0.0450912863016129,train
1.37939453125,11.07177734375,58.3123597316444,2762.14599609375,100.0,2.27867102622986,Medium,2.27867102622986,val
1.7910997956038603,14.466424648753756,1833.5418213452133,2752.7393570245245,99.99695235883108,2.9401091686803413,High,2.9401091686803413,train
1.0986328125,11.9873046875,9.71872662194073,3978.1379699707,100.0,3.01042246818542,Medium,3.01042246818542,val
1.5841627520684831,0.7800315634279373,-29.19554843991078,2766.8986981952994,100.03229425981104,5.332998395451339,High,5.332998395451339,train
1.715087890625,16.363525390625,168.457928113639,4999.98092651367,100.0,2.2924370765686,Medium,2.2924370765686,val
1.06201171875,10.693359375,3.23957554064691,606.021881103516,100.0,0.043677132576704,Low,0.043677132576704,train
1.312237529408419,11.663711844854632,3936.0027394073386,3989.818678821058,104.97540653151285,0.9003720919804926,High,0.9003720919804926,train
21.36094982782837,3.695742034216352,-32.37865855003446,2763.107596760893,99.9451362700885,10.031141633445422,High,10.031141633445422,val
1.3494350247150655,12.977655124836913,4891.866863920899,3309.910916768909,99.99321459565412,12.511989728989931,High,12.511989728989931,train
2.266496334971609,4.4352882661520585,-174.87275904653714,2760.313946313188,99.95759468236037,0.6863026204593379,High,0.6863026204593379,val
6.878662109375,6.21337890625,255.926467711106,3799.72457885742,100.0,6.10695505142212,High,6.10695505142212,test
1.6357421875,5.572509765625,-570.165295153856,2618.408203125,94.9999988079071,3.17193198204041,High,3.17193198204041,train
0.710534514587687,25.795886821872102,5721.174740669699,3973.74892391752,100.01957904798768,2.7425297030131084,High,2.7425297030131084,test
3.23486328125,15.91796875,6103.36031857878,3699.13101196289,100.0,10.2608785629272,High,10.2608785629272,train
0.4707021206753932,15.148826072390516,4389.617927398072,3989.02959064554,105.0257760403084,1.6699678127144824,High,1.6699678127144824,test
1.5427007991578394,22.078183351774587,5636.949196240012,2759.0822593940534,99.9606856057758,4.376458633232866,High,4.376458633232866,train
1.821594231809868,8.529486756134784,359.58857525070505,3801.063362176794,99.98895537588932,2.279851545693276,High,2.279851545693276,val
0.9621101819643124,3.900391743129865,64.76628085863159,2767.8758227132435,100.04404195403248,4.029004002705321,High,4.029004002705321,val
1.739501953125,29.193115234375,6161.67267831042,2611.19842529297,94.9999988079071,1.55179691314697,High,1.55179691314697,test
8.53271484375,8.013916015625,1373.58002923429,2500.76293945313,100.0,7.77334785461426,High,7.77334785461426,train
1.3406594202493065,5.300193510894835,-12.999437721319952,2764.2735980695666,100.04220443607124,1.9006797950621268,High,1.9006797950621268,train
1.5920882290822715,17.07653613265803,3612.178399417422,4244.779715477917,99.94731440099486,2.436288187634715,High,2.436288187634715,test
1.9675035674380807,12.740325320356432,317.45880391259345,2499.557825929989,99.92143909778144,2.5939091903434432,High,2.5939091903434432,train
1.495361328125,14.874267578125,6.47915108129382,605.621337890625,100.0,0.184699520468712,Low,0.184699520468712,train
1.416015625,3.01513671875,61.5519352722913,606.021881103516,100.0,0.18774139881134,Low,0.18774139881134,val
1.661407960205542,11.69536493016996,3437.189647786321,3713.290531998143,99.96545867270858,11.51982511808163,High,11.51982511808163,train
1.263427734375,10.31494140625,223.530712304637,2749.90081787109,100.0,0.875047266483307,Medium,0.875047266483307,train
1.382736171850495,11.56957355540378,3936.212455380081,3989.708254368905,105.09128165037257,0.8552283688795643,High,0.8552283688795643,train
2.37482172772038,10.638334373000086,3226.6162204027664,3800.792338465925,100.0642793933793,2.6916312284862243,High,2.6916312284862243,train
0.518798828125,5.6396484375,304.52010082081,2670.07827758789,100.0,0.731034934520721,Medium,0.731034934520721,train
1.870438230115386,7.767316846411104,6.500535387223819,777.9636904427565,100.00023729065866,0.2278731649512521,High,0.2278731649512521,train
0.604248046875,9.686279296875,2452.35868426971,420.284271240234,100.0,0.0635035932064056,Low,0.0635035932064056,test
1.06201171875,14.239501953125,6.47915108129382,605.735778808594,100.0,0.0960326418280602,Low,0.0960326418280602,test
1.67236328125,12.579345703125,129.583021625876,4999.80926513672,100.0,2.34430956840515,Medium,2.34430956840515,test
2.2519674819171964,10.93690506413652,-780.6802797184422,420.1255686432905,100.0488899849788,0.2192358046718823,High,0.2192358046718823,val
6.42825239761719,4.264865859368077,-353.09781693903216,3977.983179620361,99.90821058998084,2.034217865528713,High,2.034217865528713,train
1.629638671875,1.35498046875,3.23957554064691,2750.53024291992,100.0,1.02646386623383,Medium,1.02646386623383,train
28.41967641385833,4.358375587740146,-9.717663045811063,1990.0295524892456,99.9745346251255,0.8999301315256161,High,0.8999301315256161,val
1.365489672886371,11.703304706730409,375.8292000469206,2625.3504920805503,104.95878067993834,0.2859208131501526,High,0.2859208131501526,train
1.239013671875,1.104736328125,3.23957554064691,2757.11059570313,100.0,2.54354023933411,Medium,2.54354023933411,train
1.629638671875,1.690673828125,3.23957554064691,2616.00494384766,94.9999988079071,1.11960816383362,Medium,1.11960816383362,train
1.531982421875,10.9375,25.9166043251753,2500.01907348633,100.0,0.61474347114563,Medium,0.61474347114563,val
1.40380859375,14.056396484375,6.47915108129382,606.021881103516,100.0,0.285201877355576,Low,0.285201877355576,train
0.7889426305609663,15.29695006521786,4587.192114379785,2903.0807499994103,105.04426888290378,0.7430487124028659,High,0.7430487124028659,test
1.5625,12.60986328125,3.23957554064691,605.850219726563,100.0,0.086624875664711,Low,0.086624875664711,train
1.988512277395449,4.071785633160808,-16.291566025023098,2615.157421428835,95.07467440121674,1.3096374933419412,High,1.3096374933419412,train
0.9091478247119024,6.4446133448475145,333.573457717969,2999.538512642321,99.9960650907562,0.253458743612045,High,0.253458743612045,val
2.118406426466952,4.117611306758561,-6.482133082124098,2613.6542478453275,94.90390027706954,2.473971143747799,High,2.473971143747799,test
1.3362477839133298,6.870131729684037,-12.973238153127516,2765.236656789083,100.02246710430369,1.1356385770744988,High,1.1356385770744988,train
1.8363594930878155,0.5493853777418088,-226.7709116120633,2758.2109522538394,100.01627778346844,0.956642609975822,High,0.956642609975822,train
0.689697265625,32.122802734375,7489.89864997566,2769.75631713867,100.0,0.854490697383881,High,0.854490697383881,test
2.083281913352842,3.791931233178187,-45.27573688810577,3799.8113850014506,99.9922482078986,0.0768104318426597,High,0.0768104318426597,train
28.355755611805623,4.350221524124441,-9.667946240476049,1990.0268612492807,100.00764303835624,0.944808603565031,High,0.944808603565031,train
0.9488898800966776,17.33002846456084,3699.727677670228,2491.664160317798,89.96887275817801,0.977646830783552,High,0.977646830783552,train
1.214599609375,15.00244140625,5037.53996570595,2758.76998901367,100.0,2.47688841819763,High,2.47688841819763,test
1.55029296875,12.3779296875,1159.76804355159,999.870300292969,100.0,1.4054970741272,High,1.4054970741272,train
2.03857421875,2.655029296875,-25.9166043251753,2752.0751953125,100.0,1.36256146430969,Medium,1.36256146430969,train
8.191554630134336,3.7984025518745774,453.5617455042434,4245.070948508412,99.96027016513588,1.4055705690964948,High,1.4055705690964948,test
1.5533338135930552,7.57062239099896,1195.3530537129425,2756.654227411194,99.94125537789456,0.6267616267438457,High,0.6267616267438457,train
2.166748046875,6.0791015625,35.635330947116,606.250762939453,100.0,0.109721198678017,Low,0.109721198678017,val
1.25732421875,13.232421875,4729.78028934449,2766.60919189453,100.0,2.36908602714539,High,2.36908602714539,val
2.186117596409673,4.939875194860283,-1373.5597269065795,3990.904481187528,104.94506853965224,2.532407936134648,High,2.532407936134648,test
1.9733831589835609,3.880256635284954,-45.28214558347358,3799.801390270181,99.979653972194,0.08506212613802,High,0.08506212613802,train
0.4264824948846212,14.323806015975368,-450.2469119161444,2755.085436162701,99.92604988700664,0.0951414426160715,High,0.0951414426160715,train
1.336669921875,6.365966796875,197.614107979462,4999.69482421875,100.0,2.41502237319946,Medium,2.41502237319946,test
1.6357421875,16.741943359375,171.697503654286,999.870300292969,100.0,0.549938023090363,Medium,0.549938023090363,val
0.8056640625,12.19482421875,1655.42310127057,1989.95590209961,100.0,1.40596485137939,Medium,1.40596485137939,train
1.15966796875,13.812255859375,6.47915108129382,605.735778808594,100.0,0.527929484844208,Low,0.527929484844208,train
10.207395944702837,14.103943028232562,1652.2143107975337,1050.1180170360533,105.03414929829948,0.6425271869371699,High,0.6425271869371699,val
3.41796875,4.2724609375,-301.280525280163,2625.44631958008,104.999995231628,2.75736403465271,High,2.75736403465271,train
1.080322265625,6.011962890625,375.790762715042,1000.21362304688,100.0,0.286989003419876,Medium,0.286989003419876,val
0.970458984375,17.620849609375,5539.67417450622,3825.87432861328,100.0,1.67965424060822,High,1.67965424060822,val
0.921630859375,8.3984375,84.2289640568197,2756.25228881836,100.0,1.53482973575592,Medium,1.53482973575592,val
1.4404296875,6.805419921875,2568.983403733,2617.83599853516,94.9999988079071,0.628839254379272,High,0.628839254379272,val
1.54050248059629,5.074662820776019,80.98307315569821,2747.7197981504373,100.01610863706374,2.3276636308223253,High,2.3276636308223253,test
0.762939453125,3.277587890625,204.093259060755,2998.5237121582,100.0,2.47479057312012,Medium,2.47479057312012,test
1.2674585884355305,1.5970222337787872,6.488475995822796,2758.3668070923413,99.94572215336922,1.072609710424775,High,1.072609710424775,train
1.190185546875,22.210693359375,3197.4610586185,2473.35433959961,89.9999976158142,0.0388634651899338,High,0.0388634651899338,val
2.3971630144055185,6.663770643421981,-651.1391338948025,3990.147404606546,105.024288336162,2.216509923945924,High,2.216509923945924,train
1.2580642698833788,15.054559166870066,5037.501161252882,2758.838022643102,99.99843836327176,2.497080884160509,High,2.497080884160509,test
0.5803199603169453,15.301787053843844,5380.904415619474,3136.9936623052386,104.95929854298764,15.89254206966072,High,15.89254206966072,train
1.915368717250888,7.023457109234173,-220.32476537644084,2754.1432602021687,100.00253336795528,2.081619083135984,High,2.081619083135984,train
2.152506168289261,2.218490731613129,822.7601654290584,2561.128923036288,100.08342742758929,13.493445434164087,High,13.493445434164087,train
1.4875828993825069,10.163236650437,25.93246689510041,2499.324895847794,100.03170916213088,2.079616973415359,High,2.079616973415359,train
9.90009061958996,14.155939953376924,1240.787277510649,605.9492260826066,100.03847550197392,0.075801460433259,High,0.075801460433259,val
-0.0700098134520834,11.63483852864981,-544.2864616608863,4245.6557852188,100.02448410921735,0.9864908468651076,High,0.9864908468651076,train
4.77294921875,5.242919921875,754.82110097073,2754.47845458984,100.0,2.50053763389587,High,2.50053763389587,train
0.872802734375,11.981201171875,3.23957554064691,605.850219726563,100.0,0.0321097858250141,Low,0.0321097858250141,train
1.4707929768278196,22.161182386522817,5636.891319116575,2760.991672252332,100.01787547494598,1.0441560725320314,High,1.0441560725320314,val
1.2414173497587435,9.27653850816709,1451.415525675569,3978.374161634412,99.99075418338585,1.325167932835415,High,1.325167932835415,test
1.287841796875,11.6943359375,375.790762715042,2625.44631958008,104.999995231628,0.335945427417755,High,0.335945427417755,val
1.50146484375,3.021240234375,-152.260050410405,1000.09918212891,100.0,1.1916435956955,Medium,1.1916435956955,train
1.153564453125,13.507080078125,3.23957554064691,606.0791015625,100.0,0.0004157943767495,Low,0.0004157943767495,test
1.6845703125,7.43408203125,29.1561798658222,2611.65618896484,94.9999988079071,1.28310811519623,Medium,1.28310811519623,test
0.7006588889622419,5.74293989622747,259.11556335156405,3064.7852328855065,99.9456092148404,3.947159340502581,High,3.947159340502581,train
1.239013671875,1.3427734375,6.47915108129382,2756.65283203125,100.0,0.465680420398712,Medium,0.465680420398712,test
0.98876953125,12.79296875,4577.52023893408,3826.78985595703,100.0,0.248272702097893,Medium,0.248272702097893,val
1.837158203125,8.8623046875,550.727841909975,3000.86975097656,100.0,5.83984088897705,High,5.83984088897705,val
1.1233663353587644,13.250018206434286,829.3638122976893,3699.077149366075,100.08485383494336,19.23076490543198,High,19.23076490543198,val
1.089426109007693,1.1802702841401285,29.1617963264652,2244.531942103661,99.98198985468947,1.2845774286449465,High,1.2845774286449465,train
1.763916015625,4.425048828125,22.6770287845284,2610.56900024414,94.9999988079071,0.6368687748909,Medium,0.6368687748909,train
0.7006800729693091,11.485041398503215,1840.0957911514547,3453.96816992239,100.0307043782358,1.9846847183027951,High,1.9846847183027951,test
9.437229074904565,11.424222571198904,1486.9768377629043,2499.8480803133334,100.0301139807842,1.420247925193859,High,1.420247925193859,val
1.263427734375,11.865234375,9.71872662194073,3977.10800170898,100.0,2.32806611061096,Medium,2.32806611061096,test
1.416015625,3.338623046875,353.113733930513,3627.26211547852,100.0,2.50218296051025,High,2.50218296051025,train
2.0949885748095127,4.158659300238083,-6.503896457127796,2613.570217620263,94.97962507508085,2.5586668969854425,High,2.5586668969854425,train
1.153564453125,5.902099609375,100.426841760054,605.907440185547,100.0,0.0024835204239934,Low,0.0024835204239934,train
1.0009765625,13.848876953125,6.47915108129382,606.250762939453,100.0,0.003850242588669,Low,0.003850242588669,test
6.397525966535548,4.314357939441448,-353.1108129520308,3977.985142402833,100.01826617411602,2.0910889936286106,High,2.0910889936286106,train
1.7245109755096946,7.803556342235834,4690.901754599965,3990.699589847669,104.9895282240027,3.43792027682444,High,3.43792027682444,train
2.2685193687672123,5.782047728782908,239.7368549795909,3978.188999754448,100.0148109742072,15.88539099444744,High,15.88539099444744,train
1.0009765625,14.95361328125,4444.69764176756,3803.44390869141,100.0,2.05273914337158,High,2.05273914337158,train
1.18408203125,7.867431640625,9.71872662194073,419.998168945313,100.0,0.0377625748515129,Low,0.0377625748515129,train
0.5588049711384714,15.494328285502666,6637.73905951107,3825.751136163445,99.99586126865547,0.3621688870611853,High,0.3621688870611853,train
1.007469219384235,11.557612625672403,3654.2175658013066,3540.4717147811552,105.04153619129264,3.3268601839793708,High,3.3268601839793708,train
10.766744546590802,17.627971018116902,4603.348615892078,2625.1454025568523,104.98923155135034,2.903107008364178,High,2.903107008364178,train
1.6667364511815883,1.1087886910436042,-790.471492949275,4244.749965136674,99.9511494706086,1.8674959927032968,High,1.8674959927032968,val
1.678466796875,9.442138671875,6.47915108129382,606.307983398438,100.0,0.0251007303595543,Low,0.0251007303595543,train
0.69580078125,12.59765625,9.71872662194073,3978.08074951172,100.0,2.17209935188293,Medium,2.17209935188293,train
2.197265625,12.725830078125,3.23957554064691,605.964660644531,100.0,0.0283370595425367,Low,0.0283370595425367,train
1.01318359375,12.225341796875,3.23957554064691,605.850219726563,100.0,0.0125299533829093,Low,0.0125299533829093,train
2.50244140625,4.107666015625,-93.9476906787604,2618.00765991211,94.9999988079071,0.488929212093353,High,0.488929212093353,train
2.062080877012275,3.889590029069801,-45.34063938599797,3799.834455346619,99.9742229712746,-0.0344412891054471,High,-0.0344412891054471,train
1.4509323004275527,8.819897933308418,45.33576742005603,2754.8914484572506,100.02467636606715,4.659872679080927,High,4.659872679080927,train
9.888764426518213,4.057508218157339,910.2952735410224,420.11800104382513,100.07094614107352,0.0558469254115404,High,0.0558469254115404,test
1.0767074841946458,14.883521362014442,4444.709679617554,3803.4954456427104,99.9870032803984,2.043904280336991,High,2.043904280336991,train
1.03759765625,9.136962890625,3.23957554064691,605.907440185547,100.0,0.100590378046036,Low,0.100590378046036,train
18.115234375,1.23291015625,-32.3957554064691,4244.72808837891,100.0,1.77561748027802,High,1.77561748027802,train
1.08642578125,13.641357421875,6.47915108129382,605.850219726563,100.0,0.405028373003006,Low,0.405028373003006,train
1.57470703125,7.550048828125,32.3957554064691,2754.70733642578,100.0,4.14076852798462,Medium,4.14076852798462,train
2.2939741518451244,24.82270225135473,4247.083920496224,2753.737928128895,100.01331952454606,4.520880503495376,High,4.520880503495376,train
3.374660139808789,1.813717035195028,-353.1098235748824,1989.899893967712,99.96066809724294,2.355079337649704,High,2.355079337649704,train
1.5687609920936685,14.498008919391106,5504.045852436206,2762.0082445638586,100.07855413651338,0.8171265028417602,High,0.8171265028417602,train
0.96435546875,13.677978515625,6.47915108129382,605.964660644531,100.0,0.350618243217468,Low,0.350618243217468,val
1.336669921875,13.397216796875,3.23957554064691,605.792999267578,100.0,0.120051369071007,Low,0.120051369071007,train
1.556396484375,0.59814453125,-9.71872662194073,2754.87899780273,100.0,2.10379004478455,Medium,2.10379004478455,train
0.03662109375,8.82568359375,6.47915108129382,606.193542480469,100.0,0.0736783221364021,High,0.0736783221364021,train
1.03759765625,1.312255859375,6.47915108129382,2755.27954101563,100.0,1.54959082603455,Medium,1.54959082603455,test
1.2451171875,11.151123046875,3.23957554064691,605.964660644531,100.0,0.310560911893845,Low,0.310560911893845,train
1.64794921875,13.36669921875,136.06217270717,5000.6103515625,100.0,2.01444625854492,Medium,2.01444625854492,train
1.7492418412771809,14.035505193153906,4431.74599109202,2617.468373761859,95.05129998627729,1.5120007290352426,High,1.5120007290352426,train
3.0002446855982265,6.553497414418436,-29.21279940055583,169.80165516378673,100.0037856462354,0.0890787074786211,High,0.0890787074786211,train
1.8798828125,7.70263671875,479.457180015743,999.755859375,100.0,0.607825815677643,Medium,0.607825815677643,val
4.761391810682731,5.29455636679153,754.7639781553701,2754.4950359331506,99.96245337828326,2.461759246968168,High,2.461759246968168,train
1.89208984375,9.405517578125,3.23957554064691,605.850219726563,100.0,0.0811287239193916,Low,0.0811287239193916,test
1.116943359375,14.404296875,6.47915108129382,606.136322021484,100.0,0.217096135020256,Low,0.217096135020256,val
1.904296875,1.434326171875,-793.696007458493,2700.74844360352,100.0,1.3239324092865,High,1.3239324092865,train
2.52685546875,2.1240234375,-110.145568381995,2766.49475097656,100.0,0.844276905059814,High,0.844276905059814,train
0.7234142338506935,21.94719799801992,2215.8771065932524,2766.7664700081555,99.96156132853676,0.2798715701162082,High,0.2798715701162082,test
2.349853515625,4.248046875,-12.9583021625876,1000.27084350586,100.0,1.66624784469604,Medium,1.66624784469604,val
0.830344141456918,21.968313353203985,2215.854323582,2766.902005712036,99.89659272566632,0.2761344219836072,High,0.2761344219836072,train
2.129304620950973,7.3004328066721795,-783.9942850812544,2769.392762970315,100.00272399694616,2.616656706536193,High,2.616656706536193,test
1.9857467864286231,12.817368089911843,317.54909685246747,2499.570393598656,99.98675523226292,2.743924241848191,High,2.743924241848191,test
1.483154296875,9.1796875,45.3540575690567,2756.76727294922,100.0,0.94939661026001,Medium,0.94939661026001,train
3.4971262551357354,12.530055918799665,1794.74229161596,2734.075488907265,99.97662046080198,17.879745383878,High,17.879745383878,val
1.9287109375,6.982421875,233.249438926578,2769.87075805664,100.0,4.44787979125977,Medium,4.44787979125977,train
0.5251918373826503,29.004808968815745,5491.108780256497,2617.110062523449,94.99785723753136,0.372194591224903,High,0.372194591224903,train
1.13525390625,1.116943359375,3.23957554064691,2750.244140625,100.0,2.10888838768005,Medium,2.10888838768005,test
0.6186008005697298,25.457863539113195,6508.339536360639,2750.209350747092,99.98957773064558,1.1105083030707632,High,1.1105083030707632,train
1.812744140625,10.992431640625,1001.0288420599,2616.5771484375,94.9999988079071,2.05197334289551,Medium,2.05197334289551,train
1.971435546875,10.919189453125,3.23957554064691,606.0791015625,100.0,0.0874078497290611,Low,0.0874078497290611,test
1.7833785044743364,9.96167001822088,1266.6620454461886,2756.553318982925,100.02282801819132,2.974247587518694,High,2.974247587518694,train
0.8739655662911656,6.43844248857067,333.61135650072634,2999.496837472349,100.09840573578444,0.318928540705413,High,0.318928540705413,val
0.98876953125,14.508056640625,6.47915108129382,606.136322021484,100.0,0.142746180295944,Low,0.142746180295944,train
0.7360399996822948,9.574957157862826,48.580605578506365,2671.5009141149385,99.93855954237326,3.0258707343609994,High,3.0258707343609994,train
1.904296875,3.8330078125,-61.5519352722913,3799.61013793945,100.0,0.828105986118317,High,0.828105986118317,test
1.7700487650620853,6.126956565211374,-952.4544040195332,2749.68066558238,100.08124178607018,2.3471712443526536,High,2.3471712443526536,train
1.3671875,9.75341796875,2407.00462670065,3799.89624023438,100.0,2.76108813285828,High,2.76108813285828,val
6.842041015625,8.587646484375,97.1872662194073,605.907440185547,100.0,0.0875868201255798,Low,0.0875868201255798,train
1.30615234375,8.5693359375,42.1144820284098,2757.568359375,100.0,0.827610850334167,Medium,0.827610850334167,train
1.7428925871747285,8.75724243213405,550.6683365850656,3000.85445133058,100.01037022370164,5.831292034231613,High,5.831292034231613,test
0.7080078125,15.283203125,1564.71498613246,3817.7490234375,100.0,0.429467171430588,Medium,0.429467171430588,train
5.069356759088144,10.456318365667618,311.03498781659715,2500.028190027936,100.03213741851144,0.8397288439640473,High,0.8397288439640473,train
1.4237797572406352,1.3898664970716894,25.92273647508012,2756.139390376833,100.01738839957784,4.093003714210687,High,4.093003714210687,test
3.569587529807584,2.564740089556897,-22.733533322596266,2756.2554475306274,99.94756765945884,3.565931217947786,High,3.565931217947786,val
1.40380859375,11.981201171875,1564.71498613246,419.940948486328,100.0,0.212380066514015,Medium,0.212380066514015,train
1.6768170459773746,10.052535278010083,1266.700231824799,2756.658527620524,99.99054032767856,2.885798056862425,High,2.885798056862425,val
5.033758610593671,10.406143231208995,311.04603232597844,2500.008717221717,100.05320961238122,0.7817788236774895,High,0.7817788236774895,val
0.555419921875,13.372802734375,3.23957554064691,605.621337890625,100.0,0.183945223689079,Low,0.183945223689079,train
10.105243083333614,14.161432228483328,1652.1461849922089,1050.0938110678649,104.94856239506396,0.5845053703675254,High,0.5845053703675254,test
1.953125,7.342529296875,456.780151231214,2614.23110961914,94.9999988079071,1.3782377243042,Medium,1.3782377243042,train
2.153960126444383,5.907496260242605,-9.691299466078794,2834.544063042193,104.91892634973752,0.7957306568961827,High,0.7957306568961827,test
1.2244435600021633,3.0572633709653863,-51.81122994338244,3821.265156043423,100.00470202640864,0.1225733136820315,High,0.1225733136820315,val
2.3463062094453315,9.131518390896597,-359.6159724016068,2892.8840243171608,105.01153666025596,4.025721782706492,High,4.025721782706492,test
1.40380859375,1.251220703125,-6.47915108129382,2766.83807373047,100.0,2.96422457695007,Medium,2.96422457695007,train
2.557373046875,33.4228515625,9171.2383555714,4244.55642700195,100.0,2.05722069740295,High,2.05722069740295,test
2.215576171875,11.297607421875,3.23957554064691,606.0791015625,100.0,0.0014778900658711,Low,0.0014778900658711,train
1.519775390625,10.699462890625,3.23957554064691,606.193542480469,100.0,0.24636547267437,Low,0.24636547267437,train
1.123046875,13.58642578125,3.23957554064691,606.250762939453,100.0,0.0960059985518456,Low,0.0960059985518456,train
1.57470703125,9.50927734375,204.093259060755,2762.26043701172,100.0,0.844080924987793,Low,0.844080924987793,train
1.67236328125,7.818603515625,16.1978777032346,420.112609863281,100.0,0.286370784044266,Medium,0.286370784044266,train
2.289567859262674,10.569592090197556,3226.679094352756,3800.7970206181526,100.04749350917136,2.7558462968870576,High,2.7558462968870576,train
1.35498046875,14.05029296875,6.47915108129382,605.735778808594,100.0,0.0861536413431168,Low,0.0861536413431168,train
0.8544921875,8.38623046875,1963.18277763203,2617.95043945313,94.9999988079071,0.238950446248055,High,0.238950446248055,test
0.311279296875,2.783203125,-165.218352572992,999.984741210938,100.0,0.907659292221069,Medium,0.907659292221069,train
19.284981937291736,4.960622981906062,-213.77724997258937,3979.387938496022,99.91281469882092,2.6444290151797767,High,2.6444290151797767,val
-0.0215368088205194,8.23650200117248,-391.9717919525641,2762.1502289662585,100.09205719019208,0.8917566179248625,High,0.8917566179248625,train
1.080322265625,7.122802734375,-12.9583021625876,602.645874023438,100.0,0.632958233356476,High,0.632958233356476,train
1.46484375,16.3330078125,424.384395824745,2498.93188476563,100.0,4.23786306381226,High,4.23786306381226,val
1.129150390625,13.006591796875,3.23957554064691,606.021881103516,100.0,0.0343250595033169,Low,0.0343250595033169,test
1.57470703125,14.617919921875,178.17665473558,1000.04196166992,100.0,1.04875338077545,Medium,1.04875338077545,train
1.3427734375,8.001708984375,3.23957554064691,606.479644775391,100.0,0.325402110815048,Low,0.325402110815048,val
1.50146484375,8.392333984375,1049.6224751696,3799.89624023438,100.0,3.69885158538818,High,3.69885158538818,train
1.263427734375,1.2939453125,6.47915108129382,2757.33947753906,100.0,1.25865840911865,Medium,1.25865840911865,train
9.674072265625,12.677001953125,2530.10849724524,606.0791015625,100.0,0.24804250895977,High,0.24804250895977,test
0.2685546875,10.809326171875,3.23957554064691,605.964660644531,100.0,0.13979110121727,Low,0.13979110121727,train
1.324462890625,13.51318359375,6.47915108129382,605.907440185547,100.0,0.142516866326332,Low,0.142516866326332,train
1.123046875,1.226806640625,3.23957554064691,2756.8244934082,100.0,3.06337690353394,High,3.06337690353394,train
1.4967311571204585,14.789080066857853,6210.287334882414,3990.482722959269,105.00628432562164,1.0343609242792822,High,1.0343609242792822,train
1.2451171875,1.91650390625,-32.3957554064691,2889.80484008789,104.999995231628,0.986741721630096,Medium,0.986741721630096,train
2.325439453125,1.812744140625,3.23957554064691,606.193542480469,100.0,0.0602218843996525,Low,0.0602218843996525,test
0.701904296875,13.7451171875,6.47915108129382,605.964660644531,100.0,0.22840216755867,Low,0.22840216755867,test
1.287841796875,9.47265625,184.655805816874,3063.58337402344,100.0,0.842528820037842,Medium,0.842528820037842,val
1.0955978057741171,0.6644982804446318,3.2174723954875484,2755.378545832141,99.98876782679578,0.3155111536383962,High,0.3155111536383962,train
2.1572537590254286,11.135546538346544,187.9064769346041,3977.555790448733,100.01841034987189,3.021853398889036,High,3.021853398889036,train
1.3427734375,10.33935546875,7123.82661388256,3046.875,110.000002384186,2.78530240058899,Medium,2.78530240058899,train
2.4601565193123074,8.91908832100262,-84.33529528485337,2767.7579171285843,99.98590923013164,3.1567246776210567,High,3.1567246776210567,train
0.69580078125,13.7939453125,3.23957554064691,605.907440185547,100.0,0.029743118211627,Low,0.029743118211627,train
7.304846197799221,4.7765106196990486,-3.22604086474852,3713.6240863127264,100.02133757520204,2.294611712276076,High,2.294611712276076,val
1.64794921875,11.065673828125,9.71872662194073,1669.63577270508,104.999995231628,1.32394289970398,Medium,1.32394289970398,train
1.190185546875,0.726318359375,3.23957554064691,2757.74002075195,100.0,1.19417309761047,Medium,1.19417309761047,train
1.409912109375,11.126708984375,268.884769873694,3977.62298583984,100.0,4.06090402603149,High,4.06090402603149,train
21.368408203125,3.64990234375,-32.3957554064691,2763.0615234375,100.0,10.060827255249,High,10.060827255249,train
0.8298768948278004,5.7887585767472025,51.88696218042909,4245.736879515243,99.9723747914277,1.5057134024945924,High,1.5057134024945924,train
2.434510590259099,4.42009518701766,-259.1504116526856,3799.126142032145,99.9775756096992,2.213773875571774,High,2.213773875571774,test
0.25634765625,10.51025390625,3.23957554064691,606.365203857422,100.0,0.0276830606162548,Low,0.0276830606162548,val
2.001953125,10.760498046875,3.23957554064691,605.792999267578,100.0,0.0877461209893227,Low,0.0877461209893227,train
0.9656860925518684,17.392879374100872,3699.5710749585473,2491.695466167705,90.01101089735937,1.092987304059943,High,1.092987304059943,train
1.971435546875,6.6650390625,87.4685395974666,2610.39733886719,94.9999988079071,0.42074528336525,Medium,0.42074528336525,train
1.3700702802098836,21.79829203402696,1697.6589165663072,2499.2598171584914,100.00310634454743,2.921451738623549,High,2.921451738623549,test
1.116943359375,12.68310546875,3.23957554064691,606.136322021484,100.0,0.192367270588875,Low,0.192367270588875,test
1.449336716561646,10.044840881704486,25.903813506684006,2499.299880423381,99.984481082262,1.981010411783553,High,1.981010411783553,test
0.872802734375,13.7451171875,6.47915108129382,606.0791015625,100.0,0.0683906972408295,Low,0.0683906972408295,train
1.33056640625,10.479736328125,1312.028093962,3800.81176757813,100.0,0.576567888259888,High,0.576567888259888,train
1.6180856952850629,20.20137818361152,5099.1016175591085,2759.703495503849,100.08691609936648,1.600348882095638,High,1.600348882095638,test
13.49259653819411,3.23629819126499,-540.9993833733389,2616.8908378975066,94.9587710776268,1.1674695794932537,High,1.1674695794932537,train
2.0626988346402344,8.574536125557364,1788.182639851703,2766.365664588469,100.06418038855264,0.5759382735188645,High,0.5759382735188645,train
1.947021484375,0.335693359375,22.6770287845284,2761.23046875,100.0,2.10648155212402,Medium,2.10648155212402,val
1.5800884093798384,4.122245608703328,-32.47644146610213,3799.014253678343,100.131728591697,0.8551513712884097,High,0.8551513712884097,train
1.8798828125,8.599853515625,362.832460552454,4245.35751342773,100.0,1.66360604763031,Medium,1.66360604763031,train
1.114241141858758,10.40300840414912,35.7024775926271,2763.3771465043706,100.05004276753736,0.9616141800812984,High,0.9616141800812984,train
2.9395254007103264,7.848205734657234,-456.8090658493589,2492.9448277260726,90.01174818237864,0.0818793077713109,High,0.0818793077713109,train
0.3296147631701338,23.72709107432824,6152.052081715219,2760.122201683881,99.974296778623,3.517979696136585,High,3.517979696136585,val
2.203369140625,5.4931640625,3437.18964862637,3713.26446533203,100.0,3.7114086151123,High,3.7114086151123,train
6.060791015625,7.391357421875,161.978777032346,605.850219726563,100.0,0.22307001054287,Low,0.22307001054287,test
3.350830078125,1.824951171875,-353.113733930513,1989.89868164063,100.0,2.47349452972412,High,2.47349452972412,train
0.57373046875,1.910400390625,-90.7081151381135,1000.04196166992,100.0,0.748532235622406,Medium,0.748532235622406,train
1.004076938065378,12.954933157651102,3255.7871309562697,3826.046618281074,100.03121550679916,2.374504014875876,High,2.374504014875876,val
1.593017578125,1.422119140625,3.23957554064691,2749.67193603516,100.0,2.24065160751343,Medium,2.24065160751343,test
1.1231705434026766,22.194672982241933,3197.366833152827,2473.357144537327,89.90683673067336,0.0722487181895939,High,0.0722487181895939,val
0.68359375,11.46240234375,1840.07890708745,3453.94134521484,100.0,1.93091058731079,High,1.93091058731079,train
4.9072265625,7.06787109375,586.363172857091,605.678558349609,100.0,0.0427857674658298,Medium,0.0427857674658298,val
0.457763671875,24.298095703125,7486.65907443501,2678.54690551758,100.0,0.315559089183807,Low,0.315559089183807,train
0.946044921875,15.0390625,184.655805816874,1000.21362304688,100.0,0.81110680103302,Medium,0.81110680103302,train
1.8115204096292927,7.77553643377258,6.472420447155297,777.9925823865377,99.99979934906342,0.3144992632865609,High,0.3144992632865609,train
1.568603515625,12.19482421875,3874.53234661371,2700.74844360352,100.0,0.54964154958725,High,0.54964154958725,val
1.1935233519029995,6.403443868222483,-3.2643345930463843,2754.7681422234364,100.02252924472278,1.3529863250032117,High,1.3529863250032117,train
1.0986328125,1.806640625,6.47915108129382,2892.3225402832,104.999995231628,1.0473290681839,Medium,1.0473290681839,val
2.549618655308433,4.188177261650013,-45.4096573239268,3046.5655974783767,109.95818775623644,1.5816020962881268,High,1.5816020962881268,train
1.483154296875,13.079833984375,3.23957554064691,606.193542480469,100.0,0.247156634926796,Low,0.247156634926796,val
1.4270467343442108,9.364977305572255,9.698588460854523,2756.2935787638426,99.99752824038472,4.661344463270212,High,4.661344463270212,train
3.22265625,9.11865234375,599.321475019678,1989.89868164063,100.0,0.500645458698273,High,0.500645458698273,train
1.751708984375,12.481689453125,126.34344608523,4999.58038330078,100.0,2.75851321220398,Medium,2.75851321220398,val
1.121699242976719,1.2688854134258276,3.284162462125217,2756.824369221164,99.97559155722097,2.9981733076530963,High,2.9981733076530963,train
0.994873046875,13.8671875,3.23957554064691,606.021881103516,100.0,0.0707207843661308,Low,0.0707207843661308,val
2.16064453125,8.697509765625,200.853683520108,170.001983642578,100.0,0.00288389576599,Low,0.00288389576599,train
1.4554503466705324,2.3555768482285098,-61.49981352106747,3666.338081535259,99.97712998821623,0.1333208680119721,High,0.1333208680119721,test
1.2754760196076893,1.6793312733507049,6.545818726132694,2757.273085429858,99.96739905736656,1.704676961433161,High,1.704676961433161,test
18.122820976747096,1.2421101574836022,-32.454794069545414,4244.706369550021,99.97758290934718,1.8340477434917168,High,1.8340477434917168,train
0.5481433668680128,16.395263473601425,3427.57783448026,2835.970106135851,104.89067364780948,0.4196445698580482,High,0.4196445698580482,val
1.802670155479157,6.472371429260815,1337.9524824012392,1899.775877871058,99.96355746981644,1.480136937310359,High,1.480136937310359,train
12.795872836851702,15.373367431914131,6501.838393736401,2500.720539932034,100.00253682716972,2.8960574427011725,High,2.8960574427011725,train
2.0646460835948344,3.4502293586590342,-45.25405802316451,3989.619268272917,105.02668214797994,0.5001977744743167,High,0.5001977744743167,train
1.470947265625,9.808349609375,45.3540575690567,2902.27890014648,104.999995231628,0.561546623706818,Medium,0.561546623706818,val
14.38853717908395,13.279266980513086,2604.662540603265,3799.7443555269474,99.98724057287764,1.7943094390847223,High,1.7943094390847223,val
1.025390625,13.018798828125,213.811985682696,3827.41928100586,100.0,2.52779865264893,Medium,2.52779865264893,train
1.202392578125,13.726806640625,6.47915108129382,606.0791015625,100.0,0.283714830875397,Low,0.283714830875397,train
1.50146484375,2.9052734375,-12.9583021625876,2751.21688842773,100.0,2.24312591552734,High,2.24312591552734,val
1.50146484375,1.81884765625,6.47915108129382,2756.08062744141,100.0,0.497637689113617,Medium,0.497637689113617,train
1.0483067764376828,7.105841203811657,-13.033109954130367,602.7107822582977,99.97926456287212,0.6549922410067099,High,0.6549922410067099,train
6.795612637135152,13.840746574004957,4396.1425265804455,1589.7621437988676,100.03705221692016,0.8318667610562909,High,0.8318667610562909,train
1.2409390414035204,13.059925370942093,4972.759294818808,2699.80499281079,100.06279131755775,2.0390071381298505,High,2.0390071381298505,train
1.3916015625,10.174560546875,19.4374532438815,2749.61471557617,100.0,2.61273670196533,Medium,2.61273670196533,val
0.6490129971633988,11.46812163253146,1840.058708628453,3453.9123173869853,99.94666704669412,1.956929989387561,High,1.956929989387561,train
1.239013671875,1.788330078125,6.47915108129382,2757.33947753906,100.0,1.69095504283905,High,1.69095504283905,train
0.7914902879081301,25.465315734406524,7295.523734340732,2700.1062306326185,100.00284392134051,1.2638032504643617,High,1.2638032504643617,train
1.5136754571011308,4.038220669132847,-32.33665415572016,3799.008197057413,99.93924957470608,0.9107547476135608,High,0.9107547476135608,train
0.3274430268786261,23.177381162431807,5620.656840415642,3820.887374707289,99.96445798071606,1.3018013545063964,High,1.3018013545063964,train
12.875644860626776,15.45920509361262,6501.864962993812,2500.8093228930784,99.96450805941711,2.844375474006088,High,2.844375474006088,train
0.93994140625,1.03759765625,3.23957554064691,2759.45663452148,100.0,0.711597263813019,Medium,0.711597263813019,train
1.416015625,9.698486328125,48.5936331097037,2759.17053222656,100.0,0.324198365211487,Medium,0.324198365211487,train
1.275634765625,10.296630859375,3.23957554064691,606.250762939453,100.0,0.26288515329361,Low,0.26288515329361,test
1.85546875,7.879638671875,330.436705145985,4244.89974975586,100.0,2.4574499130249,Medium,2.4574499130249,train
1.192336069209837,6.262328388257374,-3.1882104194465417,2754.935799440049,99.94852699679372,1.3687251021787568,High,1.3687251021787568,test
1.386536760876722,1.176170764155434,3.252477507266053,2756.03368775085,100.0612489957371,0.4450970117255243,High,0.4450970117255243,train
0.6779242576344894,11.464782832881747,1840.0824758472088,3453.957078472566,99.9541864560483,1.985072020178506,High,1.985072020178506,test
0.0394010002620971,8.836003989403801,6.514355301017516,606.1832158873797,99.9882386494495,0.1033196503502951,High,0.1033196503502951,train
1.0727592663063026,7.049744390361284,-12.977169560052248,602.5117037563202,100.02907795346634,0.6438787953859796,High,0.6438787953859796,train
1.593017578125,10.02197265625,51.8332086503506,2902.33612060547,104.999995231628,2.60892200469971,Medium,2.60892200469971,train
1.57470703125,4.974365234375,-25.9166043251753,3822.09777832031,100.0,0.807693719863892,Medium,0.807693719863892,train
0.604248046875,13.739013671875,6.47915108129382,605.850219726563,100.0,0.263471245765686,Low,0.263471245765686,train
2.0895872752212648,11.112666835791424,187.783897986418,3977.532337375967,100.04012780812631,2.978393223684495,High,2.978393223684495,test
1.324462890625,13.68408203125,3.23957554064691,605.735778808594,100.0,0.178004831075668,Low,0.178004831075668,val
0.03662109375,11.63330078125,-544.248690828681,4245.58639526367,100.0,0.951594352722168,High,0.951594352722168,train
1.080322265625,4.132080078125,-12.9583021625876,1000.38528442383,100.0,0.430221557617188,Medium,0.430221557617188,train
1.9005648923168463,7.959658875450282,35.59698323945892,2499.393216406454,99.9723362278217,3.425052219274876,High,3.425052219274876,test
2.1174671089531527,4.303757093608454,97.17330191385145,2750.647755547204,99.94307734135543,2.357521078710047,High,2.357521078710047,train
2.336274202113509,4.194531925866046,-586.4228437425356,2761.065716659912,100.00066856998832,2.45355362210313,High,2.45355362210313,train
2.401468984064495,9.663619300578308,-576.6629326121264,2769.962697520437,100.054862552871,1.319462262411807,High,1.319462262411807,train
2.30712890625,6.0302734375,87.4685395974666,2499.10354614258,100.0,2.11461186408997,High,2.11461186408997,test
12.116740833958444,11.076028122157926,3284.984010549472,2499.5312721645223,99.96849612150174,2.4449194753532333,High,2.4449194753532333,val
1.2719879745467857,5.351993285638059,-12.92507881229045,2764.3428985477613,99.91017643336386,1.9275585601009413,High,1.9275585601009413,test
0.8166948475814321,12.27704021564284,3404.788101228167,2561.106790142574,100.04320710689149,13.548106102179837,High,13.548106102179837,val
2.2113947170311685,4.227601911564803,97.28800571348845,2750.4965339315227,99.99100795434184,2.324569795837529,High,2.324569795837529,test
1.23291015625,12.75634765625,77.7498129755259,4999.69482421875,100.0,1.7088360786438,Medium,1.7088360786438,train
1.5032068579982862,2.4580459453394163,-61.55846841560025,3666.409351155512,99.88384444489884,0.1064905299883293,High,0.1064905299883293,train
1.177978515625,4.547119140625,-25.9166043251753,3826.38931274414,100.0,2.96863198280334,Medium,2.96863198280334,test
1.94091796875,13.83056640625,6.47915108129382,605.850219726563,100.0,0.162563234567642,Low,0.162563234567642,train
1.788330078125,21.97265625,8154.01163580827,2756.53839111328,100.0,3.10781598091125,High,3.10781598091125,train
0.848388671875,3.863525390625,77.7498129755259,2892.89474487305,104.999995231628,5.10578441619873,High,5.10578441619873,val
2.056884765625,11.163330078125,187.895381357521,3977.50854492188,100.0,3.00418448448181,High,3.00418448448181,train
2.2989558538156576,4.623301827992528,2753.627298506104,2611.105539281896,94.9573595282768,2.0479524341872777,High,2.0479524341872777,test
1.824951171875,9.576416015625,868.206244893372,3046.47445678711,110.000002384186,3.58556175231934,High,3.58556175231934,val
0.3265208277933984,10.736926345948014,-822.742847992802,2998.741366343804,99.92981762530924,1.7580552316322926,High,1.7580552316322926,val
1.0498046875,13.330078125,3.23957554064691,606.136322021484,100.0,0.0441619865596294,Low,0.0441619865596294,val
1.42822265625,0.701904296875,-9.71872662194073,2747.55477905273,100.0,1.72551763057709,Medium,1.72551763057709,train
1.72119140625,1.20849609375,-3.23957554064691,2618.00765991211,94.9999988079071,1.64205300807953,Medium,1.64205300807953,train
1.7379106489468894,14.10530790765362,4431.778826734121,2617.4147585108367,94.98522570403637,1.498962076035653,High,1.498962076035653,train
2.261840054708036,7.209705293787869,-783.9635925538503,2769.418158019448,100.04711965711816,2.6402133863812485,High,2.6402133863812485,train
2.008056640625,10.552978515625,3.23957554064691,605.964660644531,100.0,0.109423108398914,Low,0.109423108398914,train
0.823974609375,14.36767578125,6.47915108129382,776.252746582031,100.0,0.28500634431839,Low,0.28500634431839,test
1.513671875,6.82373046875,855.247942730784,3799.55291748047,100.0,13.5166015625,High,13.5166015625,test
1.361083984375,13.323974609375,3.23957554064691,605.907440185547,100.0,0.130554914474487,Low,0.130554914474487,test
1.220703125,11.016845703125,194.374532438815,2750.41580200195,100.0,0.253370493650436,Medium,0.253370493650436,val
2.246866940224374,14.338013982689931,3307.5459796885366,2892.0193915415057,104.96310836068332,2.893056233099838,High,2.893056233099838,train
0.543212890625,13.0615234375,3.23957554064691,606.021881103516,100.0,0.0366350598633289,Low,0.0366350598633289,train
2.0751953125,7.3974609375,3.23957554064691,2752.53295898438,100.0,3.0899133682251,Medium,3.0899133682251,train
1.3091894649132072,3.0704204601164844,-51.85859982976066,3821.342179933005,99.98385357534158,0.0936995047841595,High,0.0936995047841595,train
2.457060564279964,11.01676992006485,22.699000876671786,1669.4721504090942,104.9745727988877,1.3690152996237597,High,1.3690152996237597,train
1.01318359375,13.70849609375,6.47915108129382,606.193542480469,100.0,0.0645272955298424,Low,0.0645272955298424,train
0.64697265625,11.181640625,55.0727841909975,3809.73815917969,100.0,1.60561430454254,Medium,1.60561430454254,val
1.4530774001234388,2.484569721804069,-61.46732879086104,3666.4853682893727,100.0353365094844,0.2450625709604676,High,0.2450625709604676,test
2.716064453125,2.386474609375,-217.051561223343,2768.66912841797,100.0,1.21840763092041,High,1.21840763092041,test
14.408782458507408,13.197898116733311,2604.673155207692,3799.648720817823,100.05673708111205,1.7957882175328197,High,1.7957882175328197,train
1.513671875,9.649658203125,48.5936331097037,2893.46694946289,104.999995231628,1.76515865325928,Medium,1.76515865325928,train
2.252197265625,29.5166015625,7357.07605280913,2768.32580566406,100.0,1.41799485683441,High,1.41799485683441,test
1.501203611349505,0.5860660046483139,84.3002868639167,1990.2417448874403,99.98317122501425,2.159342888427208,High,2.159342888427208,train
2.266977557135504,3.168310877610759,1224.5404416327056,3045.779643227726,110.02131521954465,0.7708450680866009,High,0.7708450680866009,train
1.068115234375,10.90087890625,6.47915108129382,775.909423828125,100.0,0.349944114685059,Low,0.349944114685059,train
1.200728852037371,9.919263558697727,48.598367059971416,2758.6330065966463,99.9687013819714,3.1148367455292103,High,3.1148367455292103,val
1.8677707455092385,13.33873433924004,2773.0218062376853,3817.567304366268,99.99631813252422,2.287587685577104,High,2.287587685577104,test
2.1686691756888243,11.615564536987424,155.46580083341783,2499.207660305545,99.99849567771628,0.1841125106749843,High,0.1841125106749843,train
2.311082266880003,10.589822600422968,3226.575422155472,3800.780554103832,99.97059990068766,2.685926624569901,High,2.685926624569901,train
1.1563245957374222,11.200299011222793,1425.3369616521777,4245.4871538729385,100.07622409727918,2.533360534219159,High,2.533360534219159,train
1.2349702935776732,9.9964543825207,48.55282783969081,2757.457202342609,100.006121484151,1.6557620153467718,High,1.6557620153467718,train
1.81884765625,11.02294921875,220.29113676399,4245.35751342773,100.0,1.69273316860199,Medium,1.69273316860199,train
1.23291015625,1.092529296875,-19.4374532438815,2749.78637695313,100.0,0.54796689748764,Medium,0.54796689748764,test
11.759152973022513,15.371934783727651,6258.834347899825,2700.963022032116,99.9608099908516,3.142659020346162,High,3.142659020346162,train
1.85546875,6.280517578125,391.988640418276,1000.27084350586,100.0,0.437356472015381,Medium,0.437356472015381,test
1.26953125,13.494873046875,3.23957554064691,605.907440185547,100.0,0.172650262713432,Low,0.172650262713432,val
0.7877009749589936,10.341289988849962,51.84339298013078,3803.048601286823,99.98331830303252,3.0139145103382647,High,3.0139145103382647,val
1.2649531247204853,11.71468784896023,375.90923872120646,2625.373983177069,105.03872634610846,0.3310065966782961,High,0.3310065966782961,train
1.52587890625,11.2548828125,58.3123597316444,2751.56021118164,100.0,0.308667242527008,Medium,0.308667242527008,test
2.7385192764503024,2.675782380320292,-161.9652377910353,2768.5356725362185,100.04218760439656,0.9030985254411364,High,0.9030985254411364,train
1.6845703125,1.776123046875,32.3957554064691,2753.90625,100.0,0.668458223342896,Medium,0.668458223342896,train
0.927734375,9.771728515625,3.23957554064691,606.193542480469,100.0,0.0228746496140957,Low,0.0228746496140957,train
1.446533203125,13.043212890625,3.23957554064691,605.792999267578,100.0,0.135852336883545,Low,0.135852336883545,test
1.519775390625,10.626220703125,48.5936331097037,2904.052734375,104.999995231628,1.79975187778473,Medium,1.79975187778473,test
1.5666986909022778,0.6065475693011708,84.31584687678772,1990.2089460070329,100.02321109200015,2.081353028057882,High,2.081353028057882,train
2.257168830956188,4.248539081001561,-586.3909206842067,2760.958160909465,100.00000166698084,2.351857787990568,High,2.351857787990568,train
0.3546555850027563,10.737622323192188,-822.8802253752107,2998.695835899024,100.03978874616064,1.835224141792556,High,1.835224141792556,train
1.092529296875,12.9638671875,239.728590007871,3826.50375366211,100.0,0.306184947490692,Medium,0.306184947490692,test
1.898193359375,9.405517578125,3.23957554064691,606.250762939453,100.0,0.0886952057480812,Low,0.0886952057480812,train
1.37939453125,14.208984375,6.47915108129382,605.850219726563,100.0,0.284776419401169,Low,0.284776419401169,val
1.617431640625,20.2392578125,5099.09190097824,2759.68551635742,100.0,1.67081904411316,High,1.67081904411316,train
2.0175736916772045,1.2388635542262123,-9.651385601890915,2902.2031185471465,104.93541908948716,2.551717219409559,High,2.551717219409559,train
0.98876953125,3.131103515625,161.978777032346,1000.32806396484,100.0,0.830771327018738,Low,0.830771327018738,train
2.3193359375,9.130859375,-359.592885011807,2892.89474487305,104.999995231628,3.9793529510498,High,3.9793529510498,train
0.8420645901748944,15.300851314197882,4587.288879566524,2903.1118118507534,104.95716704513526,0.6465811711062583,High,0.6465811711062583,val
2.02788849487558,12.96581058861581,-1814.0987102847275,2769.573877964134,100.0343018640133,2.3784719102410024,High,2.3784719102410024,train
1.01318359375,9.503173828125,48.5936331097037,2754.24957275391,100.0,2.50376582145691,Medium,2.50376582145691,test
1.53596241398198,14.868372234740605,6210.247392026511,3990.434026774583,104.95692027703215,0.9952155717412484,High,0.9952155717412484,train
0.6155310862895411,14.724781456389891,2076.576061974968,4244.644413780555,100.0392762473046,2.0200510264248703,High,2.0200510264248703,test
1.397705078125,5.3955078125,19.4374532438815,1990.29922485352,100.0,1.1615047454834,High,1.1615047454834,train
9.436139360507642,11.381477317107828,1486.941184605794,2499.948199487399,99.99918152376144,1.4674535894454832,High,1.4674535894454832,test
1.190185546875,1.18408203125,3.23957554064691,2758.19778442383,100.0,5.77587127685547,High,5.77587127685547,test
2.215576171875,4.99267578125,-1373.58002923429,3990.9553527832,104.999995231628,2.52037787437439,High,2.52037787437439,train
1.605224609375,7.989501953125,38.8749064877629,2615.89050292969,94.9999988079071,0.65378999710083,Medium,0.65378999710083,train
3.21044921875,3.240966796875,-3.23957554064691,606.307983398438,100.0,0.146861389279366,Low,0.146861389279366,train
1.6727333098328467,12.707560462875252,2439.4561157290664,2765.6234025420367,100.0015751340372,0.916447774798116,High,0.916447774798116,test
1.50146484375,11.529541015625,9.71872662194073,2748.4130859375,100.0,1.6565215587616,Medium,1.6565215587616,train
0.97436992232639,15.02442777314374,4444.663069389552,3803.4949433819934,100.04770090492524,2.05138508043846,High,2.05138508043846,train
2.734375,2.630615234375,-161.978777032346,2768.44024658203,100.0,0.866021513938904,High,0.866021513938904,val
1.220703125,6.549072265625,55.0727841909975,2756.71005249023,100.0,2.27809429168701,Medium,2.27809429168701,train
1.104736328125,0.32958984375,-3.23957554064691,2756.71005249023,100.0,3.44305419921875,Medium,3.44305419921875,val
3.4145155710164423,9.831369147574986,910.2617744696108,420.1682174181526,100.06846750408012,-0.0351526481527502,High,-0.0351526481527502,train
1.3277751984692847,6.87475032059699,-13.020504368497733,2765.325625708307,99.98505759302388,1.0268101759897397,High,1.0268101759897397,train
0.3435998723450377,23.10437573027287,5620.647196625174,3820.955263719219,100.07312033890165,1.2151975901845558,High,1.2151975901845558,train
0.9272039404881592,3.837829285295397,64.77527726025605,2767.8582736769827,99.89138212995148,3.942069627080858,High,3.942069627080858,train
1.945486213120446,4.7046652724150375,-81.03960848093865,1050.2762188122783,105.0015533049462,0.871012181512978,High,0.871012181512978,test
1.2511485434843972,13.580357700299832,5332.446447984067,2993.3589650132494,99.89378328330986,7.948925008013911,High,7.948925008013911,train
1.495361328125,9.8876953125,29.1561798658222,2758.54110717773,100.0,2.57414793968201,Medium,2.57414793968201,test
1.080322265625,0.482177734375,3.23957554064691,2755.16510009766,100.0,1.66642844676971,Medium,1.66642844676971,train
1.2741450317409135,14.829997780287814,6064.510483680593,2768.7270623821955,99.97733955780946,2.4944831673579726,High,2.4944831673579726,train
1.4404296875,13.80615234375,6.47915108129382,606.307983398438,100.0,0.0741052106022835,Low,0.0741052106022835,val
1.104736328125,12.5244140625,2031.21386398561,3826.38931274414,100.0,4.28610754013062,High,4.28610754013062,train
0.7080078125,13.76953125,6.47915108129382,605.964660644531,100.0,0.0740179121494293,Low,0.0740179121494293,train
0.91552734375,9.356689453125,48.5936331097037,2759.11331176758,100.0,2.67514896392822,Medium,2.67514896392822,train
9.491972644464916,11.269868693595496,2306.617924618477,776.2389555587741,100.01468619583622,0.1827518870307221,High,0.1827518870307221,train
1.621422756855967,4.094584988145498,-32.39331325776683,3799.089377023121,99.99449817056244,0.8722857054655442,High,0.8722857054655442,train
1.336669921875,13.46435546875,207.332834601402,3826.61819458008,100.0,3.21575140953064,Medium,3.21575140953064,train
0.91552734375,2.08740234375,90.7081151381135,420.055389404297,100.0,0.0579663552343845,Low,0.0579663552343845,test
1.2192993033961668,13.212794555467289,4729.695777849328,2766.640585967688,99.9710668442612,2.3406047357305533,High,2.3406047357305533,train
3.03955078125,8.97216796875,294.801374198869,775.966644287109,100.0,0.0766862332820892,Low,0.0766862332820892,train
1.456670029644631,9.261353584146375,356.3369455430609,2749.292762464257,100.0873760456463,1.033753000609996,High,1.033753000609996,train
1.422119140625,1.312255859375,6.47915108129382,2755.45120239258,100.0,1.53698027133942,Medium,1.53698027133942,train
1.312255859375,9.149169921875,1159.76804355159,3799.32403564453,100.0,3.33575224876404,High,3.33575224876404,train
1.873779296875,10.345458984375,3.23957554064691,606.307983398438,100.0,0.189900934696198,Low,0.189900934696198,val
3.1190445828453432,12.653505559172554,4033.225516494883,2498.97015818106,100.1200342088819,1.1222137748666905,High,1.1222137748666905,train
2.024086515324092,6.967976443196204,-220.3135905257361,2754.1356469489924,100.04913220344471,1.993017775037806,High,1.993017775037806,val
0.567626953125,12.957763671875,-1992.33895749785,2757.79724121094,100.0,5.06036615371704,High,5.06036615371704,train
1.568603515625,9.50927734375,48.5936331097037,2757.39669799805,100.0,3.02778124809265,Medium,3.02778124809265,train
1.7531605993114083,9.569989821213523,868.1328479423877,3046.424258183391,109.9853872668276,3.515901760490379,High,3.515901760490379,test
1.2451171875,14.85595703125,6064.48541209102,2768.72634887695,100.0,2.48199367523193,High,2.48199367523193,test
1.6242859281646551,5.974474872854968,9.656832788421085,2768.236641392088,99.8954207156147,3.6309928367602873,High,3.6309928367602873,test
0.76904296875,1.385498046875,6.47915108129382,2754.47845458984,100.0,0.309331059455872,High,0.309331059455872,train
1.20849609375,13.543701171875,6.47915108129382,606.136322021484,100.0,0.323468387126923,Low,0.323468387126923,train
1.129150390625,11.2548828125,12.9583021625876,3977.90908813477,100.0,0.606299996376038,Medium,0.606299996376038,train
0.8056640625,12.640380859375,3.23957554064691,605.678558349609,100.0,0.142442688345909,Low,0.142442688345909,train
1.66015625,11.578369140625,9.71872662194073,2757.33947753906,100.0,0.314326912164688,Medium,0.314326912164688,train
1.3190794064095177,1.588004794669283,6.458681932646247,2758.3507187890127,100.04516399346778,1.0147864730875065,High,1.0147864730875065,train
0.897216796875,12.58544921875,3.23957554064691,605.964660644531,100.0,0.227093353867531,Low,0.227093353867531,train
2.093505859375,10.64453125,3.23957554064691,605.850219726563,100.0,0.509373784065247,Low,0.509373784065247,train
0.7117619653716061,0.5219407678746624,-64.8361270994979,2619.0122810540147,95.02576033173374,3.463619356318437,High,3.463619356318437,val
1.312255859375,13.690185546875,6.47915108129382,606.365203857422,100.0,0.0547333061695099,Low,0.0547333061695099,val
8.92333984375,1.94091796875,-132.822597166523,2499.56130981445,100.0,2.43550443649292,High,2.43550443649292,train
7.275390625,10.809326171875,864.966669352725,605.678558349609,100.0,0.191056355834007,Medium,0.191056355834007,train
1.202392578125,10.205078125,55.0727841909975,3066.04385375977,100.0,0.206277832388878,Medium,0.206277832388878,test
0.943004555851793,11.056350900610123,2569.0199877859,2617.805218084605,95.04126403574014,0.6596395097873933,High,0.6596395097873933,val
9.984122098008926,14.06803581839444,1240.7565692501098,605.858266459946,99.98813917584172,0.0602746270195719,High,0.0602746270195719,train
2.536834057650569,10.89576388455475,22.56951347215277,1669.6036077094493,104.9749931476296,1.3223692087961976,High,1.3223692087961976,train
1.77001953125,12.2802734375,48.5936331097037,1989.72702026367,100.0,0.264920651912689,Medium,0.264920651912689,val
1.0854796349039717,14.991386200184506,4444.6445229319415,3803.429453803483,100.02524929730332,2.0228001043738386,High,2.0228001043738386,train
1.777878679709061,8.167349896701646,1376.7328916687966,2769.5419052474126,100.03698387059056,1.776119821832459,High,1.776119821832459,train
1.46484375,9.454345703125,9.71872662194073,2756.25228881836,100.0,4.62058973312378,High,4.62058973312378,train
1.62353515625,11.639404296875,3437.18964862637,3713.26446533203,100.0,11.470100402832,High,11.470100402832,test
1.4742754240982348,8.019122854966016,19.417694638365543,2617.5904400166146,94.99112571452623,2.6043899004515536,High,2.6043899004515536,train
1.287841796875,2.447509765625,-123.103870544583,1000.27084350586,100.0,0.849554598331451,Low,0.849554598331451,train
1.0009765625,0.555419921875,3.23957554064691,2756.30950927734,100.0,2.36365580558777,Medium,2.36365580558777,val
3.359992507096199,15.942094696729855,6142.178921882059,1989.468756907754,100.0409037432346,1.606960108267914,High,1.606960108267914,train
2.3028303275054,24.9028548022848,4247.030299505054,2753.8328521386634,99.89645946676228,4.593400617289869,High,4.593400617289869,train
1.6147555835987129,0.6068569487189494,84.27296516659015,1990.2474561656484,99.9688043495786,2.079226536883997,High,2.079226536883997,val
0.677490234375,14.2333984375,6.47915108129382,606.0791015625,100.0,0.150021150708199,Low,0.150021150708199,train
1.043701171875,15.8447265625,6764.23372887075,3825.13046264648,100.0,4.28610754013062,High,4.28610754013062,train
1.324762113219616,11.692634661165732,3936.114099148572,3989.704638368992,104.97512855528204,0.9559158444625252,High,0.9559158444625252,val
1.4176073470305106,11.869183073918752,4185.508505819075,3755.9611697078094,99.98253305059126,15.570700106768465,High,15.570700106768465,train
2.962276010885677,6.545005238165796,-29.093576589461364,169.84657617270616,100.05503524600074,0.0336564651345652,High,0.0336564651345652,train
0.7244085277042992,32.14593678911258,7489.865577168576,2769.7154905684147,99.96386463525356,0.8843919860447647,High,0.8843919860447647,test
1.4577451349094508,11.136036308931788,51.8486312925368,2902.1267020714595,105.00434540346733,2.3044482173963257,High,2.3044482173963257,val
2.30712890625,4.205322265625,-586.363172857091,2761.00158691406,100.0,2.41083407402039,High,2.41083407402039,train
1.1474609375,12.0361328125,3.23957554064691,606.0791015625,100.0,0.266855657100677,Low,0.266855657100677,test
0.9649508075870624,5.142123638125647,-3.2372238817608863,3989.954909504394,104.96584858557232,1.487639325472383,High,1.487639325472383,train
1.190185546875,10.31494140625,3.23957554064691,606.021881103516,100.0,0.0589060969650745,Low,0.0589060969650745,train
1.5176576622212692,10.40589668754656,3045.1977295130305,2768.0284684385115,99.92187704143484,2.827373951373284,High,2.827373951373284,train
1.5380859375,10.24169921875,51.8332086503506,2764.60647583008,100.0,0.966493546962738,Medium,0.966493546962738,val
1.373291015625,14.007568359375,6.47915108129382,606.250762939453,100.0,0.0712836757302284,Low,0.0712836757302284,train
1.07421875,13.134765625,3.23957554064691,606.136322021484,100.0,0.0513020604848862,Low,0.0513020604848862,test
1.0476306959473023,5.282843862761903,-16.182106104952606,3799.5426148672113,99.980931334055,2.78300380175105,High,2.78300380175105,train
1.409912109375,9.7412109375,204.093259060755,3978.25241088867,100.0,0.412244945764542,Medium,0.412244945764542,test
1.3671875,1.239013671875,3.23957554064691,2756.02340698242,100.0,0.367623448371887,High,0.367623448371887,val
1.226806640625,9.9365234375,3.23957554064691,605.735778808594,100.0,0.135503247380257,Low,0.135503247380257,train
0.9765625,6.201171875,207.332834601402,2754.42123413086,100.0,1.11526346206665,Medium,1.11526346206665,train
1.26953125,0.1953125,35.635330947116,2767.35305786133,100.0,1.02983105182648,High,1.02983105182648,train
0.86669921875,11.517333984375,226.770287845284,3811.1686706543,100.0,2.45575284957886,Medium,2.45575284957886,val
1.434326171875,3.759765625,165.218352572992,2765.52200317383,100.0,1.62312638759613,Medium,1.62312638759613,train
0.775146484375,16.729736328125,2753.63920954987,2612.22839355469,94.9999988079071,3.36856985092163,High,3.36856985092163,train
2.01416015625,9.942626953125,3.23957554064691,606.021881103516,100.0,0.0563821420073509,Low,0.0563821420073509,val
1.092529296875,9.619140625,3.23957554064691,606.307983398438,100.0,0.310874938964844,Low,0.310874938964844,val
1.0355198809641015,14.989455541841966,4444.68540813471,3803.418211201497,99.97726726289925,1.9712869812171967,High,1.9712869812171967,train
1.654052734375,11.42578125,9.71872662194073,1589.98489379883,100.0,1.26399099826813,Medium,1.26399099826813,test
1.8520434328307105,7.00772737535729,-220.302169016929,2754.1106984944663,99.99058792077334,2.066158729555452,High,2.066158729555452,test
0.98876953125,14.0869140625,171.697503654286,999.927520751953,100.0,0.572051405906677,Medium,0.572051405906677,train
2.979873571699021,6.573614094873267,-29.15443158947005,169.78243862257432,100.08225833436155,0.0044470922925057,High,0.0044470922925057,test
41.204833984375,0.860595703125,-9.71872662194073,3977.85186767578,100.0,2.94564032554626,High,2.94564032554626,train
2.702202051721959,3.103676604226159,-204.02258714837248,2747.908023099661,99.96875106174116,0.9681023609987331,High,0.9681023609987331,train
3.2470703125,15.02685546875,4376.66655541398,1990.3564453125,100.0,0.917319536209106,High,0.917319536209106,test
0.76904296875,5.9814453125,-197.614107979462,2618.17932128906,94.9999988079071,1.84120965003967,Medium,1.84120965003967,train
1.2146533753855302,8.96511206210771,294.7909257192783,3821.9986631209554,99.97405658887736,0.5497668657913953,High,0.5497668657913953,train
2.027368649329832,6.445169257312262,-9.669433180521269,3001.15466924169,100.01639211580766,4.025281382225471,High,4.025281382225471,train
1.220703125,14.794921875,6.47915108129382,606.193542480469,100.0,0.354182183742523,Low,0.354182183742523,test
1.3582370252878069,5.4689263974762445,19.40682575680532,1990.3455032385623,100.02473961782812,1.2223890991282416,High,1.2223890991282416,train
0.9033203125,12.939453125,3.23957554064691,605.735778808594,100.0,0.265238791704178,Low,0.265238791704178,train
2.044677734375,22.515869140625,5290.22685787641,2767.86804199219,100.0,0.538775980472565,High,0.538775980472565,train
2.116471293487633,1.316834108781269,-9.680772927381838,2902.169270469581,105.02287108662529,2.505004660414022,High,2.505004660414022,val
2.703857421875,3.118896484375,-204.093259060755,2747.89810180664,100.0,0.941157698631287,High,0.941157698631287,train
1.3916015625,3.656005859375,-864.966669352725,2618.46542358398,94.9999988079071,1.30931293964386,High,1.30931293964386,train
1.10159454069804,5.329364383065769,-16.231266136795522,3799.5021561509993,99.95724911421276,2.7988234236569984,High,2.7988234236569984,val
2.5188097352472507,13.398012405524351,4480.310577233393,2618.1143851086217,95.0725043780212,0.6345743145995906,High,0.6345743145995906,val
1.5869140625,7.8857421875,3.23957554064691,2755.7373046875,100.0,2.15875554084778,High,2.15875554084778,train
0.68359375,13.787841796875,3.23957554064691,605.907440185547,100.0,0.0409838780760765,Low,0.0409838780760765,test
1.595134699849391,7.71833782267486,4690.958575257525,3990.634257471726,104.88725959466184,3.502321030201719,High,3.502321030201719,train
3.1005859375,11.48681640625,379.030338255689,605.850219726563,100.0,0.0391970723867416,Medium,0.0391970723867416,train
9.038855600361318,5.105378053374068,168.53730727192965,3800.128800122959,100.0166537050161,0.2876945728179493,High,0.2876945728179493,test
1.3916015625,13.36669921875,3.23957554064691,606.0791015625,100.0,0.110874660313129,Low,0.110874660313129,train
0.6642870505529819,5.80411147809275,259.0795474423566,3064.799718760574,100.03115061856155,3.925016540372541,High,3.925016540372541,train
1.558444880567191,7.522197851254564,1195.426030916071,2756.646296912203,100.09807146381291,0.668189059010461,High,0.668189059010461,val
1.806640625,12.58544921875,3.23957554064691,605.621337890625,100.0,0.187223002314568,Low,0.187223002314568,train
1.5022487178520474,14.780057919714697,6210.20741620274,3989.785531658142,105.02627854764012,4.0187863633090295,High,4.0187863633090295,val
0.78125,11.920166015625,19.4374532438815,2803.45916748047,104.999995231628,4.82771062850952,Medium,4.82771062850952,train
1.9343496340383275,4.013238422634941,203.9967987263373,2761.232223925588,100.05058323903512,1.1681898828041728,High,1.1681898828041728,train
0.7568359375,0.54931640625,-64.7915108129382,2618.98040771484,94.9999988079071,3.42260503768921,High,3.42260503768921,val
2.3100179910999,4.345964225509102,-25.91224172102516,3669.026516764449,99.9934581418629,15.992991168212956,High,15.992991168212956,train
1.1474609375,5.755615234375,236.489014467224,636.062622070313,104.999995231628,0.134760141372681,Low,0.134760141372681,val
0.860595703125,14.093017578125,6.47915108129382,606.0791015625,100.0,0.39588263630867,Low,0.39588263630867,train
1.1420363901021924,1.1796856156947704,3.190793439494977,2756.8357291386897,99.98729692142857,3.091577998629476,High,3.091577998629476,train
1.203116609091463,1.1339777389527763,3.316139702846468,2893.108382269512,105.05157570671896,0.2328132274674878,High,0.2328132274674878,train
0.333470117383858,14.24612607692489,-450.270083867705,2755.1633900814904,99.96325026733643,0.0455913372804362,High,0.0455913372804362,test
1.507568359375,10.675048828125,48.5936331097037,2903.59497070313,104.999995231628,0.82304710149765,Medium,0.82304710149765,train
0.6416027213719462,25.426247210269672,6508.370506576032,2750.237632440925,100.10710669515277,0.9126441154835476,High,0.9126441154835476,train
1.3671875,13.055419921875,4891.75906637684,3309.97467041016,100.0,12.501615524292,High,12.501615524292,train
0.927734375,14.2822265625,6.47915108129382,605.964660644531,100.0,0.0842676237225533,Low,0.0842676237225533,train
1.947021484375,10.302734375,3.23957554064691,775.852203369141,100.0,0.0270828697830439,Low,0.0270828697830439,train
1.055908203125,12.750244140625,68.0310863535851,2764.20593261719,100.0,2.35705852508545,Medium,2.35705852508545,test
1.0179698382768838,10.50075929377092,2209.3049195000985,3065.5019324793416,100.00896371156396,5.525836741639925,High,5.525836741639925,val
1.62353515625,9.710693359375,3.23957554064691,605.564117431641,100.0,0.188775733113289,Medium,0.188775733113289,test
0.677490234375,13.85498046875,6.47915108129382,606.193542480469,100.0,0.0926216542720795,Low,0.0926216542720795,test
1.251220703125,12.127685546875,230.009863385931,999.984741210938,100.0,0.472137808799744,Medium,0.472137808799744,train
3.570556640625,8.99658203125,207.332834601402,1000.04196166992,100.0,0.738298833370209,Medium,0.738298833370209,val
2.709961179839208,3.06249882411184,-204.07700340778828,2747.922359512415,99.96069633443577,0.8878931162673124,High,0.8878931162673124,train
2.2353137539063983,2.871244743118471,-307.79319387952546,2756.482393423728,99.99862831400068,1.6813698524776994,High,1.6813698524776994,train
4.325958106788294,13.760023252896708,5601.234986186425,1000.1010225131208,100.0390065547696,0.3758331393690099,High,0.3758331393690099,train
1.2794052677986822,9.834669155299842,48.56854511258294,2758.5852980149944,99.92506484326844,3.1676083139444025,High,3.1676083139444025,train
1.263427734375,10.418701171875,113.385143922642,3826.44653320313,100.0,0.895939111709595,Medium,0.895939111709595,test
1.763916015625,4.57763671875,3.23957554064691,2748.47030639648,100.0,1.13503408432007,Medium,1.13503408432007,train
1.1474609375,11.053466796875,136.06217270717,2751.90353393555,100.0,0.462801158428192,Medium,0.462801158428192,val
0.751540627539099,13.226384252273624,3200.6886165726905,2755.8298135689324,99.98579362827418,0.8834287611070428,High,0.8834287611070428,val
1.23291015625,12.860107421875,3.23957554064691,605.907440185547,100.0,0.14416341483593,Low,0.14416341483593,test
1.25732421875,8.94775390625,294.801374198869,3821.98333740234,100.0,0.492113173007965,High,0.492113173007965,test
10.539047383831509,13.921163339973706,4156.36802962345,2498.8918601604964,100.0306645742869,1.0903026743232465,High,1.0903026743232465,train
1.763916015625,6.427001953125,22.6770287845284,2613.88778686523,94.9999988079071,2.17703104019165,Medium,2.17703104019165,train
1.1450437543548058,1.2790732854185594,3.226071564792396,2758.1973794975315,99.95877035509535,5.730281040279485,High,5.730281040279485,test
0.76904296875,13.671875,3.23957554064691,605.621337890625,100.0,0.164888858795166,Low,0.164888858795166,train
0.8216821045036843,13.147957130135346,5105.577283416007,2761.428870525848,100.05981864900964,1.3397348859490943,High,1.3397348859490943,val
1.147870289639637,9.108863679090332,-207.35450101935552,2615.875503019613,94.9260364971213,1.150435550133175,High,1.150435550133175,test
1.6357421875,11.9873046875,9.71872662194073,2749.32861328125,100.0,0.356259882450104,Medium,0.356259882450104,val
1.190185546875,12.481689453125,35.635330947116,605.964660644531,100.0,0.0717060416936874,Low,0.0717060416936874,test
0.9765625,9.503173828125,48.5936331097037,2755.22232055664,100.0,0.48157012462616,Medium,0.48157012462616,train
1.617431640625,15.374755859375,158.739201491699,2999.15313720703,100.0,0.296270757913589,Low,0.296270757913589,train
1.275634765625,6.085205078125,1571.19413721375,2754.82177734375,100.0,2.12265181541443,Medium,2.12265181541443,train
1.8167372623603808,10.03039568109866,1266.6057961379945,2756.583285807571,100.02104761736798,2.943006616825343,High,2.943006616825343,train
1.983574996924272,3.810584037694775,-45.42298735947326,3799.834233931929,99.91787028168352,0.0541712590912326,High,0.0541712590912326,train
1.494124632031386,7.20890143447726,126.29618221839276,3990.144990493252,104.9521055404486,8.652102189205214,High,8.652102189205214,train
11.69315750895336,15.328886214675885,5160.725392629378,2699.017933652475,99.95753446635698,0.1609066554915481,High,0.1609066554915481,train
0.7765102610379969,1.410382718350333,6.470022237815485,2754.4491489728675,100.00033977689333,0.3442485343640019,High,0.3442485343640019,val
1.702880859375,12.5732421875,51.8332086503506,1990.18478393555,100.0,0.839875221252441,Medium,0.839875221252441,val
0.714111328125,5.755615234375,259.166043251753,3064.78500366211,100.0,3.966952085495,High,3.966952085495,train
3.359088843174919,1.7607826805670557,-353.1898712629596,1989.9749208709047,99.97630627178002,2.5092413730484946,High,2.5092413730484946,train
1.177978515625,6.982421875,-3.23957554064691,3798.92349243164,100.0,2.45509457588196,High,2.45509457588196,test
1.67236328125,12.615966796875,3.23957554064691,605.792999267578,100.0,0.0082210386171937,Low,0.0082210386171937,train
1.1198583323682978,14.5648716629846,6190.89733000121,3825.7639202571177,100.03698185108011,3.696030368423587,High,3.696030368423587,val
0.98876953125,2.972412109375,19.4374532438815,3816.03240966797,100.0,2.12559199333191,Medium,2.12559199333191,train
1.544189453125,8.551025390625,139.301748247817,3977.45132446289,100.0,0.164354920387268,Medium,0.164354920387268,train
6.377255817495839,8.798370239826493,2578.706735707956,605.8689782757075,99.96443593710302,0.2414129216093324,High,0.2414129216093324,test
1.77001953125,8.0322265625,19.4374532438815,2611.99951171875,94.9999988079071,1.27223289012909,Medium,1.27223289012909,train
2.9478485578367875,2.552250311747116,-738.6325322369989,1000.1974218592944,100.00551170428172,0.4409934877947319,High,0.4409934877947319,train
1.123046875,15.00244140625,155.499625951052,5000.26702880859,100.0,2.46643757820129,Medium,2.46643757820129,train
1.37939453125,0.506591796875,-9.71872662194073,2751.27410888672,100.0,1.53969609737396,Medium,1.53969609737396,train
1.0498046875,10.4736328125,51.8332086503506,2763.40484619141,100.0,0.730460822582245,Medium,0.730460822582245,train
1.495361328125,1.08642578125,3.23957554064691,2903.36608886719,104.999995231628,2.18924140930176,Medium,2.18924140930176,train
0.543212890625,10.83984375,55.0727841909975,2672.48153686523,100.0,0.382779866456985,Medium,0.382779866456985,train
4.668732318036192,8.309512210970746,1143.534970394944,775.3922841045577,99.88143890676552,0.4247003921811579,High,0.4247003921811579,train
2.2341970842032186,10.974682950110312,-780.7021048578044,420.1709570132665,100.02818410437511,0.146436093092589,High,0.146436093092589,train
1.08642578125,13.17138671875,3.23957554064691,605.964660644531,100.0,0.163393571972847,Low,0.163393571972847,test
1.5380859375,7.354736328125,32.3957554064691,2751.96075439453,100.0,2.65141415596008,Medium,2.65141415596008,train
0.860595703125,25.4150390625,7295.52411753684,2700.17623901367,100.0,1.21765804290771,High,1.21765804290771,val
1.007080078125,1.751708984375,217.051561223343,2611.25564575195,94.9999988079071,1.25625288486481,Medium,1.25625288486481,test
0.848388671875,13.824462890625,3.23957554064691,606.136322021484,100.0,0.24114353954792,Low,0.24114353954792,test
0.677490234375,13.006591796875,3.23957554064691,606.021881103516,100.0,0.153879806399345,Low,0.153879806399345,test
0.7691477687524801,14.856909722338608,3330.3497937984744,1989.533747897601,100.09144927302373,0.7798318831715179,High,0.7798318831715179,train
0.726318359375,11.773681640625,9.71872662194073,3977.39410400391,100.0,0.21409484744072,Medium,0.21409484744072,train
0.3711067705115529,23.65780516141792,6151.906883779559,2760.189390423056,99.98245952812056,3.544651207282644,High,3.544651207282644,train
1.153564453125,1.5625,-6.47915108129382,2763.91983032227,100.0,0.283118098974228,Medium,0.283118098974228,train
1.446533203125,10.04638671875,45.3540575690567,2902.33612060547,104.999995231628,5.26927423477173,Medium,5.26927423477173,train
0.8209609908954326,5.776327195321911,259.2098442991164,3064.831131001111,99.97745258042806,3.989519411783371,High,3.989519411783371,test
1.348876953125,11.627197265625,3936.084281886,3989.75372314453,104.999995231628,0.915466070175171,High,0.915466070175171,train
1.483154296875,8.50830078125,42.1144820284098,2756.76727294922,100.0,2.2524995803833,Medium,2.2524995803833,test
0.885009765625,9.283447265625,48.5936331097037,2754.6501159668,100.0,0.83525425195694,Medium,0.83525425195694,train
2.359638894700409,9.16869378633496,647.8560140500931,2754.499939010852,99.94625051747282,1.0443522329797197,High,1.0443522329797197,train
1.359257333253914,11.804190976016535,4185.554294779028,3756.070056532052,100.08811525276872,15.535485827744546,High,15.535485827744546,test
2.320572597004156,9.059091027045207,647.8496569868925,2754.5948967157537,100.04369978090844,0.9646671623806814,High,0.9646671623806814,train
1.1474609375,6.707763671875,16.1978777032346,2749.04251098633,100.0,1.0096333026886,Medium,1.0096333026886,val
0.556801457029125,15.556750900939322,6637.9822067258,3825.674659464946,99.99324109754004,0.5098484181970638,High,0.5098484181970638,train
1.01318359375,8.8623046875,45.3540575690567,2893.46694946289,104.999995231628,0.877123296260834,Medium,0.877123296260834,test
0.96435546875,12.518310546875,9.71872662194073,3979.05349731445,100.0,0.397312998771667,Low,0.397312998771667,train
2.33754633807169,2.3047201135713107,-51.72927956044188,2768.284909473932,99.91743810452172,0.518480109685363,High,0.518480109685363,train
1.165771484375,13.7939453125,6.47915108129382,606.0791015625,100.0,0.131207793951035,Low,0.131207793951035,test
1.4892578125,1.739501953125,6.47915108129382,2754.93621826172,100.0,1.47736263275146,Medium,1.47736263275146,test
1.35498046875,13.51318359375,3.23957554064691,605.850219726563,100.0,0.170454412698746,Low,0.170454412698746,val
1.915522784448564,7.007835901405272,-220.27501362938887,2754.1724064544323,99.93660849650098,2.021803669950621,High,2.021803669950621,val
0.7100750304419787,10.274964158764046,51.78400929423462,3803.052212225685,99.93831440306371,3.0742106036972943,High,3.0742106036972943,val
0.994873046875,14.080810546875,6.47915108129382,606.136322021484,100.0,0.135352715849876,Low,0.135352715849876,train
1.348876953125,2.34375,-45.3540575690567,3821.06781005859,100.0,2.7739839553833,Medium,2.7739839553833,test
1.2451171875,9.295654296875,3.23957554064691,605.964660644531,100.0,0.291988879442215,Low,0.291988879442215,test
0.933837890625,0.8056640625,3.23957554064691,2759.74273681641,100.0,3.09071207046509,Medium,3.09071207046509,train
1.52587890625,32.342529296875,8037.38691634499,2749.1569519043,100.0,2.14212203025818,High,2.14212203025818,train
1.470947265625,2.42919921875,-61.5519352722913,3666.40090942383,100.0,0.112590700387955,High,0.112590700387955,train
1.01318359375,0.8544921875,3.23957554064691,2754.53567504883,100.0,1.02253592014313,Medium,1.02253592014313,train
1.3926104968273936,7.175635610124739,126.28719840461387,3990.159113726757,104.93686059728464,8.68954410846144,High,8.68954410846144,train
0.55094199541522,16.362451490072075,3427.5064312649315,2835.883609020816,104.97245937552498,0.3621953616434928,High,0.3621953616434928,train
2.264404296875,2.960205078125,-307.759676361457,2756.53839111328,100.0,1.69503951072693,High,1.69503951072693,train
1.1703113540718633,0.7865953768614996,3.14459808603595,2756.250822792766,100.03334428396757,1.5280484349411347,High,1.5280484349411347,train
0.7080078125,1.2939453125,6.47915108129382,2754.30679321289,100.0,1.19368433952332,Medium,1.19368433952332,train
1.3671875,2.587890625,106.905992841348,2769.18411254883,100.0,1.3443204164505,Medium,1.3443204164505,train
1.6473358601381487,11.71578314498774,3437.16630045345,3713.2395767322446,100.0823571824016,11.485546681501038,High,11.485546681501038,train
1.15966796875,13.177490234375,3.23957554064691,605.907440185547,100.0,0.148623734712601,Low,0.148623734712601,train
2.9541015625,2.5390625,-738.623223267496,1000.27084350586,100.0,0.417966067790985,High,0.417966067790985,train
1.617431640625,0.7568359375,-12.9583021625876,2755.96618652344,100.0,1.357590675354,Medium,1.357590675354,val
1.42822265625,10.888671875,48.5936331097037,2903.82385253906,104.999995231628,0.0470333248376846,Medium,0.0470333248376846,train
1.6213636265195084,10.91997796704503,178.21786815600203,2749.8903786969468,100.04701362797051,2.2567188359566925,High,2.2567188359566925,test
3.2167772847295693,10.444219428905829,174.92161642010592,605.9677595197472,100.0607695059247,0.0743060513548383,High,0.0743060513548383,train
1.4892578125,13.17138671875,3.23957554064691,605.964660644531,100.0,0.316897213459015,Low,0.316897213459015,train
0.640869140625,10.1806640625,51.8332086503506,3809.62371826172,100.0,0.955464839935303,Medium,0.955464839935303,val
1.52587890625,0.860595703125,-29.1561798658222,2765.57922363281,100.0,5.35276556015015,High,5.35276556015015,train
1.96533203125,12.811279296875,317.478402983397,2499.56130981445,100.0,2.66035437583923,High,2.66035437583923,train
1.9909992494052755,4.003096943484247,-16.28553270030077,2615.1579533485947,95.03659441468268,1.364144654612827,High,1.364144654612827,test
0.830078125,11.97509765625,71.270661894232,2803.23028564453,104.999995231628,4.31852006912231,Medium,4.31852006912231,train
1.739501953125,1.446533203125,6.47915108129382,2613.20114135742,94.9999988079071,3.10910224914551,Medium,3.10910224914551,train
8.940218654583044,1.9693521637215765,-132.86399168346745,2499.6974603957888,99.9935534305308,2.3895912845757943,High,2.3895912845757943,train
1.4027813778984195,0.8260054727027196,-29.168725102291585,2766.8134779675074,99.98213746606994,5.329342100834874,High,5.329342100834874,val
1.46484375,5.7373046875,22.6770287845284,1989.32647705078,100.0,0.890413403511047,High,0.890413403511047,train
1.300048828125,6.60400390625,217.051561223343,419.712066650391,100.0,0.0674108043313026,Low,0.0674108043313026,test
2.265214238643253,4.529914241441999,-174.98360256663173,2760.340535684056,100.13796838389436,0.6683905665586557,High,0.6683905665586557,val
1.35498046875,13.336181640625,3.23957554064691,605.964660644531,100.0,0.0068601532839238,Low,0.0068601532839238,train
1.4398442528248503,13.866396064432102,5044.058845141539,2761.326205350677,99.96581685095722,2.364863460296852,High,2.364863460296852,train
2.3988576326531152,4.030905374700286,-45.44345458925736,3046.5993796153543,110.03247373790876,1.564019042037074,High,1.564019042037074,train
6.396484375,9.31396484375,123.103870544583,606.0791015625,100.0,0.0361724346876144,Medium,0.0361724346876144,test
1.422119140625,11.712646484375,132.822597166523,2766.49475097656,100.0,1.85628080368042,High,1.85628080368042,train
2.2392744478131146,5.984418682156289,-9.731598440961813,2834.553257201389,104.96821772269864,0.7420277297729636,High,0.7420277297729636,test
1.678466796875,1.800537109375,6.47915108129382,2747.61199951172,100.0,1.49803173542023,Medium,1.49803173542023,test
1.861572265625,16.1376953125,165.218352572992,3001.49917602539,100.0,0.907329440116882,High,0.907329440116882,test
1.397705078125,11.87744140625,4185.53159851581,3756.06536865234,100.0,15.5132722854614,High,15.5132722854614,train
2.057584077366301,2.265286108905743,822.8753693545403,2561.175917510772,100.03365504303196,13.460094441285062,High,13.460094441285062,test
1.812744140625,14.276123046875,145.780899329111,2999.89700317383,100.0,1.56579065322876,Medium,1.56579065322876,val
1.7578125,10.723876953125,667.352561373264,1000.15640258789,100.0,0.972742080688477,Medium,0.972742080688477,test
1.483154296875,7.03125,29.1561798658222,2754.42123413086,100.0,3.32913398742676,Medium,3.32913398742676,val
1.4213777267794263,7.124398623036666,126.31988322096976,3990.1786679445663,104.9424625972262,8.708927713186593,High,8.708927713186593,train
0.897216796875,5.33447265625,275.363920954987,2998.46649169922,100.0,2.9936683177948,Medium,2.9936683177948,val
0.091552734375,23.223876953125,5345.2996420674,3977.90908813477,100.0,3.10103797912598,Low,3.10103797912598,train
0.9858613358767456,2.0175595681466,29.134631974307016,2768.251506355364,100.03947944504132,0.2126007211564946,High,0.2126007211564946,train
1.1319382256021575,12.944910600519092,3255.676193222967,3826.0665305246193,99.99741084499266,2.3594479528590995,High,2.3594479528590995,train
0.7639062929877456,13.148307039637109,3200.725133119687,2755.832307085555,99.98390374142616,0.9063418541304288,High,0.9063418541304288,train
6.342783528140578,8.785643425843967,2578.7438318363493,605.8183469498276,99.98071491425236,0.2767598892409699,High,0.2767598892409699,train
1.803311678475724,7.809929116704982,6.504710541898533,778.0237761421402,99.9627948903244,0.2475523663098324,High,0.2475523663098324,train
3.179931640625,4.01611328125,-6.47915108129382,1000.32806396484,100.0,0.647867679595947,Medium,0.647867679595947,test
1.94091796875,13.519287109375,3.23957554064691,605.964660644531,100.0,0.241129383444786,Low,0.241129383444786,test
1.934814453125,9.41162109375,541.009115288034,2752.41851806641,100.0,0.257172375917435,Medium,0.257172375917435,train
1.446533203125,2.587890625,-6.47915108129382,2751.50299072266,100.0,0.0534996800124645,Medium,0.0534996800124645,train
1.763916015625,7.086181640625,139.301748247817,2611.54174804688,94.9999988079071,1.15939831733704,Medium,1.15939831733704,train
1.568603515625,13.0126953125,4629.35344758444,3727.68402099609,104.999995231628,1.94280195236206,High,1.94280195236206,test
0.872802734375,8.70361328125,42.1144820284098,2760.71548461914,100.0,2.14711403846741,Medium,2.14711403846741,val
1.617431640625,12.652587890625,268.884769873694,1989.84146118164,100.0,0.424868494272232,Medium,0.424868494272232,test
1.3015056764919215,8.975313975380368,294.7799737898028,3821.9938319487446,100.00998126140064,0.4545636451607913,High,0.4545636451607913,train
1.5625,1.45263671875,3.23957554064691,2752.99072265625,100.0,2.58160948753357,Medium,2.58160948753357,val
1.0009765625,9.77783203125,48.5936331097037,2754.6501159668,100.0,1.47373247146606,Medium,1.47373247146606,val
1.812744140625,9.344482421875,61.5519352722913,4244.89974975586,100.0,1.92511546611786,Medium,1.92511546611786,train
1.4249699515898815,6.73595481497258,2568.949865525024,2617.857498845749,95.00869413935088,0.6209726327493054,High,0.6209726327493054,val
11.6943359375,15.3076171875,5160.64383625053,2699.03182983398,100.0,0.164953738451004,High,0.164953738451004,train
2.117919921875,1.251220703125,-9.71872662194073,2902.2216796875,104.999995231628,2.49716854095459,High,2.49716854095459,train
0.48828125,3.16162109375,-12.9583021625876,3815.68908691406,100.0,2.69103527069092,Medium,2.69103527069092,train
1.72119140625,12.091064453125,3.23957554064691,606.021881103516,100.0,0.24164491891861,Low,0.24164491891861,val
2.01416015625,3.863525390625,-45.3540575690567,3799.83901977539,100.0,0.0029058838263154,High,0.0029058838263154,val
1.502748525926484,12.235572198656216,3874.543930022058,2700.757002828683,100.04243697809484,0.5123579170309397,High,0.5123579170309397,train
1.226806640625,1.47705078125,6.47915108129382,2758.59832763672,100.0,0.575705826282501,Medium,0.575705826282501,train
1.788330078125,3.814697265625,68.0310863535851,1989.72702026367,100.0,1.79123592376709,Medium,1.79123592376709,train
1.416015625,9.1796875,45.3540575690567,2754.76455688477,100.0,1.4135285615921,Medium,1.4135285615921,train
1.617431640625,12.1826171875,6.47915108129382,4999.58038330078,100.0,1.61460030078888,Medium,1.61460030078888,train
1.556396484375,8.319091796875,336.915856227279,1093.94073486328,100.0,1.52739918231964,Medium,1.52739918231964,train
10.57386162549332,13.961788521749853,4156.3689391777725,2499.046329175361,99.93108537754502,1.0639202925558,High,1.0639202925558,train
1.4892578125,11.1083984375,51.8332086503506,2902.10723876953,104.999995231628,2.3591194152832,High,2.3591194152832,train
2.1484375,11.663818359375,3.23957554064691,605.964660644531,100.0,0.0322866700589657,Low,0.0322866700589657,test
0.2621874516929112,23.46055161446542,6420.795762563083,2770.0879959481063,100.06486151930922,1.9820561645421355,High,1.9820561645421355,train
1.2798585495612242,6.259918673488203,-3.252538390083352,2754.83253179387,99.91658077756138,1.3828062497758389,High,1.3828062497758389,train
3.1762455577403266,15.916332437025298,6103.433866216095,3699.162013741662,99.94027169849672,10.271349676314616,High,10.271349676314616,train
1.531982421875,12.4755859375,936.237331246957,606.0791015625,100.0,0.0361633449792862,Low,0.0361633449792862,train
1.66015625,14.947509765625,174.937079194933,999.755859375,100.0,0.912410140037537,Medium,0.912410140037537,train
1.678466796875,11.77978515625,12.9583021625876,3978.1379699707,100.0,1.51715660095215,Medium,1.51715660095215,train
6.793212890625,13.836669921875,4396.10400865786,1589.75601196289,100.0,0.829766869544983,High,0.829766869544983,test
1.13525390625,2.60009765625,-45.3540575690567,3826.73263549805,100.0,2.34442758560181,Low,2.34442758560181,val
1.7065171597711408,6.491073182126928,1337.9417590950954,1899.838041807724,100.01117923563558,1.4226862498904964,High,1.4226862498904964,train
1.226806640625,11.572265625,366.072036093101,2763.51928710938,100.0,0.71654337644577,Medium,0.71654337644577,train
1.1934460920149532,22.23668877431735,3197.447125308754,2473.365570097465,90.00150123000002,0.0319673265484345,High,0.0319673265484345,val
0.347900390625,11.95068359375,97.1872662194073,2670.99380493164,100.0,1.41396987438202,Medium,1.41396987438202,train
2.294921875,3.204345703125,1224.55955436453,3045.73059082031,110.000002384186,0.76450651884079,High,0.76450651884079,test
2.47802734375,4.156494140625,-45.3540575690567,3046.58889770508,110.000002384186,1.51029300689697,High,1.51029300689697,val
1.141357421875,6.744384765625,531.290388666093,3990.49758911133,104.999995231628,0.891383290290833,Low,0.891383290290833,test
1.7013038645557732,13.921296494029932,4677.94350006576,3978.2188844338025,100.04360052561964,18.89387019457966,High,18.89387019457966,train
8.148193359375,10.198974609375,1088.49738165736,605.735778808594,100.0,0.191056355834007,Medium,0.191056355834007,train
1.125474412816816,2.0782489169841547,29.10574134303367,2768.277570060201,100.02750059046204,0.1571044432427335,High,0.1571044432427335,val
2.25830078125,10.638427734375,3.23957554064691,606.0791015625,100.0,0.0534895025193691,Low,0.0534895025193691,train
1.0498046875,12.664794921875,3.23957554064691,605.907440185547,100.0,0.127157911658287,Low,0.127157911658287,train
0.531005859375,13.61083984375,6.47915108129382,605.907440185547,100.0,0.0777778178453445,Low,0.0777778178453445,train
3.5691909378219693,2.6007480255993367,-22.620193603068355,2756.347525071999,100.09742473549228,3.6387577223296126,High,3.6387577223296126,train
1.2265020588348752,11.644712535586308,375.823789501432,2625.44534885556,104.9527934867691,0.2819164231875039,High,0.2819164231875039,train
9.0576171875,5.133056640625,168.457928113639,3800.1823425293,100.0,0.294224739074707,High,0.294224739074707,val
1.46484375,11.444091796875,3.23957554064691,605.792999267578,100.0,0.0773100703954697,Low,0.0773100703954697,train
1.3364984544830651,1.3493290643631113,25.94485049488314,2756.179566963378,99.98810731500772,4.065627844335373,High,4.065627844335373,val
1.15966796875,1.11083984375,3.23957554064691,2893.12362670898,104.999995231628,0.280537962913513,High,0.280537962913513,val
1.6845703125,17.279052734375,178.17665473558,1000.15640258789,100.0,0.907536745071411,Medium,0.907536745071411,val
1.45263671875,9.637451171875,6.47915108129382,2903.13720703125,104.999995231628,3.27483105659485,Medium,3.27483105659485,val
1.1962890625,10.418701171875,3.23957554064691,606.250762939453,100.0,0.0905598923563957,Low,0.0905598923563957,test
1.5136441874458746,4.82845483729158,926.5107110411864,2753.6618751891824,99.96162657995,2.247487034548693,High,2.247487034548693,train
3.173828125,12.68310546875,4033.2715481054,2498.98910522461,100.0,1.09163224697113,High,1.09163224697113,val
0.543212890625,12.127685546875,6.47915108129382,605.678558349609,100.0,0.0425022915005684,Low,0.0425022915005684,val
1.5710564678345973,21.926948885084485,1697.5724164603955,2499.2607639872467,100.01791339988225,3.0108139628834336,High,3.0108139628834336,val
1.962509169088272,12.394187226827915,375.7519653589772,2625.8193688715337,104.9695791961698,0.3769287932890067,High,0.3769287932890067,test
1.0815043019708186,9.245974517421889,-320.7395114294453,2755.450714400681,99.95768836653755,0.2895888053718766,High,0.2895888053718766,train
2.5470994950725565,33.36838174153858,9171.262655973876,4244.487449450054,100.0194988303109,2.076081276062376,High,2.076081276062376,train
1.5163179043969817,12.382802149969706,1159.7650978795375,999.8362537326964,99.96656842950928,1.3076583590971191,High,1.3076583590971191,val
2.3299724871288285,4.978734243294014,35.61927145078391,7.935906273383719,100.04246661199114,0.0181152245115239,High,0.0181152245115239,train
1.068115234375,13.04931640625,6.47915108129382,606.021881103516,100.0,0.129594624042511,Low,0.129594624042511,train
0.872802734375,14.9169921875,6.47915108129382,606.136322021484,100.0,0.0442844144999981,Low,0.0442844144999981,test
1.94091796875,10.26611328125,3.23957554064691,606.021881103516,100.0,0.255163192749023,Low,0.255163192749023,train
1.800537109375,6.15234375,-952.435208950192,2749.61471557617,100.0,2.33458828926086,High,2.33458828926086,test
1.5123491083810527,3.993936275470439,-32.40877203700806,3799.175487278872,99.9038219295861,0.897109181012741,High,0.897109181012741,train
1.6276444144968656,12.125872266114394,3874.517461299373,2700.7336141197898,100.00829834297748,0.6023711318381892,High,0.6023711318381892,test
1.0986328125,13.629150390625,3.23957554064691,605.964660644531,100.0,0.0795252025127411,Low,0.0795252025127411,val
2.444208951036649,6.403778573816112,-294.85861021827543,2699.7028998733485,99.98077768147093,2.3338830897791247,High,2.3338830897791247,test
1.031494140625,13.34228515625,3.23957554064691,605.735778808594,100.0,0.0174481421709061,Low,0.0174481421709061,train
2.0215295493193035,3.5061279049695337,-45.28473382276167,3989.663552643469,105.05668696339912,0.5216762394061615,High,0.5216762394061615,train
2.4533584921815863,10.82292190955156,-725.6834473677139,3800.154408368114,100.08067894207628,0.7016754304796626,High,0.7016754304796626,train
1.6224636307998108,7.379694818113248,71.32020456569373,2758.6379580093494,100.07005575539829,3.646171670151494,High,3.646171670151494,val
0.5211628011206009,29.08889911996506,5491.176872134034,2617.0769881628166,94.9656283278998,0.3927851247794994,High,0.3927851247794994,val
2.0263671875,2.0751953125,-58.3123597316444,2612.68615722656,94.9999988079071,0.944627642631531,High,0.944627642631531,train
1.08642578125,11.328125,1425.41323788464,4245.4719543457,100.0,2.60175347328186,High,2.60175347328186,train
0.714111328125,3.89404296875,-9.71872662194073,999.870300292969,100.0,1.60181498527527,Medium,1.60181498527527,train
1.373291015625,11.82861328125,3.23957554064691,606.021881103516,100.0,0.171910747885704,Low,0.171910747885704,train
1.2606659063100916,1.399234890731928,25.960963058029783,2756.0817762489683,100.09952771322546,4.206843246895971,High,4.206843246895971,test
1.6845703125,6.94580078125,129.583021625876,2614.57443237305,94.9999988079071,0.52927953004837,Medium,0.52927953004837,test
1.226806640625,8.23974609375,35.635330947116,3063.81225585938,100.0,2.73268795013428,Medium,2.73268795013428,train
0.5728741048207562,6.545809068809439,-683.5648619213952,2611.782629891644,95.00185477361111,1.4019459268659085,High,1.4019459268659085,train
1.1751409525823917,7.422991291739248,-12.961930802774612,2749.0224011074656,99.95396425787403,2.978395159982696,High,2.978395159982696,train
1.3469776269300238,15.177604872916028,6799.826344306467,5000.317654255056,99.97585830958629,3.01455795700696,High,3.01455795700696,val
0.445556640625,9.375,48.5936331097037,2680.72128295898,100.0,2.20186114311218,Medium,2.20186114311218,train
1.422119140625,7.36083984375,-3.23957554064691,606.250762939453,100.0,0.0719374939799309,Low,0.0719374939799309,val
2.439808201884384,9.278733540234096,-920.03411276547,3800.407813736144,99.98940101740055,2.873152277137002,High,2.873152277137002,train
3.3970061022435054,1.7862974878099989,-353.17197850386634,1989.8175961111508,99.980716846783,2.504634005572631,High,2.504634005572631,train
1.942919190352796,2.624669359868021,-534.5114493671877,3799.537920288844,100.01821450129997,6.947905455157232,High,6.947905455157232,train
0.799560546875,13.232421875,3200.70063415915,2755.85174560547,100.0,0.862719178199768,High,0.862719178199768,train
1.5606614552224307,5.142298953304107,81.01300553901127,2747.670584527776,99.96348269186028,2.334305948409372,High,2.334305948409372,train
0.5357252511460038,15.300627559169849,5380.962630946334,3137.1468257005654,105.01682538843754,15.8452913187735,High,15.8452913187735,train
0.994873046875,12.713623046875,3.23957554064691,606.021881103516,100.0,0.496286928653717,Low,0.496286928653717,train
0.750732421875,13.580322265625,3.23957554064691,605.850219726563,100.0,0.383144110441208,Low,0.383144110441208,test
2.520577482591517,9.021318174298798,-84.27867173870271,2767.665528273758,100.0316387858648,3.13989145914808,High,3.13989145914808,train
1.215619922003531,6.911269563450347,-3.2410594067343825,3798.968181473138,99.9938996590725,2.500602818312125,High,2.500602818312125,test
0.3468603888944478,23.167944210704245,5620.743256166443,3820.986049433977,100.0401038049108,1.3325060552082637,High,1.3325060552082637,train
2.05078125,10.41259765625,3.23957554064691,605.792999267578,100.0,0.242518126964569,Low,0.242518126964569,train
1.434326171875,10.97412109375,9.71872662194073,2755.05065917969,100.0,0.296645909547806,Medium,0.296645909547806,train
1.4124768518208,11.076450870317338,268.8902979161184,3977.6608489034,99.9899813444314,4.0576889086451775,High,4.0576889086451775,train
1.15966796875,1.531982421875,-6.47915108129382,2764.60647583008,100.0,0.0949663072824478,Medium,0.0949663072824478,train
1.4618780930121007,1.806551794214884,-955.6652860876184,2768.3131695656925,100.03835649355229,2.091711118635608,High,2.091711118635608,train
2.292808146225012,8.472260321876776,-304.45435682498766,2770.0318064958283,99.9179620979858,0.7238850185818845,High,0.7238850185818845,train
0.897216796875,12.95166015625,3.23957554064691,606.136322021484,100.0,0.159289702773094,Low,0.159289702773094,train
2.2697229802935697,9.134431032941851,-359.6132855689637,2892.859709526336,104.99003996362954,4.076801588829589,High,4.076801588829589,train
0.323486328125,14.208984375,-450.301000149921,2755.10787963867,100.0,0.055246826261282,High,0.055246826261282,test
0.7332791739255965,5.83631798765063,259.2345848943621,3064.698170077707,99.9436437641599,3.902249796289067,High,3.902249796289067,train
1.1953177142598004,7.290372392212369,375.7077205109601,3001.029000468131,100.13609407459838,1.8556468851321024,High,1.8556468851321024,train
3.0028098522649884,2.46427084851483,-738.5067828783709,1000.2630375176046,100.01469624661976,0.4004654420319926,High,0.4004654420319926,test
1.7578125,8.795166015625,456.780151231214,4999.58038330078,100.0,1.85771501064301,Medium,1.85771501064301,val
1.9511671946578248,15.226805857505935,6472.676716539737,3800.368379568569,99.96277106631342,2.6724540917360087,High,2.6724540917360087,val
1.1474609375,10.1318359375,19.4374532438815,2891.52145385742,104.999995231628,0.0976920202374458,Medium,0.0976920202374458,val
1.336669921875,13.751220703125,9.71872662194073,722.923278808594,100.0,0.355789750814438,Low,0.355789750814438,train
0.946044921875,14.605712890625,6.47915108129382,606.021881103516,100.0,0.177009209990501,Low,0.177009209990501,train
1.11083984375,10.19287109375,61.5519352722913,2756.88171386719,100.0,3.14703273773193,Medium,3.14703273773193,train
0.933837890625,13.037109375,3.23957554064691,605.964660644531,100.0,0.113210462033749,Low,0.113210462033749,train
1.024432548605242,6.437171088883816,-1159.7680781942745,4012.603351094891,104.96477134178046,1.6197738823195718,High,1.6197738823195718,train
1.123046875,9.600830078125,2407.00462670065,2998.80981445313,100.0,3.30365419387817,High,3.30365419387817,test
1.3427734375,9.3017578125,1451.32984220982,3978.36685180664,100.0,1.33671569824219,High,1.33671569824219,train
1.4504676830818202,5.718220347944462,22.60855629734384,1989.2992285475525,100.05633051637388,0.9577562525892253,High,0.9577562525892253,train
1.86767578125,1.263427734375,16.1978777032346,2612.28561401367,94.9999988079071,0.152512758970261,Medium,0.152512758970261,train
1.28173828125,10.8154296875,236.489014467224,2763.34762573242,100.0,1.76946604251862,Medium,1.76946604251862,train
1.3611574028356292,9.147183292584335,1159.734438679671,3799.257037144154,99.98853716431024,3.349673366762162,High,3.349673366762162,train
1.13525390625,8.60595703125,42.1144820284098,2758.14056396484,100.0,3.26184558868408,Medium,3.26184558868408,train
1.678466796875,14.56298828125,9.71872662194073,723.2666015625,100.0,0.0693628415465355,Low,0.0693628415465355,train
1.9856254381550933,12.40798168187472,375.9182662013597,2625.782249322838,105.00913417132124,0.4685961806657167,High,0.4685961806657167,train
1.666259765625,13.665771484375,139.301748247817,5000.55313110352,100.0,1.72640371322632,Medium,1.72640371322632,train
0.567626953125,15.338134765625,5380.93497301452,3137.05444335938,104.999995231628,15.9209413528442,High,15.9209413528442,val
9.486805118337058,11.558837368461475,1486.968323886706,2499.948097675431,99.9891315556754,1.496507226432042,High,1.496507226432042,val
33.18491537522007,4.608931514077107,6109.915172793141,3411.2666498460417,99.94546393481544,2.9564112692601063,High,2.9564112692601063,train
2.484755808183685,2.1137365440023483,-110.16100476862138,2766.491965406685,100.01003396838696,0.9178421913898084,High,0.9178421913898084,train
2.431829417358764,4.434009871226047,-259.18762550384906,3799.141406604699,100.01583363762902,2.1801096851329835,High,2.1801096851329835,train
2.132446381492116,4.961157688947401,-1373.5418466644242,3991.0050820349848,104.92881839352714,2.550182996502941,High,2.550182996502941,test
1.171875,9.075927734375,48.5936331097037,2754.59289550781,100.0,1.58761596679688,Medium,1.58761596679688,test
0.933837890625,3.619384765625,9.71872662194073,2765.80810546875,100.0,2.24035382270813,High,2.24035382270813,train
0.994873046875,5.218505859375,-3.23957554064691,3989.98260498047,104.999995231628,1.56877863407135,High,1.56877863407135,val
1.5380859375,5.108642578125,80.9893885161728,2747.6692199707,100.0,2.35524368286133,High,2.35524368286133,train
1.204119555798115,8.96283653753857,294.84100965647565,3821.9642459158417,100.03739982177282,0.4632131158343469,High,0.4632131158343469,train
1.177978515625,4.876708984375,9.71872662194073,5000.6103515625,100.0,1.72776389122009,Medium,1.72776389122009,val
1.5068545090932397,2.9265772763465496,-12.883690464666278,2751.245500817022,100.0103521658548,2.293641303312252,High,2.293641303312252,val
1.77001953125,2.1484375,-48.5936331097037,2764.94979858398,100.0,3.17176032066345,Medium,3.17176032066345,train
0.7162834831818998,5.746158317379187,259.1135558377176,3064.8034682870416,100.02610290751606,4.048429515683234,High,4.048429515683234,train
1.416015625,5.8837890625,38.8749064877629,2769.01245117188,100.0,2.50128078460693,Medium,2.50128078460693,train
1.407675271699165,3.76286390129636,-864.9291109616914,2618.4325193802406,95.03024891221185,1.3199601246392072,High,1.3199601246392072,train
1.15966796875,10.980224609375,3.23957554064691,605.964660644531,100.0,0.187153503298759,Low,0.187153503298759,train
1.1135927091485909,14.580549756366002,6190.8218276985,3825.686219135509,100.0965166889768,3.728372779017747,High,3.728372779017747,train
0.994873046875,14.2822265625,6.47915108129382,605.964660644531,100.0,0.179928943514824,Low,0.179928943514824,train
1.7127204861785694,21.91276234361565,8154.01632031983,2756.591597452693,99.94092030323276,3.0531248255223566,High,3.0531248255223566,train
1.5059187978720183,1.8403785039373493,-955.6989523861054,2768.4351017577496,100.0054637201236,2.157844417718586,High,2.157844417718586,train
1.641845703125,11.8408203125,3.23957554064691,605.735778808594,100.0,0.186607033014297,Low,0.186607033014297,train
1.81884765625,7.794189453125,6.47915108129382,777.969360351563,100.0,0.223294079303741,High,0.223294079303741,train
1.47705078125,14.300537109375,6.47915108129382,605.907440185547,100.0,0.493186086416245,Low,0.493186086416245,val
1.2675025702354108,10.027673287262608,48.5744359033426,2757.482704004018,99.95028168482956,1.603030900114836,High,1.603030900114836,train
8.25222693444813,3.820122568168691,453.56174493526055,4244.925145894353,100.07056804244588,1.437317757985898,High,1.437317757985898,train
1.7959109967978504,7.872183320062627,6.553918137832063,778.0887414092033,100.0108773656856,0.1698589295740301,High,0.1698589295740301,val
1.519775390625,7.208251953125,25.9166043251753,2755.90896606445,100.0,0.549125492572784,Medium,0.549125492572784,train
1.4646008643546735,6.207986564926875,-780.7252556273442,2750.44545085206,100.0020442477516,0.7575933480692281,High,0.7575933480692281,val
1.85546875,7.806396484375,485.936331097037,1000.32806396484,100.0,1.43352174758911,Medium,1.43352174758911,train
1.316673414983872,10.521941030730948,1312.122874010195,3800.7591758838457,99.98790786800822,0.6071353551907652,High,0.6071353551907652,train
0.76904296875,10.003662109375,3.23957554064691,605.850219726563,100.0,0.0129917794838548,Low,0.0129917794838548,test
1.6357421875,14.84375,152.260050410405,5000.09536743164,100.0,2.13501930236816,Medium,2.13501930236816,train
1.190185546875,9.31396484375,-320.717978524044,2755.45120239258,100.0,0.271604001522064,High,0.271604001522064,train
16.54052734375,0.885009765625,955.674784490839,2617.6643371582,94.9999988079071,0.983307301998138,High,0.983307301998138,train
1.1962890625,9.50927734375,48.5936331097037,2756.71005249023,100.0,1.14672434329987,Medium,1.14672434329987,train
10.196476531649862,14.1321223176861,1652.1219710840094,1050.1049123142784,104.99402348947751,0.6987462904727777,High,0.6987462904727777,test
2.553247491699866,4.03478698820539,-93.97359804079473,2618.038626184361,95.06912455275724,0.536299904716371,High,0.536299904716371,val
1.141357421875,9.75341796875,48.5936331097037,2757.39669799805,100.0,1.79246520996094,Medium,1.79246520996094,train
2.4658203125,10.75439453125,-725.664921104908,3800.12512207031,100.0,0.715486586093903,High,0.715486586093903,val
1.611328125,13.836669921875,9.71872662194073,723.094940185547,100.0,0.215702518820763,Low,0.215702518820763,train
1.251220703125,14.752197265625,6.47915108129382,606.193542480469,100.0,0.0654077976942062,Low,0.0654077976942062,test
1.495361328125,7.1533203125,116.624719463289,2754.19235229492,100.0,3.10426616668701,Medium,3.10426616668701,train
2.111975499280932,1.2137510120367747,-9.77918873983947,2902.2835931371005,105.04072802667211,2.5158017789244687,High,2.5158017789244687,test
1.18408203125,8.9599609375,550.727841909975,4245.64361572266,100.0,2.99640202522278,Medium,2.99640202522278,train
2.2211689799642262,5.741160116538947,239.7769355826356,3978.157427316092,100.06438309149864,15.915829417133152,High,15.915829417133152,test
1.66015625,2.81982421875,3.23957554064691,2617.20657348633,94.9999988079071,2.1548798084259,Medium,2.1548798084259,train
1.0092109507793945,7.94745028993284,-12.98209176191044,2759.329700192063,100.02673300597664,0.9574513457556116,High,0.9574513457556116,train
19.32902821261256,4.868830309483092,-213.88568583173367,3979.3556977774856,99.9995367892199,2.5325260350245715,High,2.5325260350245715,train
1.361083984375,13.4521484375,6.47915108129382,605.964660644531,100.0,0.0844596549868584,Low,0.0844596549868584,val
1.519775390625,13.73291015625,3.23957554064691,606.250762939453,100.0,0.31952491402626,Low,0.31952491402626,train
1.66015625,16.49169921875,168.457928113639,999.698638916016,100.0,0.515670239925385,Medium,0.515670239925385,train
1.287841796875,9.94873046875,48.5936331097037,2758.59832763672,100.0,1.5749192237854,Medium,1.5749192237854,train
1.336669921875,5.029296875,145.780899329111,2890.83480834961,104.999995231628,1.30233812332153,Low,1.30233812332153,train
0.970458984375,12.200927734375,9.71872662194073,3978.1379699707,100.0,0.818962633609772,Medium,0.818962633609772,val
1.898193359375,6.427001953125,93.9476906787604,2611.77062988281,94.9999988079071,0.85060715675354,Medium,0.85060715675354,train
0.689697265625,8.453369140625,42.1144820284098,2755.79452514648,100.0,2.28385448455811,Medium,2.28385448455811,test
1.2451171875,11.14501953125,3.23957554064691,605.850219726563,100.0,0.0981429442763329,Low,0.0981429442763329,val
1.312255859375,13.22021484375,3.23957554064691,606.021881103516,100.0,0.238700404763222,Low,0.238700404763222,val
1.59912109375,12.322998046875,6.47915108129382,775.852203369141,100.0,0.176299348473549,Low,0.176299348473549,val
1.33056640625,10.687255859375,48.5936331097037,2903.65219116211,104.999995231628,0.772775411605835,Medium,0.772775411605835,train
1.1474609375,12.908935546875,1224.55955436453,2892.20809936523,104.999995231628,1.16295993328094,Medium,1.16295993328094,train
1.153564453125,13.3544921875,6.47915108129382,606.0791015625,100.0,0.317522376775742,Low,0.317522376775742,val
1.507568359375,1.507568359375,29.1561798658222,2618.06488037109,94.9999988079071,0.363254517316818,Medium,0.363254517316818,test
1.678466796875,14.630126953125,9.71872662194073,1574.76425170898,104.999995231628,1.98638427257538,Medium,1.98638427257538,train
0.3662109375,0.189208984375,-3.23957554064691,5000.43869018555,100.0,2.38770294189453,Medium,2.38770294189453,test
1.9775390625,13.73291015625,6.47915108129382,606.0791015625,100.0,0.101555086672306,Low,0.101555086672306,train
1.300048828125,13.671875,6.47915108129382,605.964660644531,100.0,0.243042632937431,Low,0.243042632937431,val
0.714111328125,0.640869140625,-3.23957554064691,2678.20358276367,100.0,3.43871068954468,Medium,3.43871068954468,train
0.9033203125,12.652587890625,3.23957554064691,605.735778808594,100.0,0.0081461872905492,Low,0.0081461872905492,train
1.7333984375,12.353515625,255.926467711106,2767.12417602539,100.0,1.29365062713623,Medium,1.29365062713623,test
1.1962890625,9.576416015625,48.5936331097037,2757.68280029297,100.0,0.199874028563499,Medium,0.199874028563499,train
1.324462890625,9.271240234375,45.3540575690567,2903.36608886719,104.999995231628,2.77298927307129,Medium,2.77298927307129,test
1.287841796875,13.787841796875,3.23957554064691,605.850219726563,100.0,0.0754007548093796,Low,0.0754007548093796,val
0.469970703125,6.414794921875,330.436705145985,4999.98092651367,100.0,2.27802920341492,Medium,2.27802920341492,train
1.57470703125,2.3681640625,-6.47915108129382,169.715881347656,100.0,0.0821101367473602,Low,0.0821101367473602,val
1.165771484375,11.383056640625,920.039453543723,605.964660644531,100.0,0.110523052513599,Low,0.110523052513599,train
1.275634765625,10.82763671875,3.23957554064691,605.907440185547,100.0,0.217819288372993,Low,0.217819288372993,train
1.123046875,1.55029296875,6.47915108129382,2758.6555480957,100.0,2.49684596061707,Medium,2.49684596061707,test
1.300048828125,13.970947265625,6.47915108129382,606.365203857422,100.0,0.229871034622192,Low,0.229871034622192,test
1.708984375,16.278076171875,165.218352572992,2999.267578125,100.0,1.9702855348587,Medium,1.9702855348587,test
1.031494140625,13.983154296875,6.47915108129382,606.422424316406,100.0,0.138288483023643,Low,0.138288483023643,test
0.628662109375,10.58349609375,55.0727841909975,3816.54739379883,100.0,0.716564059257507,Low,0.716564059257507,train
0.390625,12.139892578125,3.23957554064691,605.907440185547,100.0,0.0452695563435555,Low,0.0452695563435555,test
1.019287109375,14.105224609375,6.47915108129382,606.193542480469,100.0,0.513211607933044,Low,0.513211607933044,train
0.653076171875,8.50830078125,35.635330947116,723.037719726563,100.0,0.346352487802505,Low,0.346352487802505,train
1.727294921875,10.809326171875,9.71872662194073,2749.38583374023,100.0,0.695701241493225,Medium,0.695701241493225,train
1.220703125,14.306640625,6.47915108129382,605.907440185547,100.0,0.499639898538589,Low,0.499639898538589,val
1.4892578125,10.58349609375,6.47915108129382,775.966644287109,100.0,0.265168339014053,Low,0.265168339014053,train
5.60302734375,7.91015625,97.1872662194073,606.0791015625,100.0,0.104855939745903,Low,0.104855939745903,test
0.958251953125,11.29150390625,3.23957554064691,605.850219726563,100.0,0.116373471915722,Low,0.116373471915722,train
1.678466796875,11.334228515625,68.0310863535851,170.2880859375,100.0,0.0490129329264164,Low,0.0490129329264164,train
0.689697265625,14.398193359375,6.47915108129382,605.964660644531,100.0,0.0514395460486412,Low,0.0514395460486412,train
0.885009765625,12.48779296875,3.23957554064691,606.021881103516,100.0,0.175430059432983,Low,0.175430059432983,val
1.324462890625,13.690185546875,6.47915108129382,606.0791015625,100.0,0.0246510691940784,Low,0.0246510691940784,train
1.336669921875,2.86865234375,113.385143922642,723.094940185547,100.0,0.209799364209175,Low,0.209799364209175,train
0.9521484375,12.127685546875,3.23957554064691,605.621337890625,100.0,0.225948914885521,Low,0.225948914885521,train
1.885986328125,14.31884765625,3.23957554064691,606.365203857422,100.0,0.3072150349617,Low,0.3072150349617,test
2.1484375,10.723876953125,3.23957554064691,606.0791015625,100.0,0.111047074198723,Low,0.111047074198723,val
1.50146484375,11.68212890625,1998.81810857914,2700.8056640625,100.0,0.789731025695801,Medium,0.789731025695801,train
2.1240234375,10.58349609375,3.23957554064691,606.021881103516,100.0,0.220256432890892,Low,0.220256432890892,train
1.995849609375,10.931396484375,3.23957554064691,605.735778808594,100.0,0.0857563465833664,Low,0.0857563465833664,val
0.86669921875,9.4970703125,9.71872662194073,419.998168945313,100.0,0.0534850396215916,Low,0.0534850396215916,test
2.374267578125,28.45458984375,4716.8219871819,100.0,100.0,0.001197665114887,Low,0.001197665114887,val
0.9033203125,11.12060546875,3.23957554064691,606.0791015625,100.0,0.0685500800609589,Low,0.0685500800609589,test
1.336669921875,1.446533203125,-6.47915108129382,2766.7236328125,100.0,3.04252576828003,Medium,3.04252576828003,train
1.129150390625,12.298583984375,3.23957554064691,605.964660644531,100.0,0.224289581179619,Low,0.224289581179619,test
0.933837890625,14.239501953125,6.47915108129382,606.136322021484,100.0,0.328448921442032,Low,0.328448921442032,val
1.409912109375,11.3037109375,3.23957554064691,606.021881103516,100.0,0.0294704623520374,Low,0.0294704623520374,train
1.23291015625,13.861083984375,3.23957554064691,606.193542480469,100.0,0.0072846566326916,Low,0.0072846566326916,train
1.434326171875,14.202880859375,6.47915108129382,606.136322021484,100.0,0.100675396621227,Low,0.100675396621227,val
1.165771484375,12.152099609375,3.23957554064691,606.136322021484,100.0,0.0346090756356716,Low,0.0346090756356716,train
1.123046875,12.7685546875,194.374532438815,3826.61819458008,100.0,1.77352249622345,Medium,1.77352249622345,val
1.116943359375,12.408447265625,3.23957554064691,606.193542480469,100.0,0.172550544142723,Low,0.172550544142723,test
4.1259765625,9.320068359375,349.874158389866,606.0791015625,100.0,0.0289757996797562,Medium,0.0289757996797562,train
1.23291015625,1.129150390625,3.23957554064691,2764.37759399414,100.0,3.75414252281189,Medium,3.75414252281189,val
2.25830078125,10.595703125,3.23957554064691,606.021881103516,100.0,0.101246654987335,Low,0.101246654987335,val
1.23291015625,6.854248046875,168.457928113639,2770.32852172852,100.0,2.05872392654419,Medium,2.05872392654419,test
0.62255859375,14.27001953125,6.47915108129382,605.907440185547,100.0,0.166406363248825,Low,0.166406363248825,train
1.263427734375,0.518798828125,-9.71872662194073,2750.12969970703,100.0,1.66475665569305,Medium,1.66475665569305,test
1.2451171875,13.85498046875,6.47915108129382,606.250762939453,100.0,0.455101311206818,Low,0.455101311206818,train
1.226806640625,13.5498046875,6.47915108129382,605.907440185547,100.0,0.38659080862999,Low,0.38659080862999,test
1.861572265625,11.114501953125,12.9583021625876,170.173645019531,100.0,0.0402708724141121,Low,0.0402708724141121,test
0.86669921875,9.02099609375,469.738453393802,3000.52642822266,100.0,4.73998832702637,Medium,4.73998832702637,val
0.9521484375,14.044189453125,6.47915108129382,605.907440185547,100.0,0.241435468196869,Low,0.241435468196869,test
0.799560546875,11.04736328125,55.0727841909975,3804.24499511719,100.0,0.978187501430511,Medium,0.978187501430511,train
1.84326171875,14.373779296875,6.47915108129382,605.964660644531,100.0,0.170810848474503,Low,0.170810848474503,test
1.20849609375,13.5009765625,3.23957554064691,605.735778808594,100.0,0.0263323169201612,Low,0.0263323169201612,train
1.458740234375,11.932373046875,64.7915108129382,2765.52200317383,100.0,2.6389434337616,Medium,2.6389434337616,val
1.141357421875,9.356689453125,45.3540575690567,2757.22503662109,100.0,2.2799608707428,Medium,2.2799608707428,val
1.45263671875,12.63427734375,3.23957554064691,605.964660644531,100.0,0.0384188145399094,Low,0.0384188145399094,test
0.897216796875,9.503173828125,6.47915108129382,420.22705078125,100.0,0.234639272093773,Medium,0.234639272093773,val
0.87890625,13.720703125,6.47915108129382,605.964660644531,100.0,0.154329568147659,Low,0.154329568147659,train
0.885009765625,12.652587890625,3.23957554064691,606.0791015625,100.0,0.0537940599024296,Low,0.0537940599024296,test
1.153564453125,13.299560546875,3.23957554064691,606.250762939453,100.0,0.128045529127121,Low,0.128045529127121,val
1.544189453125,1.7822265625,6.47915108129382,2754.13513183594,100.0,0.0531064458191395,Medium,0.0531064458191395,test
1.64794921875,7.891845703125,32.3957554064691,2750.07247924805,100.0,1.70496535301208,Medium,1.70496535301208,test
1.0986328125,14.605712890625,6.47915108129382,605.850219726563,100.0,0.160025954246521,Low,0.160025954246521,val
1.13525390625,11.56005859375,3.23957554064691,605.678558349609,100.0,0.032784927636385,Low,0.032784927636385,val
2.001953125,12.103271484375,3.23957554064691,605.964660644531,100.0,0.356935054063797,Low,0.356935054063797,train
0.3662109375,13.726806640625,6.47915108129382,605.964660644531,100.0,0.12773722410202,Low,0.12773722410202,train
1.84326171875,12.51220703125,6.47915108129382,605.850219726563,100.0,0.208231210708618,Low,0.208231210708618,test
1.104736328125,1.2939453125,-45.3540575690567,999.984741210938,100.0,0.393075913190842,Medium,0.393075913190842,val
1.239013671875,11.041259765625,3.23957554064691,605.735778808594,100.0,0.0887418761849403,Low,0.0887418761849403,train
1.62353515625,11.431884765625,178.17665473558,2670.59326171875,100.0,0.282769292593002,Low,0.282769292593002,val
1.50146484375,1.947021484375,9.71872662194073,2748.01254272461,100.0,0.0140643306076527,Medium,0.0140643306076527,train
4.913330078125,11.419677734375,307.759676361457,606.021881103516,100.0,0.0003696441708598,Low,0.0003696441708598,train
1.312255859375,9.344482421875,777.498129755259,3635.3874206543,94.9999988079071,4.58548164367676,Medium,4.58548164367676,train
1.9287109375,10.1806640625,3.23957554064691,605.792999267578,100.0,0.111481748521328,Low,0.111481748521328,test
1.544189453125,7.550048828125,32.3957554064691,2754.70733642578,100.0,0.165373101830482,Medium,0.165373101830482,train
1.556396484375,7.196044921875,42.1144820284098,2747.15423583984,100.0,2.04633760452271,Medium,2.04633760452271,train
1.934814453125,13.409423828125,200.853683520108,170.173645019531,100.0,0.0046009286306798,Low,0.0046009286306798,train
1.0986328125,13.482666015625,3.23957554064691,606.0791015625,100.0,0.0710362792015076,Low,0.0710362792015076,test
1.1962890625,13.17138671875,3.23957554064691,606.021881103516,100.0,0.315451741218567,Low,0.315451741218567,test
1.165771484375,14.959716796875,6.47915108129382,605.792999267578,100.0,0.0634015873074532,Low,0.0634015873074532,train
1.312255859375,14.019775390625,6.47915108129382,606.193542480469,100.0,0.050317071378231,Low,0.050317071378231,train
1.28173828125,13.5498046875,3.23957554064691,605.964660644531,100.0,0.19278472661972,Low,0.19278472661972,train
1.580810546875,11.395263671875,9.71872662194073,169.944763183594,100.0,0.0134507063776255,Low,0.0134507063776255,val
0.6591796875,13.8427734375,9.71872662194073,1094.62738037109,100.0,1.26989054679871,Medium,1.26989054679871,train
0.738525390625,13.232421875,3.23957554064691,606.193542480469,100.0,0.215004533529282,Low,0.215004533529282,test
1.287841796875,13.76953125,6.47915108129382,778.255462646484,100.0,0.0630371421575546,Low,0.0630371421575546,val
10.845947265625,19.07958984375,2468.55656197295,605.964660644531,100.0,0.150340035557747,Medium,0.150340035557747,train
0.98876953125,13.3056640625,3.23957554064691,605.792999267578,100.0,0.204992428421974,Low,0.204992428421974,train
0.87890625,14.00146484375,6.47915108129382,606.422424316406,100.0,0.150021150708199,Low,0.150021150708199,train
0.311279296875,2.783203125,-165.218352572992,999.641418457031,100.0,1.16615879535675,Medium,1.16615879535675,train
10.38818359375,9.5458984375,113.385143922642,605.792999267578,100.0,0.0271321255713701,Low,0.0271321255713701,val
1.519775390625,12.646484375,3.23957554064691,605.850219726563,100.0,0.0905611738562584,Low,0.0905611738562584,train
1.220703125,10.919189453125,210.572410142049,3065.87219238281,100.0,2.85749459266663,Medium,2.85749459266663,val
1.35498046875,7.60498046875,236.489014467224,5000.49591064453,100.0,2.10002946853638,Medium,2.10002946853638,train
1.25732421875,12.6220703125,3.23957554064691,606.0791015625,100.0,0.0052319029346108,Low,0.0052319029346108,train
1.348876953125,13.275146484375,3.23957554064691,606.193542480469,100.0,0.181472435593605,Low,0.181472435593605,train
1.06201171875,11.456298828125,3.23957554064691,606.021881103516,100.0,0.260279297828674,Low,0.260279297828674,val
1.5625,11.798095703125,9.71872662194073,2758.3122253418,100.0,0.897636234760284,Medium,0.897636234760284,train
0.677490234375,14.178466796875,6.47915108129382,606.0791015625,100.0,0.159683778882027,Low,0.159683778882027,test
1.556396484375,12.457275390625,51.8332086503506,3816.60461425781,100.0,5.99497652053833,Medium,5.99497652053833,train
1.0498046875,10.7666015625,3.23957554064691,606.136322021484,100.0,0.293834775686264,Low,0.293834775686264,train
0.909423828125,13.641357421875,3.23957554064691,606.021881103516,100.0,0.185095891356468,Low,0.185095891356468,val
0.994873046875,13.29345703125,3.23957554064691,606.021881103516,100.0,0.065852515399456,Low,0.065852515399456,train
0.76904296875,15.44189453125,142.541323788464,2999.21035766602,100.0,2.84488964080811,Low,2.84488964080811,test
0.8544921875,0.640869140625,-12.9583021625876,3816.83349609375,100.0,0.872028470039368,Medium,0.872028470039368,train
3.13720703125,6.48193359375,51.8332086503506,605.678558349609,100.0,0.180067300796509,Low,0.180067300796509,test
1.007080078125,8.660888671875,9.71872662194073,419.998168945313,100.0,0.109451591968536,Low,0.109451591968536,train
1.141357421875,13.287353515625,3.23957554064691,605.907440185547,100.0,0.0864146649837494,Low,0.0864146649837494,val
0.72021484375,10.55908203125,55.0727841909975,2673.56872558594,100.0,2.11098551750183,Medium,2.11098551750183,test
0.62255859375,0.799560546875,-3.23957554064691,2679.23355102539,100.0,3.57899308204651,Medium,3.57899308204651,train
1.37939453125,1.068115234375,42.1144820284098,2748.52752685547,100.0,3.47960352897644,Medium,3.47960352897644,train
1.3427734375,13.720703125,3.23957554064691,723.037719726563,100.0,0.126591473817825,Low,0.126591473817825,test
1.5625,11.737060546875,242.968165548518,2764.1487121582,100.0,0.2170789539814,Medium,0.2170789539814,test
2.032470703125,9.09423828125,149.020474869758,2770.04241943359,100.0,2.93899178504944,Medium,2.93899178504944,test
1.2451171875,13.214111328125,3.23957554064691,606.0791015625,100.0,0.0043226471170783,Low,0.0043226471170783,train
1.42822265625,13.604736328125,3.23957554064691,605.907440185547,100.0,0.259907096624374,Low,0.259907096624374,train
0.762939453125,10.36376953125,213.811985682696,3816.94793701172,100.0,2.53856182098389,Medium,2.53856182098389,train
3.22265625,9.11865234375,1133.85143922642,1990.12756347656,100.0,0.500645458698273,Medium,0.500645458698273,train
1.348876953125,21.044921875,1801.20400059968,605.964660644531,100.0,0.256660908460617,Low,0.256660908460617,train
9.112548828125,10.821533203125,1817.40187830292,1574.87869262695,104.999995231628,0.36438062787056,Medium,0.36438062787056,train
1.287841796875,1.239013671875,-61.5519352722913,1000.15640258789,100.0,1.15728187561035,Medium,1.15728187561035,train
1.47705078125,12.213134765625,3.23957554064691,606.021881103516,100.0,0.160832345485687,Low,0.160832345485687,train
0.872802734375,14.141845703125,6.47915108129382,606.021881103516,100.0,0.113727420568466,Low,0.113727420568466,test
1.446533203125,8.8623046875,48.5936331097037,2892.89474487305,104.999995231628,1.10851490497589,Medium,1.10851490497589,train
1.62353515625,9.381103515625,3.23957554064691,605.678558349609,100.0,0.082650788128376,Low,0.082650788128376,val
1.519775390625,13.8916015625,6.47915108129382,606.021881103516,100.0,0.219303399324417,Low,0.219303399324417,train
1.068115234375,12.82958984375,64.7915108129382,2764.20593261719,100.0,2.18904662132263,Medium,2.18904662132263,val
0.933837890625,13.385009765625,3.23957554064691,605.964660644531,100.0,0.0056334380060434,Low,0.0056334380060434,train
0.42724609375,9.869384765625,51.8332086503506,2670.02105712891,100.0,0.473631829023361,Low,0.473631829023361,train
1.46484375,12.091064453125,6.47915108129382,605.964660644531,100.0,0.0168401971459389,Low,0.0168401971459389,train
1.947021484375,11.865234375,3.23957554064691,606.250762939453,100.0,0.270818263292313,Low,0.270818263292313,train
2.252197265625,10.46142578125,3.23957554064691,606.0791015625,100.0,0.215991765260696,Low,0.215991765260696,test
1.226806640625,11.041259765625,3.23957554064691,605.792999267578,100.0,0.0377978831529617,Low,0.0377978831529617,train
2.03857421875,11.3037109375,3.23957554064691,606.136322021484,100.0,0.136547029018402,Low,0.136547029018402,train
1.15966796875,14.422607421875,6.47915108129382,606.0791015625,100.0,0.156004369258881,Low,0.156004369258881,val
1.46484375,1.72119140625,3.23957554064691,2616.97769165039,94.9999988079071,0.820364773273468,Medium,0.820364773273468,train
1.37939453125,8.636474609375,42.1144820284098,2755.96618652344,100.0,0.765302717685699,Medium,0.765302717685699,val
2.008056640625,11.21826171875,3.23957554064691,606.250762939453,100.0,0.0946007445454597,Low,0.0946007445454597,train
1.3427734375,4.052734375,-12.9583021625876,1000.04196166992,100.0,1.01306283473969,Medium,1.01306283473969,test
1.422119140625,9.6435546875,55.0727841909975,2892.20809936523,104.999995231628,2.09267830848694,Medium,2.09267830848694,train
1.361083984375,10.53466796875,3.23957554064691,605.964660644531,100.0,0.151362642645836,Low,0.151362642645836,test
0.89111328125,11.77978515625,3.23957554064691,169.830322265625,100.0,0.0001046295146807,Low,0.0001046295146807,train
0.921630859375,13.90380859375,6.47915108129382,605.792999267578,100.0,0.295371979475021,Low,0.295371979475021,train
1.251220703125,21.575927734375,3981.43833945505,419.769287109375,100.0,0.0718814581632614,Low,0.0718814581632614,test
1.287841796875,13.262939453125,3.23957554064691,606.307983398438,100.0,0.118167690932751,Low,0.118167690932751,train
1.13525390625,13.4033203125,3.23957554064691,605.792999267578,100.0,0.254575550556183,Low,0.254575550556183,train
0.762939453125,13.543701171875,3.23957554064691,606.0791015625,100.0,0.422562122344971,Low,0.422562122344971,train
1.629638671875,8.99658203125,3.23957554064691,775.909423828125,100.0,0.213566958904266,Low,0.213566958904266,train
1.214599609375,13.671875,3.23957554064691,605.907440185547,100.0,0.0752477124333382,Low,0.0752477124333382,train
1.62353515625,14.422607421875,6.47915108129382,120.0,100.0,0.163879290223122,Low,0.163879290223122,train
0.994873046875,12.98828125,3.23957554064691,605.621337890625,100.0,0.194658890366554,Low,0.194658890366554,train
1.35498046875,1.116943359375,-51.8332086503506,1000.21362304688,100.0,1.37621974945068,Medium,1.37621974945068,test
1.50146484375,1.07421875,3.23957554064691,2763.40484619141,100.0,3.68284034729004,Medium,3.68284034729004,train
0.9033203125,9.4482421875,9.71872662194073,635.948181152344,104.999995231628,0.0285428538918495,Medium,0.0285428538918495,val
1.239013671875,11.004638671875,6.47915108129382,1094.05517578125,100.0,0.771548926830292,Medium,0.771548926830292,test
0.555419921875,14.837646484375,6.47915108129382,605.792999267578,100.0,0.30511462688446,Low,0.30511462688446,train
1.5625,6.646728515625,3.23957554064691,605.792999267578,100.0,0.0278847347944975,Low,0.0278847347944975,test
2.197265625,10.70556640625,3.23957554064691,605.850219726563,100.0,0.0114057464525104,Low,0.0114057464525104,train
1.64794921875,17.236328125,178.17665473558,1000.27084350586,100.0,0.662302374839783,Medium,0.662302374839783,val
1.837158203125,10.205078125,1056.10162625089,605.907440185547,100.0,0.0818645805120468,Low,0.0818645805120468,train
1.788330078125,15.1611328125,155.499625951052,5000.38146972656,100.0,1.62312757968903,Medium,1.62312757968903,train
2.069091796875,14.215087890625,333.676280686632,723.094940185547,100.0,0.152809828519821,Low,0.152809828519821,test
1.40380859375,1.922607421875,9.71872662194073,2755.62286376953,100.0,1.36863887310028,Medium,1.36863887310028,val
1.1474609375,10.443115234375,19.4374532438815,2891.06369018555,104.999995231628,2.15590333938599,Medium,2.15590333938599,val
1.739501953125,13.507080078125,6.47915108129382,120.0,100.0,0.0830479338765144,Low,0.0830479338765144,train
2.093505859375,1.2451171875,51.8332086503506,4999.8664855957,100.0,2.5748496055603,Medium,2.5748496055603,val
1.5869140625,13.5986328125,6.47915108129382,606.021881103516,100.0,0.233767136931419,Low,0.233767136931419,train
1.8310546875,12.957763671875,3.23957554064691,605.850219726563,100.0,0.147520259022713,Low,0.147520259022713,train
1.13525390625,13.446044921875,246.207741089165,3825.41656494141,100.0,0.400642931461334,Low,0.400642931461334,train
1.0986328125,12.9150390625,12.9583021625876,3978.42407226563,100.0,1.04560303688049,Medium,1.04560303688049,val
1.788330078125,12.579345703125,3.23957554064691,606.0791015625,100.0,0.12176763266325,Low,0.12176763266325,train
1.123046875,12.493896484375,3.23957554064691,606.250762939453,100.0,0.152231946587563,Low,0.152231946587563,train
0.96435546875,13.604736328125,3.23957554064691,605.792999267578,100.0,0.0560553371906281,Low,0.0560553371906281,train
1.33056640625,13.006591796875,3.23957554064691,606.136322021484,100.0,0.145179852843285,Low,0.145179852843285,train
1.568603515625,5.8349609375,881.16454705596,2761.23046875,100.0,2.14163255691528,Medium,2.14163255691528,train
1.57470703125,14.154052734375,9.71872662194073,722.866058349609,100.0,0.25810295343399,Low,0.25810295343399,train
1.971435546875,12.04833984375,3.23957554064691,606.021881103516,100.0,0.161617130041122,Low,0.161617130041122,train
1.190185546875,13.482666015625,6.47915108129382,605.735778808594,100.0,0.429895877838135,Low,0.429895877838135,train
0.9033203125,9.930419921875,3.23957554064691,606.193542480469,100.0,0.269266098737717,Low,0.269266098737717,train
0.8056640625,13.53759765625,6.47915108129382,605.850219726563,100.0,0.0444716885685921,Low,0.0444716885685921,test
0.48828125,9.466552734375,693.269165698439,3825.53100585938,100.0,2.57782435417175,Medium,2.57782435417175,train
1.922607421875,12.457275390625,6.47915108129382,605.735778808594,100.0,0.0416273549199104,Low,0.0416273549199104,train
0.5859375,10.137939453125,106.905992841348,605.907440185547,100.0,0.114601239562035,Low,0.114601239562035,train
1.019287109375,4.5166015625,230.009863385931,3000.75531005859,100.0,2.85830283164978,Low,2.85830283164978,train
1.171875,14.202880859375,6.47915108129382,605.735778808594,100.0,0.2229855209589,Low,0.2229855209589,train
1.055908203125,13.775634765625,3.23957554064691,606.0791015625,100.0,0.0834264978766441,Low,0.0834264978766441,train
1.531982421875,24.603271484375,5717.8508292418,4244.67086791992,100.0,1.37765192985535,Medium,1.37765192985535,train
1.5625,10.43701171875,6.47915108129382,776.138305664063,100.0,0.169955462217331,Low,0.169955462217331,val
1.385498046875,2.8076171875,174.937079194933,1000.04196166992,100.0,0.946980774402618,Medium,0.946980774402618,train
2.020263671875,10.601806640625,3.23957554064691,606.021881103516,100.0,0.321899652481079,Low,0.321899652481079,train
0.885009765625,13.043212890625,3.23957554064691,606.021881103516,100.0,0.322104305028915,Low,0.322104305028915,val
0.87890625,8.453369140625,3.23957554064691,606.136322021484,100.0,0.125904738903046,Low,0.125904738903046,test
1.416015625,13.43994140625,3.23957554064691,606.0791015625,100.0,0.101918518543243,Low,0.101918518543243,val
1.385498046875,13.70849609375,6.47915108129382,605.907440185547,100.0,0.151253253221512,Low,0.151253253221512,train
0.9521484375,12.701416015625,3.23957554064691,606.193542480469,100.0,0.0531210750341415,Low,0.0531210750341415,train
1.470947265625,12.3779296875,9.71872662194073,170.116424560547,100.0,0.0290127862244844,Low,0.0290127862244844,val
0.537109375,8.160400390625,1729.93333870545,419.883728027344,100.0,0.135293826460838,Low,0.135293826460838,train
1.7822265625,11.920166015625,6.47915108129382,775.966644287109,100.0,0.0932997688651085,Low,0.0932997688651085,train
1.568603515625,13.76953125,6.47915108129382,606.193542480469,100.0,0.137856245040894,Low,0.137856245040894,train
1.708984375,3.84521484375,-35.635330947116,2763.57650756836,100.0,0.341926991939545,Medium,0.341926991939545,train
1.397705078125,11.12060546875,3.23957554064691,3977.73742675781,100.0,0.865801692008972,Low,0.865801692008972,train
1.202392578125,14.53857421875,6.47915108129382,606.0791015625,100.0,0.169347137212753,Low,0.169347137212753,train
1.9775390625,10.1318359375,3.23957554064691,606.136322021484,100.0,0.105178438127041,Low,0.105178438127041,train
1.7333984375,10.72998046875,3.23957554064691,606.021881103516,100.0,0.012579963542521,Low,0.012579963542521,val
0.8544921875,13.226318359375,3.23957554064691,605.964660644531,100.0,0.39471709728241,Low,0.39471709728241,train
0.811767578125,14.642333984375,6.47915108129382,606.021881103516,100.0,0.0354207530617714,Low,0.0354207530617714,train
0.7568359375,10.87646484375,6.47915108129382,777.969360351563,100.0,0.139894261956215,Low,0.139894261956215,val
1.47705078125,14.617919921875,149.020474869758,4999.75204467773,100.0,1.6856130361557,Medium,1.6856130361557,train
1.47705078125,14.05029296875,6.47915108129382,606.193542480469,100.0,0.0946540459990501,Low,0.0946540459990501,train
2.081298828125,11.676025390625,155.499625951052,2500.30517578125,100.0,2.78360843658447,Medium,2.78360843658447,train
1.171875,7.611083984375,-6.47915108129382,605.792999267578,100.0,0.0103625794872642,Low,0.0103625794872642,train
1.129150390625,0.433349609375,16.1978777032346,2758.08334350586,100.0,0.115511231124401,Medium,0.115511231124401,val
5.560302734375,9.954833984375,835.810489486903,605.735778808594,100.0,0.0377376563847065,Medium,0.0377376563847065,train
1.55029296875,10.15625,3.23957554064691,605.850219726563,100.0,0.0130536062642932,Low,0.0130536062642932,train
1.7578125,10.04638671875,-664.112985832617,605.907440185547,100.0,0.0137718301266432,Low,0.0137718301266432,test
1.708984375,7.04345703125,139.301748247817,2616.23382568359,94.9999988079071,1.44842231273651,Medium,1.44842231273651,train
1.776123046875,6.109619140625,25.9166043251753,2752.01797485352,100.0,0.404350578784943,Medium,0.404350578784943,test
1.611328125,14.75830078125,181.416230276227,999.870300292969,100.0,1.11417555809021,Medium,1.11417555809021,test
0.87890625,10.97412109375,3.23957554064691,605.850219726563,100.0,0.0126074757426977,Low,0.0126074757426977,val
1.67236328125,12.127685546875,3.23957554064691,606.193542480469,100.0,0.265680819749832,Low,0.265680819749832,test
0.9521484375,13.4765625,6.47915108129382,606.307983398438,100.0,0.260440289974213,Low,0.260440289974213,train
1.1474609375,9.844970703125,48.5936331097037,2756.53839111328,100.0,1.67188501358032,Medium,1.67188501358032,val
0.72021484375,13.56201171875,3.23957554064691,606.136322021484,100.0,0.0969077199697495,Low,0.0969077199697495,test
1.84326171875,13.24462890625,6.47915108129382,605.792999267578,100.0,0.0511085763573647,Low,0.0511085763573647,val
1.89208984375,13.6962890625,6.47915108129382,605.964660644531,100.0,0.10120939463377,Low,0.10120939463377,test
0.946044921875,9.454345703125,3.23957554064691,605.850219726563,100.0,0.108811214566231,Low,0.108811214566231,train
2.3193359375,10.77880859375,3.23957554064691,606.250762939453,100.0,0.114493623375893,Low,0.114493623375893,train
0.933837890625,13.5986328125,6.47915108129382,605.792999267578,100.0,0.169370159506798,Low,0.169370159506798,train
1.45263671875,0.518798828125,-9.71872662194073,2748.29864501953,100.0,3.64237785339355,Medium,3.64237785339355,test
3.289794921875,8.89892578125,2125.16155466437,3978.30963134766,100.0,13.3154697418213,Medium,13.3154697418213,train
0.72021484375,13.56201171875,6.47915108129382,606.136322021484,100.0,0.0671560689806938,Low,0.0671560689806938,val
0.836181640625,13.63525390625,3.23957554064691,605.964660644531,100.0,0.110051393508911,Low,0.110051393508911,train
1.66015625,0.286865234375,-71.270661894232,2770.27130126953,100.0,1.99456977844238,Medium,1.99456977844238,train
1.6357421875,9.619140625,48.5936331097037,2765.75088500977,100.0,1.66375136375427,Medium,1.66375136375427,test
1.55029296875,6.7626953125,16.1978777032346,2618.52264404297,94.9999988079071,0.156834840774536,Medium,0.156834840774536,val
1.2451171875,10.308837890625,3.23957554064691,606.193542480469,100.0,0.0201957281678915,Low,0.0201957281678915,test
1.568603515625,13.17138671875,3.23957554064691,605.621337890625,100.0,0.0442914590239525,Low,0.0442914590239525,val
1.300048828125,13.568115234375,6.47915108129382,605.621337890625,100.0,0.166960567235947,Low,0.166960567235947,test
1.69677734375,1.861572265625,35.635330947116,2761.11602783203,100.0,2.81660985946655,Medium,2.81660985946655,test
1.171875,9.979248046875,48.5936331097037,2757.85446166992,100.0,3.15409088134766,Medium,3.15409088134766,train
2.0751953125,10.186767578125,3.23957554064691,606.193542480469,100.0,0.157891303300858,Low,0.157891303300858,train
1.336669921875,2.5146484375,-42.1144820284098,3826.33209228516,100.0,6.00826263427734,Medium,6.00826263427734,train
1.11083984375,8.837890625,12.9583021625876,420.284271240234,100.0,0.185842007398605,Low,0.185842007398605,train
1.287841796875,10.72998046875,22.6770287845284,2749.84359741211,100.0,1.34043300151825,Medium,1.34043300151825,train
0.7568359375,13.018798828125,3.23957554064691,606.0791015625,100.0,0.137822464108467,Low,0.137822464108467,train
1.1474609375,13.0859375,3.23957554064691,606.365203857422,100.0,0.463344484567642,Low,0.463344484567642,train
0.433349609375,0.54931640625,-9.71872662194073,3810.08148193359,100.0,3.55548238754272,Medium,3.55548238754272,test
1.806640625,10.052490234375,249.447316629812,2500.36239624023,100.0,1.23069202899933,Low,1.23069202899933,val
1.69677734375,10.31494140625,3.23957554064691,606.136322021484,100.0,0.281750023365021,Low,0.281750023365021,val
1.18408203125,12.40234375,3.23957554064691,606.021881103516,100.0,0.0988428816199303,Low,0.0988428816199303,train
1.116943359375,13.4521484375,3.23957554064691,606.193542480469,100.0,0.0246913749724627,Low,0.0246913749724627,val
1.751708984375,6.4697265625,317.478402983397,999.641418457031,100.0,0.6456618309021,Medium,0.6456618309021,train
1.611328125,12.054443359375,51.8332086503506,169.830322265625,100.0,0.0331510975956917,Low,0.0331510975956917,train
1.94091796875,8.2763671875,68.0310863535851,7.89642333984375,100.0,0.0008265764918178,Medium,0.0008265764918178,train
1.3916015625,13.5009765625,3.23957554064691,605.964660644531,100.0,0.17757773399353,Low,0.17757773399353,val
0.9521484375,14.61181640625,6.47915108129382,606.021881103516,100.0,0.257829606533051,Low,0.257829606533051,train
0.96435546875,14.312744140625,6.47915108129382,606.193542480469,100.0,0.0698518231511116,Low,0.0698518231511116,train
1.177978515625,9.765625,48.5936331097037,2757.79724121094,100.0,3.45692300796509,Medium,3.45692300796509,test
1.666259765625,5.9326171875,110.145568381995,2615.54718017578,94.9999988079071,2.37632465362549,Medium,2.37632465362549,train
1.15966796875,14.00146484375,6.47915108129382,605.907440185547,100.0,0.140857696533203,Low,0.140857696533203,train
0.933837890625,14.813232421875,6.47915108129382,606.193542480469,100.0,0.0361227765679359,Low,0.0361227765679359,val
1.959228515625,9.503173828125,3.23957554064691,606.021881103516,100.0,0.224714934825897,Low,0.224714934825897,train
0.946044921875,18.15185546875,3236.33596510626,2616.5771484375,94.9999988079071,0.991672217845917,Medium,0.991672217845917,val
1.6357421875,12.60986328125,3.23957554064691,606.422424316406,100.0,0.226757273077965,Low,0.226757273077965,train
0.732421875,13.787841796875,6.47915108129382,605.792999267578,100.0,0.103554598987103,Low,0.103554598987103,train
0.750732421875,13.8427734375,6.47915108129382,605.678558349609,100.0,0.0138835981488228,Low,0.0138835981488228,train
1.15966796875,13.397216796875,3.23957554064691,605.735778808594,100.0,0.13115930557251,Low,0.13115930557251,train
1.092529296875,6.97021484375,3.23957554064691,1000.04196166992,100.0,0.69206041097641,Medium,0.69206041097641,train
1.300048828125,2.252197265625,-3.23957554064691,3064.15557861328,100.0,3.09955072402954,Medium,3.09955072402954,train
1.361083984375,12.384033203125,61.5519352722913,3821.46835327148,100.0,1.21548020839691,Low,1.21548020839691,val
0.87890625,13.36669921875,3.23957554064691,605.735778808594,100.0,0.0123733365908265,Low,0.0123733365908265,val
1.702880859375,12.579345703125,787.216856377199,999.813079833984,100.0,0.523381948471069,Medium,0.523381948471069,train
0.860595703125,12.4755859375,3.23957554064691,606.0791015625,100.0,0.11671581864357,Low,0.11671581864357,val
1.2939453125,16.4794921875,1104.6952593606,605.564117431641,100.0,0.0124762840569019,Low,0.0124762840569019,val
1.446533203125,14.117431640625,6.47915108129382,606.193542480469,100.0,0.0390672944486141,Low,0.0390672944486141,train
1.300048828125,12.005615234375,9.71872662194073,3978.65295410156,100.0,1.68629586696625,Medium,1.68629586696625,train
1.03759765625,10.076904296875,3.23957554064691,606.0791015625,100.0,0.0116588287055492,Low,0.0116588287055492,val
1.641845703125,13.543701171875,16.1978777032346,2500.87738037109,100.0,2.92584371566772,Low,2.92584371566772,test
1.6845703125,11.68212890625,9.71872662194073,2749.27139282227,100.0,3.93917083740234,Medium,3.93917083740234,train
1.416015625,12.664794921875,3.23957554064691,606.021881103516,100.0,0.0500290766358376,Low,0.0500290766358376,test
1.20849609375,1.4404296875,6.47915108129382,2892.26531982422,104.999995231628,1.93838822841644,Medium,1.93838822841644,train
1.177978515625,0.927734375,-19.4374532438815,2750.07247924805,100.0,4.12244939804077,Medium,4.12244939804077,train
1.18408203125,14.56298828125,6.47915108129382,606.365203857422,100.0,0.0684065371751785,Low,0.0684065371751785,test
1.03759765625,13.916015625,6.47915108129382,605.678558349609,100.0,0.114542759954929,Low,0.114542759954929,train
1.605224609375,1.74560546875,6.47915108129382,2747.55477905273,100.0,2.63226532936096,Low,2.63226532936096,test
1.715087890625,9.356689453125,-806.654309621081,606.307983398438,100.0,0.140440255403519,Low,0.140440255403519,train
0.982666015625,3.424072265625,-3.23957554064691,3825.93154907227,100.0,2.78093910217285,Medium,2.78093910217285,train
0.927734375,14.00146484375,6.47915108129382,605.792999267578,100.0,0.0494554303586483,Low,0.0494554303586483,test
1.7822265625,8.026123046875,139.301748247817,605.678558349609,100.0,0.117033168673515,Low,0.117033168673515,train
3.155517578125,6.72607421875,223.530712304637,776.252746582031,100.0,0.497013807296753,Low,0.497013807296753,val
1.007080078125,4.937744140625,200.853683520108,2760.4866027832,100.0,5.03167963027954,Medium,5.03167963027954,val
1.397705078125,12.017822265625,3.23957554064691,606.021881103516,100.0,0.0799259543418884,Low,0.0799259543418884,test
1.336669921875,13.61083984375,3.23957554064691,605.850219726563,100.0,0.181330069899559,Low,0.181330069899559,test
0.78125,14.3310546875,6.47915108129382,606.021881103516,100.0,0.211711525917053,Low,0.211711525917053,train
1.507568359375,13.41552734375,3.23957554064691,606.136322021484,100.0,0.0248521119356155,Low,0.0248521119356155,train
1.220703125,14.093017578125,6.47915108129382,605.907440185547,100.0,0.133207395672798,Low,0.133207395672798,train
1.11083984375,13.458251953125,262.4056187924,3826.04598999023,100.0,1.70630395412445,Medium,1.70630395412445,val
0.946044921875,13.665771484375,6.47915108129382,605.964660644531,100.0,0.086335651576519,Low,0.086335651576519,test
1.263427734375,9.576416015625,168.457928113639,3063.24005126953,100.0,1.80630767345428,Medium,1.80630767345428,val
0.860595703125,14.251708984375,6.47915108129382,606.250762939453,100.0,0.0847049281001091,Low,0.0847049281001091,test
1.7333984375,12.750244140625,158.739201491699,1000.04196166992,100.0,0.276287049055099,Medium,0.276287049055099,train
1.226806640625,13.87939453125,6.47915108129382,605.964660644531,100.0,0.0306061245501041,Low,0.0306061245501041,train
1.025390625,13.824462890625,6.47915108129382,606.021881103516,100.0,0.162628412246704,Low,0.162628412246704,train
1.397705078125,11.3525390625,3.23957554064691,605.907440185547,100.0,0.0598986521363258,Low,0.0598986521363258,train
1.312255859375,13.427734375,3.23957554064691,606.193542480469,100.0,0.116100318729877,Low,0.116100318729877,val
0.76904296875,6.31103515625,5455.4452104494,2751.56021118164,100.0,2.02232503890991,Medium,2.02232503890991,train
1.715087890625,7.470703125,139.301748247817,2751.90353393555,100.0,0.0971845686435699,Medium,0.0971845686435699,test
0.872802734375,11.6455078125,3.23957554064691,2803.11584472656,104.999995231628,2.10984706878662,Medium,2.10984706878662,train
1.971435546875,11.43798828125,3.23957554064691,605.850219726563,100.0,0.146502897143364,Low,0.146502897143364,train
1.068115234375,13.262939453125,3.23957554064691,605.735778808594,100.0,0.106817550957203,Low,0.106817550957203,test
0.7568359375,13.250732421875,136.06217270717,3000.41198730469,100.0,2.98343729972839,Low,2.98343729972839,train
1.116943359375,13.18359375,3.23957554064691,606.422424316406,100.0,0.132484450936317,Low,0.132484450936317,val
1.165771484375,12.65869140625,3.23957554064691,605.678558349609,100.0,0.111963696777821,Low,0.111963696777821,train
1.69677734375,1.33056640625,6.47915108129382,2763.63372802734,100.0,2.52512407302856,Medium,2.52512407302856,val
1.318359375,14.385986328125,6.47915108129382,606.193542480469,100.0,0.100448600947857,Low,0.100448600947857,test
1.507568359375,1.1962890625,3.23957554064691,2755.16510009766,100.0,1.09904932975769,Medium,1.09904932975769,train
0.787353515625,12.20703125,3.23957554064691,605.964660644531,100.0,0.084482230246067,Low,0.084482230246067,train
1.971435546875,15.838623046875,6683.24434035458,1900.23422241211,100.0,0.540806293487549,Medium,0.540806293487549,test
0.958251953125,10.528564453125,110.145568381995,606.193542480469,100.0,0.0126923574134707,Low,0.0126923574134707,test
0.970458984375,14.080810546875,6.47915108129382,606.0791015625,100.0,0.480391412973404,Low,0.480391412973404,val
0.93994140625,14.178466796875,6.47915108129382,605.735778808594,100.0,0.167306795716286,Low,0.167306795716286,test
1.4404296875,7.55615234375,35.635330947116,2756.71005249023,100.0,3.69354343414307,Medium,3.69354343414307,train
1.13525390625,9.564208984375,48.5936331097037,2757.16781616211,100.0,3.6916229724884,Medium,3.6916229724884,val
2.130126953125,10.68115234375,3.23957554064691,606.193542480469,100.0,0.0534574203193188,Low,0.0534574203193188,test
1.25732421875,13.56201171875,6.47915108129382,606.0791015625,100.0,0.382824778556824,Low,0.382824778556824,train
1.556396484375,8.48388671875,3.23957554064691,606.021881103516,100.0,0.341333657503128,Low,0.341333657503128,train
1.910400390625,14.215087890625,6.47915108129382,605.792999267578,100.0,0.0775554627180099,Low,0.0775554627180099,train
0.921630859375,14.17236328125,6.47915108129382,605.964660644531,100.0,0.166859105229378,Low,0.166859105229378,val
1.422119140625,12.152099609375,3.23957554064691,605.850219726563,100.0,0.210753425955772,Low,0.210753425955772,val
1.4404296875,8.758544921875,45.3540575690567,2756.4811706543,100.0,2.32839441299438,Medium,2.32839441299438,train
0.81787109375,14.0625,6.47915108129382,606.021881103516,100.0,0.3296919465065,Low,0.3296919465065,val
1.806640625,13.7939453125,12.9583021625876,1839.58053588867,100.0,5.00582599639893,Medium,5.00582599639893,train
0.396728515625,13.31787109375,3.23957554064691,605.907440185547,100.0,0.0178147125989199,Low,0.0178147125989199,train
1.1962890625,8.80126953125,16.1978777032346,2749.78637695313,100.0,2.0776104927063,Medium,2.0776104927063,val
1.1962890625,13.41552734375,3.23957554064691,606.0791015625,100.0,0.291655033826828,Low,0.291655033826828,train
0.68359375,13.19580078125,3.23957554064691,606.0791015625,100.0,0.28499311208725,Low,0.28499311208725,val
0.872802734375,13.580322265625,3.23957554064691,605.850219726563,100.0,0.0776730924844742,Low,0.0776730924844742,train
1.86767578125,10.430908203125,1642.46479910798,606.193542480469,100.0,0.163341090083122,Low,0.163341090083122,train
0.421142578125,12.82958984375,3.23957554064691,605.964660644531,100.0,0.165651768445969,Low,0.165651768445969,train
1.806640625,9.869384765625,48.5936331097037,2902.67944335938,104.999995231628,5.2090892791748,Medium,5.2090892791748,train
1.397705078125,6.70166015625,9.71872662194073,3825.58822631836,100.0,0.852199852466583,Medium,0.852199852466583,test
1.611328125,13.818359375,6.47915108129382,606.307983398438,100.0,0.354775011539459,Low,0.354775011539459,train
1.629638671875,13.629150390625,168.457928113639,1000.21362304688,100.0,0.490099102258682,Medium,0.490099102258682,train
0.836181640625,12.811279296875,3.23957554064691,605.907440185547,100.0,0.350448280572891,Low,0.350448280572891,test
1.18408203125,12.445068359375,3.23957554064691,606.193542480469,100.0,0.11955700814724,Low,0.11955700814724,train
1.214599609375,13.8427734375,6.47915108129382,605.850219726563,100.0,0.168636754155159,Low,0.168636754155159,test
1.025390625,10.552978515625,12.9583021625876,419.826507568359,100.0,0.235032707452774,Low,0.235032707452774,train
0.79345703125,13.055419921875,3.23957554064691,606.193542480469,100.0,0.364428877830505,Low,0.364428877830505,train
1.2939453125,13.31787109375,6.47915108129382,606.250762939453,100.0,0.0290499869734049,Low,0.0290499869734049,val
1.01318359375,13.555908203125,6.47915108129382,606.0791015625,100.0,0.142044961452484,Low,0.142044961452484,val
1.318359375,13.18359375,3.23957554064691,605.850219726563,100.0,0.0671786069869995,Low,0.0671786069869995,train
1.20849609375,13.19580078125,3.23957554064691,605.964660644531,100.0,0.131259486079216,Low,0.131259486079216,train
1.25732421875,10.333251953125,3.23957554064691,606.136322021484,100.0,0.17413318157196,Low,0.17413318157196,train
0.28076171875,10.72998046875,3.23957554064691,606.0791015625,100.0,0.0103075066581368,Low,0.0103075066581368,val
1.385498046875,10.101318359375,25.9166043251753,2759.79995727539,100.0,0.0945433378219604,Medium,0.0945433378219604,val
1.33056640625,0.946044921875,-19.4374532438815,2750.12969970703,100.0,1.04461085796356,Medium,1.04461085796356,train
1.26953125,13.909912109375,6.47915108129382,605.964660644531,100.0,0.0340189673006535,Low,0.0340189673006535,train
1.800537109375,9.515380859375,492.41548217833,5000.38146972656,100.0,2.7647659778595,Medium,2.7647659778595,train
1.287841796875,9.6435546875,3.23957554064691,3825.75988769531,100.0,1.76543796062469,Low,1.76543796062469,val
1.0498046875,13.458251953125,3.23957554064691,605.678558349609,100.0,0.0408062972128391,Low,0.0408062972128391,train
1.11083984375,9.442138671875,6.47915108129382,3826.44653320313,100.0,0.599342465400696,Medium,0.599342465400696,test
1.01318359375,22.430419921875,8199.36569337733,1989.78424072266,100.0,0.970833599567413,Medium,0.970833599567413,train
1.422119140625,13.02490234375,3.23957554064691,606.0791015625,100.0,0.185646742582321,Low,0.185646742582321,train
1.361083984375,3.546142578125,-19.4374532438815,2751.90353393555,100.0,3.04869699478149,Medium,3.04869699478149,train
1.81884765625,9.1552734375,3.23957554064691,606.307983398438,100.0,0.0060739289037883,Low,0.0060739289037883,val
1.5380859375,10.479736328125,6.47915108129382,170.059204101563,100.0,0.0072320937179029,Low,0.0072320937179029,val
1.77001953125,11.932373046875,3.23957554064691,605.792999267578,100.0,0.335429579019547,Low,0.335429579019547,train
0.98876953125,14.202880859375,6.47915108129382,606.193542480469,100.0,0.0226556323468685,Low,0.0226556323468685,test
1.080322265625,4.168701171875,-9.71872662194073,1000.09918212891,100.0,0.933187425136566,Low,0.933187425136566,val
1.33056640625,3.173828125,-16.1978777032346,29.2396545410156,100.0,2.66228266809776e-06,Medium,2.66228266809776e-06,test
1.348876953125,13.714599609375,6.47915108129382,606.0791015625,100.0,0.101021073758602,Low,0.101021073758602,train
2.886962890625,10.7666015625,314.23882744275,606.250762939453,100.0,0.10229154676199,Low,0.10229154676199,train
5.01708984375,1.37939453125,19.4374532438815,4245.01419067383,100.0,1.48827457427979,Medium,1.48827457427979,val
1.312255859375,3.57666015625,-12.9583021625876,2891.40701293945,104.999995231628,0.71210777759552,Low,0.71210777759552,train
1.007080078125,9.112548828125,566.925719613209,999.927520751953,100.0,0.694482445716858,Medium,0.694482445716858,train
1.6357421875,10.858154296875,3.23957554064691,605.964660644531,100.0,0.0612811110913754,Low,0.0612811110913754,val
1.81884765625,17.78564453125,181.416230276227,1000.38528442383,100.0,1.17616605758667,Medium,1.17616605758667,train
0.567626953125,13.6962890625,6.47915108129382,605.964660644531,100.0,0.182328373193741,Low,0.182328373193741,train
1.434326171875,1.89208984375,6.47915108129382,2758.48388671875,100.0,1.11799740791321,Medium,1.11799740791321,train
1.129150390625,12.042236328125,3.23957554064691,605.735778808594,100.0,0.0511111840605736,Low,0.0511111840605736,test
0.921630859375,9.783935546875,3.23957554064691,605.621337890625,100.0,0.0063641052693128,Low,0.0063641052693128,train
1.068115234375,13.41552734375,3.23957554064691,605.907440185547,100.0,0.255130767822266,Low,0.255130767822266,train
1.9775390625,10.302734375,3.23957554064691,605.907440185547,100.0,0.358982652425766,Low,0.358982652425766,test
0.653076171875,14.61181640625,6.47915108129382,605.850219726563,100.0,0.0475533306598663,Low,0.0475533306598663,test
1.23291015625,9.5947265625,51.8332086503506,2756.4811706543,100.0,0.112585201859474,Medium,0.112585201859474,test
0.787353515625,13.677978515625,6.47915108129382,606.021881103516,100.0,0.204709947109222,Low,0.204709947109222,train
1.2451171875,12.811279296875,3.23957554064691,605.907440185547,100.0,0.160886704921722,Low,0.160886704921722,val
2.08740234375,5.108642578125,87.4685395974666,7.89642333984375,100.0,0.0019539301283657,Medium,0.0019539301283657,val
2.130126953125,19.27490234375,7823.57493066229,4999.80926513672,100.0,2.44556498527527,Medium,2.44556498527527,train
1.312255859375,14.05029296875,6.47915108129382,605.964660644531,100.0,0.107846990227699,Low,0.107846990227699,test
1.409912109375,13.12255859375,3.23957554064691,606.193542480469,100.0,0.169516861438751,Low,0.169516861438751,val
1.470947265625,6.8359375,25.9166043251753,2749.78637695313,100.0,1.09041237831116,Low,1.09041237831116,val
0.91552734375,13.433837890625,3.23957554064691,606.136322021484,100.0,0.359144598245621,Low,0.359144598245621,train
1.690673828125,13.616943359375,6.47915108129382,120.0,100.0,0.0606710091233253,Low,0.0606710091233253,test
0.7568359375,13.580322265625,3.23957554064691,606.193542480469,100.0,0.455884218215942,Low,0.455884218215942,train
1.11083984375,1.5869140625,6.47915108129382,2757.33947753906,100.0,5.7873215675354,Medium,5.7873215675354,val
1.031494140625,14.73388671875,6.47915108129382,606.136322021484,100.0,0.226737380027771,Low,0.226737380027771,train
1.031494140625,13.226318359375,3.23957554064691,605.964660644531,100.0,0.190556183457375,Low,0.190556183457375,train
1.77001953125,13.055419921875,6.47915108129382,606.250762939453,100.0,0.20054417848587,Low,0.20054417848587,train
2.362060546875,5.096435546875,174.937079194933,4244.49920654297,100.0,3.1179370880127,Medium,3.1179370880127,val
1.129150390625,13.836669921875,6.47915108129382,605.564117431641,100.0,0.0576986074447632,Low,0.0576986074447632,train
1.202392578125,9.027099609375,45.3540575690567,2757.45391845703,100.0,2.10406541824341,Medium,2.10406541824341,train
1.495361328125,4.08935546875,-16.1978777032346,999.870300292969,100.0,0.883207499980927,Low,0.883207499980927,train
1.15966796875,7.281494140625,340.155431767926,3820.38116455078,100.0,1.85948538780212,Medium,1.85948538780212,train
1.470947265625,2.008056640625,3.23957554064691,2617.3210144043,94.9999988079071,0.915045022964478,Medium,0.915045022964478,train
1.654052734375,10.565185546875,3.23957554064691,606.0791015625,100.0,0.0946572870016098,Low,0.0946572870016098,test
0.714111328125,13.8427734375,6.47915108129382,605.850219726563,100.0,0.260976225137711,Low,0.260976225137711,val
1.2939453125,12.56103515625,12.9583021625876,3978.65295410156,100.0,1.23339760303497,Low,1.23339760303497,train
1.702880859375,1.8310546875,3.23957554064691,2612.34283447266,94.9999988079071,1.15206408500671,Medium,1.15206408500671,train
0.8056640625,13.446044921875,3.23957554064691,605.907440185547,100.0,0.0976524651050568,Low,0.0976524651050568,train
1.666259765625,14.1357421875,3.23957554064691,606.136322021484,100.0,0.0656581595540047,Low,0.0656581595540047,val
0.67138671875,0.93994140625,-3.23957554064691,2670.70770263672,100.0,5.56513166427612,Medium,5.56513166427612,train
1.3916015625,14.39208984375,6.47915108129382,605.792999267578,100.0,0.217527940869331,Low,0.217527940869331,train
1.416015625,1.15966796875,3.23957554064691,2893.18084716797,104.999995231628,1.16004228591919,Medium,1.16004228591919,val
1.214599609375,13.2080078125,3.23957554064691,605.850219726563,100.0,0.157493963837624,Low,0.157493963837624,test
1.495361328125,5.95703125,32.3957554064691,2766.83807373047,100.0,2.00464844703674,Medium,2.00464844703674,train
2.264404296875,10.5224609375,3.23957554064691,605.678558349609,100.0,0.0496168434619904,Low,0.0496168434619904,train
1.03759765625,14.0625,3.23957554064691,606.021881103516,100.0,0.438290864229202,Low,0.438290864229202,train
0.836181640625,2.0263671875,116.624719463289,2752.59017944336,100.0,2.64501619338989,Medium,2.64501619338989,train
3.692626953125,5.99365234375,97.1872662194073,605.735778808594,100.0,0.0874923691153526,Low,0.0874923691153526,test
0.8056640625,13.897705078125,6.47915108129382,606.307983398438,100.0,0.132397681474686,Low,0.132397681474686,val
1.031494140625,9.02099609375,3.23957554064691,605.964660644531,100.0,0.232442602515221,Low,0.232442602515221,train
1.654052734375,1.72119140625,6.47915108129382,2749.32861328125,100.0,1.12116622924805,Medium,1.12116622924805,train
1.35498046875,2.496337890625,-6.47915108129382,2768.32580566406,100.0,0.819291532039642,Medium,0.819291532039642,test
0.86669921875,1.385498046875,6.47915108129382,2754.87899780273,100.0,2.53709745407104,Medium,2.53709745407104,test
1.67236328125,16.56494140625,6.47915108129382,605.907440185547,100.0,0.378485083580017,Low,0.378485083580017,train
1.043701171875,10.77880859375,3.23957554064691,605.850219726563,100.0,0.0184119530022144,Low,0.0184119530022144,train
1.470947265625,9.515380859375,48.5936331097037,2893.63861083984,104.999995231628,2.05444145202637,Medium,2.05444145202637,train
1.385498046875,6.31103515625,3.23957554064691,605.850219726563,100.0,0.0201881863176823,Low,0.0201881863176823,train
2.0263671875,1.531982421875,4982.46718151495,2761.45935058594,100.0,1.61935842037201,Medium,1.61935842037201,train
1.904296875,11.1572265625,3.23957554064691,605.907440185547,100.0,0.0834462195634842,Low,0.0834462195634842,train
1.300048828125,11.968994140625,3.23957554064691,605.850219726563,100.0,0.246230229735374,Low,0.246230229735374,train
1.812744140625,15.6005859375,158.739201491699,4999.63760375977,100.0,2.05517792701721,Medium,2.05517792701721,test
0.86669921875,14.07470703125,6.47915108129382,605.964660644531,100.0,0.276618421077728,Low,0.276618421077728,train
0.823974609375,13.95263671875,6.47915108129382,606.021881103516,100.0,0.0239813234657049,Low,0.0239813234657049,test
0.8544921875,10.6201171875,187.895381357521,4245.01419067383,100.0,2.8534824848175,Medium,2.8534824848175,train
1.385498046875,13.0615234375,61.5519352722913,3825.98876953125,100.0,1.86833393573761,Medium,1.86833393573761,test
1.043701171875,14.947509765625,6.47915108129382,606.136322021484,100.0,0.085526317358017,Low,0.085526317358017,test
1.708984375,10.699462890625,3.23957554064691,606.422424316406,100.0,0.217597112059593,Low,0.217597112059593,test
1.42822265625,2.606201171875,-9.71872662194073,3818.14956665039,100.0,1.30500209331512,Medium,1.30500209331512,val
0.76904296875,13.61083984375,6.47915108129382,606.136322021484,100.0,0.337128788232803,Low,0.337128788232803,train
1.5625,10.321044921875,3.23957554064691,605.907440185547,100.0,0.154414460062981,Low,0.154414460062981,val
1.544189453125,1.312255859375,3.23957554064691,2616.92047119141,94.9999988079071,0.14147087931633,Medium,0.14147087931633,train
1.4404296875,12.744140625,3.23957554064691,606.021881103516,100.0,0.0276315528899431,Low,0.0276315528899431,train
1.50146484375,9.625244140625,3.23957554064691,605.907440185547,100.0,0.0553550571203232,Low,0.0553550571203232,train
1.226806640625,4.6630859375,149.020474869758,4999.69482421875,100.0,1.96653866767883,Medium,1.96653866767883,val
0.897216796875,10.41259765625,3.23957554064691,606.021881103516,100.0,0.0049497680738568,Low,0.0049497680738568,train
1.953125,11.932373046875,3.23957554064691,605.964660644531,100.0,0.248902529478073,Low,0.248902529478073,train
1.7822265625,13.397216796875,1208.3616766613,169.944763183594,100.0,0.001111225108616,Low,0.001111225108616,train
1.708984375,14.239501953125,236.489014467224,3818.09234619141,100.0,2.79752993583679,Low,2.79752993583679,test
1.74560546875,6.640625,366.072036093101,2756.13784790039,100.0,0.46130958199501,Medium,0.46130958199501,train
0.830078125,13.873291015625,6.47915108129382,606.021881103516,100.0,0.265634477138519,Low,0.265634477138519,train
1.666259765625,12.6220703125,123.103870544583,3000.12588500977,100.0,2.14845561981201,Medium,2.14845561981201,test
1.123046875,14.251708984375,6.47915108129382,606.193542480469,100.0,0.246070027351379,Low,0.246070027351379,test
1.18408203125,0.787353515625,3.23957554064691,2756.93893432617,100.0,0.264891564846039,Medium,0.264891564846039,train
1.422119140625,10.7666015625,22.6770287845284,2750.47302246094,100.0,1.0847692489624,Medium,1.0847692489624,train
1.702880859375,5.45654296875,22.6770287845284,2748.52752685547,100.0,2.48194026947021,Low,2.48194026947021,test
0.933837890625,9.954833984375,3.23957554064691,605.907440185547,100.0,0.144734174013138,Low,0.144734174013138,train
1.470947265625,1.776123046875,-9.71872662194073,2765.92254638672,100.0,2.07399368286133,Medium,2.07399368286133,train
1.239013671875,12.07275390625,6.47915108129382,605.964660644531,100.0,0.205103546380997,Low,0.205103546380997,val
0.909423828125,12.63427734375,3.23957554064691,605.964660644531,100.0,0.126667052507401,Low,0.126667052507401,train
1.263427734375,9.3994140625,55.0727841909975,3063.3544921875,100.0,1.42831301689148,Medium,1.42831301689148,val
0.5126953125,12.518310546875,3.23957554064691,605.907440185547,100.0,0.154952958226204,Low,0.154952958226204,train
1.81884765625,9.41162109375,181.416230276227,2767.41027832031,100.0,2.97907471656799,Low,2.97907471656799,train
1.519775390625,14.654541015625,6.47915108129382,775.566101074219,100.0,0.241799414157867,Low,0.241799414157867,train
1.4404296875,6.768798828125,330.436705145985,5000.15258789063,100.0,2.38965511322021,Medium,2.38965511322021,val
0.909423828125,14.02587890625,6.47915108129382,606.0791015625,100.0,0.274661093950272,Low,0.274661093950272,train
0.40283203125,15.1123046875,3939.32385742664,2617.14935302734,94.9999988079071,2.16809964179993,Medium,2.16809964179993,train
1.605224609375,4.547119140625,38.8749064877629,2752.64739990234,100.0,0.805349230766296,Medium,0.805349230766296,train
1.397705078125,14.178466796875,6.47915108129382,605.907440185547,100.0,0.238108530640602,Low,0.238108530640602,test
0.4638671875,10.63232421875,3.23957554064691,605.792999267578,100.0,0.152995377779007,Low,0.152995377779007,train
1.422119140625,13.470458984375,6.47915108129382,605.735778808594,100.0,0.202225238084793,Low,0.202225238084793,train
1.007080078125,14.36767578125,6.47915108129382,606.193542480469,100.0,0.139283463358879,Low,0.139283463358879,test
0.726318359375,10.919189453125,55.0727841909975,2672.5959777832,100.0,1.44576406478882,Medium,1.44576406478882,train
0.885009765625,14.886474609375,6.47915108129382,606.0791015625,100.0,0.417011320590973,Low,0.417011320590973,train
1.220703125,12.92724609375,6.47915108129382,775.566101074219,100.0,0.274068713188171,Low,0.274068713188171,train
1.3427734375,10.528564453125,230.009863385931,2762.54653930664,100.0,0.464893788099289,Medium,0.464893788099289,train
1.202392578125,10.394287109375,-327.197129605338,606.0791015625,100.0,0.489338040351868,Low,0.489338040351868,test
0.78125,11.3037109375,323.957554064691,2802.88696289063,104.999995231628,5.52125692367554,Medium,5.52125692367554,val
0.5126953125,14.141845703125,6.47915108129382,606.021881103516,100.0,0.0124640576541424,Low,0.0124640576541424,test
1.666259765625,11.468505859375,3.23957554064691,605.792999267578,100.0,0.267544776201248,Low,0.267544776201248,train
0.933837890625,8.428955078125,45.3540575690567,2756.42395019531,100.0,1.18703961372375,Medium,1.18703961372375,train
1.3671875,12.12158203125,3.23957554064691,605.964660644531,100.0,0.108124919235706,Low,0.108124919235706,train
1.1474609375,12.744140625,3.23957554064691,606.0791015625,100.0,0.0916108787059784,Low,0.0916108787059784,train
0.87890625,14.471435546875,6.47915108129382,605.850219726563,100.0,0.229216396808624,Low,0.229216396808624,train
1.190185546875,9.625244140625,6.47915108129382,3826.44653320313,100.0,2.13671660423279,Medium,2.13671660423279,train
1.898193359375,10.369873046875,3.23957554064691,606.021881103516,100.0,0.019662719219923,Low,0.019662719219923,train
0.64697265625,16.082763671875,6.47915108129382,1000.38528442383,100.0,0.857206165790558,Medium,0.857206165790558,train
2.008056640625,11.395263671875,1623.0273458641,2618.06488037109,94.9999988079071,0.656123995780945,Medium,0.656123995780945,train
1.202392578125,13.9404296875,6.47915108129382,605.964660644531,100.0,0.200873658061028,Low,0.200873658061028,test
0.927734375,13.287353515625,3.23957554064691,606.307983398438,100.0,0.281372487545013,Low,0.281372487545013,train
1.13525390625,10.150146484375,51.8332086503506,2757.96890258789,100.0,1.74279975891113,Medium,1.74279975891113,train
0.408935546875,13.4521484375,3.23957554064691,606.136322021484,100.0,0.269798159599304,Low,0.269798159599304,test
1.312255859375,12.158203125,61.5519352722913,2767.41027832031,100.0,2.33902263641357,Low,2.33902263641357,train
1.0986328125,13.623046875,6.47915108129382,605.735778808594,100.0,0.193163201212883,Low,0.193163201212883,test
1.84326171875,11.114501953125,3.23957554064691,605.907440185547,100.0,0.163360863924026,Low,0.163360863924026,train
0.927734375,9.27734375,45.3540575690567,2755.45120239258,100.0,0.448932260274887,Medium,0.448932260274887,train
0.47607421875,14.837646484375,6.47915108129382,606.136322021484,100.0,0.0755500718951225,Low,0.0755500718951225,train
1.06201171875,15.0390625,6.47915108129382,605.907440185547,100.0,0.0509610138833523,Low,0.0509610138833523,train
1.043701171875,14.9169921875,6.47915108129382,605.964660644531,100.0,0.0463077090680599,Low,0.0463077090680599,train
1.165771484375,10.205078125,3.23957554064691,606.307983398438,100.0,0.0297640766948462,Low,0.0297640766948462,train
1.898193359375,10.02197265625,621.998503804207,1000.21362304688,100.0,0.853108942508698,Medium,0.853108942508698,train
0.81787109375,13.8427734375,142.541323788464,2999.15313720703,100.0,2.3253345489502,Medium,2.3253345489502,val
1.409912109375,4.205322265625,-16.1978777032346,999.984741210938,100.0,0.631027936935425,Medium,0.631027936935425,train
1.20849609375,1.37939453125,6.47915108129382,2758.54110717773,100.0,0.674025893211365,Medium,0.674025893211365,train
1.312255859375,8.343505859375,518.332086503506,2999.49645996094,100.0,3.00391793251038,Medium,3.00391793251038,train
5.694580078125,9.3505859375,84.2289640568197,606.021881103516,100.0,0.0002841625246219,Low,0.0002841625246219,val
0.714111328125,1.702880859375,71.270661894232,1049.9382019043,104.999995231628,0.585239946842194,Medium,0.585239946842194,val
1.513671875,12.152099609375,42.1144820284098,169.601440429688,100.0,0.0149281686171889,Low,0.0149281686171889,train
0.87890625,8.88671875,93.9476906787604,3804.35943603516,100.0,2.94198560714722,Low,2.94198560714722,train
1.11083984375,12.432861328125,3.23957554064691,606.365203857422,100.0,0.115058548748493,Low,0.115058548748493,train
1.52587890625,11.9873046875,9.71872662194073,2757.79724121094,100.0,1.72004079818726,Medium,1.72004079818726,train
2.459716796875,8.349609375,155.499625951052,606.0791015625,100.0,0.100523315370083,Low,0.100523315370083,train
1.116943359375,12.7685546875,3.23957554064691,606.136322021484,100.0,0.138498842716217,Low,0.138498842716217,train
1.409912109375,11.9384765625,3.23957554064691,606.0791015625,100.0,0.13459375500679,Low,0.13459375500679,train
1.019287109375,14.61181640625,6.47915108129382,606.021881103516,100.0,0.27320396900177,Low,0.27320396900177,train
1.348876953125,13.714599609375,3.23957554064691,606.021881103516,100.0,0.0570222474634647,Low,0.0570222474634647,train
1.15966796875,14.337158203125,6.47915108129382,605.907440185547,100.0,0.0765706971287727,Low,0.0765706971287727,test
1.52587890625,9.368896484375,207.332834601402,2751.56021118164,100.0,2.12680721282959,Medium,2.12680721282959,train
1.165771484375,13.9892578125,6.47915108129382,606.136322021484,100.0,0.350294440984726,Low,0.350294440984726,val
1.190185546875,10.6689453125,3.23957554064691,605.735778808594,100.0,0.222942396998405,Low,0.222942396998405,val
0.848388671875,13.970947265625,6.47915108129382,606.193542480469,100.0,0.0744067654013634,Low,0.0744067654013634,val
1.2939453125,11.676025390625,3.23957554064691,605.678558349609,100.0,0.176090329885483,Low,0.176090329885483,train
1.37939453125,13.41552734375,3.23957554064691,606.021881103516,100.0,0.154182612895966,Low,0.154182612895966,train
2.301025390625,10.3759765625,6.47915108129382,606.422424316406,100.0,0.102498330175877,Low,0.102498330175877,train
1.519775390625,5.596923828125,-35.635330947116,214.176177978516,94.9999988079071,1.24064877127239e-06,Medium,1.24064877127239e-06,val
0.76904296875,10.223388671875,294.801374198869,4244.95697021484,100.0,2.26611042022705,Medium,2.26611042022705,val
1.495361328125,1.6357421875,6.47915108129382,2761.17324829102,100.0,2.94036865234375,Medium,2.94036865234375,train
1.3671875,9.09423828125,45.3540575690567,2756.59561157227,100.0,1.20074427127838,Medium,1.20074427127838,test
1.959228515625,13.970947265625,9.71872662194073,722.980499267578,100.0,0.483414381742477,Low,0.483414381742477,train
0.958251953125,12.4267578125,9.71872662194073,3978.19519042969,100.0,0.0168681032955647,Low,0.0168681032955647,val
1.025390625,9.002685546875,9.71872662194073,2891.06369018555,104.999995231628,2.31108355522156,Low,2.31108355522156,train
1.605224609375,1.422119140625,32.3957554064691,2611.02676391602,94.9999988079071,1.85046899318695,Medium,1.85046899318695,test
1.40380859375,1.422119140625,6.47915108129382,2756.42395019531,100.0,3.10915374755859,Medium,3.10915374755859,train
1.18408203125,10.19287109375,3.23957554064691,605.678558349609,100.0,0.0927069783210754,Low,0.0927069783210754,val
1.165771484375,7.830810546875,-3.23957554064691,605.850219726563,100.0,0.137367129325867,Low,0.137367129325867,train
0.775146484375,14.35546875,6.47915108129382,606.136322021484,100.0,0.0509089604020119,Low,0.0509089604020119,train
0.8544921875,13.36669921875,3.23957554064691,606.136322021484,100.0,0.0268307961523533,Low,0.0268307961523533,val
1.806640625,3.985595703125,-12.9583021625876,999.698638916016,100.0,0.749921321868896,Medium,0.749921321868896,train
1.409912109375,9.1064453125,45.3540575690567,2754.36401367188,100.0,1.78085231781006,Medium,1.78085231781006,train
1.0009765625,1.654052734375,-6.47915108129382,199.756622314453,100.0,0.0801256150007248,Low,0.0801256150007248,train
1.556396484375,13.671875,6.47915108129382,605.792999267578,100.0,0.0611569434404373,Low,0.0611569434404373,val
0.47607421875,3.69873046875,174.937079194933,1050.05264282227,104.999995231628,1.22759318351746,Medium,1.22759318351746,train
2.47802734375,8.23974609375,142.541323788464,606.136322021484,100.0,0.175233840942383,Low,0.175233840942383,train
1.104736328125,0.8544921875,3.23957554064691,2755.27954101563,100.0,4.02978944778442,Medium,4.02978944778442,val
0.860595703125,11.834716796875,16.1978777032346,3803.44390869141,100.0,1.32238018512726,Medium,1.32238018512726,train
2.01416015625,11.82861328125,265.645194333047,606.136322021484,100.0,0.0739729180932045,Low,0.0739729180932045,val
0.982666015625,11.81640625,9.71872662194073,3977.68020629883,100.0,0.896576285362244,Medium,0.896576285362244,train
1.519775390625,12.646484375,3.23957554064691,605.850219726563,100.0,0.4576196372509,Low,0.4576196372509,test
0.84228515625,4.461669921875,-110.145568381995,2748.18420410156,100.0,5.38382577896118,Medium,5.38382577896118,train
1.129150390625,9.234619140625,45.3540575690567,2757.96890258789,100.0,0.395559161901474,Medium,0.395559161901474,train
1.3671875,8.843994140625,45.3540575690567,2764.60647583008,100.0,3.8306679725647,Medium,3.8306679725647,train
1.141357421875,9.942626953125,48.5936331097037,2758.54110717773,100.0,1.34616839885712,Medium,1.34616839885712,test
0.59814453125,16.748046875,171.697503654286,999.813079833984,100.0,0.980740249156952,Medium,0.980740249156952,train
1.190185546875,13.26904296875,3.23957554064691,605.850219726563,100.0,0.0862979590892792,Low,0.0862979590892792,train
0.531005859375,7.28759765625,35.635330947116,2754.47845458984,100.0,0.988541126251221,Medium,0.988541126251221,train
1.07421875,12.12158203125,213.811985682696,169.887542724609,100.0,0.0838004127144814,Low,0.0838004127144814,val
1.89208984375,6.573486328125,359.592885011807,1050.10986328125,104.999995231628,0.796777367591858,Medium,0.796777367591858,test
1.336669921875,10.137939453125,3.23957554064691,605.907440185547,100.0,0.125413656234741,Low,0.125413656234741,train
1.123046875,1.226806640625,3.23957554064691,2757.45391845703,100.0,0.377790838479996,Medium,0.377790838479996,train
1.983642578125,8.587646484375,-210.572410142049,2768.44024658203,100.0,2.02087450027466,Medium,2.02087450027466,val
1.0009765625,10.052490234375,51.8332086503506,2760.77270507813,100.0,1.66360771656036,Medium,1.66360771656036,val
1.641845703125,13.85498046875,6.47915108129382,606.193542480469,100.0,0.28155642747879,Low,0.28155642747879,test
10.11962890625,9.9365234375,1240.75743206777,3800.12512207031,100.0,2.00472259521484,Medium,2.00472259521484,train
1.678466796875,6.927490234375,29.1561798658222,2748.12698364258,100.0,0.766571044921875,Medium,0.766571044921875,train
0.762939453125,12.744140625,3.23957554064691,605.964660644531,100.0,0.0015313939657062,Low,0.0015313939657062,val
1.67236328125,11.07177734375,9.71872662194073,169.944763183594,100.0,0.0628547072410584,Low,0.0628547072410584,train
0.54931640625,15.49072265625,1143.57016584836,3826.50375366211,100.0,0.461465805768967,Medium,0.461465805768967,test
1.031494140625,1.336669921875,-68.0310863535851,999.984741210938,100.0,0.694674491882324,Low,0.694674491882324,train
0.89111328125,14.2578125,6.47915108129382,605.907440185547,100.0,0.0166506804525852,Low,0.0166506804525852,train
0.927734375,1.01318359375,3.23957554064691,2760.25772094727,100.0,1.38879978656769,Medium,1.38879978656769,val
0.9521484375,9.423828125,48.5936331097037,2755.22232055664,100.0,2.58331251144409,Medium,2.58331251144409,train
1.89208984375,10.8154296875,139.301748247817,606.365203857422,100.0,0.019165625795722,Low,0.019165625795722,val
1.318359375,10.6689453125,58.3123597316444,1989.84146118164,100.0,1.69511234760284,Low,1.69511234760284,train
1.605224609375,3.91845703125,-12.9583021625876,999.813079833984,100.0,0.746941030025482,Medium,0.746941030025482,train
1.0498046875,13.397216796875,3.23957554064691,605.735778808594,100.0,0.0109241977334023,Low,0.0109241977334023,train
0.506591796875,7.89794921875,161.978777032346,3804.35943603516,100.0,0.157638698816299,Medium,0.157638698816299,train
2.191162109375,10.504150390625,3.23957554064691,606.0791015625,100.0,0.148981317877769,Low,0.148981317877769,train
1.0986328125,14.849853515625,6.47915108129382,605.907440185547,100.0,0.226371005177498,Low,0.226371005177498,train
1.226806640625,14.2333984375,6.47915108129382,605.907440185547,100.0,0.119293063879013,Low,0.119293063879013,train
1.422119140625,14.605712890625,6.47915108129382,605.907440185547,100.0,0.383727252483368,Low,0.383727252483368,train
1.025390625,13.4765625,6.47915108129382,605.678558349609,100.0,0.107159577310085,Low,0.107159577310085,val
1.416015625,8.97216796875,45.3540575690567,2756.53839111328,100.0,3.36645174026489,Medium,3.36645174026489,train
1.2939453125,11.090087890625,1376.81960477494,605.850219726563,100.0,0.161344677209854,Low,0.161344677209854,val
0.897216796875,9.246826171875,576.64444623515,999.927520751953,100.0,1.0204873085022,Medium,1.0204873085022,test
1.434326171875,6.097412109375,9.71872662194073,2755.85174560547,100.0,1.20764636993408,Medium,1.20764636993408,test
1.275634765625,9.503173828125,3.23957554064691,1989.95590209961,100.0,0.725301802158356,Low,0.725301802158356,test
1.171875,13.14697265625,288.322223117575,2763.97705078125,100.0,2.04148936271667,Medium,2.04148936271667,train
1.702880859375,9.814453125,3.23957554064691,606.0791015625,100.0,0.248235434293747,Low,0.248235434293747,test
1.580810546875,10.235595703125,12.9583021625876,170.2880859375,100.0,0.0354669764637947,Low,0.0354669764637947,train
1.007080078125,1.495361328125,-3.23957554064691,2754.30679321289,100.0,0.124152712523937,Medium,0.124152712523937,train
1.739501953125,3.985595703125,-9.71872662194073,1000.04196166992,100.0,0.979066014289856,Medium,0.979066014289856,train
1.104736328125,2.166748046875,9.71872662194073,2757.74002075195,100.0,1.84229397773743,Medium,1.84229397773743,train
0.0244140625,4.168701171875,-16.1978777032346,999.927520751953,100.0,1.14523637294769,Medium,1.14523637294769,train
1.031494140625,14.29443359375,6.47915108129382,606.021881103516,100.0,0.170448660850525,Low,0.170448660850525,train
1.177978515625,9.124755859375,45.3540575690567,2892.89474487305,104.999995231628,0.282233148813248,Medium,0.282233148813248,train
1.666259765625,9.2041015625,3.23957554064691,605.850219726563,100.0,0.166609093546867,Low,0.166609093546867,train
1.214599609375,9.918212890625,48.5936331097037,2758.71276855469,100.0,2.75776481628418,Medium,2.75776481628418,train
1.55029296875,1.2451171875,77.7498129755259,2893.86749267578,104.999995231628,1.83954977989197,Medium,1.83954977989197,test
1.318359375,11.041259765625,55.0727841909975,2750.58746337891,100.0,1.15536880493164,Medium,1.15536880493164,val
1.55029296875,8.392333984375,3.23957554064691,605.964660644531,100.0,0.347410351037979,Low,0.347410351037979,train
0.47607421875,0.69580078125,-12.9583021625876,3811.39755249023,100.0,0.517475306987762,Low,0.517475306987762,val
1.611328125,13.2080078125,51.8332086503506,303.325653076172,50.0,0.0332812815904617,Low,0.0332812815904617,train
1.116943359375,1.45263671875,-6.47915108129382,2765.17868041992,100.0,2.12691259384155,Medium,2.12691259384155,test
1.031494140625,10.003662109375,103.666417300701,606.365203857422,100.0,0.174424260854721,Low,0.174424260854721,val
1.25732421875,12.9150390625,3.23957554064691,605.964660644531,100.0,0.112979799509048,Low,0.112979799509048,train
1.91650390625,7.2509765625,411.426093662158,2617.20657348633,94.9999988079071,2.80498433113098,Medium,2.80498433113098,train
0.91552734375,9.710693359375,48.5936331097037,2760.88714599609,100.0,0.11491235345602,Medium,0.11491235345602,train
1.202392578125,0.604248046875,-12.9583021625876,2750.41580200195,100.0,2.63918709754944,Medium,2.63918709754944,train
1.654052734375,11.614990234375,255.926467711106,302.810668945313,50.0,0.0207343678921461,Medium,0.0207343678921461,train
1.1962890625,14.080810546875,6.47915108129382,605.621337890625,100.0,0.0381797812879086,Low,0.0381797812879086,train
1.300048828125,10.272216796875,3.23957554064691,605.964660644531,100.0,0.13862344622612,Low,0.13862344622612,train
3.985595703125,5.841064453125,142.541323788464,722.923278808594,100.0,0.19586081802845,Low,0.19586081802845,val
1.416015625,11.248779296875,3.23957554064691,606.250762939453,100.0,0.283715099096298,Low,0.283715099096298,train
0.8056640625,2.862548828125,-9.71872662194073,2753.56292724609,100.0,2.14761233329773,Medium,2.14761233329773,test
0.982666015625,12.85400390625,3.23957554064691,605.735778808594,100.0,0.164377555251122,Low,0.164377555251122,train
0.665283203125,6.8359375,168.457928113639,169.944763183594,100.0,0.0100938826799393,Low,0.0100938826799393,val
1.513671875,9.3017578125,48.5936331097037,2892.26531982422,104.999995231628,1.06479299068451,Medium,1.06479299068451,train
1.0009765625,14.36767578125,6.47915108129382,605.907440185547,100.0,0.0217133928090334,Low,0.0217133928090334,train
0.909423828125,11.2060546875,3.23957554064691,605.735778808594,100.0,0.116505943238735,Low,0.116505943238735,test
1.007080078125,8.319091796875,45.3540575690567,2754.30679321289,100.0,0.436795771121979,Medium,0.436795771121979,val
1.01318359375,7.757568359375,3.23957554064691,605.792999267578,100.0,0.142541840672493,Low,0.142541840672493,train
2.01416015625,10.198974609375,3.23957554064691,606.422424316406,100.0,0.457093805074692,Low,0.457093805074692,train
1.57470703125,1.715087890625,32.3957554064691,2614.80331420898,94.9999988079071,1.30987966060638,Medium,1.30987966060638,test
1.20849609375,12.884521484375,3.23957554064691,605.907440185547,100.0,0.0530791468918324,Low,0.0530791468918324,test
1.23291015625,14.2333984375,6.47915108129382,605.964660644531,100.0,0.133044570684433,Low,0.133044570684433,train
1.57470703125,8.10546875,3.23957554064691,606.250762939453,100.0,0.563991725444794,Low,0.563991725444794,train
2.3681640625,17.303466796875,6.47915108129382,606.136322021484,100.0,0.433794647455215,Low,0.433794647455215,train
0.823974609375,12.41455078125,3.23957554064691,605.964660644531,100.0,0.0063059004023671,Low,0.0063059004023671,train
1.434326171875,14.51416015625,9.71872662194073,722.866058349609,100.0,0.214378446340561,Low,0.214378446340561,train
1.94091796875,10.02197265625,3.23957554064691,605.850219726563,100.0,0.151953831315041,Low,0.151953831315041,train
0.8056640625,10.4736328125,3.23957554064691,605.850219726563,100.0,0.239473059773445,Low,0.239473059773445,train
1.458740234375,12.420654296875,278.603496495634,605.907440185547,100.0,0.0771535485982895,Low,0.0771535485982895,val
1.91650390625,11.03515625,3.23957554064691,606.136322021484,100.0,0.11579617112875,Low,0.11579617112875,train
0.494384765625,13.922119140625,6.47915108129382,606.021881103516,100.0,0.16335129737854,Low,0.16335129737854,val
1.025390625,9.442138671875,48.5936331097037,2756.13784790039,100.0,1.26977801322937,Medium,1.26977801322937,test
0.567626953125,14.239501953125,6.47915108129382,605.850219726563,100.0,0.0974237471818924,Low,0.0974237471818924,train
1.007080078125,13.873291015625,6.47915108129382,606.250762939453,100.0,0.125432819128036,Low,0.125432819128036,train
0.799560546875,11.29150390625,3.23957554064691,606.021881103516,100.0,0.0574278794229031,Low,0.0574278794229031,test
1.25732421875,13.848876953125,6.47915108129382,606.136322021484,100.0,0.235358253121376,Low,0.235358253121376,test
2.410888671875,13.3544921875,1376.81960477494,606.365203857422,100.0,0.21555794775486,Low,0.21555794775486,train
1.42822265625,11.151123046875,3.23957554064691,606.0791015625,100.0,0.438979536294937,Low,0.438979536294937,train
1.690673828125,13.433837890625,139.301748247817,4999.63760375977,100.0,2.3310821056366,Medium,2.3310821056366,train
1.220703125,14.19677734375,6.47915108129382,606.0791015625,100.0,0.239830076694489,Low,0.239830076694489,train
0.494384765625,0.665283203125,-9.71872662194073,3811.22589111328,100.0,2.9986035823822,Medium,2.9986035823822,train
1.01318359375,9.7412109375,9.71872662194073,419.654846191406,100.0,0.184139102697372,Low,0.184139102697372,test
2.178955078125,10.614013671875,3.23957554064691,605.735778808594,100.0,0.167172193527222,Low,0.167172193527222,train
0.872802734375,13.665771484375,6.47915108129382,606.0791015625,100.0,0.225203305482864,Low,0.225203305482864,test
1.397705078125,1.5625,29.1561798658222,2616.11938476563,94.9999988079071,1.32099997997284,Medium,1.32099997997284,train
1.190185546875,9.033203125,375.790762715042,606.365203857422,100.0,0.132173523306847,Medium,0.132173523306847,train
2.288818359375,10.75439453125,3.23957554064691,605.564117431641,100.0,0.163243114948273,Low,0.163243114948273,test
1.025390625,0.68359375,3.23957554064691,2756.19506835938,100.0,2.92535543441772,Medium,2.92535543441772,test
1.40380859375,12.774658203125,6.47915108129382,3977.73742675781,100.0,2.83623266220093,Medium,2.83623266220093,test
3.08837890625,11.71875,913.560302462429,605.907440185547,100.0,0.195084407925606,Medium,0.195084407925606,train
1.318359375,13.2568359375,3.23957554064691,606.307983398438,100.0,0.352452397346497,Low,0.352452397346497,train
0.84228515625,0.616455078125,-3.23957554064691,3809.3376159668,100.0,1.95325243473053,Medium,1.95325243473053,train
1.641845703125,12.7685546875,6.47915108129382,605.964660644531,100.0,0.120252780616283,Low,0.120252780616283,train
1.751708984375,11.14501953125,68.0310863535851,170.230865478516,100.0,0.0490129329264164,Low,0.0490129329264164,val
1.751708984375,12.6953125,6.47915108129382,776.309967041016,100.0,0.0052947690710425,Low,0.0052947690710425,train
1.08642578125,1.40380859375,6.47915108129382,2758.42666625977,100.0,2.13657212257385,Medium,2.13657212257385,train
0.946044921875,13.018798828125,3.23957554064691,606.136322021484,100.0,0.27035266160965,Low,0.27035266160965,train
1.397705078125,1.580810546875,6.47915108129382,2755.10787963867,100.0,0.410403311252594,Medium,0.410403311252594,train
2.044677734375,10.546875,3.23957554064691,605.964660644531,100.0,0.0265613943338394,Low,0.0265613943338394,train
1.46484375,1.611328125,-6.47915108129382,2766.7236328125,100.0,2.07399368286133,Medium,2.07399368286133,train
1.94091796875,12.933349609375,6.47915108129382,776.252746582031,100.0,0.043801162391901,Low,0.043801162391901,train
1.214599609375,13.641357421875,6.47915108129382,606.021881103516,100.0,0.31085792183876,Low,0.31085792183876,train
0.62255859375,13.427734375,3.23957554064691,606.193542480469,100.0,0.288121104240417,Low,0.288121104240417,train
1.35498046875,13.250732421875,3.23957554064691,606.250762939453,100.0,0.189262002706528,Low,0.189262002706528,train
0.897216796875,9.8388671875,48.5936331097037,2756.08062744141,100.0,1.42578780651093,Medium,1.42578780651093,train
10.99853515625,9.625244140625,670.592136913911,606.021881103516,100.0,0.111889131367207,Low,0.111889131367207,test
0.750732421875,12.68310546875,3.23957554064691,606.0791015625,100.0,0.296441972255707,Low,0.296441972255707,train
0.81787109375,14.141845703125,6.47915108129382,606.021881103516,100.0,0.201435998082161,Low,0.201435998082161,test
0.836181640625,11.053466796875,453.540575690567,2804.20303344727,104.999995231628,2.39759516716003,Medium,2.39759516716003,val
0.543212890625,9.906005859375,48.5936331097037,2673.33984375,100.0,0.757146120071411,Low,0.757146120071411,val
0.9765625,0.750732421875,-6.47915108129382,3816.71905517578,100.0,1.33499610424042,Medium,1.33499610424042,val
1.397705078125,7.989501953125,19.4374532438815,2617.60711669922,94.9999988079071,2.71045327186584,Medium,2.71045327186584,train
1.220703125,9.375,45.3540575690567,3068.33267211914,100.0,0.702177762985229,Medium,0.702177762985229,train
2.1240234375,11.444091796875,6.47915108129382,606.0791015625,100.0,0.0624488703906536,Low,0.0624488703906536,train
1.07421875,13.4521484375,3.23957554064691,606.0791015625,100.0,0.117846250534058,Low,0.117846250534058,train
1.287841796875,9.515380859375,168.457928113639,3064.89944458008,100.0,3.10012793540955,Medium,3.10012793540955,train
1.40380859375,0.5859375,3.23957554064691,2757.45391845703,100.0,1.01031458377838,Medium,1.01031458377838,train
0.9820483432655024,14.362366525282328,6.383726185953943,606.1965191927483,99.97092947288608,0.0585293837704695,Low,0.0585293837704695,test
1.1819023520508636,6.970764972377279,-12.986331553148208,602.4857327882606,99.95360417053595,0.6474514748891864,High,0.6474514748891864,train
0.8795141146780286,13.005447224468874,3.1971988610450706,606.0178198831245,100.03778431291788,0.0727311334769552,Low,0.0727311334769552,test
1.0957743800958617,1.4418142152201596,-6.412825424178809,2765.184777131361,99.9530907316024,2.134132119201354,Medium,2.134132119201354,val
1.009420667337298,11.676270571127278,3654.212455205935,3540.481636777813,104.97433360245412,3.425048606407442,High,3.425048606407442,train
3.043334796274107,6.543911781789677,-29.2501480272794,169.82393804190892,100.12861095083105,0.1187972426374821,High,0.1187972426374821,train
1.6659109231765017,13.674198812661212,139.328969525488,5000.539034799564,99.91533393616562,1.7261489406266328,Medium,1.7261489406266328,train
0.9692576868869862,1.4577444767772565,-3.2401868636472257,2754.269057582864,99.98793385116004,0.1709418663655721,Medium,0.1709418663655721,train
1.3035919522386163,2.6845513139463417,-35.61838536900871,3827.677742200356,99.9785798844643,1.6639998814998076,Medium,1.6639998814998076,test
0.947814713540522,9.396587984346342,48.57761532833169,2756.1811541680854,99.98475996973924,1.302533316835906,Medium,1.302533316835906,val
1.1556632791782029,7.330136525601092,340.06105451063536,3820.330815672623,100.06315765546724,1.908345188833452,Medium,1.908345188833452,val
1.0517110163060788,5.430838053867341,-16.31339346142036,3799.435913316013,99.99437980543011,2.839014230892688,High,2.839014230892688,val
0.6744671445525421,11.205201627886344,55.10298339596588,3809.7780033660697,100.04529250319388,1.6460814009927076,Medium,1.6460814009927076,train
1.0502041961780442,17.593009460990586,5539.638691912137,3825.848575193368,100.02459936189396,1.7420732597279664,High,1.7420732597279664,train
1.2661184570046669,7.375121463701718,-12.911292110367349,2749.06273124783,99.9570541508416,2.994763622684959,High,2.994763622684959,test
1.583111285549846,7.801275568463887,4690.844561836999,3990.623909970144,105.13882948099156,3.6089851757863993,High,3.6089851757863993,train
1.414451651853485,10.052729948284728,51.831876592896165,2758.4292574868723,99.99882420183202,2.343067995391144,Medium,2.343067995391144,test
1.032842176973281,9.472679613221116,6.500404185780752,420.21413672826753,99.95187759662797,0.2826183745181959,Medium,0.2826183745181959,train
1.5599769875564171,8.152553863028217,-411.3474492550936,3815.6836111116495,99.9512151879772,0.2570686132878609,Medium,0.2570686132878609,train
3.080582042764888,6.60823864200918,-29.158883536374,169.6810546628933,100.00994260139416,-0.0161618755432633,High,-0.0161618755432633,test
2.847682287391105,2.0512814879478807,492.4127588029823,606.2112493177946,100.01358715145145,0.1984333536479365,Low,0.1984333536479365,val
2.048188419200711,4.033349466930459,-16.143074209902778,2615.118102278343,94.9760555916166,1.232472636756302,High,1.232472636756302,train
1.0100516555739787,4.492199557325061,-61.53456230726361,2474.333312900553,90.04694357712846,1.6054577757724644,Medium,1.6054577757724644,train
2.0829941383620234,11.030900168889849,-6.4574643632865305,606.0815941641507,99.9946844216278,0.3123692156896039,Low,0.3123692156896039,train
1.642603072499849,6.596912975675154,113.37920554548096,2747.47309399637,99.97081094424948,1.6641805816116058,Medium,1.6641805816116058,train
2.2665770896934725,24.85018188310356,4247.087847738548,2753.9103643974245,99.82795880811304,4.6692843827286366,High,4.6692843827286366,test
1.8538949786895904,14.442865513655187,1833.4994218061845,2752.804735841468,100.04254065253704,2.889426659578109,High,2.889426659578109,test
13.475636603074545,3.21177242782314,-540.9799429306927,2616.874248168182,95.04642857860146,1.1943003478133414,High,1.1943003478133414,test
1.3925211243848803,14.576049254995718,6.41673292985864,605.8370926601411,100.05033916466728,0.4704557518477809,Low,0.4704557518477809,train
1.7984944146667503,12.847722124786223,317.49186582742595,2499.4959344202616,100.03283167182862,2.7415043611069057,High,2.7415043611069057,train
2.7265469576428645,2.10787276755111,-223.45133520742544,2805.976894796891,100.05338902863672,17.303121468685976,High,17.303121468685976,test
1.487275040254697,9.459487915146632,9.667800245433778,2756.22742349655,99.99427062051616,4.621940082618828,High,4.621940082618828,train
0.6934369668735021,8.532576127870914,35.60118554268536,723.0656604339032,99.94130636689933,0.3239186197214681,Low,0.3239186197214681,train
1.3635654064202498,13.455843844099624,3.308291700388452,606.0142309709726,99.87131258185104,0.13012529626303,Low,0.13012529626303,train
3.8370379310939424,12.065811835346556,16.266778726692937,606.2410338629835,100.04859557424004,0.1284611944334655,Medium,0.1284611944334655,train
1.2686921812568417,3.1739357666848083,-16.269491976876616,29.306759785378915,100.00772275464458,-0.0270030569402948,Medium,-0.0270030569402948,train
1.0267719192268927,10.643638035955986,3.243496528028966,606.0122030162098,100.02463956758623,0.0971896346324449,Low,0.0971896346324449,train
1.7305409449489064,7.7621141475124515,6.4107296737221455,777.9020953453729,100.03403884901358,0.1892171781315861,High,0.1892171781315861,test
1.4371230383890534,14.152418998298266,145.81996940384897,1000.3705145819824,99.97930002669372,0.9410185816395592,Medium,0.9410185816395592,test
0.9195129848008384,13.34834415685912,3.1676876035057675,605.7192686364841,100.0115226269277,0.0830254344057556,Low,0.0830254344057556,train
0.7520272337965284,14.018094628708438,6.497093447290791,606.197806236182,99.97556559382204,0.285035834405948,Low,0.285035834405948,test
1.4442839929405833,2.292682751359631,-61.490111285768215,3666.248581063487,99.97341340912014,0.0842059546079715,High,0.0842059546079715,train
1.0349175146428435,1.1861814034147506,67.99439130617098,2618.4886493367267,94.96545060713764,2.5829722316986605,Medium,2.5829722316986605,test
0.8616244472883042,9.335898574746771,45.34309644146087,2755.382477324917,99.98784496518576,0.4986594386967475,Medium,0.4986594386967475,train
1.3665575200391995,9.857577098930353,48.585163188557445,2758.5800235245138,99.868849623532,3.1144574270130407,High,3.1144574270130407,train
1.7880657014831758,7.224037428096321,145.75637881005585,2750.578436011531,99.9250333327448,0.9794569292245904,Medium,0.9794569292245904,train
0.9963979976844975,0.3782959886813734,-3.2545201991673776,2756.7106967188765,99.97124262939305,3.444872542424157,Medium,3.444872542424157,test
0.6936041152524614,5.064995673974871,317.3846386823151,3001.0422479480867,99.93551766719747,1.5699293965965115,Medium,1.5699293965965115,train
1.091283840795807,7.838110863540293,651.1607739664877,636.0815298078626,104.97808888720532,0.288039308315292,Low,0.288039308315292,train
1.7994386346063524,9.51898802093866,868.1980993273922,3046.397894848221,110.00104953157826,3.6262600239293534,High,3.6262600239293534,test
1.5059973020825146,9.551221199191804,48.58053179908209,2893.607794911243,105.08915220792149,2.1495895013397406,Medium,2.1495895013397406,train
1.112650549010187,9.75542518818807,1587.4623706109603,2768.8611146998737,100.02901704314566,0.8919625098136285,High,0.8919625098136285,test
1.9559186421895045,12.412596139254504,375.9792851678554,2625.729350577302,105.00977475784067,0.5005086521214072,High,0.5005086521214072,train
0.2396008619806836,6.263521250258408,-45.28654544628408,156.24712712222427,100.010232130099,6.089011352067775,High,6.089011352067775,val
10.349933602857122,9.535472296691983,113.37078355481628,605.8307556441925,99.98770288923068,-0.0279749176175178,Low,-0.0279749176175178,train
2.3869601285053217,2.2737875269000045,-51.66253923408476,2768.3646226755886,99.8414864124025,0.5456873501990543,High,0.5456873501990543,train
1.0234790710544954,10.77621204276291,3.2767632517176937,606.1652028280844,100.00065800170816,0.2797225296819638,Low,0.2797225296819638,test
0.8536915359695955,11.656159320807271,-3.308532297060484,3825.667860296982,99.99072238296796,0.7146208654815026,High,0.7146208654815026,val
1.4853373181040546,10.158271493796084,51.834249784112885,2903.4025379939017,104.9830355113493,0.7064338140254035,Medium,0.7064338140254035,train
1.5406822552978818,15.245728031611216,187.99936872238547,999.7628766085518,99.99632473407766,0.6780768010320095,Medium,0.6780768010320095,test
0.7250539984993608,13.36936494650141,3.279775793467285,606.0393976414647,100.00921189577228,0.28704056985588,Low,0.28704056985588,train
2.0013612352573977,6.13027571805668,178.14534998583716,5000.387777205831,99.92284890307084,2.0245207638776166,Medium,2.0245207638776166,test
1.0919015738966436,4.192560451008313,-9.732909853946918,1000.0635950461284,100.07769856760513,0.8700602427013182,Low,0.8700602427013182,train
1.8219486758011028,3.991302084281187,-9.76057556931711,1000.0958588448924,99.97241059760002,0.99170185666144,Medium,0.99170185666144,train
1.3097286508298236,8.295636762102308,518.3853623475933,2999.483146434379,100.10411768017092,2.991814047667594,Medium,2.991814047667594,test
1.7831631598316648,7.5419300108154275,103.6915748545748,2751.118654026216,99.97477814910177,1.1806113143358188,Medium,1.1806113143358188,train
0.9814008703929727,1.3084359960642926,71.34632801313536,2616.855670953571,95.00511513397744,3.13634409669895,Medium,3.13634409669895,val
1.1448986874305334,10.227654008874744,3.2471427760664056,605.6896707258834,99.92712498208611,0.1717542678440365,Low,0.1717542678440365,train
1.3905394874720518,2.781524417552976,145.74497372847347,1000.2682229490696,100.04080251948814,1.0456540690568026,Medium,1.0456540690568026,test
0.7211300611100055,10.571184860365362,55.09426176403428,2673.612566221651,99.97447696837322,2.1644358274675426,Medium,2.1644358274675426,val
1.4274786746751496,1.75341467018178,3.280632120183186,2617.826435447798,95.04035384507247,0.7594682374326971,Medium,0.7594682374326971,train
1.1495289325959188,13.739054372696389,6.532341073590266,606.0637514526726,99.867673177691,0.1497673910950805,Low,0.1497673910950805,train
0.6689216553477979,9.577789932269264,48.55717082966125,2671.499954292434,99.96535041029122,3.0199892786204603,High,3.0199892786204603,train
2.5065975215243155,13.45358429753773,4480.179333096099,2618.0878008376594,95.11071937716912,0.6401461176657954,High,0.6401461176657954,train
1.483183945416547,14.080765123513784,6.508091423580102,605.8164520261105,100.03376416509454,0.3620897718782639,Low,0.3620897718782639,train
0.6968327056516018,5.796694683096728,6.395792908000147,2755.8547165646505,99.97617108978852,0.8104913925935254,High,0.8104913925935254,train
0.9660139283365382,12.695150140795086,4577.54507430043,3826.850926585322,99.99219292328196,0.2496448188947465,Medium,0.2496448188947465,test
1.9175535255754483,3.890682220655283,-45.362259559357895,3799.8126251341328,99.93708374544168,-0.0151588894308509,High,-0.0151588894308509,test
1.7063744526667075,12.621094050194303,155.60571954921312,1000.0483421622098,99.9900444730056,0.3870081738299689,Low,0.3870081738299689,train
2.035679913206248,10.981476030038596,3.16352338654762,606.028362090092,100.02048728087382,0.1010942982483236,Low,0.1010942982483236,train
1.406274183571348,3.0372813235233003,61.54311818812542,606.0488676523537,99.93375283527774,0.1166660080861766,Low,0.1166660080861766,val
1.2079568991426544,11.630621173573264,375.89760901498335,2625.3694793987506,105.01367205088494,0.2965434747457936,High,0.2965434747457936,train
1.7476029513003082,7.405037245235379,145.67650673331067,2618.7412252919853,94.90207957497609,1.7574361935542266,Medium,1.7574361935542266,val
1.100878891491052,12.49281739974596,3.2590302875389305,606.3041490143572,99.95500989131668,0.1388915013293228,Low,0.1388915013293228,val
0.9577650780142452,15.038214987372072,829.3312189770678,606.2750416257841,100.01382141204226,0.0653105400821575,Low,0.0653105400821575,train
1.4661921257282295,2.387442926887907,-61.58685329781268,3666.453383500954,99.86753228210722,0.107221478676413,High,0.107221478676413,train
1.6653906729460677,1.110942780555589,-9.713182824855036,2754.878852606952,99.97434997626604,1.0204631379589535,Medium,1.0204631379589535,train
4.008415968131217,5.766307915017286,142.5253892458952,722.8940086409383,100.06793990501583,0.301103283939046,Low,0.301103283939046,train
1.007479687717736,13.190116477895364,3.230666627170357,606.3040760323264,99.95259783163344,0.2538845184842212,Low,0.2538845184842212,train
1.5489952183636304,21.91708692747417,1697.6038916888117,2499.249102366346,99.9711662190302,3.0133901561166714,High,3.0133901561166714,train
1.3609188056785018,13.00578996658801,3.2512267422917827,606.1229805864945,100.07224782454946,0.2679238419219655,Low,0.2679238419219655,train
1.5099036884761057,10.982466529446704,48.60686150395525,2903.111519186409,104.94786232828132,2.256496334825154,Medium,2.256496334825154,test
1.5051275367272912,10.73754110919379,9.784527186242316,2756.474371595552,99.98100188402334,3.6337848891316047,Medium,3.6337848891316047,val
1.5220640979280202,1.5077348151659902,6.478940553660191,2761.2031098962925,99.96030468902596,2.935851188986573,Medium,2.935851188986573,train
1.1199399851154672,1.3576278773347794,3.353002257745028,2756.7220082897743,100.04229609714126,2.995836193505748,High,2.995836193505748,train
0.9699753533640116,13.848569292072014,3.2833889566533,606.0422859041763,99.90773109108322,0.0525549330265007,Low,0.0525549330265007,test
0.8362607342730216,13.766059524032888,6.466685087158092,606.0555884979148,100.08265499704896,0.0333735019834107,Low,0.0333735019834107,train
4.33904667478666,13.696555825442214,5601.251430161381,1000.092753222005,100.01805716060464,0.3990474403666849,High,0.3990474403666849,train
1.3789193907999615,3.353327803471614,353.1326831074708,3627.2118711801513,99.99441795925551,2.5078799386571022,High,2.5078799386571022,test
1.1586617166142386,12.314422988352174,3.288990676826576,605.927423599107,100.0614529639954,0.2113344848241922,Low,0.2113344848241922,train
1.1311008821500366,1.710159111363266,100.5106539187988,2612.098500725715,95.05927264026776,-0.028411081788122,Medium,-0.028411081788122,test
0.9167466788834772,12.906683484354057,3.2922453143141746,605.8430962124504,100.01542930701562,0.0773184628484597,Low,0.0773184628484597,train
0.0889345011977276,8.159367911805239,-391.9585091128334,2762.010789924527,99.935669002326,0.8749635324234776,High,0.8749635324234776,train
1.0842850214018334,13.73800205971155,3.18699082044942,606.0310053109661,99.933758772092,0.0057797543320348,Low,0.0057797543320348,train
1.453039895665203,8.422987396822052,3.3301397775861226,605.9750242453306,99.98186965983842,0.4263270259860882,Low,0.4263270259860882,val
0.8320603403370137,21.96418506216656,2215.7877330087163,2766.834580001977,99.94462680532536,0.3212251872560286,High,0.3212251872560286,train
1.6226225727982009,1.2939143141430844,3.331158893793739,2616.902427596682,95.0172915157396,0.1764992087403278,Medium,0.1764992087403278,train
1.7779128859632616,8.952023407164228,550.7175281953577,3000.9385341224324,99.9777042813404,5.931975921405094,High,5.931975921405094,val
1.0131795014453395,12.942274975121126,64.75410622530768,2764.30422497553,100.05174456547375,2.1712947262296827,Medium,2.1712947262296827,val
6.451516350433157,4.298623110437494,-353.12335722578734,3977.974398791973,99.95271542133324,1.971838819272948,High,1.971838819272948,train
1.303914533389145,1.250234578711704,6.479485524262712,2757.2927358909337,99.94901184980718,1.2243898890644258,Medium,1.2243898890644258,train
0.9587638195481644,2.7492614122060948,-123.1402595951524,3000.3382998827583,100.01931994138587,1.853558500605948,Medium,1.853558500605948,train
1.5831766554355649,14.488624215310134,5503.948824034753,2761.9737638509223,100.03741455026235,0.7369973282548312,High,0.7369973282548312,train
1.0960207188093818,11.400470526626092,3.259937307372311,3978.170041365035,100.0028791156265,2.572480988656104,Medium,2.572480988656104,test
1.819204854517336,8.371246409443291,32.422473336225835,2612.9579027433383,94.99805509267117,1.5760269504532018,Medium,1.5760269504532018,test
1.5916988902455451,6.683108125484241,-3.125126149607141,2768.599828141647,99.96367259411488,2.416294893300773,Medium,2.416294893300773,test
1.2275722150657382,13.2984756155398,3.2382828628508227,606.0179845131078,100.13542763663392,-0.0215825648506148,Low,-0.0215825648506148,val
3.420723095269229,9.08817103506179,148.98929188761883,605.8851824348851,100.05372020789962,0.1211745476926458,Low,0.1211745476926458,val
0.7653824243457721,10.201070453980185,22.6763427194376,999.7399322378913,100.05115361676408,0.8525613975148099,Medium,0.8525613975148099,val
1.7948785766252646,10.084034472904332,249.45234651197967,2500.28461489481,100.03731921583211,1.1527278019338114,Low,1.1527278019338114,test
1.0623115662729403,5.454818654096327,-38.8268044418157,3826.695421200485,100.10363057228648,1.340399803513295,Medium,1.340399803513295,test
1.2051490201084007,8.479188804897444,42.102592781836336,2758.908608594887,99.99732858908486,1.8558741804458103,Medium,1.8558741804458103,test
1.5675594172502114,13.828701337013458,84.1659780647853,2999.4786452236167,99.99470598651052,2.4565854559673297,Medium,2.4565854559673297,train
1.306391924753744,13.3392241118666,3.184788611524617,606.2831791758945,100.04558248626144,0.1404418014711707,Low,0.1404418014711707,val
1.361491345964988,9.212111102962703,45.27738905022033,2755.7690535439738,99.95290141843654,1.2515789824943542,Medium,1.2515789824943542,train
1.5979818646376032,11.84244800035417,3.3246059714946945,605.7058863361037,99.9538123603051,0.200481052709406,Low,0.200481052709406,val
0.3983613132583046,10.640088003571726,3.355232288011314,605.7420946174991,99.97003947261383,0.1137711383218564,Low,0.1137711383218564,train
0.2385409142825231,2.3103095001104177,1033.4306341978252,2755.891734674908,99.95014754394744,2.790955472438976,Medium,2.790955472438976,train
0.8719271604735621,10.651519895493122,187.8585864335961,4244.972556366063,99.99837508273122,2.900910736164255,Medium,2.900910736164255,train
1.997650144723375,8.452510744372333,1788.2902882629542,2766.4325110220684,100.13811530535142,0.4703060997647854,High,0.4703060997647854,val
0.9190841207325112,14.641969540771894,6190.994967643194,3825.713822053215,100.01988355102242,3.688552425171456,High,3.688552425171456,test
0.7783510150687224,13.577419881274224,6.472696078549017,606.0750855036902,100.0180040271125,0.3609302512932181,Low,0.3609302512932181,train
1.6027622444119427,10.679642952342627,48.637440664464336,2903.982037329558,105.0505031768103,1.7148743414340135,Medium,1.7148743414340135,val
0.9590364506789932,13.24467766198904,3.1819195090536296,606.1295023183379,99.9913514753274,0.377743964359112,Low,0.377743964359112,train
1.315171509325057,9.401202618256487,42.25556017780896,2903.678851880953,104.92769519561874,0.6640163789949318,High,0.6640163789949318,train
0.4263147821655819,23.21194364805872,5620.669000346921,3820.963440122101,100.1041020225764,1.2419695737889185,High,1.2419695737889185,val
1.475262771078735,9.69342629549832,48.62347921582408,2765.0598811410823,100.01349145324342,0.979122930208213,Medium,0.979122930208213,test
1.903431598952328,16.160236202078135,165.20067519251097,3001.575572001941,99.98195984048252,0.8529619447257213,High,0.8529619447257213,test
0.8161456031074849,10.307162814300373,51.81616068196679,3803.115256757162,99.91525023297622,2.9948031315949724,High,2.9948031315949724,train
2.695138961048522,2.6970881128849005,-161.9733839181031,2768.3923509622973,100.01603220595672,0.8628928222316761,High,0.8628928222316761,train
0.6681116112648932,11.469517871039807,1840.087801923092,3453.935243296909,99.86139663989556,1.8832458011863795,High,1.8832458011863795,train
0.8930463406920691,13.618175989094562,6.5116025007152025,605.9631087299877,99.9950869765997,0.3788063618918658,Low,0.3788063618918658,train
1.4728442182256558,9.6468560268175,48.50859219164017,2893.4127127805664,105.03213322622028,1.8267826782827183,Medium,1.8267826782827183,train
1.2425663986388384,8.596173689663361,42.05963639319521,2756.768686528682,100.0750095679267,0.9893875620249728,Medium,0.9893875620249728,train
1.5518370965444666,1.6627780539083925,6.503221968913711,2749.081289366684,100.05294232825564,3.794678748114492,Medium,3.794678748114492,val
1.0389538294145668,13.415166189540065,3.2831986698219247,605.9265888245296,100.0765907106082,-0.0004313980631394,Low,-0.0004313980631394,test
1.427227063414158,2.5082887456500624,-61.63805181848945,3666.402636066528,99.89516089330697,0.077670288862145,High,0.077670288862145,train
1.0816862046909086,14.066570866581491,6.493446082168232,605.8523604735541,100.04916768334849,0.0554101894789101,Low,0.0554101894789101,train
1.4599312299274052,13.7397448802191,3.2402707557971246,606.2006269645701,100.06807172816076,0.3332910263840671,Low,0.3332910263840671,train
0.8446696987984487,14.207345135643228,6.496159569702617,605.5627285140165,99.97851117346082,0.2216418355972071,Low,0.2216418355972071,train
1.251396097991414,9.450206888631044,3.107532091163477,606.1528764729076,100.04179545414976,0.0826684710638393,Medium,0.0826684710638393,train
1.2420589138304927,0.8174765123912348,3.108626858063614,2755.491596097799,100.07226411730085,0.2817524118908336,High,0.2817524118908336,train
1.3199243495769073,10.157447391085716,19.459470389759343,2749.65459501648,100.03679488737755,2.5683326411602483,Medium,2.5683326411602483,train
1.5848704416267632,11.690339778065027,3437.288923422244,3713.1307145545657,99.9740732067796,11.348604857447691,High,11.348604857447691,train
1.6458534302681849,6.61731932875889,3.2317165455916186,605.847828000115,100.0496044450737,0.0958720469805646,Low,0.0958720469805646,train
13.469103149292142,3.1528681668569503,-540.9552419322833,2616.8859405021108,94.92461079044423,1.1899022616319113,High,1.1899022616319113,val
0.7632603905831451,13.294505243590017,3200.647640456561,2755.853328953744,100.05662527684257,0.8028471005234884,High,0.8028471005234884,val
0.9035099910982928,5.362809194846296,275.3695973022742,2998.455955213597,99.93422908654478,2.895841158719248,Medium,2.895841158719248,val
1.0855160511499016,11.299336840403589,3.2457488823378178,605.7838032136347,99.90623918505482,0.1352893919149214,Low,0.1352893919149214,val
1.069342247921248,12.64397767422919,3.245464315045212,605.9181040831768,100.02606081846052,0.1541381865993373,Low,0.1541381865993373,test
1.3243275172160969,13.336774307541797,3.2052611428258166,605.958269914134,100.09961862056537,0.1450416521907456,Low,0.1450416521907456,test
0.8554969811763199,8.398278926521439,45.28154122530071,444.36470412178136,99.93507593552876,4.814780883771871,Medium,4.814780883771871,val
1.411965707020054,9.267841006445732,16.269618023812995,419.9500466184982,99.9805623944694,0.0936564634031839,Low,0.0936564634031839,test
2.014512976649101,4.675745497365857,-81.01594214176421,1050.1574248351185,105.0507672601624,0.9474351930520912,High,0.9474351930520912,train
1.033571731085289,10.640240096249428,3.297375917313131,605.5787905792421,99.99699537399732,-0.015201939655798,Low,-0.015201939655798,train
1.382652205598735,14.695908219697044,6210.262197138444,3990.3870219265614,105.09362028761436,1.0367930071926066,High,1.0367930071926066,val
1.4027546779757791,2.836353298005532,174.966385307594,1000.0329832255034,99.99818949838144,0.8592588448144443,Medium,0.8592588448144443,train
1.329603742965018,11.669253904290976,3.2756042190803862,605.611411897158,99.8948175644117,0.2166458947051667,Low,0.2166458947051667,test
1.1543036152730275,14.562130473429068,6.441818736306987,606.4075177309069,100.03735692128716,0.1159282769781206,Low,0.1159282769781206,train
3.3516459856469134,8.940381929720331,2125.1932023705426,3978.2925247201415,100.03297643156766,13.300101520335772,Medium,13.300101520335772,train
2.0394399976353017,10.498009525183395,3.206569642650602,605.5694160016152,100.03240789502487,0.1808863783166619,Low,0.1808863783166619,val
0.799521331934615,0.8113975407295869,-3.316919687890693,2671.7550954689427,99.94428328673212,0.0318922520740062,Low,0.0318922520740062,train
0.5118463365824686,16.391337905675424,3427.4904862245344,2835.8676076400016,105.04399393592564,0.4209450979923508,High,0.4209450979923508,test
1.2657554074167596,6.590409543048352,217.0669639322382,419.69239804878725,99.98333637471484,0.0952172989622602,Low,0.0952172989622602,train
1.5506790584565722,1.9690651437949656,-955.6593702007358,2768.2881618300703,100.06460145089342,2.006385025786961,High,2.006385025786961,train
1.710448261821838,1.686383522977397,32.40688001244892,2752.3084221848744,100.02334208100432,2.2023051828545817,Medium,2.2023051828545817,train
0.8127539318025542,12.282346661680291,3.250276060704989,605.9695212284079,99.99609614828258,0.1313271311900088,Low,0.1313271311900088,train
1.5543562609541477,10.049424998372237,51.85739433107924,2902.3739830134346,105.0016795363179,2.69021731651657,Medium,2.69021731651657,train
1.1806078305104302,14.238807033793904,6.46431244422834,605.9181260199296,100.01141061781972,0.0977637048048898,Low,0.0977637048048898,test
1.4054944786768973,1.3759745104951302,3.2788707006926354,2753.04067849866,100.0279724962284,2.686704326666005,Medium,2.686704326666005,test
1.397634549593425,14.401776537878456,149.06726493392003,1000.027700176293,99.97178241448806,0.6968220310853982,Medium,0.6968220310853982,train
1.3087899353044543,11.35474216546748,3.222860607025748,3977.926880798149,100.01952090972736,0.5122865999437037,Medium,0.5122865999437037,test
1.607969509324401,13.295831425580849,80.97217666090968,3000.9922991668027,99.98153113233944,2.2747236619194955,Medium,2.2747236619194955,train
8.968951441553765,1.842094653868372,-132.75813325449928,2499.5944144468463,100.01885077831464,2.6102586016752,High,2.6102586016752,train
1.0378734617972214,9.042749883949067,38.80478421752488,2755.5853478941867,100.03295802412757,2.219285595867314,Medium,2.219285595867314,test
1.895671511401384,11.459002798136549,3.221491217445641,605.8429485965843,100.049675145064,0.157160119095944,Low,0.157160119095944,val
0.795893095160008,14.126274419400955,6.49249225447975,606.002805895198,99.93591283164616,0.1002368337348883,Low,0.1002368337348883,val
0.8699477104105154,14.303473749679831,6.374189319569799,606.2385681700184,100.07200653230838,0.1671041076097638,Low,0.1671041076097638,train
1.0003486020320058,13.755133171926992,6.4788993647726825,606.1990089979137,99.95521055184858,0.1398498214731169,Low,0.1398498214731169,val
0.9606060091093042,8.059487971372722,3628.2651771963833,2755.3804332292407,99.95513639778912,0.0309283589485811,Medium,0.0309283589485811,train
2.1344506002817223,4.067152527453779,-6.453462981350013,2613.727478344379,94.95205728931349,2.462830157450695,High,2.462830157450695,train
0.4249759828183313,13.463685221506973,3.258289376272028,606.1030644713209,100.05321899652792,0.3164314723488399,Low,0.3164314723488399,train
1.45808627174491,7.322814832447123,19.33191386098544,2615.320109437225,95.08150919901276,1.745703231836043,Medium,1.745703231836043,train
7.102365438091513,12.034001873666702,1836.87190457638,775.9104034699288,100.00291056487752,0.0465390063049428,High,0.0465390063049428,val
1.603886501349853,14.599819824405964,9.804328413808028,723.2444901999199,100.1017206528355,0.1304402950559268,Low,0.1304402950559268,val
1.4664123269722484,13.119016820301724,16.161330355741363,3978.805158843352,99.97522633547813,2.939988704021701,Low,2.939988704021701,train
1.2334334423228055,8.629685392251526,42.05195685768864,2894.361907271571,105.05548271171313,1.539988258311329,Medium,1.539988258311329,train
2.1763808066367907,10.513706217518871,3.265558773172041,605.8075262479732,99.97717334357426,-0.00659193588306,Low,-0.00659193588306,test
1.202933171381308,14.206143118259234,6.509945967726265,605.770996215535,100.04786775785638,0.287217877603036,Low,0.287217877603036,train
1.6198360321825376,7.9462409598202255,32.330977357206415,2750.1092375965745,100.01229290181288,1.7153953569723772,Medium,1.7153953569723772,train
1.25294057686169,2.622889458466134,-32.43409854790714,3825.1397723889136,99.98006618041008,0.8461438583542066,Medium,0.8461438583542066,train
1.1615672688027072,13.293067974827188,829.3831881673157,3699.104107332819,100.01199747009647,19.20872298156236,High,19.20872298156236,train
1.275543908896858,2.4290636825318432,-123.06827528647362,1000.2668219053204,100.0213406300271,0.8129088685696558,Low,0.8129088685696558,test
1.3563584212858075,13.45450346523414,3.276140228316413,606.1740833151301,99.9489645513647,0.1334776467300389,Low,0.1334776467300389,train
2.0296786010334387,2.56740158919664,-25.89259680875322,2752.0944942610413,99.97812664445486,1.350736468903688,Medium,1.350736468903688,test
19.14138254768673,4.974012810471479,-213.7650409434539,3979.411807980832,100.00670379444948,2.629714895843404,High,2.629714895843404,train
0.08692608866832,11.637103540165558,-544.3403388833236,4245.659517491619,100.04687070565016,0.8965033278483152,High,0.8965033278483152,val
1.2091544814907895,7.8265025716050145,243.0066356035367,5000.585419563619,100.04771886798387,1.6457984874500822,Medium,1.6457984874500822,train
12.860310696546406,15.398921328295478,6501.925982919725,2500.7271725944365,100.0064474650115,2.78161561637881,High,2.78161561637881,test
0.959113792531234,2.212995293155216,90.70167720063218,420.021952360986,99.97991408348705,0.0350654832183984,Low,0.0350654832183984,train
1.835666400011446,6.011540606801311,-952.3596551666052,2749.539606122711,100.0341395489527,2.3165899684349585,High,2.3165899684349585,train
6.948352065894366,6.190513032022886,255.8148028736217,3799.687623741534,99.98988634686842,6.05666871652569,High,6.05666871652569,train
1.7221926775776422,7.925873695188235,19.502094078224,2611.891855166202,95.00383437771042,1.704484328696222,Medium,1.704484328696222,train
0.428272817667985,9.332451630256724,48.62508039872823,2680.736127362338,99.965242158397,2.1623374041657835,Medium,2.1623374041657835,test
2.1161485203971413,22.98108228872753,6806.36192217339,3001.5207663631168,99.95659186988144,4.116849099664981,Medium,4.116849099664981,train
2.086324642447936,3.556599770443841,-45.298131293290446,3989.4271805037465,105.08062906211906,0.5692879962313667,High,0.5692879962313667,val
0.5979696072087063,13.448177181420204,3.2286903213681564,605.7908982375999,99.99610955683386,0.1082500973807533,Low,0.1082500973807533,train
2.365190929899003,3.319519846159519,-3.180988867182651,2768.923461601213,100.02465254271372,1.6019686815053258,Medium,1.6019686815053258,val
0.3125659672371769,10.900724397744591,-822.8953004298501,2998.770290293052,99.93494096424594,1.6634315627459308,High,1.6634315627459308,train
1.1450192073428926,0.9952111468847668,-19.45999533179377,2750.008912281692,99.98793103433069,4.099418765192823,Medium,4.099418765192823,train
1.830763932535756,10.908649547189704,3.270624532020535,606.1219131215977,100.03546368834364,0.1288928706272438,Low,0.1288928706272438,val
1.13348938807575,12.723885568009376,3.201209928132363,606.1496504113693,99.96422485802444,0.1527588236018348,Low,0.1527588236018348,test
1.364555152352969,11.029241289328375,55.13413606504362,2750.5627793046074,99.98801869251416,1.1973627101433308,Medium,1.1973627101433308,test
1.6919118335350376,0.2682992744925074,-71.26609816592739,2770.273492960702,99.98830005315412,1.933072108310199,Medium,1.933072108310199,train
1.1066147448126618,19.519410836289584,712.7043453918518,3825.800355296024,99.9481177928792,1.1726633392215244,Medium,1.1726633392215244,test
1.9807742846623169,4.745206225823936,-80.95992859013442,1050.1546691689869,105.00682606668651,0.8597746733628903,High,0.8597746733628903,train
0.3247752881842457,10.794676360723733,-822.914387328186,2998.606377871639,100.0916883752441,1.8513118521710843,High,1.8513118521710843,train
1.5128177585559786,10.86834629426304,9.742576503805417,2755.0205687094945,99.92272745826124,0.1964642451693845,Medium,0.1964642451693845,val
4.876289495101563,7.05232029646474,586.3926442786724,605.7366881213461,99.94095220108328,0.0425822004879682,Medium,0.0425822004879682,train
9.949921037583913,14.190399687336267,1240.868026588303,605.9127006292048,100.01452098878896,0.0989833299237972,High,0.0989833299237972,train
1.6658588832457903,11.553031978188343,252.6894609996754,2765.0412965073383,99.95863611109908,2.616000483280553,Medium,2.616000483280553,train
0.6040552962468588,14.328395604105705,6.513829682060809,606.0263835252885,100.03247474823362,0.1549621345981501,Low,0.1549621345981501,test
2.125886972642236,1.297818395320022,-9.737251061844784,2902.238008389831,104.98259735594144,2.4279426700807227,High,2.4279426700807227,train
0.5121597729906139,25.269447237084616,6187.540053555516,4257.367753880812,99.90741119811943,2.892014121867633,High,2.892014121867633,train
1.2708627494073497,10.388045188834877,3.3298031983975784,3826.8839428959895,99.93276560473772,1.2179713730768729,Medium,1.2179713730768729,train
1.528688018825271,8.121148693875032,3.183815819485964,606.2266016085256,100.00518128710463,0.5390655957650818,Low,0.5390655957650818,val
0.990627371579763,4.563658844719396,230.0124697222105,3000.8147848970684,100.0610209571538,2.8542450086785185,Low,2.8542450086785185,val
5.053975347674229,10.472419292072418,311.0737101048062,2500.0277994553408,99.98308848604208,0.7985794363979779,High,0.7985794363979779,val
1.0289949982379845,5.233051593828369,-3.2459613721382925,3990.02291532953,104.9102899347538,1.519690608086157,High,1.519690608086157,train
1.0351519290084632,9.65935640431336,48.60688441122256,2756.1100996378377,100.06563645214626,0.7742790229355666,Medium,0.7742790229355666,train
1.8590668493249465,1.2363899920429533,16.13834277486255,2612.2307181102224,94.90160779419848,0.1718504630804591,Medium,0.1718504630804591,train
1.7096937269091452,11.313759727923449,68.07987351206398,170.21679568869675,99.89028881237584,0.0007340617305602,Low,0.0007340617305602,test
1.3037968597301903,12.821003615139343,3.225047162138514,605.8489325357111,100.05233978964846,-0.0121783422102105,Low,-0.0121783422102105,train
0.9558196567371168,0.7964330752725397,-19.42431799863738,2756.1993444583068,100.06065509247338,3.55871796678346,Medium,3.55871796678346,val
0.5501444115882451,13.88842866929201,3.041877889337724,605.9724466074947,100.09274039027828,0.0377906010233951,Low,0.0377906010233951,train
0.8214136875164418,6.412437478140372,333.6319518666806,2999.3895188647443,100.00434024817072,0.1142996018759288,High,0.1142996018759288,train
0.9771017632945528,14.38071264763961,6.402655648198405,605.9207161372997,99.98275490768852,0.1701843239859605,Low,0.1701843239859605,train
0.8383408263619233,0.6192686272238777,-3.1970351583478287,3809.352267088367,100.02005765172484,1.9627870011096973,Medium,1.9627870011096973,train
1.8072768293848709,14.0179505919333,142.602297285233,5000.271688508376,99.93957283614344,2.5238688528854905,Medium,2.5238688528854905,train
1.4235308465643,3.766249372102875,165.25947446294697,2765.4466504526868,100.01120865354402,1.6454276465220723,Medium,1.6454276465220723,train
0.8738781594886297,9.971193159963407,3.237878789170302,606.2342145706964,99.91340145779408,0.2960412829641603,Low,0.2960412829641603,test
0.3334884357316699,23.125842809847235,5620.624095784438,3820.877408817308,100.06000937609278,1.3055838667007944,High,1.3055838667007944,test
1.1095082142326715,10.432216287606083,-327.2185598580785,606.1302033822132,100.00186904617972,0.535647833587112,Low,0.535647833587112,train
0.624993013814491,10.142248951485726,106.81019528389584,605.838652032322,99.98968148503027,0.1713837044287033,Low,0.1713837044287033,test
1.206507545757738,11.201739099432109,1425.371718269255,4245.479096743636,99.9967288483358,2.560492685388117,High,2.560492685388117,test
2.04087260298098,9.069261785268846,149.02914569831162,2770.009334496702,99.948906308922,2.994393898124883,Medium,2.994393898124883,train
2.3404054267759418,10.532154963500703,3.2526984241862578,606.0926759924916,100.00634697742032,0.0708802948236128,Low,0.0708802948236128,test
0.761582218962541,5.79674734353662,51.83034489854767,4245.661920695675,99.99820436123252,1.4287478322838054,High,1.4287478322838054,train
0.9898815493409606,13.537998114431936,3.15172968161231,605.7630803055781,99.8908247747773,0.0102442711361092,Low,0.0102442711361092,test
0.8013478387533611,8.630694402011157,42.13696342385978,2756.618229103864,100.00040694351932,0.3952341855183999,Medium,0.3952341855183999,val
1.3290833133170288,11.041814585579893,1376.8008614127627,605.8834673945106,100.01841698779226,0.2354946021518665,Low,0.2354946021518665,test
0.5152215165858535,15.131732181780272,4389.607542008686,3988.946280843023,105.04172714360485,1.6748475195340218,High,1.6748475195340218,train
1.7417238544352882,5.320356290182772,-61.59436340157403,2750.529502048618,99.9793078273749,1.5528301299840803,High,1.5528301299840803,val
1.6772100864887332,6.376119864432176,126.41681153907815,2612.0245327963244,94.94201103273475,1.266763841806072,Medium,1.266763841806072,val
0.5822382186747781,14.22034803290893,6.4690940651883055,605.7488982426662,99.9707176782148,0.0724462224424398,Low,0.0724462224424398,train
3.237170295137978,3.2350509619376635,-3.1679024868353785,606.1784852731552,99.98026245022514,0.0650679815526915,Low,0.0650679815526915,val
0.6819846100914628,13.43754892065938,3.290688986440122,606.102790467856,100.04165904735515,0.0812004736397044,Low,0.0812004736397044,train
10.111015552386744,14.27671985561802,1652.1931756593274,1050.0774467034985,104.96687244241784,0.5242940189118176,High,0.5242940189118176,train
1.6443780709960991,0.8363373973634876,-12.963285754305382,2756.820127490372,100.06497668424538,0.6415962101348752,Medium,0.6415962101348752,train
1.9472024941263384,11.019611176372194,3.276481522650988,606.4162641458943,99.98180799019129,0.0372103844565102,Low,0.0372103844565102,train
0.8271372908244105,11.01031434236824,3.323458879837509,605.7511400692503,100.01046406740966,-0.0180462638001399,Low,-0.0180462638001399,train
1.228754615012165,11.479659766046884,22.725535037917187,2752.2021378939107,100.00709659046215,1.8725762137973447,Medium,1.8725762137973447,train
2.2635390357323604,5.732008685209978,239.74939845189243,3978.210321703841,100.0286137239552,15.976114842684924,High,15.976114842684924,train
0.1020062165065965,28.32234077018514,7567.620158836351,3046.1819469728644,110.03164443141183,4.804425549317102,High,4.804425549317102,val
14.38307219466592,13.273278039373912,2604.7090858297465,3799.5735479893256,100.07944060098326,1.8691149761959576,High,1.8691149761959576,train
1.459403749985136,9.368737517559786,42.167677255781605,2903.715843464444,105.08163389716668,0.7591718025730919,High,0.7591718025730919,train
1.6467357477753566,13.868778368622218,4677.8511858340535,3978.20430145264,100.03537643718698,18.95363534370776,High,18.95363534370776,train
1.3825096624369693,13.690916601838593,3.17600265039924,605.9230730562614,99.9901731164924,-0.0723186400141228,Low,-0.0723186400141228,test
1.7107894363933631,3.02810749157098,123.06539847625228,1989.905511118802,99.9844511233868,1.6234392460668008,High,1.6234392460668008,train
1.643839210707023,5.564162304868105,-570.2166639648638,2618.401456088277,95.09394773315812,3.123144102670949,High,3.123144102670949,val
3.099501783788159,19.54195866708549,6611.998628035794,1990.3203485870988,100.02183760409768,1.3614865590405536,High,1.3614865590405536,train
12.11788153210838,11.124453036937016,3285.033785603965,2499.5051330066685,99.89335666894972,2.367807136475446,High,2.367807136475446,train
6.366476085431147,4.274033366168235,-353.2028071885396,3977.980618433831,99.97552009697044,2.131006474777668,High,2.131006474777668,train
2.52948017440718,10.836040483878548,-725.6807340884276,3800.1429965893553,100.03685009264233,0.6903763255087415,High,0.6903763255087415,train
1.7290272134295326,7.409772937327379,139.26566147025588,2751.874966292641,99.93742324681544,0.1309373373677731,Medium,0.1309373373677731,train
10.177158511559169,14.011428194752328,1652.2306648989484,1050.043780787601,105.0467347190409,0.6726010035658729,High,0.6726010035658729,train
1.2261584516371662,1.4213320918066323,-6.49449648464861,2766.706346491405,99.97400395259083,3.098135313891119,Medium,3.098135313891119,train
1.4833512629921268,7.560976671949848,32.37830690575475,2754.6297186448164,100.02580211725495,0.2001496520908921,Medium,0.2001496520908921,train
1.6807119798325107,12.603938003664062,3.205892638831876,605.621170317503,99.91028783365653,0.2080122897709614,Low,0.2080122897709614,train
1.6842511347615183,10.380660890272658,3.204639149633606,606.0809989700454,99.98530779343528,0.2650188769128854,Low,0.2650188769128854,test
1.2505923403432595,12.032840645470936,3.356154566175176,605.8815866972277,99.94906959102524,0.1784594081395392,Low,0.1784594081395392,test
0.9859057035483898,10.008972831908864,3.249875169649316,605.9409528261061,100.0566429068383,0.1497105889436032,Low,0.1497105889436032,val
1.004804608056011,12.90066496958685,3.2662843267426496,605.6887358392954,99.932739676078,0.1555671256574765,Low,0.1555671256574765,test
1.1164136064112815,8.757680607880488,45.49579760041972,2758.4856097411466,99.9796231144388,0.7136825725425957,Medium,0.7136825725425957,val
3.0960733528603086,15.836334477265163,6103.390827576423,3699.038297329909,99.89248678465164,10.357498510535098,High,10.357498510535098,train
1.3587455182621628,10.343629947125358,372.4827356297413,4999.688294398451,99.9149265301454,2.518024945328467,Medium,2.518024945328467,val
1.240377370880504,1.8930658598399508,6.63394753951976,2757.3112025653336,99.95263614192348,1.630244477184301,High,1.630244477184301,val
1.8074712620201567,17.054691592168272,174.95965345188233,999.7406691022796,100.06733654704904,0.849671715136937,Medium,0.849671715136937,val
1.993990521606912,11.23220758612698,29.174104530959937,605.5537612833444,99.9996115373784,0.1253909478467725,Low,0.1253909478467725,train
9.079261641269428,5.159575915336629,168.50484600051985,3800.27650596728,100.0637234088257,0.2371862869017534,High,0.2371862869017534,val
1.1936117169674858,9.558088952000942,6.426514949433664,420.4915059635249,100.02962066193236,-0.0526430293166089,Low,-0.0526430293166089,test
0.4311358692572079,5.010028948672299,-252.6357271843169,1989.976769915049,99.94106076857234,0.3207342657815429,High,0.3207342657815429,test
2.367731473193265,10.68713991434265,3226.5999966711424,3800.814965360381,100.0415807861082,2.7038629891100814,High,2.7038629891100814,val
0.8148523157524508,9.012908112611129,469.683029646154,3000.5169531910888,100.04951704106492,4.79268519915707,Medium,4.79268519915707,train
1.8812350949806864,13.821344551051618,6.474118001371759,605.9135189103462,99.98183929823422,-0.0074918831935051,Low,-0.0074918831935051,train
0.5606121813353879,13.611846990923956,2659.735266332366,3826.752356762763,99.96592255149162,0.261613015415016,Medium,0.261613015415016,train
1.1658988941408794,9.938716625118127,330.4082349475752,635.7610559824253,105.08421928633526,0.1262580390493015,Low,0.1262580390493015,val
1.314806411470261,11.63063768349994,3935.996351328637,3989.6168773872464,104.89372776838027,1.027082126217689,High,1.027082126217689,train
0.8302003017951717,13.481990249005891,3.288169942756341,605.8905935581644,100.08509694934752,0.0958838941931514,Low,0.0958838941931514,train
1.470108675691963,2.603114529533471,-9.635492472686604,3818.201573701053,99.94771947987184,1.3585743043247454,Medium,1.3585743043247454,train
1.6642724345103936,7.861523500629397,4690.925995306435,3990.7324124981474,105.03789049530036,3.3601938626107324,High,3.3601938626107324,train
1.7416784255048554,13.760125039200895,12.98964396969995,1839.566038403484,100.00858337696798,4.928104841597672,Medium,4.928104841597672,val
0.8622524000761302,13.657972050221415,3.1037312368280325,606.3586606445037,99.95006247104394,0.3674240236372252,Low,0.3674240236372252,train
1.3936211239037857,9.02445654765936,294.76404367886016,3821.943883908328,99.95373127313223,0.4093367002714861,High,0.4093367002714861,test
1.8992422720102824,13.35427033034611,3.331129525939736,999.8750129875827,99.92573861242194,0.8986592012563702,Medium,0.8986592012563702,test
1.9305782327674927,1.6825000244909345,3.229343665100658,2613.60723674843,95.02295174614908,3.1065855219383347,Medium,3.1065855219383347,train
1.0922283491733291,14.248823318681222,6.482026269642679,606.0234194276297,100.02895568987418,0.1428762677145497,Low,0.1428762677145497,train
1.5613391510743886,14.335150785010992,6.423747990270326,605.96599772495,99.99602487506635,0.5198663879827603,Low,0.5198663879827603,train
0.9459165893456792,13.272904765141742,3.294030191766137,606.0816485155286,99.95554103364766,0.1309515813772473,Low,0.1309515813772473,train
1.4461385899374817,10.058622984349896,25.9508040866362,2499.167024436113,99.91073237028743,1.9643283209091724,High,1.9643283209091724,train
2.1211941923881543,12.721447303435058,3.266303679776449,605.992808945975,99.945853815705,0.0668735483713804,Low,0.0668735483713804,train
9.118323159259235,11.087414479056807,1299.2739488843272,2499.024921587324,99.99056898078548,1.4902785990945668,High,1.4902785990945668,val
1.5090181285196318,1.7872726135232593,194.36992402002875,606.2319787575634,99.99975758752424,0.0966704203302781,Low,0.0966704203302781,train
1.952142673124424,11.894814197026047,3.313604616427067,605.9985074749095,99.95067548214394,0.2296082331543484,Low,0.2296082331543484,test
3.566447249408405,7.5860327428946785,239.6460339370613,605.9925686501296,99.9980574071418,0.1997757220277518,Low,0.1997757220277518,train
0.2405498376920543,10.78938651401723,3.2260596901597203,606.0589124795445,99.92146270137545,-0.0040460779241583,Low,-0.0040460779241583,train
8.076654207332366,10.690039040910852,1020.3656510247924,776.313584216026,100.02009403324318,0.1788048285152934,High,0.1788048285152934,test
1.252101132484147,11.162133644103728,6.418725935844353,777.8723558858055,99.99541387185278,0.1969159210396478,Low,0.1969159210396478,test
1.0438001012997018,14.611489867704954,6190.817098000193,3825.764476307277,99.97152888423426,3.637414772413373,High,3.637414772413373,train
1.3889258042677568,21.84236702339597,1697.6101567239934,2499.2555923767104,99.91924264833249,2.8950772869887227,High,2.8950772869887227,test
1.7858766376576718,12.594220841252886,3.187217120363365,606.1228315740199,99.98711952971917,0.1162257160122372,Low,0.1162257160122372,test
3.350946291523948,15.873725468892882,6142.315736406824,1989.336102941225,99.9572052539043,1.6544094604206636,High,1.6544094604206636,train
1.9905362424971744,12.070441805035047,3.167412807197879,606.0517617202212,99.9947421253526,0.1476359684470877,Low,0.1476359684470877,train
1.5709127939609824,0.6959620296661846,84.27161656083307,1990.3899690675185,100.02967380345817,2.1206749754260628,High,2.1206749754260628,train
1.615934936753943,6.506392876970256,29.12505844881683,2754.4765363966035,99.94220065324173,1.0537770210971518,Medium,1.0537770210971518,train
1.2750469179788615,12.476745906459506,187.9139076543883,3825.5354659600994,100.04582967656852,3.402197708599634,Medium,3.402197708599634,test
1.025245040900386,9.38016201056942,45.37772478511085,2756.566787892122,99.97110593926578,1.7238876425299985,Medium,1.7238876425299985,test
1.213314948961787,11.91065308820317,9.717902192535709,3978.4790636611847,99.99518430223776,1.0114358507052157,Medium,1.0114358507052157,val
1.49503246305482,0.8079977756809656,-29.04595509098229,2766.88598204739,100.09853956035238,5.3690564273314605,High,5.3690564273314605,val
1.4495171380057743,10.31385553206289,9.647726201542309,2749.125708333006,100.06299416602714,0.5435085621916826,Medium,0.5435085621916826,train
0.9911887230997152,10.023936671631535,51.86999899726858,2760.821765720912,99.99043901283294,1.6821411783023263,Medium,1.6821411783023263,train
1.632326159877016,3.0787367284685967,155.5103136844352,5000.033952727934,99.96694341718052,1.890283691595645,Medium,1.890283691595645,val
2.0116156677218497,12.847818712225603,-1814.132368832997,2769.6082367462377,100.06647835924775,2.389491611234192,High,2.389491611234192,test
0.964038561820652,14.894008697284676,6.418313447811841,605.9547206102537,100.00229477107538,0.1596861830621575,Low,0.1596861830621575,val
0.4140309515408217,23.269508532363496,6654.096706673003,2749.926441819824,99.97732773059984,0.975701654880704,High,0.975701654880704,train
1.4306645593026637,7.261938624409749,16.231412105724985,2618.186456861752,95.05117955179196,2.083138155140261,Medium,2.083138155140261,train
1.52339151613013,9.8951981510003,100.41240589899742,2748.840370501597,99.99535914439632,1.9254993311460271,Medium,1.9254993311460271,test
1.6788554946530063,7.987505016910747,38.87419419573565,2615.79148883293,94.9637946687068,0.5997664078753949,Medium,0.5997664078753949,test
1.0611659075643791,12.93909147726288,239.7132424225277,3826.581496192978,99.95735023106754,0.2805323449318375,Medium,0.2805323449318375,train
2.052973181833501,12.893533906523322,-1814.08921796158,2769.568244837551,100.06469535840624,2.413751361116105,High,2.413751361116105,train
21.41811548125018,3.54188771729475,-32.4630623096587,2763.10974091708,99.98080618233084,10.000491819164484,High,10.000491819164484,test
2.556195613523014,4.401948539996459,-259.2008528293396,3799.119355667332,99.94307173686246,2.251569637224626,High,2.251569637224626,val
1.7033643668983498,8.279144488235241,1376.815729882578,2769.59187148569,100.03378023700655,1.9333035922681967,High,1.9333035922681967,train
0.9386126833151434,11.887185567504057,3.24601364261702,169.77569066202133,100.00722167210016,0.059272427700734,Low,0.059272427700734,val
2.157093201055436,10.404758374907718,3.101376855474689,605.7114635885814,100.01791755661912,0.0658644179444623,Low,0.0658644179444623,train
1.1244578946912362,13.035033189433625,243.02551039014315,3826.7061290267625,99.99300601027612,3.280513827200966,Medium,3.280513827200966,train
1.5795385852526107,1.357148721072427,3.229023396225532,2749.690380675633,100.01372622160774,2.2528234161037064,Medium,2.2528234161037064,train
1.914700789114244,10.464052272095138,3.2571361067651754,606.1270239608633,99.9589294659382,0.1718721851897449,Low,0.1718721851897449,test
1.255824870548639,13.673063264515108,6.484932868206498,606.211251978505,100.04429772119938,0.2364344313665017,Low,0.2364344313665017,train
1.004990242603604,13.554164857292031,3.2018594411336374,606.042830495912,100.01056852715244,0.1889056346074381,Low,0.1889056346074381,train
2.04546222304584,2.046781275036489,-58.39528011944443,2612.707645036016,94.92737655457424,1.0106492263966074,High,1.0106492263966074,train
1.7881123629483897,0.5106486470180154,-226.71999298431007,2758.266295524525,99.98376700695547,0.9969234904827368,High,0.9969234904827368,test
3.569653016510642,8.924075312866215,207.3815252461399,1000.0427532635248,100.02858902894468,0.7248566480585519,Medium,0.7248566480585519,val
2.782949323421908,2.010656473474786,-223.56067111831464,2805.9948870486137,99.93863376738952,17.25271631919303,High,17.25271631919303,test
0.7851499659667404,13.729496129626472,3.222188139462633,605.8915082479774,99.91372580148472,0.3409155092261182,Low,0.3409155092261182,train
1.4867191601522132,8.877271048933988,453.59176581686194,723.185387768201,99.96946273991529,0.1704798959811677,Low,0.1704798959811677,train
1.294597527175718,10.060374925699907,3.189912654448316,605.890581988276,99.91010827874156,0.1957197852033356,Low,0.1957197852033356,train
1.4400303592650678,10.586759542608666,6.5196971929034016,775.9014009378518,100.01690585481052,0.3222714249032323,Low,0.3222714249032323,train
1.1387054524808595,8.8641559139337,550.7515804216437,4245.645692480415,100.01890125527208,3.006112931407479,Medium,3.006112931407479,train
0.6253841874848495,9.500274989960056,48.62469754948943,3809.304511307771,99.91338794836776,0.8215555349139723,Medium,0.8215555349139723,val
1.095586477313776,13.356632935920167,6.442906679547321,606.028526708894,100.03856540579852,0.073999379076466,Low,0.073999379076466,val
1.4886266122121403,10.235071980712103,25.88984799894106,2499.392672892816,100.07794466451656,1.9664817802351413,High,1.9664817802351413,test
5.370838640408064,14.924967578286635,6148.7345150139645,3990.171322615109,105.04187748286294,1.173527097239518,High,1.173527097239518,val
1.349570637469798,2.436233842053372,-61.52189074119296,3666.415374747824,100.05082902898374,0.0680149827468641,High,0.0680149827468641,test
9.653288261562963,12.718472064136932,2530.1328883169745,606.041843028464,100.0015798380092,0.2478534428830971,High,0.2478534428830971,train
0.7619592370943542,14.014456663210275,6.382491613538291,606.0296432780669,99.92257938670376,-0.0053775454585991,Low,-0.0053775454585991,train
2.0354927582649025,6.174403758355706,6.4713184934522925,2752.424848431653,99.96213122023094,0.2634981677704978,Medium,0.2634981677704978,train
1.412160635120934,1.787867143847858,-9.776018658585366,2765.94806120114,99.94959561614806,2.169201867380718,Medium,2.169201867380718,train
1.650479923536381,20.29358770323692,5098.993316809058,2759.605894300133,100.0698572151594,1.6527905476367457,High,1.6527905476367457,test
1.373657150706186,14.21720422325584,6.486392245296206,605.8812977797828,100.08162042484322,0.4010598942602731,Low,0.4010598942602731,train
0.916423595994965,14.109895222738952,6.4416205710042105,605.9550821697693,99.97982340392714,0.3040689008174024,Low,0.3040689008174024,train
1.439890947701173,21.167223665649075,1668.4032311271085,605.9526705677621,99.9540646392766,0.0781579175016951,Low,0.0781579175016951,train
1.4306345856402063,7.658399655293853,236.49574966863327,5000.479716196503,99.96607205285711,2.1421919916882235,Medium,2.1421919916882235,val
1.3779128186748426,11.447781458468604,22.760845683843872,2750.574638630088,99.93393025362366,0.8246832388669016,Medium,0.8246832388669016,val
9.460745006942068,11.35465095015886,2306.6052739434936,776.232709646548,99.9852992353208,0.2080735171168661,High,0.2080735171168661,val
2.163736206095435,7.256440882571546,-783.9478877173922,2769.332298505721,100.0102561584232,2.5668741149620726,High,2.5668741149620726,train
1.2445322595297086,14.058331297909382,6.4787583516612255,606.0436080113443,99.96862023096892,0.0834414303254758,Low,0.0834414303254758,val
0.2864558491523215,10.830971465052066,-822.7919366431817,2998.724824852421,100.00808839288446,1.834020417647721,High,1.834020417647721,train
0.7493753583480628,0.6213870473124594,-3.222355487786112,2678.123536863769,100.02797538077635,3.355091031189714,Medium,3.355091031189714,train
0.9791548377984484,7.768753037494671,3.1451632250330395,605.81264076376,99.99956751796616,0.1162515657909045,Low,0.1162515657909045,test
0.5863643890980982,9.701942551147903,210.5119178575949,3802.864258811208,100.02140591429487,1.3571319131329582,Medium,1.3571319131329582,train
0.8744735181980607,0.6803072258445154,-12.924306063701996,3816.871899640109,99.96576329648676,0.8389422023728333,Medium,0.8389422023728333,train
1.0201067007597802,14.606834750101653,6.451974379361357,606.058193639636,100.0474337941016,0.285918890523998,Low,0.285918890523998,val
30.475348966878062,27.511820023257687,6550.5144513390205,1668.4242652765383,99.99055013071708,2.5874140662115006,Medium,2.5874140662115006,train
2.151484302487924,1.328125181021885,51.83664492778322,4999.89659065845,99.99332353086736,2.6257355283247428,Medium,2.6257355283247428,val
1.0058873247967792,13.52988876239269,3.2280352902688696,606.0110526517022,99.95484144949404,0.141272624169906,Low,0.141272624169906,train
1.2474195147883782,13.411257180770612,3.281671649921319,605.758390806965,100.00257532091624,0.110935523858758,Low,0.110935523858758,train
1.4796849643107082,0.131688935086707,3.1785633792257766,2755.458758764733,99.93443194972672,3.743057099298424,Medium,3.743057099298424,train
1.1516945757361952,13.708340588308964,3.206391437857043,605.8472006439307,99.95153666198134,0.1156952446914007,Low,0.1156952446914007,train
0.7021585250039767,10.371958156120316,220.2605673348313,3809.306096101971,99.96983041219954,2.317599755171947,Medium,2.317599755171947,val
3.4011645339091645,4.301271455370869,-301.23611539189164,2625.5433552602835,104.9644427219173,2.740503811851772,High,2.740503811851772,train
1.00825983844365,15.531351393809103,187.8012538364028,1000.0669746611874,100.03483011118222,0.6493823185241214,Medium,0.6493823185241214,train
3.28350482834015,10.515989591503864,174.95102707916655,605.9984391576959,99.99566446647636,0.1469457010695363,High,0.1469457010695363,train
2.189710031087619,2.3158075172737185,-51.902905869927096,2768.169015353106,99.959705883287,0.4854205068708657,High,0.4854205068708657,train
1.4334693946988637,9.299251293390476,45.3862465259127,2893.714125113372,104.95857955414483,2.757437679873536,Medium,2.757437679873536,train
28.26603445525648,4.30482704362548,-9.78117098243798,1990.005208605792,100.07879226417452,0.9494844104251984,High,0.9494844104251984,test
0.8622416863799334,21.891247954821143,2215.880965012558,2766.693728156497,99.9993696644824,0.1860069388519239,High,0.1860069388519239,train
1.5601610175263954,12.686029810415766,268.91913642068334,1989.854972392009,100.00942534000568,0.3991213262793473,Medium,0.3991213262793473,val
0.6915180295235424,13.686835233623064,3.179222397118883,605.880631609704,99.9717928357964,0.0244638191350315,Low,0.0244638191350315,test
1.8066284047358645,11.860215723159998,3.33227076949576,605.7280228021409,99.9989595268856,0.3682451819026943,Low,0.3682451819026943,test
0.7054945294256499,6.700919272105391,168.4699941707606,169.95230489057047,100.00461903388528,0.1165240476777658,Low,0.1165240476777658,train
6.451577165111825,8.79368096743489,2578.6349626879,605.778946598818,100.00743986706044,0.184710097371329,High,0.184710097371329,train
1.352123689344822,1.176081207855438,-51.83702997057622,1000.1118728701476,100.05051900862752,1.4008517942512215,Medium,1.4008517942512215,train
1.147350599645587,10.118404514148931,19.426989967013824,2891.4722278520417,105.04025420762376,0.1379839816237607,Medium,0.1379839816237607,val
1.2106501185551568,4.012348341386138,207.3099680634386,4999.489746311305,99.97204945718208,2.5560813175322363,Medium,2.5560813175322363,train
1.1465956437356797,11.039852909585791,3.167234032212292,606.0024527241852,99.96359656013657,0.2118852681620384,Low,0.2118852681620384,train
1.8593786137541173,8.614585933321743,-210.69357570415536,2768.4812800830546,100.03054905377186,2.0451967951981067,Medium,2.0451967951981067,val
0.755924368793381,25.81585895273011,5721.098888306897,3973.902628981991,99.979451119017,2.783309699525704,High,2.783309699525704,test
1.641097115750236,12.4927237353648,936.2016188277896,606.0261787314777,99.9909266979034,-0.0002707177248938,Low,-0.0002707177248938,test
1.4273965044146515,11.115724248674091,55.01171057995867,2766.925946983468,100.0149279711407,1.266710411900194,Medium,1.266710411900194,train
2.0699460743636107,7.418123125076935,-278.62693374012736,2758.053585423471,99.96482812877164,3.601406402082335,Medium,3.601406402082335,val
1.2055983194272524,13.764037529326572,6.419332803944223,778.1920326326353,99.94222010470725,0.0727546564865112,Low,0.0727546564865112,train
1.088606517532375,14.747711825928697,6.484392290911841,605.9070153986206,99.95464598675038,0.3006989408948997,Low,0.3006989408948997,train
0.9887115338126652,3.8235505370260814,64.7871723185151,2767.912594886588,99.97211989234428,4.004144263015744,High,4.004144263015744,test
1.1720668111332986,13.572862126265557,3.2212511195476004,606.0437236838435,100.02590529314404,0.0793688295626265,Low,0.0793688295626265,test
0.6613037726773873,13.7654472221098,6.453274465993084,606.1777492699956,99.98545964349827,0.2325787887629838,Low,0.2325787887629838,train
2.354970304618716,2.164577200912197,-110.2065007057485,2766.4567795344824,99.99260137980094,0.9505538962761616,High,0.9505538962761616,train
1.1890661378817724,12.693776565254389,3.225971093020787,606.0319431136986,99.9254255625182,0.0912474076192624,Low,0.0912474076192624,train
2.8265929913739813,2.047220469259104,-223.5397203128076,2805.984149205355,99.90286404966764,17.248373264985062,High,17.248373264985062,val
0.8538543648786118,13.76050719241163,6.537055248906249,606.0297700631705,100.01168590106651,0.1957796174761965,Low,0.1957796174761965,val
1.6532164655749089,12.825392019237205,6.399627612192625,605.9572815610727,100.00928340486868,0.2214904088489614,Low,0.2214904088489614,train
0.8759538563439674,13.199703912692932,3200.6816307816725,2755.978719296314,99.96851934151796,0.8320972653193969,High,0.8320972653193969,train
1.642898217661598,4.032982977595194,-32.39068610866137,3799.103318844609,100.03744010503831,0.9472869816315824,High,0.9472869816315824,train
1.319702143291442,13.66344092133587,6.558307163957812,606.0774571146413,99.95940384394778,-0.0104266043004479,Low,-0.0104266043004479,test
1.3844638161436749,14.541238045867646,9.700837519534332,722.8566039378035,99.94500270630024,0.2337376832815189,Low,0.2337376832815189,train
0.762477353728338,4.401361793874647,-110.1399692640085,2748.219539871521,100.11420889590754,5.327201802196206,Medium,5.327201802196206,test
0.8433059992890279,13.930924942507149,6.5462783422678665,606.0854659911608,99.97425239136764,0.5148584260006851,Low,0.5148584260006851,test
1.0463956515445103,0.7287613076159043,3.1555273898049947,2756.2729734172776,99.9817356593856,1.592210711896792,High,1.592210711896792,train
1.3611483970097809,32.468174548701114,8037.464141797784,2749.18151994199,100.08944349989672,2.2002932493514407,High,2.2002932493514407,train
1.0913188324054222,9.59160379397578,58.34027830506562,2754.61890628194,99.94132871912323,3.90024621063342,Medium,3.90024621063342,train
1.3442311289914586,11.144199392492178,6.544747313804986,778.3538553236683,99.94172613354074,0.2817109419734452,Low,0.2817109419734452,train
0.0782202695486747,5.819727935252832,-673.8527073162617,493.1791588825325,99.9961227451581,0.1574077160332478,Low,0.1574077160332478,train
2.001678120842014,10.217880545533555,3.2719821698588785,606.4534317906468,100.01894245227632,0.48389892941478,Low,0.48389892941478,train
0.7125122680409877,25.48093368620314,6508.250950410177,2750.255140541828,100.07250939380724,0.9007180553915916,High,0.9007180553915916,test
1.7288015744183736,17.238448926111705,178.2007573608843,1000.1567587836356,99.9791534338345,0.8999504875993924,Medium,0.8999504875993924,train
1.7618293031571317,-0.0368999852288071,19.47602415916181,2747.1809189204528,99.988216029009,2.1107350468346504,Medium,2.1107350468346504,val
1.7973989239894166,7.79827677449418,6.5727804965901,777.8845577065994,100.0046035075863,0.2623520153897686,High,0.2623520153897686,test
2.41022934966973,13.410771859998032,4480.3476408394745,2618.137423472594,94.970338818133,0.5963905483228179,High,0.5963905483228179,val
0.6622844593343028,25.71650899573737,5721.125821667182,3973.8272960581057,99.88995208190016,2.7716140237625453,High,2.7716140237625453,train
0.7513922232993046,5.874984725872307,259.1452940270098,3064.759259733458,99.96969461586296,4.01394603843445,High,4.01394603843445,test
1.537388116174124,14.642286039459016,181.55543846522528,999.7490105522556,99.97408053335516,0.7005363438434803,Medium,0.7005363438434803,test
0.292153068503954,23.63111099832118,6152.05179573306,2760.24318564806,99.95081111839222,3.5021161565111587,High,3.5021161565111587,val
2.3325039224981268,3.259924191160158,1224.5664711939326,3045.645451978238,109.95271395665743,0.7784178318308902,High,0.7784178318308902,train
1.1936098130147044,11.065438828595362,3.100447056569144,605.8479669265281,99.93114370339262,0.0828633721170427,Low,0.0828633721170427,train
0.2997867087388685,10.799556356995993,3.2258668791378184,606.0290881096231,99.93428166845555,0.1181358562139849,Low,0.1181358562139849,val
1.581847361348668,5.001344057513959,-25.900087871143857,3822.0779899661775,99.97936830475192,0.8593472394272872,Medium,0.8593472394272872,train
1.4834173829313384,10.828585925143075,22.691523952824973,2750.4482730237,100.0362571772378,1.1160827617836917,Medium,1.1160827617836917,train
1.3118657078806524,7.934164156938888,3.252026534327194,606.102730284326,99.97350703964314,0.229692740869376,Low,0.229692740869376,train
1.6403539030107694,13.658450411743576,6.44600885191994,119.97255335721272,99.94493889132612,-0.0201621974104802,Low,-0.0201621974104802,train
1.6034188308429185,1.3762329019771815,32.40733542335322,2610.991654362094,94.99075653075394,1.89519482303768,Medium,1.89519482303768,train
1.2329800292809732,1.1306545620304935,3.210434267063011,2757.048854787212,100.01275521541076,2.508386660282372,Medium,2.508386660282372,train
2.1423851488606656,11.642091526090525,155.4770449892456,2499.2425656974324,99.93689612797496,0.212494951475461,High,0.212494951475461,train
8.96449050875574,5.122368862219295,168.51022432817507,3800.061557206799,100.09042303140714,0.2851246450250922,High,0.2851246450250922,train
1.4796252943271426,14.785000919258296,6.4060327515066975,606.5738790283156,99.9535881267239,0.3438660302501408,Low,0.3438660302501408,test
1.0624683381231028,0.6861424683694688,3.135592472318663,2755.4764844802603,99.9504110637924,0.353727508666679,High,0.353727508666679,train
1.3805003030413996,13.526714362344428,3.224014860197668,605.8273004019954,100.0362941464144,0.0285107625287118,Low,0.0285107625287118,train
9.539035424502636,11.292090635555407,2306.600001795149,776.1286565227716,99.9985187411819,0.1911952387599292,High,0.1911952387599292,test
0.6953891696528135,5.8624684892196575,6.580599519336891,2755.789627721403,100.08808235330731,0.6797818166168629,High,0.6797818166168629,val
1.4658838878735705,3.591477449509957,-864.938638810602,2618.510065447999,95.07286239672295,1.3860918905259538,High,1.3860918905259538,train
1.0818726090096602,12.415889748481064,3.2122248634400576,606.2302699928431,99.96467711367758,0.18442348909903,Low,0.18442348909903,train
1.8806588513448408,7.083587283439391,-220.33178907198248,2754.110269460715,99.9901228163602,2.026120532959495,High,2.026120532959495,test
0.6910437783101542,14.055287629282502,6.45028066660146,605.7585541567782,100.0278589031135,0.0380818494948605,Low,0.0380818494948605,train
1.0667277606702104,13.075253920748326,3.1815789583082004,606.1402847685129,99.93154256630594,0.1655197771486828,Low,0.1655197771486828,test
1.3205600915422209,12.399687347305958,12.98933752727791,3978.237031913015,99.94741590789296,0.1750871405630363,Medium,0.1750871405630363,train
0.5004694834938166,12.509207283941144,3.285470044607707,605.8940262020635,99.97230872141628,0.1268680478384558,Low,0.1268680478384558,test
0.779349475257281,1.971399487933553,116.64388431648256,2752.5386266112164,99.99618759519072,2.6215302712959025,Medium,2.6215302712959025,train
1.5952230252002382,9.02015243164757,45.38691037103356,2758.660437960055,99.9945310530001,1.432223321390747,Medium,1.432223321390747,train
0.5123497828332666,8.141390005247132,1729.9472917012872,419.8471343859631,100.07400728164886,0.1928354917469855,Low,0.1928354917469855,train
0.5933336739628758,16.329870934360716,3427.5301922311305,2835.93159998949,104.92438862394806,0.4324349782806725,High,0.4324349782806725,test
1.3833888019146627,5.410535109370899,19.43707891769208,1990.2937167139512,100.0097564575005,1.2334214718994585,High,1.2334214718994585,train
0.6453020703244807,7.663025574331208,38.80621846441869,2756.0337305665366,99.93628867511092,1.4390858264713338,Medium,1.4390858264713338,val
1.377055558988754,11.585202545969302,3936.11478735884,3989.718610123212,104.95737521719504,0.8832480278618858,High,0.8832480278618858,val
0.8705646003995019,13.687462185848238,3.224657736706442,605.8125605126571,99.95779551440388,0.0715989002834639,Low,0.0715989002834639,train
1.3054416197300245,0.6639099046778316,3.2649203540561063,2902.0636597691764,104.8999850630904,0.422991743596881,Medium,0.422991743596881,train
1.425078383730802,9.693434360322414,55.09865456812696,2892.176503153342,104.9682672313067,2.073183588090275,Medium,2.073183588090275,train
1.5833138899766417,12.01386002446978,93.92460690295856,169.9796965446881,100.02139048241318,0.0692124463757303,Low,0.0692124463757303,train
1.3378363781822653,12.959677883030032,3.259912596407679,606.2707071189674,99.99830273508849,0.3368639470461796,Low,0.3368639470461796,test
1.7795695409683272,10.08355719777135,1266.6528454043828,2756.723496794099,100.02821767662007,2.83065709537032,High,2.83065709537032,test
1.0413176252027034,9.57951730953976,2406.969695116469,2998.7894690806743,100.13646341087043,3.2819302693351493,High,3.2819302693351493,train
16.468794067690187,0.8639182705799904,955.6380628293956,2617.701266836229,95.00760331412538,1.0209726487869126,High,1.0209726487869126,train
1.0769342603208505,0.4702132489982742,3.22365494297455,2755.1216292299423,100.07675383359133,1.67045965787854,Medium,1.67045965787854,val
1.783079649609153,12.158260007585762,3.179427771787324,606.0975772133747,99.99933040993608,0.1719244535919318,Low,0.1719244535919318,train
1.6729572562412196,10.71301827822336,3.221172044398451,606.4482914099109,99.96190884835715,0.1292779175560947,Low,0.1292779175560947,val
1.3332633736080102,10.427288967669538,3.242781759299635,606.0082060276826,99.9529334895967,0.0375683894127801,Low,0.0375683894127801,train
1.345390742026808,9.226329468315214,55.09958206751127,2893.0753470534487,105.00439676830275,1.0882055936438824,Medium,1.0882055936438824,test
1.111129806255135,6.162524320709278,6.527235037796784,3826.36069809436,100.05836870654208,4.640306017422563,Medium,4.640306017422563,test
1.6701386896687125,13.441829157458535,139.33352087740337,4999.698426119652,99.95597330546398,2.3085540071620185,Medium,2.3085540071620185,val
1.067239978195558,13.067261875709908,3255.894090059837,3825.994084877764,100.03837842251131,2.42330105264474,High,2.42330105264474,test
1.1406972662400794,0.691075833073398,3.236675932394045,2757.785272856787,100.06420779162904,1.1337441397885666,Medium,1.1337441397885666,test
1.5027922024781284,10.039700774660483,25.99189310517212,2499.2130249653264,99.9956437294586,2.086868014873738,High,2.086868014873738,test
1.4004084702423472,22.080386465590102,5636.842929524046,2759.095268261204,100.0177234341858,4.521008806805659,High,4.521008806805659,val
9.137032308077329,5.12713626353146,168.48384153528346,3800.1828111383215,100.0444576114938,0.366470524125352,High,0.366470524125352,test
1.1158685373056774,11.334948639362942,1525.7504845159249,2768.221887618362,99.87445139284104,3.637056975040789,High,3.637056975040789,train
1.7408720694567117,7.315645762257259,136.01989583791286,2615.682964047286,94.9829740396626,2.99519174321632,Medium,2.99519174321632,train
2.90898170731162,2.413755115251356,-738.465170062533,1000.2686122767597,99.96460354911687,0.4234214719915148,High,0.4234214719915148,train
0.9261721363759834,11.994504738239694,3.152152552883668,606.0946431060758,99.9870503624012,0.158684420089746,Low,0.158684420089746,val
1.0455909475968956,12.770746257706632,3.249576877344261,605.9017718332802,99.98677454848664,0.0233201797869732,Low,0.0233201797869732,train
1.3984808951143906,7.427542355573123,246.2187160049818,1990.1141269227508,99.96788124042789,1.1556604923607747,Medium,1.1556604923607747,test
10.843444780939777,17.649337851743603,4603.457807836106,2625.162675889612,104.93381633154324,2.8331093307424697,High,2.8331093307424697,train
0.4394758322474755,16.33939199269582,3427.4564466883,2835.8555005186777,104.92798832113996,0.4187932225906175,High,0.4187932225906175,train
1.544293118677769,13.607539619019915,3.278759040341599,605.8965808054941,99.99733383693425,0.1889022867134314,Low,0.1889022867134314,val
1.457187070009294,21.790974179604387,1697.5049458084495,2499.288492880504,99.99052112348342,2.9105244931427303,High,2.9105244931427303,val
1.347550723851557,0.6570444608959469,3.28501673389924,2757.479166709916,100.11270641063275,0.9980286561767328,Medium,0.9980286561767328,train
2.075180016267788,11.826370616189266,265.6290969112156,606.1141131181145,99.98615430388992,0.0734636191758246,Low,0.0734636191758246,val
1.4586727401333832,11.498453656783951,9.756963275017323,2748.365415768975,100.05826874622991,1.6219780755444833,Medium,1.6219780755444833,train
1.0886664754273276,11.5179968615888,25.873199425680227,3825.9224549518526,99.91303137620298,3.4705883998743934,Medium,3.4705883998743934,train
1.3906300843468695,9.295858631158223,1451.253643191355,3978.4300649756274,100.01581630629596,1.3322867420663285,High,1.3322867420663285,test
0.4785302604402139,15.299834747997012,5380.870484426725,3137.215565675547,104.95577719779637,15.784706485610224,High,15.784706485610224,train
1.7897923077854867,2.963944582577197,155.57055123876907,2614.007490807634,94.90463274145756,0.9483387824814424,Medium,0.9483387824814424,train
0.9516792907256588,14.996545731204568,184.6195971604751,1000.2201736713712,100.00117449207129,0.8241377300247511,Medium,0.8241377300247511,val
1.452899592924488,10.124893616624556,25.947066280833685,2499.2844181158216,100.06614695587064,2.143885620198476,High,2.143885620198476,train
0.9204343391117292,9.646135608861645,3.241914276796757,420.1352971208427,99.88076944302009,0.1561108221226169,Low,0.1561108221226169,test
1.984738131405988,11.731944668777691,155.49384091620166,2499.460630992681,100.0575533685674,0.1091066005023221,High,0.1091066005023221,train
1.922851286710462,4.0597811926794325,204.0474794687209,2761.1936477898275,100.08708280561017,1.266123455612714,High,1.266123455612714,train
1.5132992157131822,10.691390992394595,9.749647528693012,2748.218417331221,99.98977675471062,2.617360903981073,Medium,2.617360903981073,train
1.4283978461218705,16.346587095685607,424.3082944093097,2498.9423925197866,99.96401172949857,4.3036698647762535,High,4.3036698647762535,val
1.1009082355841744,0.7738700661833197,-3.264555786238328,3068.749786202643,100.0278542380166,0.4668103145031532,Medium,0.4668103145031532,train
1.06991822674298,10.584304654319425,12.972389027068347,419.856079732229,99.99596407806762,0.3189446988233659,Low,0.3189446988233659,train
1.9505182465600888,6.965443187350961,-220.27722741829592,2754.194007823208,100.05344513291554,2.063575371622512,High,2.063575371622512,train
0.5962209378112857,0.8986749660563884,-3.185699278095204,2679.778414622732,99.976828521559,2.826178795508574,Low,2.826178795508574,train
28.305451603076705,4.348533299708789,-9.688802475587268,1990.0633375293344,99.9625593791323,1.018032289669933,High,1.018032289669933,train
1.4962864355323964,0.7466528156997817,3.221210265654148,2757.059441595716,99.94158282762837,0.6811270044590788,Medium,0.6811270044590788,val
2.218901816394913,11.28550361032403,3.2288342666155687,606.0071879823771,100.00993828601268,0.0023844873943102,Low,0.0023844873943102,train
1.1655190200689145,1.1245256294745916,3.2565267917018854,2893.094678863575,105.01394819674532,0.2985428886095638,High,0.2985428886095638,train
9.636114850249363,11.367518668409264,2306.606814682092,776.2033397722618,100.11448282312968,0.1853200517436369,High,0.1853200517436369,val
9.807221021533348,7.111866615754056,1256.9391110251154,2500.734448903401,99.91740572007484,0.7552114640795742,High,0.7552114640795742,train
0.911314092778632,14.096478195001106,6.532719557889889,606.052449121011,99.94930989630444,0.2060148544107137,Low,0.2060148544107137,train
1.346937094487838,10.610039998120788,3.223629456120391,605.6595911110005,99.88713350901786,0.0483195231356123,Low,0.0483195231356123,train
1.489121339149113,12.15090090427936,68.03309624749788,2765.233904490103,100.04982343209696,1.5392135175769508,Medium,1.5392135175769508,test
2.243318432761079,14.243942270756769,3307.568916993171,2892.017354379811,104.96656903475174,2.791012420400821,High,2.791012420400821,train
1.611049140514918,9.128848643957316,3.2349728867040253,605.7981436220681,99.9586697784818,0.1696996998290323,Low,0.1696996998290323,train
0.980009674999775,15.056328256246736,6.493790767886607,606.073153593431,100.01633101742684,0.0189021969170588,Low,0.0189021969170588,train
2.237967679214888,29.48664471106033,7357.057349854712,2768.2962812647106,99.8884779753172,1.4415128541285114,High,1.4415128541285114,train
0.3857245825907873,12.139688758451223,3.196668951587239,605.9155359347427,99.9627077329708,0.1112997725973023,Low,0.1112997725973023,train
1.6401535624517511,11.2533753764017,9.673987729343684,169.9269065515307,99.98794050239684,-0.0477611913833796,Low,-0.0477611913833796,test
0.96750815191521,0.6305594062708451,3.1533919341675185,2756.2282082652337,99.96372598410063,2.883945590812482,Medium,2.883945590812482,train
1.297249205066722,13.785874600351397,6.47168262701999,606.1790238680119,100.01001593417055,0.2441518506471939,Low,0.2441518506471939,train
2.476606545264392,11.962021030698368,-333.68021711216795,606.3740290810484,100.01861734502852,0.1848464314292194,Low,0.1848464314292194,train
1.311202017905669,1.6222044704949092,6.519448367448394,2758.2716799261525,99.974567012535,1.1025703822795303,High,1.1025703822795303,val
1.2602460756962568,4.5898982981253935,-25.992891528400005,3826.375212144497,100.0417273133199,2.968013671997116,Medium,2.968013671997116,val
1.474636866570934,14.002918716240051,6.602947594034326,606.0099595969328,99.99708330825436,0.1003198384464238,Low,0.1003198384464238,train
1.7106109015623825,9.662878675996428,51.8333721059717,2903.4548372243835,104.98973802646292,2.8349667053735605,Medium,2.8349667053735605,train
1.1254999373268195,8.87079274942132,12.928372715770664,420.2803381729223,99.94560127253143,0.0777906039398181,Low,0.0777906039398181,val
9.2969114682869,11.32608162282669,1486.98113232921,2499.827037867362,100.05010856548424,1.467592597590927,High,1.467592597590927,test
1.311558523382372,9.493271073132602,45.31899136247744,3068.3509322397967,100.00987626231591,0.7667764687351346,Medium,0.7667764687351346,val
1.5173286384927167,9.9539127135123,3.234349778942384,605.986601701366,99.9997882857876,0.0147010689036872,Low,0.0147010689036872,test
1.5335226775758082,1.73281538080792,3.2831007985061462,2616.9993957911943,95.07514887178706,0.8235791708967711,Medium,0.8235791708967711,train
1.5387046596937886,0.4674626342430968,12.96095078426084,2748.568556065218,99.91613324642832,1.319170990781883,Medium,1.319170990781883,val
1.344316120663518,5.942247766794294,213.8420593756105,3825.958518415799,99.98741809871218,3.047095480625093,Medium,3.047095480625093,train
1.1582100537256417,12.377355642544137,3.1809575690704657,606.0552637184095,100.01605419548936,-0.010647756169257,Low,-0.010647756169257,train
2.148174381267147,4.981187713457524,-1373.593972102043,3990.8364529801647,104.99036163055489,2.6208697742375864,High,2.6208697742375864,train
0.949251533332784,13.592231644585407,3.268799891658664,605.8629633364267,99.99411498900903,0.4009652964282041,Low,0.4009652964282041,train
1.6987747872973729,1.9399288115634816,6.48169985884776,2757.9342544911096,100.02139866990528,0.7328007220496813,Medium,0.7328007220496813,train
5.027682222780612,10.523575286155786,311.0077933615688,2499.961819370314,99.96168235169536,0.7576678588464802,High,0.7576678588464802,test
0.9855948395058736,8.942546181371014,45.3042847371319,2893.437496070905,105.05382669252474,0.9342139985148648,Medium,0.9342139985148648,train
0.5065772402571824,12.966363932940526,-1992.4478496106767,2757.7959495340856,100.00948696642152,5.0437267987746095,High,5.0437267987746095,train
0.7288905973688216,1.7778957576993304,71.28792528467663,1049.9487071271164,105.0465254939354,0.7009333640997467,Medium,0.7009333640997467,train
2.102657042199799,3.790030591432672,-45.33301188239356,3799.8329961141526,99.9707437902692,-0.021516341905231,High,-0.021516341905231,train
1.6269179252095287,11.414998898074574,187.8729867560338,2499.193993285044,99.9714175018326,0.6178982926029638,Medium,0.6178982926029638,train
1.3291543586586685,10.309600794048764,3.2418811315562808,606.1507391983158,99.9535788436214,0.2363857930452612,Low,0.2363857930452612,train
0.8542664922676836,13.16199024530074,1499.882550813684,1989.9568899808407,100.06578936983249,1.534963029360782,Medium,1.534963029360782,test
1.879165698045832,13.27907823046814,161.97730224476655,1575.1815512901344,105.02192982725204,1.339383834124949,Medium,1.339383834124949,train
1.015554386247552,13.278954872315902,3.204388033085003,605.8033140184192,100.01218905228006,0.1877477342437233,Low,0.1877477342437233,train
0.7391938337269819,5.650959161210144,259.21173872349965,3064.7806867328827,100.07376120360048,3.91086516932002,High,3.91086516932002,train
1.677815954340613,6.402728684568867,129.55461237445354,2753.9739963202983,99.95119617708148,2.30303615776142,Medium,2.30303615776142,train
1.3763030399792056,9.163919703803336,1159.7200721494785,3799.333066882539,99.89684901336868,3.384936692916416,High,3.384936692916416,train
1.4503778050497584,7.165996160398817,126.29376693161988,3990.169723359417,105.05704223926726,8.806774748378722,High,8.806774748378722,test
1.5985877251288974,10.082667765891983,25.928309453259708,2499.392192164235,100.05175416935644,1.961367109613379,High,1.961367109613379,val
0.6799726411063396,14.429546200072524,6.428421694648226,605.9086607827556,99.93799460970617,0.0767913152983039,Low,0.0767913152983039,val
0.7281756548044213,13.141689507217189,3.235329497906432,606.2131721369526,100.0589075762456,0.3032870620973384,Low,0.3032870620973384,test
10.661439289599148,14.022818852084988,4156.459681304001,2498.969991718021,100.02872919380408,1.1204120028862627,High,1.1204120028862627,train
1.0872518847633728,9.793037497183198,48.62648774668797,2754.5009544615964,100.08362314183827,1.0837493007170995,Medium,1.0837493007170995,train
1.560719919869843,1.1230981381686735,116.56059701491068,2615.6580129386384,95.148483091585,0.4742846730406419,Medium,0.4742846730406419,train
1.110059775231346,10.356549920354636,35.72081562808543,2763.414258411437,100.06803846800746,1.1030555482973234,High,1.1030555482973234,train
0.9166660500254064,3.821712910859233,64.80291863926935,2767.878895809835,99.99942873135944,3.9953134144892166,High,3.9953134144892166,train
0.7674458751570321,13.170529804469297,3200.714083709823,2755.81698351172,99.94777152107864,0.9140942066593896,High,0.9140942066593896,val
1.0705547634018555,10.45325119263262,51.83600556667363,2763.421059758709,99.92617194383912,0.7486866271954139,Medium,0.7486866271954139,test
1.1510200837646165,1.2988288833725568,3.2660452617185216,2756.8627860999627,100.01689010525207,3.112883334738576,High,3.112883334738576,train
0.9882123271527556,13.88844694854392,6.5556643889263775,605.7088948606582,100.00502311838927,0.0964261332692827,Low,0.0964261332692827,train
0.2608898668216582,13.677217003076706,3.279848678385424,605.5506737467679,99.94360540115306,0.1485293696266098,Low,0.1485293696266098,test
1.3778575036790888,4.768130894537905,249.53186075466968,3000.114880836247,99.90550088201589,4.027111245104736,Medium,4.027111245104736,val
1.2722599112098207,9.58974370197662,51.8580224710274,2756.4705957494057,100.05634269942348,0.132305347739178,Medium,0.132305347739178,train
1.8534807585268664,11.082991574411851,220.24096749201195,4245.35731583699,100.12919692020976,1.6653542215195165,Medium,1.6653542215195165,train
1.5205088441413277,5.573828910668706,-35.64313821752102,214.19032829542567,94.98407922034296,-0.0881556397973313,Medium,-0.0881556397973313,val
2.6508105519132674,3.1160114614237395,-204.10650709189017,2747.9005349958443,100.04263448028578,0.98843354575199,High,0.98843354575199,test
1.5194866050663314,10.192940353895604,9.659849413627043,2749.55502497532,99.9830076848,0.6164855081591419,Medium,0.6164855081591419,val
1.7054373029417813,14.23811136614292,236.47660093569567,3818.137459403196,99.99063844053548,2.775863455751695,Low,2.775863455751695,train
2.103634875258133,9.132545070165534,3.2733276498005406,606.2483756141396,100.01430304017104,0.0865839865295306,Medium,0.0865839865295306,train
0.7502170931934787,14.143291938503411,6.53629102237002,606.0588944998564,100.04498872090984,0.1158315789488152,Low,0.1158315789488152,val
1.0828921797251656,8.678776244052564,38.846314119049474,2757.903568884712,100.01636560834451,1.963210829746856,Medium,1.963210829746856,test
1.8347608404046265,7.961070850488019,35.501187347643125,2499.457496488542,99.98851463996374,3.419427203189662,High,3.419427203189662,train
0.8464162758731908,14.469187641110969,6.464703981251636,605.7542574834903,99.89729350693082,0.2567349267381411,Low,0.2567349267381411,test
1.6034189975491495,10.279585333646876,3.2129690549869463,605.8963899322499,99.96402564078936,0.0750460559142733,Low,0.0750460559142733,test
1.3896807178711643,2.373680466897534,-9.771998248953077,3822.236240578353,99.9971341073568,2.77689860161614,Medium,2.77689860161614,train
1.5190046761506708,12.600485617978949,3.18685559242726,606.4825629115596,99.95685311452633,0.267749360910724,Low,0.267749360910724,val
1.483089387085282,1.4536428178462268,6.500595511992944,2755.073357693541,99.9753263661704,0.3790689404937603,Medium,0.3790689404937603,test
0.829711394693243,13.518467353316405,3.189404714693626,606.0852336726174,99.99962778743505,0.412683461088033,Low,0.412683461088033,test
1.6995201554650494,12.613310372073174,129.5158284777523,4999.719456300119,99.9422273033876,2.274090979407286,Medium,2.274090979407286,train
1.406814423328007,23.00995554444265,5260.985267124147,1990.5644622008365,100.13640933998052,0.6156445895105058,Medium,0.6156445895105058,val
0.6526024935427368,13.545157444966094,6.437320628181548,605.6968413613885,99.98097120147358,0.1658550441585221,Low,0.1658550441585221,train
1.0724622752246749,13.409612415008253,3.2404349962408694,606.1343335046105,100.03778640781675,0.1111692111879839,Low,0.1111692111879839,train
1.452779056306206,2.3246068923933114,-120.00689937355372,5000.1133006772125,100.063063389778,2.397014356839834,Medium,2.397014356839834,test
1.3718295015710809,8.640711838932102,45.3613367127099,2754.8546342468103,99.97881372344024,4.517346944881127,High,4.517346944881127,train
1.9232967442497544,16.178610756499076,165.26842133381922,3001.42595285846,99.87518225588812,0.948762465904474,High,0.948762465904474,test
1.4118297224545102,9.799890160651604,3.161644190382474,605.7783107590088,99.90599459242551,0.1258694214300166,Low,0.1258694214300166,train
2.106737496814404,4.151061034407819,-6.397168926932405,2613.517371196292,94.94991614057868,2.594016352422816,High,2.594016352422816,val
2.083747380063402,4.5040348529095775,-174.91801553439515,2760.3231440598047,99.97349294855684,0.6173515933939864,High,0.6173515933939864,val
2.1852946324249256,10.218342878935534,3.300741878500588,606.116468784058,99.9223845422516,0.2272770104009458,Low,0.2272770104009458,val
2.2036802319284,11.485009140493856,3.26050374279847,605.9704324664403,99.98529242650352,0.285394258550497,Low,0.285394258550497,test
1.4059526544435743,10.549958287393194,48.64615557611445,2903.344371057306,105.05188920372224,0.5007909338044304,High,0.5007909338044304,test
2.276524630406928,4.460978095436362,-174.8751625101993,2760.3488000889324,99.95794169137856,0.6554791061670798,High,0.6554791061670798,train
0.9151093817747508,3.189083927548007,19.45315188640526,2748.604339081312,100.0022707995825,1.797260619877709,Medium,1.797260619877709,train
1.4412038442208892,7.031325223942649,126.39605422576123,3990.105864721098,104.88921109085436,8.703598667814951,High,8.703598667814951,train
0.3000728892891746,23.43494383275037,6420.821068115512,2770.134815286854,100.03005635856547,1.9771625944044464,High,1.9771625944044464,val
1.299057108104166,2.535459389498232,-6.4629367675250045,2768.372275311654,100.0140345795362,0.8595309684069727,Medium,0.8595309684069727,train
1.420154904604361,1.7516084773649014,19.404060219502927,2616.9975061509977,94.96194184566858,1.7675770727289086,Medium,1.7675770727289086,train
1.3227260050422358,12.662801904632696,3.2327699958450897,606.0081553529424,99.96494010897388,-0.0917458023494482,Low,-0.0917458023494482,train
1.621750579356662,1.7062685317773305,3.257476336931013,2616.108747910376,95.00055250616784,1.164128840644755,Medium,1.164128840644755,train
1.904472482647762,7.31922778689596,411.36320744796046,2617.218289867306,95.0250341275256,2.849061955183072,Medium,2.849061955183072,test
0.6860264296038666,14.569024462701494,6.439700248669023,606.4906002814865,99.9784846359712,0.3403357687828189,Low,0.3403357687828189,train
9.802251235093568,7.816931994600825,1211.5988749237072,3799.5368648155295,100.04869282177955,2.585686452273601,Medium,2.585686452273601,val
1.5381332196897763,1.513956343704031,3.1717659792249253,2762.084934543384,100.05581989343096,0.2986716848811399,Medium,0.2986716848811399,test
1.5488101925630675,1.7472524245796162,6.402780469645325,2747.564694324387,99.90240868092567,2.742679971661483,Low,2.742679971661483,train
0.7590579244277152,16.713266961444774,2753.598134474517,2612.2362784669763,94.83606536017832,3.398182846514479,High,3.398182846514479,val
1.8419553678294325,7.440737642192932,463.22310453857193,999.8969157132632,99.90190106988268,0.8684397995956723,Medium,0.8684397995956723,train
0.970438036280358,12.54074754005063,9.70306376269259,3979.036966268458,99.9475597631808,0.4241913817129797,Low,0.4241913817129797,train
1.861738459581968,16.14572558438996,165.0891328366475,999.9021565821088,100.04940300114072,0.8764395903526903,Medium,0.8764395903526903,train
0.8493809932948635,13.816999729015048,6.445605985087221,606.3242553982691,100.12045959112984,0.1422985964129122,Low,0.1422985964129122,test
0.7061580689843537,5.72770041050635,259.1447139475372,3064.873690638397,100.06600273181934,3.953539765976463,High,3.953539765976463,val
1.3100306490291949,1.38116379354608,6.534701339089519,2902.970380383874,104.95721024952978,0.4443985316783323,Medium,0.4443985316783323,train
1.7196585407268552,29.10964049448551,6161.655901150658,2611.2439268108087,95.01040424337148,1.5315332418573626,High,1.5315332418573626,val
1.2137076448934525,9.687073747289467,252.65699529941725,3826.883361627104,100.00490431486745,5.513028169624573,Medium,5.513028169624573,val
0.452562062347471,13.477453061414552,3.1934356281278284,606.1994439158243,100.0455604886625,0.2260699464674828,Low,0.2260699464674828,train
1.2463454694616898,9.585524046374076,3.302535286732636,1989.9029890421268,100.03688579762536,0.7281175084986949,Low,0.7281175084986949,train
1.8721230765542656,10.829560660921269,139.37347828882596,606.4111530957026,99.97965681309502,-0.0168211188215993,Low,-0.0168211188215993,train
2.7611207774274336,2.648142863783818,-161.94857825384892,2768.560396529276,100.0357340547697,0.9321862880842386,High,0.9321862880842386,val
1.2614415458943038,1.485879024731248,6.4329131028918685,2758.617607823925,99.98337651083249,0.511722963891213,Medium,0.511722963891213,train
0.8741013000652036,12.564705901109578,3.206661620356015,605.9217820311757,99.96438568155769,0.1012117473468816,Low,0.1012117473468816,test
1.813109601371745,6.456389461748777,1337.953433538249,1899.711815773229,99.98626590650969,1.475874786613228,High,1.475874786613228,val
1.0272902584835908,9.636791966977116,48.60171532489039,2758.332097069542,99.95932031608942,1.0325452531808967,Medium,1.0325452531808967,train
0.5725907381492745,14.71444609541812,2076.5823212011483,4244.650369706854,100.0651289197528,1.9792656419217605,High,1.9792656419217605,train
0.98287822288969,14.523861708299425,6.47902262004175,605.9699978522874,99.98043593092828,0.049664887742022,Low,0.049664887742022,train
2.007333763856026,20.472437939275704,3055.069573223623,2617.1624544889864,95.00245175505836,0.7410220967376419,High,0.7410220967376419,train
1.071853669454976,13.230871796624031,829.3571334413107,3699.0862772978808,99.9576294039318,19.2259583512384,High,19.2259583512384,train
2.370481330700638,10.593449474694983,3226.498213164069,3800.75695055586,99.96919220169856,2.6504653451214764,High,2.6504653451214764,test
4.708610565298724,5.315982537791736,754.7624509326392,2754.464134287526,99.86587240452566,2.4727738057633943,High,2.4727738057633943,train
1.5376831703687583,1.9004817663415368,6.513555367769531,2754.097754357419,99.99613346235571,0.0641058496445241,Medium,0.0641058496445241,val
1.3900827526827124,9.779672527095988,45.33264330131186,2902.263277265766,104.94307815020665,0.4992289790355927,Medium,0.4992289790355927,test
2.4315263427670457,4.4317578775820845,-259.1501451061348,3799.194607347312,99.99751422165266,2.161726025223247,High,2.161726025223247,val
2.432456306399308,8.390949437476138,155.49665697929905,606.1085936249038,100.0027990508595,0.0764011420794357,Low,0.0764011420794357,val
1.043494959597851,13.552914473153388,6.517473497178438,605.9879057200403,100.02023292736456,0.0650298227131059,Low,0.0650298227131059,train
1.0664873654072466,13.354610839699903,3.265459768022948,605.8932422501006,99.97394052496068,0.0726369981161521,Low,0.0726369981161521,val
1.0402251022110078,13.421645629522308,3.213458518652484,605.6612134777403,99.97450610008887,-0.0064662295489616,Low,-0.0064662295489616,train
0.8128185032867523,0.5747958775985865,-64.76973877413839,2618.951365248952,94.9980883302098,3.4091100133409453,High,3.4091100133409453,train
1.3677544429222008,13.459425330376035,3.2514409699045013,605.8309470169597,100.0205755717667,0.1767558861506478,Low,0.1767558861506478,test
1.2415096155728276,12.020539953010456,6.472591238497906,605.9233015049118,100.06112866147426,0.2164200720364185,Low,0.2164200720364185,train
0.4815635947496395,29.107091002866387,5491.116018813355,2617.1503230518115,94.96566761616332,0.3864916059145403,High,0.3864916059145403,train
2.3869504577298257,10.875579476417808,-725.6858454242911,3800.13440015898,100.03462709891882,0.7429805584561551,High,0.7429805584561551,val
1.5605949309334353,7.349139100677271,1791.494563302367,2767.1416198766187,100.00441437432843,0.2865068889779402,Medium,0.2865068889779402,train
1.424482223917883,15.434260420589498,29.17068515969415,3825.372096888911,99.9805558002186,0.8560459136196079,Medium,0.8560459136196079,test
1.4669317773447512,2.8985128556717665,-12.909542350074735,2751.184040565291,100.01600866828952,2.197406361037138,High,2.197406361037138,test
0.889830197933992,14.220781965177355,6.521883966693459,606.0934111999766,99.946159863409,0.2218680163687101,Low,0.2218680163687101,val
0.8732209078968503,11.939239281827328,19.43375809905953,2803.484089243285,105.00172526116758,4.756331157672503,Medium,4.756331157672503,val
1.6185205694298272,0.5361810421847835,84.39619462295686,1990.1421212888329,100.06041160371257,2.10783834561731,High,2.10783834561731,train
0.9759698235138428,11.369357280089533,706.2355825993607,1000.158453091962,99.98977037914428,0.6946654351281997,Medium,0.6946654351281997,test
1.636514247750923,12.03979862630329,51.84901987064671,169.85816324282385,100.01749038864902,0.0326997222019485,Low,0.0326997222019485,train
0.8586197142530148,25.696996215635306,5721.254239133644,3973.778633331476,99.91113507730476,2.737229296498798,High,2.737229296498798,val
1.247864154376781,11.353537798180296,155.51265939876046,2761.486358653064,100.004263411613,1.9388703529310352,Medium,1.9388703529310352,train
1.1321607386221946,12.319421369457014,2031.2354337712195,3826.2611047071073,100.04698238835364,4.262028608102559,High,4.262028608102559,val
2.264399661397644,4.995216573336219,-1373.504716270101,3991.030430322173,105.1381607517316,2.496191031228061,High,2.496191031228061,val
1.7589276159234,10.782172293746724,9.724179328618051,2749.385961512369,99.98478150513786,0.7343731771764047,Medium,0.7343731771764047,train
2.170163162146256,7.280508161585317,-783.9617201446284,2769.3684293119945,100.09196453309823,2.644903392411384,High,2.644903392411384,train
1.627596168019512,15.364546940424471,187.9084736158708,1000.0990218961774,99.89701616570444,0.4184558293138988,Medium,0.4184558293138988,val
1.587211423809822,32.34337533099609,8037.470819699233,2749.1951409194635,100.0078728134114,2.022853664120768,High,2.022853664120768,test
1.011992539580996,6.447871692258339,-1159.7561937564683,4012.607284772376,104.93272545826945,1.6948281067404525,High,1.6948281067404525,train
1.2367045232512712,13.45554320110383,6.558704460187022,605.6803754222186,99.98729775742656,0.4534241486483785,Low,0.4534241486483785,train
1.812007416404352,22.05613649028891,8153.963882590922,2756.4858715435817,100.02958480458128,3.141809088513212,High,3.141809088513212,val
9.332503151491206,11.500849209620368,1486.992202294988,2500.023221343577,100.08194852712624,1.512648755643775,High,1.512648755643775,train
1.5970565583247305,20.91242170348175,434.1225998265182,605.6736403691958,99.9174755289432,0.3396137066442912,Low,0.3396137066442912,train
0.8728903031633459,1.0582167634458042,3.2128316757947326,2756.420867544092,99.9696919246071,0.7801773449952202,Medium,0.7801773449952202,train
1.282405864518701,1.2335524580841344,3.204428109498618,2758.198660175015,99.99651594960665,5.813322133528975,High,5.813322133528975,train
1.99994285608412,10.970159118876293,3.31162920228124,605.6997638422314,100.00660383683082,0.0313409694878221,Low,0.0313409694878221,train
0.9230042062277372,3.8091239968060018,64.75935821390992,2767.890954959952,99.90915659643844,3.906321716244773,High,3.906321716244773,val
0.0693720315971077,8.784953076960393,6.495669520243835,606.1497469823086,100.07753679132836,0.1124185871795743,High,0.1124185871795743,train
1.8380322584064848,9.840956481545202,48.66680672581492,2902.6419148718705,105.01858794280412,5.242774876993712,Medium,5.242774876993712,train
1.4638541101043745,5.537427358956662,19.37919041811009,1990.416629042276,100.00515165054436,1.1921335972852043,High,1.1921335972852043,test
1.5232990350093698,11.174835861040776,51.87381945915257,2902.138917178628,104.97907362799508,2.295119946467794,High,2.295119946467794,train
1.1646993658267677,10.489485604174233,19.41365881897084,2891.027584514885,104.97432380636047,2.1164385444320124,Medium,2.1164385444320124,train
1.644402504774266,6.565097143090505,38.869711010923794,2747.8843073476987,99.93739857324309,1.71094990271441,Medium,1.71094990271441,test
0.3863679535964218,14.244688756484477,-450.4075719004962,2755.174496448404,99.92946505943785,0.0280119269981213,High,0.0280119269981213,train
1.7950821825386167,7.064660319434559,424.37144612238734,1000.0219933872988,100.04663695767805,1.0158100286186509,Medium,1.0158100286186509,train
1.1250993046185502,13.693066953173826,3.134655817161981,605.9833029893496,99.96001807339928,0.1049992115424775,Low,0.1049992115424775,train
0.8942978032046985,13.571315555955582,6.466616587294718,605.6803720326599,100.04331291600934,0.1033094107698903,Low,0.1033094107698903,train
1.09296343664356,13.110287728894493,3.2088735300908624,606.1831291809862,100.0468307560517,-0.0127744149463345,Low,-0.0127744149463345,train
1.1623151569047652,1.3247946466229372,3.195990588428542,2765.082392779114,100.06049431846957,1.3336675722690323,Medium,1.3336675722690323,test
0.9823358062500684,1.5787789716972565,-6.481139180012749,199.71751076677336,100.05246263240484,0.0520480387040287,Low,0.0520480387040287,train
1.5812839885478414,8.451623199300803,1049.6100191638527,3799.845080949965,100.03525829410648,3.704923334445896,High,3.704923334445896,val
0.5438252301506097,9.832716347929532,51.91289996769205,2670.0193819315664,99.95760712563252,0.4417488226909618,Low,0.4417488226909618,train
1.6627172049667205,13.92203189105186,6.356220253207498,36.12475508456126,100.00767908922124,0.0220910625177354,Low,0.0220910625177354,train
10.56656842398485,13.908942081837544,4156.449459789461,2498.8741122676224,100.0693444754903,1.1276239043824177,High,1.1276239043824177,test
0.812579681752849,12.703612481902656,9.676819891037718,3979.067495547133,100.040139491914,0.6036485711548141,Medium,0.6036485711548141,val
0.4153171394896204,7.012710763924826,-450.35839456697767,2755.697909435897,99.84592255137996,2.3984365795676097,High,2.3984365795676097,test
2.461133876491379,13.219595796313396,4480.29094138986,2618.069427097048,95.04783463671592,0.7117900568768402,High,0.7117900568768402,train
1.6215656018352829,10.876449643736391,178.10487088862246,2749.9218521814823,99.93302752941128,2.137880167437041,High,2.137880167437041,val
1.4286947969352468,7.924450873620669,19.51553276451497,2617.6312455823027,95.01671430786408,2.661801167816898,Medium,2.661801167816898,test
1.4954739771346237,4.788710002272985,926.4190247398528,2753.6969288073124,100.1078895263865,2.125253511226465,High,2.125253511226465,train
1.0128647190429705,10.70459168901519,3.268194919409555,776.0485731972027,100.02020940296198,-0.0493515457459252,Low,-0.0493515457459252,train
1.341591918136444,13.658006884976851,6.509221128868189,605.9844556273068,99.98768384149396,0.2280294870198503,Low,0.2280294870198503,train
0.3265716506819727,10.864713513983713,-822.7891010565371,2998.6955977382704,99.9873051235731,1.7795332630458818,High,1.7795332630458818,test
9.07696472495148,10.845874083860734,1299.0485565241488,2499.197657047286,99.88628389471512,1.4111483232823052,High,1.4111483232823052,train
1.5651383244906911,1.5464110187069364,6.541274505259373,2753.0290876674176,100.04060788155876,2.973092398326153,Medium,2.973092398326153,val
5.626146470278018,9.922038561177745,835.9122147941117,605.7652535575777,100.00627477200548,0.0413543338638621,Medium,0.0413543338638621,train
1.588600860088422,9.697422903488624,3.2715253147916807,605.6581669349323,100.07557747640924,0.2705872629361447,Medium,0.2705872629361447,val
1.7557055966983732,16.9511022552791,3612.116415570023,4244.8390891383415,100.0396807085522,2.328817258457097,High,2.328817258457097,val
0.9402419057728248,14.106675890002933,6.455390749419608,606.0682931632023,99.91614971838956,0.3239748251424976,Low,0.3239748251424976,test
1.450571657132656,7.201260750210583,126.2357817217218,3990.18416714308,105.00553380713808,8.631705746980266,High,8.631705746980266,train
1.642259694473444,14.862550292629878,152.26656743218714,5000.145983757765,99.99915939592525,2.06309422987507,Medium,2.06309422987507,train
1.7420016087732657,13.921414566354878,4677.901175387905,3978.2228546553865,100.09457159693729,18.93715690841463,High,18.93715690841463,train
0.6829869116730569,13.69652406663223,3.220640910771003,605.9485562968649,100.03646082922738,0.0532940774115339,Low,0.0532940774115339,train
2.438105943486082,4.245109715851332,-45.302001869506405,3046.523180937523,109.950709547709,1.5818601977556748,High,1.5818601977556748,train
12.861515532818473,15.409922742435729,6501.760474125514,2500.8134701021168,99.99530408376408,2.9731227089439094,High,2.9731227089439094,test
1.0907642917265492,1.320013035543918,6.394076332974215,2755.904248503677,100.00554540026454,0.9774809354083268,Medium,0.9774809354083268,train
1.4507221635747822,1.4817226041625244,6.593501759160185,2755.263793560933,99.98286083707757,1.1984264793331465,Medium,1.1984264793331465,train
1.523409347419036,10.720689215027637,3.269704993332096,606.1978009977354,99.98025736866032,0.199175571839487,Low,0.199175571839487,train
1.8315318576654465,13.107889428006608,6.44110996528959,606.2228065742424,100.03301186179702,0.1951011097253405,Low,0.1951011097253405,train
1.808384133015552,11.401466554057896,71.26499406025201,2624.823669737917,105.00155869296292,2.1976193579144256,Medium,2.1976193579144256,train
1.3999768495627918,1.0151269403101582,3.225756048097132,2903.4375897654227,104.98716011949816,1.7619084276628671,High,1.7619084276628671,train
1.332609809871785,8.841166811531092,45.44943170417184,2764.613104209875,100.06257693721236,3.805888453286872,Medium,3.805888453286872,train
12.8203584416132,15.458584379982304,6501.832293537201,2500.802017957677,99.98412552671228,2.826216829406759,High,2.826216829406759,test
0.8382266874005533,15.263596435074222,4587.231154102265,2903.03699591142,105.024974360342,0.6979069582052573,High,0.6979069582052573,train
1.4170107515163215,13.62243862741246,3.260822300880587,606.1459140325842,99.99860417444644,0.2048532329278051,Low,0.2048532329278051,train
0.6949434021284143,13.20940428423846,136.0693654468917,3000.4260704098087,100.00057997230029,2.963764551340637,Low,2.963764551340637,train
0.8991846062926168,12.334388013236492,3404.90579986846,2561.239158551049,100.0134135326514,13.48747969030956,High,13.48747969030956,test
1.324898148567453,10.504973240228551,1311.997709732463,3800.828903519411,100.10462643191828,0.5698154968023267,High,0.5698154968023267,test
1.336857172890358,10.140677684748471,45.412057751307984,2903.443783234327,105.00917345991807,1.471778969688015,Medium,1.471778969688015,val
0.9524217747924084,13.964230241662758,6.455967654815815,605.8822600916619,99.90097717240312,0.1718929807024919,Low,0.1718929807024919,val
1.4572432649866125,6.689536467610961,-3.160966178583161,606.2617979342572,99.87276049707016,0.0150684130512304,Low,0.0150684130512304,train
13.452965413369864,3.18313381550219,-540.9561709671079,2616.9755514651124,94.93045207923112,1.1464914606280834,High,1.1464914606280834,train
1.2643949738239213,13.883122123931736,6.402818360510642,605.9810712749631,100.03616942511476,0.0655286179747382,Low,0.0655286179747382,train
1.5120248398431226,12.80403561581697,2439.373041302172,2765.6448509122088,100.0530928750129,0.8517991487952528,High,0.8517991487952528,val
1.6390173560000771,12.844618850900194,3.294394962801658,605.9713220873626,100.01143787311922,0.0385822658367613,Low,0.0385822658367613,train
2.2877668521033323,1.251518644402226,-9.662777628344989,2902.2573511882065,104.92125995476414,2.4652403860022893,High,2.4652403860022893,train
1.0697749956225515,0.8421725668175175,3.234682689753107,2755.285494587697,100.06478595275388,4.003868527481624,Medium,4.003868527481624,train
1.5919580966137823,14.807797549766192,6.570322783304601,606.1050856858785,99.99284779899848,0.193418103038315,Low,0.193418103038315,train
1.2843222984278198,9.337772065358896,1451.430757730875,3978.4417389259993,100.00968391334516,1.4332811741640377,High,1.4332811741640377,train
1.3026222645883436,0.5170798007531627,-9.746653828804282,2750.1140514051244,99.92077575888102,1.6834287617319208,Medium,1.6834287617319208,train
14.253682048870276,13.2783978429755,2604.5061941072745,3799.634199241984,99.77069348895613,1.8660460019973408,High,1.8660460019973408,train
2.4229942112663885,10.88189830168989,22.702564097631253,1669.5351916787502,105.05950543568753,1.4233567034437724,High,1.4233567034437724,train
1.7965787749455688,10.31912370666117,3.2726176493367496,606.2117450325468,100.04334882085656,0.1628351690527022,Low,0.1628351690527022,val
0.8890654149771927,12.043618231171711,6.440233876528374,777.6990486134879,99.97110771674888,0.0895445563509804,Low,0.0895445563509804,val
1.531368481144811,5.186367184613252,81.05191651538377,2747.6980004541374,100.01972540201652,2.3034674554472594,High,2.3034674554472594,train
1.0302782275991405,13.20583202352296,5293.504942729931,3000.9652684956604,99.96864164685064,0.4661880694922847,High,0.4661880694922847,test
1.7129512220302998,6.641965601669834,366.0366512998806,2756.169112057097,100.02683311694196,0.4669337667309419,Medium,0.4669337667309419,test
1.8509528001538635,1.3396863204676972,-793.7664349824998,2700.83996480838,99.84511896698764,1.322446153456573,High,1.322446153456573,val
1.9780108528709943,20.46020169050652,3055.024072023941,2617.078769061238,95.00852311727112,0.7174155599034283,High,0.7174155599034283,train
1.4905882657319107,13.687478306308156,2675.8984695757435,1989.4250939306703,100.0297854901968,1.0986758948450135,Medium,1.0986758948450135,test
1.8124757445359487,10.12091011022624,25.89788922714386,2500.544937746087,100.02978365671584,0.900349577440134,Medium,0.900349577440134,test
1.715825575848397,10.234313809355523,3.2677278700109613,775.9873558146536,100.0157255845702,0.2432757620993504,Low,0.2432757620993504,test
1.128685072311869,1.1798190252635314,3.2684471587103148,2750.208348765313,99.9492824480444,2.12383446113903,Medium,2.12383446113903,train
2.4672192819132515,4.469080300898445,-259.1354715344183,3799.073584784159,99.89958233617342,2.1705064118663784,High,2.1705064118663784,train
1.1232894981935322,13.016613705535992,6.5109930885713245,605.8284523766315,100.0040546335008,0.2929197726796491,Low,0.2929197726796491,train
1.359315601704532,11.541945938596903,3936.1488612306944,3989.687343306693,105.10415453034008,0.7877059040994863,High,0.7877059040994863,train
4.744867882289086,5.182509520502183,754.8881853441135,2754.4981808825005,100.03093853871148,2.528552121331978,High,2.528552121331978,val
1.2511932371548866,12.842528011411911,3.322824148427792,605.8870602029737,99.95244650024554,0.0255257762572493,Low,0.0255257762572493,train
2.119392763096813,17.80470621308556,5057.070281125329,2758.20452247832,99.84916227472722,0.2506166132227327,High,0.2506166132227327,train
1.4391216511702185,13.197992913259917,3.2577700073215285,605.9665632083861,100.00655143110846,0.3109026314308494,Low,0.3109026314308494,train
1.1890846861690112,9.906441140490676,48.64242831777846,2756.4968655899006,100.06715721492034,3.185455677178778,Medium,3.185455677178778,train
1.368146757120479,1.830437365833468,-45.38753488640506,2752.53217237208,99.99080034876371,0.2246533949918828,High,0.2246533949918828,train
0.7450837553703201,13.903548420878272,6.441879093944119,606.0758492679765,100.08297909647013,-0.0814029172821547,Low,-0.0814029172821547,val
8.949019057415496,5.119267654333147,168.44747007149036,3800.1615369564006,100.07133378733498,0.2916095929686519,High,0.2916095929686519,val
2.4133338927572283,13.391209913471172,1376.7963289914142,606.3798711747886,99.93352995652212,0.1508961523851945,Low,0.1508961523851945,train
2.26375536747918,2.95669509543208,-307.8508622310415,2756.402544722744,100.00709967393009,1.6865137500340608,High,1.6865137500340608,train
0.524384815774835,6.595130031875732,-683.5582709060727,2611.7952465744524,95.00471042871332,1.461228424991165,High,1.461228424991165,train
0.9141937493717568,13.331780437704133,3.182208394752656,605.9280739051899,100.08532760725588,0.0689668899862608,Low,0.0689668899862608,train
0.5792465469944642,1.4964974033554213,6.447538581565683,2754.645646949553,100.04526205918566,2.4714580092163643,Medium,2.4714580092163643,val
1.7035165162673995,1.8002158054312734,6.4572841436702975,2749.355054655659,100.02078533442862,1.0216975438778035,Medium,1.0216975438778035,val
1.4961466793312737,1.1893135702914597,3.264152947423415,2903.4591887117226,105.0602833759199,2.206272671912376,Medium,2.206272671912376,train
1.1664993839103293,13.266673763821473,288.3498231979927,2765.452355037396,99.9668813670847,1.7285402292208791,Low,1.7285402292208791,train
0.7985167114264903,13.267763615410653,5293.463075495517,3001.152633295643,99.84641125915684,0.456140617967822,High,0.456140617967822,train
2.038769011461993,12.947682473373591,-1814.1671592915327,2769.6159158505725,100.01385290232052,2.398430976389902,High,2.398430976389902,val
1.5944524904991342,7.371793884944269,1195.4154474262828,2756.652874044936,99.87734205583948,0.7516714547608593,High,0.7516714547608593,train
1.3566583730386674,1.13329389983594,42.03154556475763,2748.423936815064,99.95302802972049,3.5584619642625888,Medium,3.5584619642625888,train
4.256084320326984,2.071915929695926,-1143.6025547512663,2700.161725852125,100.03669450725718,2.372651523527032,High,2.372651523527032,test
1.5167501193330384,10.53761381699166,5863.572110310704,3821.847874433248,100.0209189114996,3.2272238882991693,High,3.2272238882991693,test
1.3823011699776884,1.4220151757561084,26.02889551279163,2756.1076052736216,100.07967760363974,4.085451170653925,High,4.085451170653925,train
1.0711786965603858,12.100659857604604,3.365453163546303,606.1165601334372,100.0511602543926,-0.0186690240919059,Low,-0.0186690240919059,val
2.325544759706363,9.12746378584979,-359.5943167882318,2892.80743420456,105.0350702250714,4.040187763220417,High,4.040187763220417,train
1.1936725680206013,10.77844990785478,220.3631860018035,2890.1151807827227,104.93820569731255,0.9860851812788892,Medium,0.9860851812788892,train
1.2530776481565788,13.639056990874646,3.2609546456202088,605.6691621384778,100.00567562405568,0.0510282094326601,Medium,0.0510282094326601,train
0.9103936036962124,13.902041923276704,6.427632846897113,606.2782564822481,99.9455778534,0.1066969839942551,Low,0.1066969839942551,train
2.932097979640622,10.77984875550406,314.24124373777886,606.3400949887044,100.02378213515765,0.0923982752631226,Low,0.0923982752631226,val
1.661865268252819,12.86591804982218,100.42960945082616,2765.98926480791,100.01037387354113,3.52840927255168,Medium,3.52840927255168,test
1.126228699029931,0.5543002977435081,3.151595366704151,2757.722824250824,100.04677910554403,0.7703820795186629,Medium,0.7703820795186629,test
2.474125639420337,4.112471222132161,-45.352956092442255,3046.5749711278027,110.06582009836912,1.5912263250885688,High,1.5912263250885688,train
2.137790307752784,11.156236471503544,187.7966756647805,3977.5334457833305,100.01726162072823,3.000779872565585,High,3.000779872565585,test
1.502091419571273,1.48745196731477,3.180309920936882,2753.834331674645,99.9775778934998,2.3321738374358496,Medium,2.3321738374358496,train
1.0163207162342498,1.331397396242524,-68.00913244499925,999.9252568405008,100.0813546457114,0.7004067234947253,Low,0.7004067234947253,train
1.7314995761069611,8.498596030414264,359.5696647577549,3801.078145270285,100.04550461127002,2.199578075325305,High,2.199578075325305,test
1.0234733707809665,14.10835302055336,6.486377374198963,606.1355334562644,100.05228328295604,0.4001572229910799,Low,0.4001572229910799,test
0.6610327519661123,13.08488377885018,3.316288716435819,605.9991657694848,100.0072461291035,0.2060099453697984,Low,0.2060099453697984,train
0.9461655724976176,12.182078657940863,3.2213174862788456,605.8417609424322,99.96491809833891,0.034658541493321,Low,0.034658541493321,test
1.1164176266867305,14.282897586714425,6.504113265974537,605.7108889385217,100.00465572450317,0.135345195953436,Low,0.135345195953436,train
1.776616278797486,3.724506813832378,67.98857973607163,1989.7125207769168,99.98935252512624,1.823311518462952,Medium,1.823311518462952,test
1.1425192506513049,9.398229510381636,48.53524286290895,2756.2509665077705,100.00119854292208,2.787908539068935,Medium,2.787908539068935,val
1.0195055310808308,15.05881615164508,6.482978801783379,605.8797570867956,100.01698466713562,0.0118272171229244,Low,0.0118272171229244,train
1.872133682066963,7.021317904862303,233.2259260342821,2769.860241888179,100.03477819619796,4.526552145115047,Medium,4.526552145115047,train
1.4643044443487934,7.706901226085739,38.89743340231309,2758.301832206114,100.0105210503663,0.8661825322000419,Medium,0.8661825322000419,train
4.03861433128754,11.552994778036169,479.4694556460398,605.8377485152985,100.0812794919705,-0.0460272874586539,Low,-0.0460272874586539,train
1.1509550411477691,8.203979946762436,67.98022135693049,2890.02179227744,105.03491515529582,2.2574872008555302,Medium,2.2574872008555302,val
2.0116420271097013,11.368176364367846,3.248843320340963,606.0701333322419,99.97416393123552,0.1382492141290666,Low,0.1382492141290666,train
0.7998761299183521,14.276303261150243,6.452190487859055,605.9568032207795,99.9162766810393,-0.027131262690473,Low,-0.027131262690473,train
1.059840256713774,13.420384557503173,3.2351715140691644,606.2143501207743,99.97130138432928,0.1959979819673483,Low,0.1959979819673483,train
1.171432161651358,14.103727184500736,6.379553309373468,606.3643681226494,99.9536353465835,-0.0424388145814363,Low,-0.0424388145814363,train
0.4939290124211085,5.260104529740523,272.1777354241653,4999.93876689097,100.08964400757608,2.185909696356376,Medium,2.185909696356376,train
0.5416434164761247,1.9955640617164228,-90.75768461611894,1000.0515805327008,100.01613747365737,0.7083459841112788,Medium,0.7083459841112788,test
1.665189205078646,5.493997261304483,-570.2140248736887,2618.41669249013,95.0627911543414,3.208214363847216,High,3.208214363847216,train
0.8151610459324324,5.033973592835473,126.28628507591974,2802.699569729345,105.03212551371712,0.9586683944470326,Low,0.9586683944470326,train
10.846953939042804,18.956425584292163,2468.552389051524,606.0264383019165,100.07076887417652,0.1425221813547757,Medium,0.1425221813547757,train
0.720867067665708,13.282600633189569,3.273038463657908,606.135411862143,100.03795182809355,0.2082211006955895,Low,0.2082211006955895,test
0.5707479258854283,1.3713831844751916,6.515817744706414,2756.395388847652,100.01444842940542,2.024982459118528,Medium,2.024982459118528,test
2.298216431473826,4.239700206557802,97.32028474091678,2750.450563753508,100.00478503166892,2.3195116017315107,High,2.3195116017315107,val
0.773078942686005,6.327066432423342,5455.5539586755685,2751.59005468977,100.03663261189956,1.9854196273763247,Medium,1.9854196273763247,train
6.025106778670633,7.459676663054067,162.0540789533062,605.8257853458063,99.99207743024851,0.1822018248303772,Low,0.1822018248303772,train
2.22078768021771,10.67356415421318,3.2749359949803565,606.045372520072,100.03127965780575,0.047360577970687,Low,0.047360577970687,train
1.2646852745632118,11.11411576576102,3.186142460484908,606.1524848759899,99.9881716830681,-0.0283527937411863,Low,-0.0283527937411863,train
2.429990669998962,11.140364394495286,3.228500927043691,606.1266060688814,99.99387831283052,0.1308820103602234,Low,0.1308820103602234,train
1.14051072336675,7.100544208273512,-13.052296021735126,602.798537760717,100.0010530644933,0.7538955718757614,High,0.7538955718757614,train
0.922694732315129,25.456913456327648,7295.459910403357,2700.087540513692,100.0307769942184,1.2617217054172225,High,1.2617217054172225,test
1.4082389646954538,12.341380571569324,9.74636998798804,170.11731146826787,100.01902494140082,0.0821135813657338,Low,0.0821135813657338,val
0.77057148484542,1.356602919402671,6.422301239022158,2754.421022725262,100.03293379535376,0.3576851495716199,High,0.3576851495716199,test
0.6598167120170704,1.607765307241967,80.92838440676294,2999.09218593346,100.0232544176096,3.960564055686404,Medium,3.960564055686404,train
1.987247947935876,12.790111748430098,317.4714392944133,2499.536026721314,99.97729979489154,2.8260469670726485,High,2.8260469670726485,train
1.2078080828339812,1.5594109753140146,-6.543847553420393,2763.8925976358805,99.97182235924264,0.2659947710711103,Medium,0.2659947710711103,train
1.3352575871522672,11.096572179761877,3.201202374791121,3977.74633084923,99.92483475561258,0.872150277236706,Low,0.872150277236706,train
1.5325864148530115,4.177703117732842,-32.46885335807935,3799.01202028147,100.11700348043568,0.9656446752631512,High,0.9656446752631512,train
1.8667003879323527,8.098118607979526,19.396908466495344,2611.937860355969,95.00234438504944,1.2336282913182703,Medium,1.2336282913182703,test
0.5771595783506207,9.84899187320782,48.52345661716968,3810.2341557255454,99.9918998099746,3.943302219335605,Medium,3.943302219335605,train
0.9878041771579942,12.986940713332675,3.2673941698000526,606.0930489347797,99.94237007273564,0.3393415029344246,Low,0.3393415029344246,val
0.4268727334699017,5.070818921890845,-252.7317949213337,1989.9131978373,100.09163868421038,0.3399128128376661,High,0.3399128128376661,test
1.670269661590198,6.732884255362552,61.44585861010592,2616.148932092685,95.03651670448804,0.8249581991439537,Medium,0.8249581991439537,train
0.7291556540206419,11.096844527612957,3.207933543557281,605.988644242428,100.0499668718002,0.2039501505815402,Low,0.2039501505815402,train
3.136669800217959,4.025460709890608,-6.487345388201243,1000.4073230232576,100.0448902942853,0.6655441539272939,Medium,0.6655441539272939,train
0.8655621571582697,9.294404951538748,48.62366826845443,2754.5452542415783,100.0111444783033,0.7451312342035084,Medium,0.7451312342035084,train
1.2308661252668065,10.397937749295147,113.28938550935096,3826.47783830739,99.92527463618072,0.8771678684763895,Medium,0.8771678684763895,train
2.182607844188418,5.5080664463081614,3437.1753031225544,3713.297307487581,99.88238548831131,3.703277668254345,High,3.703277668254345,val
0.7253193218289994,13.911709683754266,6.507497007511598,605.8331584874747,100.00949247721276,0.2146914494268114,Low,0.2146914494268114,train
2.182926898619719,10.035654143974146,3.220062892035517,605.8892939543442,100.01851439554731,0.1233182657008841,Low,0.1233182657008841,train
1.5161301395965552,1.769612654907901,6.416693734039533,2755.555974879375,100.01067081455952,0.917227725436118,Medium,0.917227725436118,test
1.2950612239297792,12.949083737296286,3592.588516725748,2763.4115658836085,100.08726045328248,2.091070717758978,Medium,2.091070717758978,test
1.720688984560479,9.589750308141967,868.1123967430507,3046.3730320146383,109.98564364727626,3.5040928426118274,High,3.5040928426118274,train
2.0391232545683367,1.3713488520190384,-868.3184316808348,391.8544976489135,100.00461355994705,0.1624845630301871,Low,0.1624845630301871,train
1.0837575838992166,10.504924682507465,3.2658360139029914,606.2612999250891,99.9893231709216,0.0461224621840736,Low,0.0461224621840736,train
0.989140997548516,6.209675054315254,207.3387090336624,2754.4817139185147,99.99747446387596,1.103251397800696,Medium,1.103251397800696,train
1.7502992395243957,3.719596355507864,200.8217189809984,2618.565829339504,95.01210716875454,2.3295421037109487,Medium,2.3295421037109487,train
1.1210321078151273,22.129330642750755,3197.2966026448853,2473.3514523770305,89.88215383343547,0.0823234976915432,High,0.0823234976915432,test
2.051095351838551,7.438243132372218,3.2164837345426247,2752.550693147125,100.05209397508838,3.0557471976951622,Medium,3.0557471976951622,val
1.6547957091131045,16.26782492095506,165.08596333128068,2999.350524259094,100.03173963563044,1.9147399680977653,Medium,1.9147399680977653,train
0.8068600200499714,13.127203698102424,5105.5287248543245,2761.4513162386247,100.07232287034088,1.3665542979673595,High,1.3665542979673595,test
1.1753286588116303,6.274756644389936,-3.195808648951381,2754.971514360227,99.93829774854956,1.2369949269985978,High,1.2369949269985978,test
2.3189553952534925,10.74314821878181,3.198460381591025,606.2460674231535,99.91063348311758,0.1417946046775344,Low,0.1417946046775344,train
1.7540676071797665,12.656304030453006,6.526136559433641,776.3285165412227,100.10283041639474,-0.0442342292576055,Low,-0.0442342292576055,train
1.449731572074784,1.800635921597202,6.475395781635572,2758.4739677959983,100.07205236424,1.1313328423038032,Medium,1.1313328423038032,val
1.14817396234964,5.925233291535275,100.42438397567678,605.8605322372597,100.05255125206098,-0.0012215744974422,Low,-0.0012215744974422,train
1.1936094931506582,10.640835983273131,3.282597846709791,605.9741212960475,99.96243287014838,0.0892599431209785,Low,0.0892599431209785,train
1.04586096405773,14.117520214294013,6.501646127844545,606.1185705182019,100.00965792189524,0.5171325807344005,Low,0.5171325807344005,train
2.5904669068198194,1.8915896908088432,-168.4478072086036,1990.195342954076,99.95812380245653,1.0155185551515034,High,1.0155185551515034,test
2.499366800541309,33.410344474219315,9171.259702250449,4244.6205581794775,100.02874708541924,1.9744760853068208,High,1.9744760853068208,val
1.4531911984363628,11.171732042679816,3.221767855299136,606.0983642000575,100.04828451901425,0.3984913469836468,Low,0.3984913469836468,test
10.074705755000233,14.06373671053003,1240.76153141283,605.8950297049075,100.00583824924404,0.0763823777997285,High,0.0763823777997285,train
11.864893494980803,15.408773277079051,5160.72614378,2699.1019047452023,100.07082836317896,0.2359655026079355,High,0.2359655026079355,train
1.0431015160382624,12.557592838142629,2031.2302012831783,3826.429444320889,99.97720954850232,4.236801386593859,High,4.236801386593859,train
7.415561149371801,4.888532383681032,-3.207688176256064,3713.555213289633,100.0477395253212,2.355371898220945,High,2.355371898220945,train
0.7121090234307721,14.291761206759055,6.490303482000297,605.788315679612,100.00735212155676,-0.0373905589944026,Low,-0.0373905589944026,train
1.1094203536601357,14.280825067407582,6.465465926781667,606.0036568215575,100.01535749041044,0.1313146010193789,Low,0.1313146010193789,train
0.6603858596349591,14.970091967494833,3330.238505724737,1989.57915883576,99.97356100676106,0.7411604586270322,High,0.7411604586270322,test
1.2060857665671567,0.2744222496872901,12.960607074249037,2765.44343405073,99.97058817057646,4.623607919375916,Medium,4.623607919375916,val
21.34689066355373,3.7122741048509535,-32.40205976622597,2763.089298512682,99.9326065663013,10.102473012324594,High,10.102473012324594,test
1.0405042350739286,14.063482428219393,171.69317664082544,999.9320347038652,100.0293589675888,0.6097470859269938,Medium,0.6097470859269938,train
0.8951784686543888,18.1293036236834,3236.314096761896,2616.6125600897285,94.98212605202806,0.9959402835560116,Medium,0.9959402835560116,test
1.4408736373740358,12.045516319812608,19.36406697579043,605.709532565188,99.90625021118574,0.0613257682292779,Low,0.0613257682292779,train
1.2821307934311192,10.02830693228904,246.1679524064137,3825.983562621576,100.01350851081422,2.1550178002544804,Medium,2.1550178002544804,train
0.349384513787264,23.15996641597017,5620.73259950069,3820.938309020841,100.07485728324149,1.4459915720394685,High,1.4459915720394685,test
1.3710538330661377,12.141551955281924,6.464516781629462,606.3631918931064,99.99955963229256,0.2733652016430331,Low,0.2733652016430331,val
0.671914703911023,13.781857507416804,6.500923318879976,606.0069098757774,100.10157329131438,0.4303571156533922,Low,0.4303571156533922,train
1.175211514564942,10.674002257543188,6.57265748088333,419.9156627471214,99.97326129863534,0.0741387305147753,Low,0.0741387305147753,train
0.7162674358762162,5.801581714229071,259.0088047700164,3064.776250790817,100.1225923340688,3.967387883360283,High,3.967387883360283,val
0.4667461245003147,13.19565296118312,3.233519716523313,606.3477530399907,100.01763278446448,0.2675507440470407,Low,0.2675507440470407,val
1.8511542185659609,12.263369585539657,48.476224017098886,1989.7937658920696,99.99692396268068,0.2353984598796649,Medium,0.2353984598796649,test
11.671097301458806,15.348455721543116,5160.619628964303,2698.9803625145664,99.90710054382193,0.2146979460096318,High,0.2146979460096318,train
1.3119242790318757,0.5883360033245469,-3.2932363214512086,2749.796806988174,100.04632531786244,0.5811114857874949,Medium,0.5811114857874949,train
1.789208380035359,13.412473238423305,132.809828850021,2998.788678697104,100.07774998317828,0.8265293304313932,Low,0.8265293304313932,train
0.7841730256793937,6.017840853154803,-197.6032025021004,2618.187220042553,94.94616426119435,1.847015315819932,Medium,1.847015315819932,train
0.921187512184132,12.017091839745664,3.2237729232289656,605.8471481428545,100.01350596378104,0.0846895577374963,Low,0.0846895577374963,test
1.4880341769451615,14.262600398463292,6.511333877516249,606.0186581305559,99.92047269547416,0.0778692926096951,Low,0.0778692926096951,val
0.7201895862941915,13.441094178902953,6.460090611957692,605.7462225448214,99.95513545985102,0.2352908598361016,Low,0.2352908598361016,train
5.069753535917369,5.321921703740643,220.2204562681057,636.0905865323688,105.0906520746496,0.1340405712542468,Medium,0.1340405712542468,train
0.90337689899762,13.894243524204116,3.2138708826742617,606.0468438076776,99.9802901217288,0.1446498125689805,Low,0.1446498125689805,train
2.2193502021227225,11.086808166535072,-780.7108283272164,420.2358305482242,100.02603716238954,0.2120265318813206,High,0.2120265318813206,val
1.450412213426969,12.855375870143655,6.450580499830148,3977.766107232409,99.98375668235462,2.745152100517432,Medium,2.745152100517432,train
1.7118534260238054,9.791366731724954,3.293121514761825,776.0225459213,99.98010771647512,0.3473850921467531,Medium,0.3473850921467531,train
0.6726553201840646,9.650126265403454,2452.4506417493526,420.2367932486211,99.9233912510728,0.0995256820035954,Low,0.0995256820035954,train
0.3995845870253369,12.788653159150904,3.2147412804512725,606.0368739393136,99.9709738963567,0.2821170499615592,Low,0.2821170499615592,train
0.9773792829086404,14.551347419715023,6.443636032601479,606.0825022880073,100.09271703012972,0.2138681082668626,Low,0.2138681082668626,train
0.4304443969216616,7.076927070926395,-450.3264879957021,2755.7642656811063,99.9999934290884,2.269372447263275,High,2.269372447263275,test
1.1713420533135823,6.944621236430427,-3.2768978226589707,3798.9317902050407,100.0391190978672,2.464939886764093,High,2.464939886764093,val
1.216603946032318,9.482183649691027,168.47764474905668,3063.232945281164,99.91994326137076,1.7161182350642885,Medium,1.7161182350642885,test
1.042562299054841,1.7198252911268834,6.538562084718053,2756.931832035997,99.96399288124678,1.4644586165080045,Medium,1.4644586165080045,train
0.5027846910736559,14.055778198678984,6.437747110641571,605.9454645423637,100.04311843175633,0.0991284394465324,Low,0.0991284394465324,train
1.6219711735414863,7.720581174149228,4690.975143949206,3990.588634297653,104.89618634014896,3.461034474433746,High,3.461034474433746,train
1.2379726842381145,10.34199679726986,3.3803690102650874,606.1449236950323,99.99742566608828,0.1700712895559041,Low,0.1700712895559041,train
1.011617785568008,9.668018784208034,51.904258331205206,2754.827605930114,99.9120636005166,4.254179847966622,Medium,4.254179847966622,train
3.436022086865157,1.696019771089638,-353.17179911123986,1989.9773786097696,100.00412294795863,2.521856362576216,High,2.521856362576216,train
1.7680749955318151,12.403342495244331,126.26944808270444,4999.850018328962,100.01416798884496,1.4987139432895034,Medium,1.4987139432895034,train
1.9030612393286888,10.251765067828297,3.216195435847194,605.9925281757078,100.1303480806558,0.3041490837582131,Low,0.3041490837582131,test
1.5815986425098902,7.607835143232077,32.43923662234512,2754.684543294653,99.9558880759383,4.148169470367254,Medium,4.148169470367254,train
1.603870075892596,7.947963730826439,19.44399224826764,2616.546009930272,94.94224032941592,1.4204147091276624,Medium,1.4204147091276624,test
1.0802115235866891,14.63925009380872,6.435514809724494,605.9684980594927,100.04537696912202,0.2368362995761021,Low,0.2368362995761021,train
1.1897584441158449,14.000419088853066,6.462882438118189,605.5378850043861,99.94164040180571,0.0483792313035505,Low,0.0483792313035505,train
1.930568943727753,4.0777389098581,-16.237658949194476,2615.216263067814,95.10531941456767,1.2905982461319752,High,1.2905982461319752,train
1.3868782141436593,11.036350871725594,51.85528829943868,2902.139370982264,105.01655306731938,2.3033965642283563,High,2.3033965642283563,val
1.1138530343169075,13.466239904368928,3.3261649474801502,605.7577781496426,99.89388683177133,0.3439772303667099,Low,0.3439772303667099,test
1.214656856087716,12.205438309289748,6.519809293746313,605.8452228810837,100.06704705960708,0.1165488209828826,Low,0.1165488209828826,train
1.1752654548982624,11.26212800459897,1425.3246074034903,4245.528155042386,99.95322240139208,2.554367544533565,High,2.554367544533565,train
2.9521323032364184,2.547691779267345,-738.5690306791817,1000.2349655204708,100.04256038982746,0.4048259974936596,High,0.4048259974936596,train
1.2080037198906202,13.291186930135538,3.2696520207122286,605.873144439877,100.08132682939288,0.1446253199725144,Low,0.1446253199725144,train
1.884820459523844,5.935288770252906,314.18248789920113,2762.2493445457053,99.91791720331663,2.710354532257275,Medium,2.710354532257275,test
10.725485409955484,17.73471677907658,4603.367962467329,2625.1659210196035,105.07399469057438,2.876474965595584,High,2.876474965595584,test
9.419226908601724,11.394266179924548,1487.039322283,2499.976803126731,99.97126107769888,1.4718558793986696,High,1.4718558793986696,train
1.7045503393778323,2.358471894759436,340.178655419012,3801.542626489902,99.96025247718444,1.8103485379727429,High,1.8103485379727429,train
1.447574365912098,6.75653986953076,330.4391191516352,5000.17664423434,99.95142020232149,2.3640631399283296,Medium,2.3640631399283296,train
2.4056363989761875,9.696383324879209,-576.6028175819196,2769.99292420365,99.97754354986844,1.2788915268158174,High,1.2788915268158174,test
1.368686674953516,13.641454209104076,3.210530449697433,605.8012207926898,99.8687340084664,0.0898472031964676,Low,0.0898472031964676,train
1.4567753377827564,6.79526812107418,16.162228460540778,2618.4612067438943,94.99917943133316,0.1475326229684588,Medium,0.1475326229684588,val
1.52800470684193,22.02238748462566,5636.982010288001,2759.0903891292987,99.9304630046089,4.385554290588901,High,4.385554290588901,test
0.3164780009217175,14.139131498083144,6.551103411411636,606.0426600796017,99.9130620921068,0.2660437796438196,Low,0.2660437796438196,train
1.911680736590372,7.740279611855595,485.9124243958376,1000.3636213286168,100.0516446299216,1.451594490996993,Medium,1.451594490996993,train
1.5663603182160584,6.36740906976233,132.80705177255854,2755.144451992175,99.9321215052716,1.1422334286310725,Medium,1.1422334286310725,train
1.2835249955664148,13.621242299913776,3.211826596678835,605.9732232322239,99.94255823415148,0.0920571551687938,Low,0.0920571551687938,val
0.6333265755258985,13.832266566712503,9.671189969380256,1094.5973341382582,99.96413560614091,1.2726274153994843,Medium,1.2726274153994843,train
1.0647825730412757,13.197065957898898,3.330951957437548,605.9931187458759,100.02838593496678,0.1613459808546565,Low,0.1613459808546565,test
1.1958699194592732,9.184241563153302,22.73680748782084,2892.7186555136577,105.01715988234416,0.8020453442871166,Medium,0.8020453442871166,val
1.0886182706532257,11.276890076058317,1425.4404481600377,4245.441819132638,99.99457149087866,2.672516704331989,High,2.672516704331989,train
0.8945561793421681,9.237964795244762,3.2775750407490407,606.0776637674353,100.07737416801692,0.2294719551966266,Low,0.2294719551966266,train
1.1547606164167616,0.8100306352009764,3.189102523562144,2756.221652837556,100.02291516585518,1.404670228984921,High,1.404670228984921,train
3.691335236216827,5.9200769143415375,97.1003407786518,605.7478133079982,100.00326365020908,0.0785086768751726,Low,0.0785086768751726,train
1.0373211496738983,13.4745917692954,3.341893594175706,606.2008553941464,100.05435143711392,0.0476534783876585,Low,0.0476534783876585,val
1.0070775665560046,13.832185590177314,6.364020464351388,606.3721000366245,100.03858807094028,-0.0494364921609757,Low,-0.0494364921609757,train
1.2959294724062085,12.928445273850834,3.215940211661368,606.065400487535,99.9454736864726,0.0570907533028995,Low,0.0570907533028995,val
1.7746310831975205,6.470686486338832,366.0391080764608,2750.4811452054846,100.00183749035008,3.78226942599563,Medium,3.78226942599563,val
1.5283528843796794,12.652693601476695,64.80350627758817,3826.786795928104,99.9938853701454,1.4538443570638913,Medium,1.4538443570638913,train
0.9197485411042928,1.2075446639522012,6.500405877450241,2756.163536284892,100.04803631830752,2.1084031861138515,Medium,2.1084031861138515,test
1.2886609355569656,13.153430455449977,3.257415632871569,605.9818915914483,100.00132363240915,0.1880473037480884,Low,0.1880473037480884,train
1.502815466227381,0.9998063779424924,-29.071687478181826,2766.759406294085,99.9900862835212,5.298868653441287,High,5.298868653441287,test
1.1078679667232567,9.474085875587432,48.54541648076121,2757.137112304098,99.9755873500556,3.677246669534756,Medium,3.677246669534756,train
1.6926228882817802,6.027720986113421,9.645226329863608,2768.203915523177,99.86068538393226,3.575649116698698,High,3.575649116698698,train
1.321412186261789,11.72548929618221,375.77864335605614,2625.3804762639666,104.95936646654688,0.3136961325492137,High,0.3136961325492137,train
1.2256038104782316,7.305907352799286,375.7333581072611,3001.195892073144,100.012356724738,2.014474293018167,High,2.014474293018167,train
1.6494013892892767,1.4559312801724242,25.951348241395763,2752.4844184832805,99.93945574671886,2.890964510445741,Medium,2.890964510445741,test
1.144047110786278,13.499417193994104,3.224152140291363,605.7517023652822,99.96818643618072,0.1173389699626238,Low,0.1173389699626238,train
1.3759846067539498,1.6076158202375437,29.138609122776188,2616.1385058577835,95.01612957482226,1.3017692066221198,Medium,1.3017692066221198,train
8.468621165294442,8.080364526573518,1373.543586253908,2500.695858497462,99.9363504643528,7.759731615550853,High,7.759731615550853,val
1.0450423078758906,13.628682618732778,6.465119220415769,605.9781416709047,100.00379073783584,0.1799787728497794,Low,0.1799787728497794,val
1.6489076952662596,9.065942135970271,3.211031307287006,775.8466559095875,100.09559690444054,0.2162548739021881,Low,0.2162548739021881,train
1.1970756078695783,12.84879123339594,3.2799416322361723,605.9110657883427,99.98857951458544,0.1934527923852041,Low,0.1934527923852041,val
1.449713895728567,6.886015128239549,29.1156037101839,2755.0228568488965,99.95630390926776,1.3737208578525189,Medium,1.3737208578525189,train
1.4096485754445762,14.056391018664732,6.454722096696708,606.2241248734623,99.981739969054,0.1386227685979129,Low,0.1386227685979129,val
1.717402317601182,14.737606366790816,3.1927766458288342,606.3787793050022,99.91789447261708,0.1791991024745997,Low,0.1791991024745997,train
0.745429428030212,12.25412079730094,126.30594781031832,2999.266076102113,100.08919357122892,1.9661801516644848,Medium,1.9661801516644848,val
6.42842322687561,4.301242724977933,-352.9767137415895,3978.040791962983,99.91425647658563,2.037363627206992,High,2.037363627206992,train
1.6146118013271222,16.406824780734645,168.48210626421402,1000.0047390817016,99.9777020854456,1.22326829148467,Medium,1.22326829148467,val
0.952508008363876,9.254877507261025,48.56678900471564,2759.066994850327,100.0436417384952,2.6823650643900416,Medium,2.6823650643900416,test
1.1958161583622309,3.564748462961348,997.7033395334648,606.3103277027491,100.06785862741876,0.2076044978660088,Low,0.2076044978660088,train
1.4499040517400734,7.732630157406782,3.2128532575954885,605.8761150944814,100.06403483819844,0.0279894718584662,Low,0.0279894718584662,train
1.4516232605410213,14.917866045106376,6.54825065374338,606.2093278431508,100.05764657171828,0.2023037321606156,Low,0.2023037321606156,val
1.3089202478320097,11.668838020264236,3936.091800919416,3989.7419665181633,104.93256394058666,0.8395521886743407,High,0.8395521886743407,train
1.113706374691895,15.880907091982715,6764.099679707681,3825.1510238975416,99.92069119085002,4.35094536837555,High,4.35094536837555,val
1.6989010936540054,5.725738583898255,38.89147210360338,2759.9936194803763,100.1091197550566,0.1186937668064368,Medium,0.1186937668064368,test
1.5721739954230114,14.607383380028374,178.19286502060052,1000.118441452749,100.02801277039148,0.9462599125626509,Medium,0.9462599125626509,test
1.221883239186755,8.895870092753448,294.84375112699126,3822.0161976270274,99.81948650387548,0.5010983994007542,High,0.5010983994007542,test
1.6317531676371768,10.054175804143563,531.2905133636667,999.7716739921934,100.05047652452198,1.1498823646822374,Medium,1.1498823646822374,train
0.9419449755960452,9.79386756967517,48.55957430807858,2755.363629874896,99.994655637527,2.426750550330212,Medium,2.426750550330212,train
2.407176166166808,4.032953325271059,-93.9440902202906,2617.9292685475352,95.0801076288572,0.5270805023265108,High,0.5270805023265108,train
0.8582303044912886,6.506705206062779,333.6575606313396,2999.502943933291,100.0943804031484,0.3410062552545903,High,0.3410062552545903,train
1.46063594118438,0.6662729187688016,-9.785155851942216,2747.6017418305537,99.93664753366988,1.7040910196261545,Medium,1.7040910196261545,train
1.1913933215685717,5.413028245813208,-16.291900956084675,3799.3955885624287,99.9978790877156,2.833157797622997,High,2.833157797622997,train
1.0534981769400389,0.5015390980931962,16.205081172013927,2758.064386415512,99.98732659435984,0.1068716308327961,Medium,0.1068716308327961,train
1.396939559648576,9.14990166859915,45.288935104787576,2754.339582848846,99.96635228837562,1.7063303164960633,Medium,1.7063303164960633,val
1.106572699870529,1.1545282693763208,3.3024165235417366,2764.3837303709306,99.95681336005516,3.798394134481115,Medium,3.798394134481115,val
9.620759453018763,7.142554026275089,1256.8610776403043,2500.631045116914,100.0434365831331,0.6878785742313628,High,0.6878785742313628,train
2.360843056599589,6.737036946333921,-651.175306491397,3990.18762178754,104.98114911202964,2.229853874585422,High,2.229853874585422,val
1.4039797525684272,14.1615609241457,6.578982628111633,606.3417349079443,100.04147511938898,-0.0021863143527397,Low,-0.0021863143527397,train
1.345839663019782,15.227975114013276,5144.469517065648,2618.7353569355605,94.96059905348108,0.6746268126237844,Medium,0.6746268126237844,train
18.111683719720183,1.2612172428639494,-32.51504077674462,4244.564898907852,99.92286083184288,1.866084070686406,High,1.866084070686406,train
1.556418268241392,4.729855724505065,926.5501793434383,2753.711063941142,99.9490742861253,2.1574269424718167,High,2.1574269424718167,train
1.9757289620608272,10.560887488018972,3.324356269289264,606.0453049328503,100.03713061466998,0.1081399101050855,Low,0.1081399101050855,train
1.3493211035606645,10.771699255795085,3.234811248922409,605.9779505194853,99.98153142000947,0.2382213595272807,Low,0.2382213595272807,val
1.867338313780768,2.64889757931658,-534.6662078056916,3799.6442369066367,100.11465816512349,6.945752821142649,High,6.945752821142649,train
1.837400291801216,3.873445805193004,-61.49998406979361,3799.706606179313,100.0007163252792,0.8205955068618217,High,0.8205955068618217,val
2.347213435106255,4.361759552976229,-25.881975074815216,3669.017399095341,99.89897831976832,15.904918422019296,High,15.904918422019296,train
0.7166209128965041,10.38781357822194,213.7482262674864,3816.923431823234,100.00848588917704,2.586116891691651,Medium,2.586116891691651,train
1.819256715662328,9.566536302882987,868.2019702424842,3046.592193141966,110.08685203642511,3.62411471737166,High,3.62411471737166,train
1.0750119595176069,13.747028728580688,6.457951991996563,606.038205833301,99.96732757610889,0.0544188163938328,Low,0.0544188163938328,train
1.3088200178398368,10.339894941272304,3.226424691586017,605.9941876053,100.0956389456624,0.0953439688990287,Low,0.0953439688990287,train
1.2948690455377283,0.9616990245470328,3.099896965013376,2893.2009692159777,104.93684108492654,0.1951980615311981,High,0.1951980615311981,train
1.2015026715968449,10.003854993955684,48.57198016875152,2756.025185325389,100.04320720481446,0.1640469169542701,Medium,0.1640469169542701,val
3.374022329527405,1.7850627695035852,-353.18008363922166,1989.870659472324,100.00621326149158,2.526802416357123,High,2.526802416357123,train
2.3631730150374124,4.36164121380215,97.25629683852937,2750.5159708497863,99.91351868494034,2.384226934789629,High,2.384226934789629,train
2.139117546615659,12.816167316389166,317.48131587945704,2499.60625693834,99.9945536304324,2.670465206924053,High,2.670465206924053,test
2.018103679497932,1.2987567242169469,-9.701307690217684,2902.2503643789296,104.93478752191744,2.522273636005735,High,2.522273636005735,val
2.1596969205394387,19.279681488952185,7823.589012570453,4999.810228551567,100.02179613443572,2.382517812106876,Medium,2.382517812106876,train
1.909255992774639,7.939020512184056,330.4367635979703,4244.840113605879,99.91975451639154,2.4667089533405253,Medium,2.4667089533405253,test
2.080022636381732,9.42559518136102,3.239412828121893,605.8249418944162,100.00439130643149,0.1034669941380201,Low,0.1034669941380201,train
1.7985482700995086,11.683489129277232,728.8803456135188,999.7712073663604,99.9971671440512,0.8125710767165794,Medium,0.8125710767165794,test
1.561079389285371,8.306780971544105,336.93260256217644,1093.944629037621,100.00411747756006,1.545842766056609,Medium,1.545842766056609,val
1.9773226284465784,9.76099430246693,161.9835255031163,2768.099339425496,99.9337821150156,1.091216919032322,High,1.091216919032322,train
1.5965016483917414,8.130673418102466,12.90768673080011,1990.281882009336,100.035676753371,0.1642132972039589,High,0.1642132972039589,train
1.7211193498301869,1.0612878675251538,3.2406738995974225,2611.3284946227395,95.07846142193912,1.464362054407736,Medium,1.464362054407736,val
1.6850362131743717,12.059389878501582,9.72971448370772,2749.3357433870647,100.00004784095631,0.3280486123233038,Medium,0.3280486123233038,test
1.675965755010671,13.830181499658991,9.749934735392106,723.0875272319895,100.01742105600992,0.1836224583354954,Low,0.1836224583354954,val
0.7153729531513976,5.7449840853130105,259.0858505611966,3064.782505374232,99.95675924319636,3.9346495753082418,High,3.9346495753082418,val
1.3409437106250777,11.41992754581649,22.73091595208218,2749.947221866039,99.98412392158592,1.665932219534652,Medium,1.665932219534652,test
1.0917750404774471,9.855510442436625,48.705110464052034,2756.599005009764,100.08192611531132,1.6559109338986917,Medium,1.6559109338986917,val
1.8017224444191176,14.707683187913029,149.02233157453577,4999.693101678334,99.9804124263963,1.9221568737644563,Medium,1.9221568737644563,train
1.0294524155241012,13.606034488493266,6.394456963325935,605.9299095376919,99.95432837786136,0.3286056603442553,Low,0.3286056603442553,test
1.1503241618094522,13.30649279748244,6.521426885538236,606.0040276165906,100.05393516742784,0.2425782364725582,Low,0.2425782364725582,train
1.451465401478326,11.244098226973364,3.3165640566654684,606.233704005078,99.9903047822696,0.2716074485969508,Low,0.2716074485969508,train
0.8518736248185599,13.167550699881955,3.0640447955857675,605.7986670837827,99.9559200334408,0.2508197686508819,Low,0.2508197686508819,val
1.5556086449083335,4.1437033488386765,-32.44454202489958,3798.9791617503192,100.07962830592209,0.8951575801625148,High,0.8951575801625148,val
0.9601965650069316,12.308168216711854,3.254024736189644,606.4595310287483,100.06438108335011,0.2196768526190767,Low,0.2196768526190767,val
4.13701802699272,2.032821296981407,-1143.586178012682,2700.3198193368694,100.03465780369766,2.3372157454134315,High,2.3372157454134315,test
1.4136095790634555,13.432977900604094,3.2309120655867205,605.7833401406399,100.07303777129242,0.1449945648599977,Low,0.1449945648599977,val
1.8810801700144173,2.57575460669812,-534.4474654191155,3799.432096205832,100.11462334207332,6.94001676699567,High,6.94001676699567,test
2.2188934461020344,9.20777189772344,-359.60699113262046,2892.8517617590683,104.9130189611089,4.134726836338412,High,4.134726836338412,train
1.1051253517851647,13.763315549057085,3.2874193379053964,606.0746148095992,99.96155113625645,0.1155178122781458,Low,0.1155178122781458,train
1.9733705412611369,7.242028725205646,456.80975815175975,2614.243570146441,95.0196814089948,1.2689859022279917,Medium,1.2689859022279917,train
1.715116347402902,21.881233087194097,8154.0124998081,2756.575868722755,99.96971488327702,3.0441303562362965,High,3.0441303562362965,train
33.23484001536476,4.638934900753498,6109.861443533648,3411.2784724377857,100.04396714863704,2.9476700949758468,High,2.9476700949758468,val
1.7893872843018483,8.753453461804346,456.70092527846,4999.580183417433,100.0713022735107,1.8932250636605128,Medium,1.8932250636605128,train
1.1991511351300257,13.79471302984316,6.490569593591578,605.6810305581743,100.0138279765285,0.1892981440403946,Low,0.1892981440403946,train
0.8719162723317749,12.666324589396478,3.251846509446296,605.7310427613561,100.01628019282435,-0.0261412034472337,Low,-0.0261412034472337,train
1.510120808227959,3.2637787441408728,-3.2078593040386054,605.7783637660364,99.97162799927632,0.1631925809875127,Low,0.1631925809875127,test
1.1474062799310207,9.623666953073569,3.2529897754346813,606.2786933610072,100.05478529457125,0.2914297326915083,Low,0.2914297326915083,train
2.165795672016172,10.53768915158318,3.293844713939744,605.8847782290059,99.96832343282674,0.4933061817109744,Low,0.4933061817109744,train
1.9347017571828968,13.02447528001528,6.427995880734034,776.2694802392577,100.0698657331613,-0.0207940236543949,Low,-0.0207940236543949,train
1.7720609297075818,8.011405699514055,139.27445953483758,605.6723429048711,100.04801790115272,0.0966372991923208,Low,0.0966372991923208,val
0.8850235671396673,10.43816037660297,3.2585851029026576,606.0477447310001,100.02832219061034,0.0351291586391536,Low,0.0351291586391536,test
1.6380843876914315,15.51612949093759,126.36286439737248,2999.406795236227,99.95142097739776,3.16044779349063,Medium,3.16044779349063,train
1.279055112039532,14.864664100556064,4117.438518611653,2768.7831033509888,100.0256339080239,2.01229228188102,Medium,2.01229228188102,train
1.2823392859956075,13.975731179707465,6.481647155922574,606.1644350718337,99.9993965338076,0.4016584411508863,Low,0.4016584411508863,val
0.5506679282910895,0.4322809180069169,-9.628207436347283,3804.36505344036,100.00350157668646,3.786630459693311,Medium,3.786630459693311,train
1.2855742989461991,10.367785930954929,51.865046379346346,2763.632547262284,100.11549977760724,1.938504592586928,Medium,1.938504592586928,train
1.942631530975785,9.949069936132844,38.81959923486325,605.6225069238016,100.10689251397204,0.257056111155356,Low,0.257056111155356,test
0.9133468249727698,0.08918417148871,6.501158865469302,1050.3154079345122,104.94979688445676,1.1091012990425662,Medium,1.1091012990425662,train
0.6748181047924466,7.405022459402266,-3.269207225300822,3810.63913876444,99.9104706800494,2.0125525916482494,High,2.0125525916482494,train
1.547279939688033,7.857275696370952,3.2961280749355386,2755.723047252136,100.03572180209666,2.2689716799335846,High,2.2689716799335846,val
1.1067111119528166,14.54807424981498,6190.803447003816,3825.679317374626,100.091071162359,3.792966811089664,High,3.792966811089664,train
1.2273578361734954,1.157065084391231,3.355421092064114,2893.1304985163297,104.98181592066352,0.275466693753456,High,0.275466693753456,train
1.1867182212183334,0.6922055966567957,-6.457836007009477,2749.818319208699,100.06228254491268,1.1322233748903578,Medium,1.1322233748903578,train
1.0888842303473978,14.414762570096109,6.439143838058365,606.1200108597866,100.04884525159048,0.282149266386042,Low,0.282149266386042,train
1.736062777149489,7.215512403537296,3521.4696439207314,2770.26093882238,100.07442637058712,2.3621998034007925,High,2.3621998034007925,train
1.2020276574088486,11.343952076073544,22.605072884353746,2891.5246398754857,104.9858497195312,3.616757829379285,Medium,3.616757829379285,train
1.1699178247941802,11.5762987551197,9.69553120508347,3979.324883294634,99.96117435851428,2.7191968397196526,Medium,2.7191968397196526,val
1.1256272575759088,7.125451875127107,-12.863418185219864,602.7016130556956,99.97301323520468,0.6795831551626205,High,0.6795831551626205,train
1.108988289697508,13.46302892207316,3.272292091703848,605.6854291066455,100.05546708711805,0.2387743857920495,Low,0.2387743857920495,val
1.4108614076129835,0.5254227437581689,-9.713092212564266,2748.250661520146,99.97022949079684,3.684439641301983,Medium,3.684439641301983,test
1.3431242281727365,13.468955961297793,207.36335872330488,3826.6543546448215,99.994821882885,3.1848214236758925,Medium,3.1848214236758925,train
1.1937928124752188,8.165356579027032,42.173578357681,2758.4694600100183,99.94071921007644,2.295189731922414,Medium,2.295189731922414,train
2.065819389190517,10.285172817478443,3.2558841891844783,606.3862565050945,99.95983936912168,0.242264255764074,Low,0.242264255764074,val
1.1898995213453478,14.97805490087329,6.595389756631713,605.8760576729699,99.98968620998735,0.0446590561658205,Low,0.0446590561658205,train
0.7297422212466287,10.333515438327838,51.740207561589926,3803.170214112237,99.93805926255465,3.14498608548727,High,3.14498608548727,train
1.444779964404295,8.397070110316816,42.14130965571494,2765.322595547824,100.04807956703576,0.1857374838187322,Medium,0.1857374838187322,test
1.6551117801255049,11.591798072359737,9.739499038477698,2749.163369553461,99.99959121631588,3.8717936972660736,Medium,3.8717936972660736,train
1.4295501114200964,14.640663886543066,6.538719513016744,775.6121129615588,100.0691006567923,0.1580156418850319,Low,0.1580156418850319,test
2.3111040743114737,4.285775376702233,-12.992228620659873,1000.3083705470486,100.01717421328678,1.6115379633532996,Medium,1.6115379633532996,test
-0.06353091703369,11.629596259795084,-544.2859288611166,4245.658098210997,100.03974187519012,0.9746153975519554,High,0.9746153975519554,train
1.531925790168703,7.03480407634507,29.16359197130932,2754.394360774089,100.00969470127504,3.238640264853154,Medium,3.238640264853154,test
2.1423162018182422,11.791101579295985,155.4641864220427,2499.2633935415524,99.97580912187377,0.2470420887485045,High,0.2470420887485045,val
1.6412142432835854,12.03516046465872,719.1808492472358,1000.0482059139596,100.03348425932096,0.6936204345517976,Medium,0.6936204345517976,train
0.6957479814863785,15.262609834276814,4587.339597044524,2903.0720591457907,105.00115725527613,0.7496717528654157,High,0.7496717528654157,val
0.58529870827044,13.781839775408024,6.481917655804858,605.9520984757359,100.01427353565076,0.146731143678655,Low,0.146731143678655,val
0.492788929982662,14.11529612844088,6.482321601875387,606.0201745954174,99.96932397809312,0.0252374382539868,Low,0.0252374382539868,test
1.1484664784736252,1.217746356324171,3.2462294121808486,2758.2204424787496,99.99020435484944,5.698927655081193,High,5.698927655081193,val
1.3392126804500013,1.8354631117034608,-45.335206249813865,2752.444082207935,100.04753604232071,0.2358214746204676,High,0.2358214746204676,train
0.3889334679848438,13.714589417277006,6.522250918760867,606.0174942937313,99.9823544972502,0.1049310966604976,Low,0.1049310966604976,val
1.2217192524508098,1.0682117041890755,-19.36858325052373,2749.766453529728,99.90505953135168,0.48805618383957,Medium,0.48805618383957,train
2.501107300572244,2.0041303139518374,-110.2438308039416,2766.5325188704164,100.0138643190736,0.8445350647067932,High,0.8445350647067932,train
1.4699827658207476,9.202346836183755,55.0728591156127,2893.7228878915344,105.05576290524512,2.3586365627875905,Medium,2.3586365627875905,train
1.2544466232092275,8.598066703576993,42.10797593953159,2757.4764599493,99.93970968762106,0.90765997184643,Medium,0.90765997184643,train
1.4707854262742324,11.135079884294662,268.92258265842315,3977.636087038729,99.90378232028787,4.070562235404966,High,4.070562235404966,train
1.5376033124508155,12.23369990430666,3.2207953257880635,606.05307779954,99.92806013797716,0.2014982775958514,Low,0.2014982775958514,train
1.453654001346801,14.752049592290131,6210.073869054015,3989.8704425823657,105.056855199729,3.946982051693477,High,3.946982051693477,test
1.7466805615475287,10.046688456336206,-664.1016019298316,605.9253189070538,100.0410745466116,0.044840990728351,Low,0.044840990728351,train
1.4709504038022652,14.898050193370468,6.470933015207143,605.6000819811918,99.97458666072112,0.2087640951326742,Low,0.2087640951326742,train
2.4964843449888257,6.511400293329325,-651.292730201742,3989.905672058885,105.1492730217261,2.3256779012326456,High,2.3256779012326456,train
0.7752202355636121,12.90742454449306,3.370001468801394,605.9397974310738,100.02890547838834,0.3031662952922674,Low,0.3031662952922674,val
1.234953343168824,13.482281864177518,5332.315183507885,2993.2967961020054,100.06120309118256,7.8962873703974035,High,7.8962873703974035,train
0.7316942382885063,13.902333382007212,6.481705478608468,605.7473053030564,99.9864328282619,0.0893214616103602,Low,0.0893214616103602,train
1.0630643583092008,15.219373998016716,6.460292135281121,606.5328371904072,99.99488951780243,0.3198105270640382,Low,0.3198105270640382,train
1.348605067469358,9.35073505080441,45.27378620163044,2756.585016075876,100.00626820748096,2.9655209615190485,Medium,2.9655209615190485,val
1.360706235813849,16.550396866299703,1104.6546265972174,605.579725149288,100.00303558416051,0.0169755712268849,Low,0.0169755712268849,test
0.7190924693285984,5.810570435901634,6.484773682936061,2755.7165329201976,99.94534196437208,0.7648671478202802,High,0.7648671478202802,train
1.2598998494858882,5.359233929306931,-12.906911247850546,2764.421885049536,99.91257999244974,1.882850721765695,High,1.882850721765695,train
1.2680272948014453,14.015205173045846,6.485690416666358,605.6956433745955,99.9604572501092,0.109107262863515,Low,0.109107262863515,train
1.506146010497044,4.017803467851186,-32.248468363803994,3799.121740804016,99.93901249437694,0.8826436298285666,High,0.8826436298285666,train
1.1133695040746725,11.99674535179727,3.173950250756948,606.0950247451489,100.04972442715008,0.1195390316368271,Low,0.1195390316368271,val
3.1104150216898745,6.747378309786093,223.39237672485484,776.3543724424936,99.98643525676376,0.5758772784260442,Low,0.5758772784260442,train
8.115574371967869,10.248652748559785,1088.587238840862,605.8569275547724,100.14469745828568,0.179590506629896,Medium,0.179590506629896,train
1.98711116940862,4.852772072852992,-80.9774668160328,1050.152124521545,105.0424236497108,0.720308840506221,High,0.720308840506221,train
1.4564747027344245,0.5517059937164128,-9.669244680339087,2751.2363931695463,99.97991036654784,1.6728042591115824,Medium,1.6728042591115824,train
1.580969771096603,20.215158782209908,5099.148671124747,2759.703794787315,100.106991961332,1.5021772117585517,High,1.5021772117585517,val
1.3426533241629122,10.78305538559952,116.62808896031773,3634.60038302536,95.03688178267704,0.3137815525424772,Medium,0.3137815525424772,val
1.475559865181224,9.967363672191375,45.3893107513105,2902.052463046856,105.04772577988284,4.308260335947751,Medium,4.308260335947751,train
0.4892973846287002,7.695195847400043,3.1553753582537314,606.1091088913886,99.9924898028508,0.2391742672370853,Low,0.2391742672370853,val
11.742337351149228,15.352941875397509,5160.647047910232,2699.045912915797,99.96707965483355,0.0811252463573262,High,0.0811252463573262,val
0.9177573551957596,9.22618720553434,576.7128208222715,999.8773847794462,99.95254305726073,0.987667210206066,Medium,0.987667210206066,train
1.597552726636949,12.639129044126284,3.2193880975851243,605.8201190386798,99.9859355141162,0.0332095712404158,Low,0.0332095712404158,train
1.2821579075103284,9.282001288717485,3.2512545299556286,605.9530083588274,100.0394985559806,0.3156177809729339,Low,0.3156177809729339,test
1.6456701945149956,11.394621937185873,9.771576158359371,169.95642537957733,100.01464031863544,0.0666471554586169,Low,0.0666471554586169,test
1.1987008118390614,8.662453784867498,42.14911926115485,2757.0976660455194,100.01402696692294,0.408911161900623,Medium,0.408911161900623,train
1.5351275319300195,5.494068283725223,100.50801133142588,2756.379649450507,99.9721765582164,3.77355668143545,Medium,3.77355668143545,test
2.80403678159254,2.4091891228936224,-217.1011115634734,2768.65866110993,100.102795501241,1.232928856183183,High,1.232928856183183,train
1.9195593452292257,10.966367119073048,3.1411699209461097,606.0680667197798,100.07162886736778,0.1714823062107348,Low,0.1714823062107348,test
2.3714631437928344,4.181926248801516,-586.4617847341543,2761.0291167164955,99.96776048934288,2.4326804516520144,High,2.4326804516520144,test
4.9767448817338895,10.387020655173735,311.01355250091586,2500.0619957316585,99.99325579698302,0.8341873151629944,High,0.8341873151629944,train
3.24543180755179,19.675403714421627,6612.012132370861,1990.3781904734344,99.93318812909654,1.2662654733276488,High,1.2662654733276488,train
1.388047989801081,13.399658861848032,3.2023399929795864,606.0289952488782,99.96324767445736,0.0247436314681095,Low,0.0247436314681095,test
1.3756952399241849,13.811628236252837,6.45629887308799,606.1942725137311,100.06040161472016,0.1766287648302851,Low,0.1766287648302851,train
1.477655870402631,6.787439086850424,855.2455462344846,3799.541742796247,99.99957012040784,13.545471579322886,High,13.545471579322886,train
1.319066445139619,9.57941679134185,3.1560351837370324,3825.770392427316,99.97068776521736,1.828530449096034,Low,1.828530449096034,train
1.776319834139038,6.482612019307812,317.4765151591366,999.5925850455384,100.06947689475186,0.6192539302598787,Medium,0.6192539302598787,train
0.9836323323057282,16.64901105177352,2753.6212490267903,2612.221530822628,95.01270619015062,3.266983538039245,High,3.266983538039245,test
1.177836672392781,22.244870898498927,3197.4473747100656,2473.360099833803,90.00459145810115,0.0392979338953939,High,0.0392979338953939,train
1.0337647788811084,1.227592389348595,29.20754285065957,2244.5233764532063,99.92386586465196,1.197887269189625,High,1.197887269189625,train
1.0409047626877332,13.419112347628548,3.180959124300188,605.9756640996441,100.03380919971896,-0.0276316853107724,Low,-0.0276316853107724,train
2.23004569835639,5.862102384931411,-9.672361519026838,2834.562223290004,104.84177962986398,0.7447541468132817,High,0.7447541468132817,val
1.2523240409371434,8.933121514550226,294.84146510687776,3822.009614739474,100.0137986802582,0.424047556318969,High,0.424047556318969,train
1.21456825835464,10.014456609436746,51.86544239421932,3063.602707173912,99.96848789413193,0.3522173737636737,Low,0.3522173737636737,test
0.6568179834277471,7.275791189486632,-3.2624446213488536,3810.609473110991,99.92415575316122,2.04521360048082,High,2.04521360048082,train
0.7181510649317049,10.35211851956588,51.81310052102815,3802.9891343036697,100.0278442529001,3.0555521556980785,High,3.0555521556980785,train
1.3775828354504744,0.592158245707591,-13.006131748140191,2750.078546704226,100.08208263403893,1.3613853599251429,Medium,1.3613853599251429,val
0.949442076490886,13.442477100893658,3200.6735680646084,2755.9338893519675,99.99645529295071,0.9501116484960548,High,0.9501116484960548,test
1.6655140357680664,16.543400120964407,168.44332352998427,999.636699749772,99.99235704152578,0.5157501273389647,Medium,0.5157501273389647,val
0.7944599629980962,21.97205203260023,2215.8113406537304,2766.9127114518533,99.84391467518113,0.3349131965887446,High,0.3349131965887446,val
1.4945648425732745,11.6588657401926,1998.7452454358995,2700.8975986258,99.97252042114798,0.7721890793215298,Medium,0.7721890793215298,train
0.7671890346808887,5.919645213154243,51.894153533839216,4245.8018412848,99.90824345934466,1.442611146306679,High,1.442611146306679,train
0.5809553462991948,13.563019590720245,6.433419031258684,605.9644518328361,99.9979971621516,0.1293588073284537,Low,0.1293588073284537,test
1.1107925516953008,6.632540961197269,106.97846549093993,1990.0546137722663,100.00346949825006,0.6946431649253102,Medium,0.6946431649253102,train
1.4978187451875604,13.855010045162004,6.521819236063894,606.0963583353629,99.88648247175136,0.237997343170791,Low,0.237997343170791,train
1.4663840510976265,4.486957707329777,-16.205283426632903,1000.2120092658536,99.96949727519406,0.4270106338329538,Medium,0.4270106338329538,test
1.557445697440612,15.957691490304796,194.3419891491188,999.9460411934554,99.91575656914334,1.366392559005183,Medium,1.366392559005183,test
1.1759349017328111,9.655780467034196,48.68192937456975,2757.700409086356,100.1506710316078,0.1830233326912674,Medium,0.1830233326912674,val
0.9718367640203074,9.594238502476312,1441.662758287395,3635.95559018296,94.98522155051786,0.1288751123374313,Medium,0.1288751123374313,train
1.2779218186855177,0.6468516748851769,19.393601182650364,2749.5283379224634,99.95294763843634,0.5039807195448789,Medium,0.5039807195448789,train
0.7801099267611714,11.38374803528645,323.9771948148291,2802.810066077726,104.95113649828323,5.517530149545359,Medium,5.517530149545359,train
1.2763353251191334,9.987992106395655,48.63134596067792,2758.676290129888,100.0104392208991,3.179174763666837,High,3.179174763666837,val
0.8423513540995254,0.6648613656859328,3.2427677746977133,2756.087069976972,99.98806515251458,0.1181764703179365,Medium,0.1181764703179365,test
1.214726410473446,7.5919534717467965,-3.2134600312402424,606.3391075280114,99.96642744447068,-0.0425953488709178,Low,-0.0425953488709178,train
1.2438549972022914,10.709394360698246,3.231275438579625,605.7520694888123,100.06895876369232,0.2632710564940256,Low,0.2632710564940256,train
1.3746077737439613,1.6007138588969343,6.435727761557418,2754.491415577734,99.99583341070006,0.7942064359619178,Medium,0.7942064359619178,train
1.018312810979617,0.2518835399907461,-9.6786701166271,3001.1624408164803,99.92411760621827,0.5741443548566598,Low,0.5741443548566598,test
1.425298109617481,2.585702361043468,-6.515294696630529,2751.530499179554,100.01835244326432,0.0817831186955316,Medium,0.0817831186955316,train
1.106624970309768,8.525098030905635,563.6348157510242,2750.046146533928,99.96902144603692,0.4448914442070987,High,0.4448914442070987,train
2.2035877679448435,4.939335205459786,-1373.6183163817404,3990.8749717646047,104.88299927579482,2.5296428583458,High,2.5296428583458,train
1.0396238843601533,0.6150826322982138,3.214825306347368,2755.3293334149184,99.99260599915893,0.276330634445602,High,0.276330634445602,train
1.8322214700679336,2.384761257114896,77.78812941772712,606.0647313756837,100.06767774613228,0.1997952657488503,Low,0.1997952657488503,train
1.556561288329443,14.977033635210317,174.8768332605595,999.7087420809382,100.0276816738428,0.9429529147815956,Medium,0.9429529147815956,train
2.292553947076163,4.509627390549835,-174.96640464872883,2760.3666657829604,100.1666236852406,0.6674250866211987,High,0.6674250866211987,test
0.801486940060282,14.287929469384672,6.560632844109777,605.9791275410848,100.07590742275612,0.1848961741209057,Low,0.1848961741209057,train
1.8312244477733453,10.102104816503694,1266.7321745663985,2756.4926362824094,100.0381518629652,2.9257974322711293,High,2.9257974322711293,val
1.4288983263990482,9.292574079483863,9.717839956356643,2756.3468300783325,99.96991403034424,4.673703307258102,High,4.673703307258102,val
1.4498501505214954,14.144267105453276,6.4236754938734615,606.1814984467729,99.98274117403416,0.0343945468307933,Low,0.0343945468307933,train
0.8940904349240902,8.333338135558883,1963.178822367492,2617.973175675253,94.96444859903389,0.3250825665928594,High,0.3250825665928594,val
1.087229736104283,9.281854464901697,42.13112685285117,2670.139916946284,100.0694130129842,0.7707145370472429,Medium,0.7707145370472429,train
2.309047877851885,5.758646448020334,239.86877656061063,3978.1305039891017,99.86243033677864,15.759576644161912,High,15.759576644161912,val
1.0309122752388198,6.247407031923345,5209.16782058631,3977.277550995248,99.9614870361292,0.7686227030745543,Medium,0.7686227030745543,train
3.4333133813899948,2.42021334703228,38.86034548915981,605.8727807802186,100.05703425504808,0.178233501953972,Medium,0.178233501953972,test
0.7273087956234968,1.9289939116519943,9.734146190368705,2755.642101288488,99.99520883705698,1.0809132875549063,Medium,1.0809132875549063,train
2.113593961119133,22.3961008400204,5290.208520353928,2767.878468731433,100.0714915217826,0.3488628445072665,High,0.3488628445072665,train
0.96189401035982,14.58383979569401,6.458231860090091,605.8286725753004,99.99670079124404,0.0459654559640934,Low,0.0459654559640934,train
4.190371339128922,11.692537803923646,2060.3197866951614,372.2178043089414,104.94042384701264,0.4520545146792859,Medium,0.4520545146792859,val
1.578908197894254,9.570962058895828,48.53949463208566,2757.4654102718127,99.94401688239672,3.0674301410818607,Medium,3.0674301410818607,train
9.884969374215084,14.11316253742642,1240.7329185302638,605.9408354182511,100.05146736725018,-0.0265895547417935,High,-0.0265895547417935,test
1.513010314099244,1.0176048346369797,-29.132398516083413,2766.8622125044644,99.99173405751615,5.402146065205026,High,5.402146065205026,val
1.078030785325134,6.444306531543972,-1159.8378496308355,4012.529205359808,105.03256481107256,1.566699111169386,High,1.566699111169386,train
0.9155069993909926,1.0712400801161257,3.2161739452783475,2760.187412778396,100.00865678420124,1.382556877358402,Medium,1.382556877358402,train
2.704963430000828,9.558053022431531,-379.0667364878581,473.34180593458166,99.98454856481366,0.3991742130928644,Medium,0.3991742130928644,train
2.2720359945143005,5.8349752009907325,-9.714548234628356,2834.483323385,105.04602305681072,0.659318561782928,High,0.659318561782928,train
0.8244430594986736,1.437802478238178,6.518095112231208,2754.495226091663,99.97494241524292,0.3774940124345592,High,0.3774940124345592,val
1.848264506023584,11.078500728999416,12.994133168126,170.15364416871222,99.97339605043008,0.0867506956316005,Low,0.0867506956316005,val
2.017782340790139,7.018479454363417,-220.24946078044084,2754.173800229401,99.97565446619068,1.9638265532328325,High,1.9638265532328325,val
0.992014023106765,8.91793288064605,9.744929546658046,2891.0967414608203,105.03542767614653,2.3928822463728685,Low,2.3928822463728685,train
0.828847391487408,14.853746064374102,6.44986071040382,606.1083304833414,100.00416404970422,0.2227989077912164,Low,0.2227989077912164,train
11.643575197438652,15.318427833686483,6258.846879167545,2701.071658615577,99.93674728149074,3.204128732839123,High,3.204128732839123,train
6.318312523670482,4.345811972827584,-353.1526561938226,3977.9483952382175,99.95816266271984,2.0730229333057184,High,2.0730229333057184,test
0.7993713197261143,13.292838086547365,5293.537464538374,3001.0790739512795,99.98595882837712,0.4535992581903898,High,0.4535992581903898,test
1.1162403048574854,11.56861443375681,3.228828318802607,605.5919003137631,100.0552742378075,-0.1056399040070348,Low,-0.1056399040070348,train
1.7536451884010316,9.343639340442513,3.3049489375799768,605.5235989844232,99.97585370104572,0.1883844798471738,Low,0.1883844798471738,train
1.596965521066923,11.109097365989802,3.19225145426046,606.2860943091963,99.98878375311514,0.0739895873172672,Low,0.0739895873172672,test
0.636000507105474,10.847840280563377,55.09963851442123,2672.4940040495885,100.03270601910096,0.3569961221802631,Medium,0.3569961221802631,val
2.140672588465507,4.331467563643182,97.1677539094827,2750.6150367479904,100.00257457381498,2.37537865212444,High,2.37537865212444,train
10.094213815547503,14.194072251111908,1652.0726492333683,1050.076277829898,104.99071712284046,0.6999224030712629,High,0.6999224030712629,train
2.5961962909945555,9.653550912398805,-576.6529453602868,2769.9944114199347,100.01253992512886,1.2852247086052715,High,1.2852247086052715,train
2.322889944394733,8.527638526750616,-304.48242495476944,2769.969899721796,100.0041523970259,0.7389113707670013,High,0.7389113707670013,train
0.5237489896954617,0.4030796949079006,-9.75418631553126,3803.368396381492,99.87681365580468,0.4075335167509221,Medium,0.4075335167509221,train
1.9883635475815853,4.671650887519221,-81.06871128453632,1050.226584102003,104.97360134555464,0.8587291143415454,High,0.8587291143415454,train
2.1329228090423538,2.38695739010732,822.8644610967374,2561.1995043073102,99.94518456827537,13.460410554528158,High,13.460410554528158,test
1.456363952381335,13.747703523644878,6.466950361865338,606.2701039876167,100.034101152647,0.0294486179949474,Low,0.0294486179949474,train
1.606740901652685,11.429336762991063,3.2652588300594063,605.7292763811552,100.0393825086472,0.2578272063982617,Low,0.2578272063982617,train
1.5754457499588217,5.146103979956573,304.4665042272788,2999.590660908133,99.98900667715502,2.7485665862396984,Medium,2.7485665862396984,train
1.8374615781993648,14.159567283648526,3.224936713115771,606.1097326017467,100.02020707206542,0.3585235267819099,Low,0.3585235267819099,train
1.148417567828416,12.46691407770783,3.1878234879181204,606.3972247420253,99.9314633958257,0.0728113785081374,Low,0.0728113785081374,train
1.5580051087807607,7.104294178619859,16.186431740277527,2618.4396501842502,94.96240543402642,1.592948508333774,Medium,1.592948508333774,val
1.5196746652613833,10.468452558790483,3.264652665016212,606.0690370699599,100.02544276633624,0.091489989662731,Medium,0.091489989662731,train
1.363340507780702,10.064857661304089,25.96608799569977,2759.843084608453,100.0505900850965,0.0967216553574915,Medium,0.0967216553574915,train
0.685390525242417,14.868527805550782,3330.347656383224,1989.649260400836,99.9254429395134,0.8110377719609794,High,0.8110377719609794,test
0.2281928824345055,23.160100575711475,5620.679673033164,3820.809475224905,100.05164908631964,1.3229694528934568,High,1.3229694528934568,train
0.6814780757589668,14.800311776600187,6.514194314351027,606.0955814282619,99.96640285259384,0.0109940305371681,Low,0.0109940305371681,test
1.3649723886371044,11.037874844783842,6.431423978246051,1590.1635103348635,99.98145861725362,1.3597131757137209,Medium,1.3597131757137209,val
0.9576607846824562,13.219548557202524,3.31150608086271,606.1562827859308,100.07324002461814,0.3223482795986512,Low,0.3223482795986512,train
1.5316668926857275,13.08157836908488,4629.346213857614,3727.650613045688,104.94427974813688,1.976116388410986,High,1.976116388410986,train
1.4037662609526205,13.977166643084146,6.435578011549941,605.5966030418036,99.820901688329,0.1960828274513106,Low,0.1960828274513106,train
1.0200793482451107,12.996907079812104,3.2938156225478985,606.2291153159637,99.95030060564844,0.3315080083045304,Low,0.3315080083045304,train
10.645265646614911,9.32846928736898,579.9176263293821,605.9671051805849,99.99267605252074,0.1901004425516967,Low,0.1901004425516967,val
1.8632548185645097,13.751928333412774,6.458420340368076,605.9037202404998,99.91116689457569,0.1339710771491219,Low,0.1339710771491219,train
1.06510204657161,12.868180288064815,12.87190383138386,3978.410649929637,100.14206215909113,1.132904615327848,Medium,1.132904615327848,train
1.4353763084709747,1.0288354888666174,3.2662211000392207,2763.433665422991,100.09562508096607,3.571068876754489,Medium,3.571068876754489,train
1.3857829382938676,8.97581748256705,45.330300793923286,2756.5183390615,99.996594070934,3.430326500341496,Medium,3.430326500341496,val
1.4179414670185366,12.03776231159268,4020.333948742724,2760.196616244233,99.93698028241108,1.4127872438555582,Medium,1.4127872438555582,val
7.207755455540379,10.840183544162638,865.0204237696994,605.7373781174853,100.08691674809418,0.2572376125140146,Medium,0.2572376125140146,val
0.6144747905842214,13.944271258960288,6.478992669142924,605.782665369015,99.99944006311463,0.2571293732320676,Low,0.2571293732320676,train
1.7370191937980846,9.42764414013478,181.4087044874153,2767.42964283468,99.98431051953288,2.9302752497438305,Low,2.9302752497438305,train
1.268353974786707,13.47495402263024,6.538342686206396,605.7135091895591,100.01213318762612,0.1543688107277862,Low,0.1543688107277862,train
1.774141244904466,2.1236504196186767,126.38340676018548,2618.0673922770907,94.94477798439684,1.758886257736707,Medium,1.758886257736707,train
1.743600756730436,6.125719245357485,-952.4352153783962,2749.545752619681,99.99424068017215,2.3207919290438923,High,2.3207919290438923,val
1.7590237054538993,15.512455136053388,158.75271260081058,4999.398165190808,100.02728350526874,1.6193013365323097,Medium,1.6193013365323097,val
2.471341667819355,21.67603074913388,4237.38930132942,4999.747859993196,99.99732521497062,1.6971318128597843,Medium,1.6971318128597843,train
1.536716178408209,9.73589217261947,48.55953130449911,2758.290247743063,99.92652711368513,0.3671555733471782,Medium,0.3671555733471782,train
1.559741733495441,1.746824669569364,6.475522621421081,2749.7386565024017,99.9558193983125,1.2752750279367255,Medium,1.2752750279367255,train
1.2205251310911296,13.125877092345617,3.293517628560319,605.9207413815019,100.01854427555254,0.0609543917611086,Low,0.0609543917611086,test
1.1775139674287187,3.028388201272991,-51.83742843659407,3821.219129152321,100.0095665025968,0.203907366126216,High,0.203907366126216,train
1.7784925211337794,14.122014159779498,4431.858791601952,2617.4292455839363,94.9697915021478,1.494784915924389,High,1.494784915924389,val
1.2201858598171358,9.020315652616205,375.76182408655217,606.382692318205,99.99257780855406,0.1628287484009329,Medium,0.1628287484009329,val
2.070155280056692,9.328408726586549,3.253789378360633,606.0678116326435,100.03123723808484,0.1832811248481856,Low,0.1832811248481856,train
1.650403626660084,11.461561903952637,178.18610881111323,2670.6085124219658,100.06797415025416,0.2899582105076644,Low,0.2899582105076644,train
1.3621853540135322,11.666440655145456,375.7757954597132,2625.3798906972065,104.94987433056866,0.2792213376816841,High,0.2792213376816841,train
0.8811182745477867,11.958967972973031,71.25316461699845,2803.225283591385,104.9389118428658,4.3294518895341305,Medium,4.3294518895341305,test
0.6620433466320627,0.7036826876285357,-3.224829530868273,2679.869153226819,99.99632675555225,2.2722836617052167,Medium,2.2722836617052167,train
1.7267115875750303,12.518898036900165,3.246149881821189,605.7036073563037,99.99105112443888,0.283181581050531,Low,0.283181581050531,train
1.4803092546964711,7.327576880125306,-3.2918988803687927,606.2155862299733,100.02778748772757,0.0986941153456782,Low,0.0986941153456782,train
0.5896556418795434,15.516862591047778,6637.912981582721,3825.701728376193,100.01877730597138,0.488648968998428,High,0.488648968998428,train
1.338581750352214,3.169867774518346,-51.81641524146016,3821.35038120165,100.03881608116592,0.0421313279000893,High,0.0421313279000893,train
1.4965843356873512,1.7562614915225028,6.4844946345066985,2756.100261644665,99.98069777388956,0.4965472472812673,Medium,0.4965472472812673,train
0.961197919082437,14.1573509015467,6.522539842065775,605.9497004963615,100.02484092058468,0.1297834405468844,Low,0.1297834405468844,train
1.7754524446998154,2.183561873575108,340.232220683175,3801.431585449034,100.00697010419674,1.7255695991468465,High,1.7255695991468465,train
1.1339956639278237,12.16312364404756,3.214009573786039,605.7068476226224,99.92127575717322,0.0805697462434231,Low,0.0805697462434231,train
1.2557650693520688,1.7853497108240006,6.545746217309273,2757.29882117345,99.98254751909876,1.7337839382607283,High,1.7337839382607283,train
5.578445901696826,7.859924870493683,97.1153404429206,606.1111456532792,100.00580236221153,0.0325662594257358,Low,0.0325662594257358,test
1.4022666346853556,12.452328071521643,278.54368369271606,605.8339089184208,100.0752342297997,0.0476426654425673,Low,0.0476426654425673,val
1.7818345401176146,13.400581000248655,135.9931703413939,2999.092762123092,100.0265748275748,3.761438144073332,Medium,3.761438144073332,train
16.436481498418306,0.9607563099374188,955.642787195935,2617.6041383869165,95.10118950001404,1.0083499761171433,High,1.0083499761171433,val
1.4020085075328403,11.946368676292913,9.714953014814672,3978.6247788163305,99.8989640467976,1.669862215443206,Medium,1.669862215443206,train
0.6880658683562026,2.178965456851921,6.536646267847089,2672.323688390409,99.99291411431248,2.5782208864371867,Low,2.5782208864371867,train
1.2358658977232786,9.321971478019378,-320.69998122171484,2755.4966750247336,99.93447399366124,0.2810589005779855,High,0.2810589005779855,train
0.8038294929606846,8.009922910985718,97.22682125131573,605.9588749154235,100.10615854146693,0.0695226877440113,Low,0.0695226877440113,test
2.47375949929205,10.984206190230884,22.673867864061087,1669.5584308990567,104.9923801801854,1.2572576942381206,High,1.2572576942381206,train
0.9524627954719714,13.169314721017429,3.3201437149462087,606.2386735276907,99.97616304176064,0.1346095223495873,Low,0.1346095223495873,train
1.3071393783522276,13.317360181973896,3.33117518760946,606.2601895839912,100.1174938762477,0.1939856684913431,Low,0.1939856684913431,test
1.280805016203797,5.283669562550981,-13.054683615157122,2764.27287017729,100.08934192144856,1.9914405001001927,High,1.9914405001001927,train
0.9997550349172508,14.32737816171119,6.461852673656539,606.227356235657,100.02332172498896,0.1282957365593331,Low,0.1282957365593331,test
1.4928055022483746,10.449020428180994,48.65472476765235,2903.326902041108,105.0190748271506,0.6473868525066573,High,0.6473868525066573,val
1.2247473458280242,0.8602782540553421,-12.932725703585035,2749.913449237381,100.0189617506785,0.9490468776827892,Medium,0.9490468776827892,train
1.4215324502647313,1.4527298631629435,6.550446542535266,2756.601128783768,99.95548673875491,1.302621421184428,Medium,1.302621421184428,train
0.6892410512068217,13.781148674325904,6.426307292899497,605.6668683301372,100.01888679858136,0.0213336754609474,Low,0.0213336754609474,train
1.3754033570222484,10.566312640605632,1311.9769140267374,3800.774127606696,99.96360596495671,0.5857463569165217,High,0.5857463569165217,val
0.640743659071889,13.403492864228433,3.174384866347263,606.2121668446514,100.01055085831145,0.2555969239807995,Low,0.2555969239807995,train
0.9582780011964206,0.8983695909602023,3.256045567104882,2759.6729374186702,100.00820526704744,3.161716392397796,Medium,3.161716392397796,test
2.187983834433211,4.965230951929527,-1373.520193626661,3990.952387036034,105.08917671859771,2.500117507574358,High,2.500117507574358,train
0.9756855315944422,12.531492400052764,3.249202683783879,606.5008463304854,99.95272348336673,0.45644861607276,Low,0.45644861607276,train
1.9396735816610808,6.65694847366384,-194.3346559764481,516.492860289302,99.89697110551847,0.3037053845486883,Low,0.3037053845486883,test
1.0886922261770875,1.716444773669204,9.742122071090144,2750.7050227550167,100.0326364054996,1.287705485740098,Medium,1.287705485740098,train
0.8484314391061066,10.12018520743507,1691.0858466171107,2804.486330847131,104.89101542377888,3.0405562181142027,Medium,3.0405562181142027,train
1.2355626855599189,6.269357933890791,-6.413741643563838,2755.3987742191425,100.0864825927346,1.9008071553106287,High,1.9008071553106287,val
1.6179556868671563,11.242873560065426,123.21174357987265,170.02895879190683,100.16212039994336,-0.0392132265742351,High,-0.0392132265742351,train
1.0743591738677982,8.693478511671353,42.18392154539632,2756.9872125955585,99.93937988888052,1.308983441281574,Medium,1.308983441281574,val
1.0284941843653546,13.323857030098196,3.298533091859358,605.9827085181038,99.9864302069398,0.2470581217364986,Low,0.2470581217364986,val
1.192459999836697,13.222847134560284,3.31266036173714,606.5150601751718,100.00769405587752,0.0136377002032171,Low,0.0136377002032171,test
0.874502606646051,11.650744153437389,3.261390865223043,2803.14615209481,105.02594071482066,2.0854803509735422,Medium,2.0854803509735422,train
1.0760905306992088,9.23632967835104,3.1924083638381853,605.8555130944661,99.99534766275232,0.134389665537128,Low,0.134389665537128,test
2.7033084748952576,2.334148105700483,-217.0763283391321,2768.70985513497,100.07347993514618,1.2815718778222656,High,1.2815718778222656,val
1.015968637986672,10.462641380956525,2209.3383591809466,3065.527178790084,100.05958655309864,5.531949928754891,High,5.531949928754891,train
1.26503368956136,9.191949643426936,45.354716063829,3069.155078461805,100.01141111672416,2.048527673260044,Medium,2.048527673260044,val
1.3713255839485474,1.291790540350635,6.482572087696007,2755.486525548027,99.9965382798066,1.555382705214164,Medium,1.555382705214164,train
1.216355440192675,9.156423399598866,1451.3278299538194,3978.407182340373,99.96153112095875,1.3650877321241377,High,1.3650877321241377,train
1.2678117507757714,13.37886011283818,6.544537931985551,606.2717244211444,100.0328084183011,-0.0164948321002834,Low,-0.0164948321002834,test
1.4186968802830762,9.221448526546226,45.228546098072734,2754.748662790783,100.0623739149498,1.3979666792527656,Medium,1.3979666792527656,val
6.4255592071580745,8.880825465886133,2578.849727279804,605.8265185600977,99.98828424882494,0.304574071914162,High,0.304574071914162,test
1.1889382430331232,4.203041708218672,-13.018572043279752,1000.0488985021288,100.0076949784864,0.9452059359387348,Medium,0.9452059359387348,test
1.1913101229459222,13.193889203783412,288.3571662829714,2763.996260356184,99.95496086618613,1.9643181872837625,Medium,1.9643181872837625,test
1.357506339310446,4.3677509587916,68.06884945788826,776.4428006086107,100.02180430961536,0.1181473325127963,Low,0.1181473325127963,train
1.2638621067326363,11.620815449577371,366.0865119196205,2763.5245440968824,100.02626762021532,0.7594285584539936,Medium,0.7594285584539936,train
1.571651450670638,10.9064644065916,25.874648570737826,2499.926649653281,99.97853420117995,0.6440402161035937,Medium,0.6440402161035937,val
2.2151712777249988,5.446892397863742,3437.171805478349,3713.2004631968393,100.01864452068054,3.6174025422768303,High,3.6174025422768303,val
0.6315543723208278,13.867138226791235,6.479630277174501,605.9038191120404,100.05597732438636,0.0416260283499774,Low,0.0416260283499774,train
1.9376476376979697,4.5086880548425095,-126.34644885493576,999.7331600314752,100.01290016087135,0.7940601521477544,Medium,0.7940601521477544,train
1.5368586924651075,9.69645317752977,48.65896553673301,2759.13235239354,99.92858782269086,0.2427521086160089,Medium,0.2427521086160089,train
1.623851754409672,13.130203479137062,4629.390192663357,3727.6351541886656,105.04424694412488,2.055805373554259,High,2.055805373554259,train
1.211118314881369,9.524355504389089,51.88874037870158,3064.852605749603,99.95880050446851,0.3768394720478547,Medium,0.3768394720478547,train
2.007067014399745,3.8790888708844737,-45.25663521139546,3799.771068832512,100.00752387851824,0.0835720900847627,High,0.0835720900847627,val
1.038031420373348,13.237875763811005,3.262183710361648,605.7369020576751,100.0031407765406,0.0424528384385893,Low,0.0424528384385893,train
1.0820995615951134,14.274499055405093,6.436873438001118,606.1833199113092,99.9318012856425,0.357146551268656,Low,0.357146551268656,train
1.525673118094688,10.543756251975257,5863.568952614199,3821.790270009288,100.00612365815266,3.174132388531887,High,3.174132388531887,val
1.2202953507465173,9.73605950830799,204.18774067527548,2891.607133533465,105.01909534303812,0.2294633459982197,Medium,0.2294633459982197,train
1.7560863813211527,4.583713067073337,3.0387811189299523,2748.4539182529224,100.06645116358104,1.1150513308591994,Medium,1.1150513308591994,train
2.003633727183636,12.7710873762769,317.4928978740191,2499.5042995295744,99.88582610263832,2.6771915219196294,High,2.6771915219196294,train
1.6446125004031953,7.84561142230826,4690.882355292028,3990.7053670428672,105.00474893120692,3.426369544400559,High,3.426369544400559,test
1.370756061031497,9.799661536602674,45.337868495422406,2763.8134796563213,100.03003858113765,1.053433973188892,Medium,1.053433973188892,val
1.381854250871766,2.3400968705912235,-45.402082505847126,3821.054590114752,100.08644478552068,2.784192716401152,Medium,2.784192716401152,test
2.2347065979644194,14.408391832654551,3307.5653167376668,2891.990902977948,105.04339351645594,2.8383267735762203,High,2.8383267735762203,train
2.4223913286739416,4.0389255931978,-45.44974454121512,3046.6081916265043,110.1049690296753,1.6822786526842983,High,1.6822786526842983,test
0.6334857004535833,10.821211500224708,55.12093916805365,2671.402901795172,100.07468468761596,2.1952584872282395,Medium,2.1952584872282395,test
0.9315274359172342,9.135112637563171,45.31588998869507,2755.503507141993,99.93690351582164,2.5541216567000147,Medium,2.5541216567000147,val
0.869324622767198,13.138555539766056,5293.49455691373,3001.0796622744783,100.1215567042725,0.3967466434502036,High,0.3967466434502036,train
0.7291789828723468,1.1756519589303795,3.1562567512691606,2756.45933449219,99.97149468176382,3.7066371926047386,Medium,3.7066371926047386,train
18.185805439691663,1.2991366187936864,-32.50712479515645,4244.771862498771,100.08206686631982,1.77668928270355,High,1.77668928270355,train
1.445218211856016,14.789939402831244,6210.291019743785,3990.559758380645,105.04640263075514,0.992099297035741,High,0.992099297035741,test
0.842188400568671,15.282565666969786,4587.258716747651,2903.139968801158,105.00322111202593,0.6376347024095808,High,0.6376347024095808,train
1.1805517271853474,2.3528434648294527,9.718534503750174,2893.977197605072,105.00034210081157,4.372708324601643,Medium,4.372708324601643,train
1.232674380989781,14.834731976758755,6064.385930582932,2768.681910542812,99.96182944371408,2.459165662844752,High,2.459165662844752,train
0.7801079448606145,25.751046319675208,5721.029009889042,3973.733266134735,99.87362664579544,2.706109945186367,High,2.706109945186367,test
2.043551355246476,22.36429821764204,5290.331204591296,2767.987323403755,99.88514284997753,0.5932385174858437,High,0.5932385174858437,test
2.0231927449393887,15.218622565119343,6472.718738884877,3800.394401913884,99.97213833965952,2.7517499163187784,High,2.7517499163187784,train
0.9359547752304004,13.743272180482151,6.5839580550998695,605.9244135437128,100.03432042441078,0.1145660123233454,Low,0.1145660123233454,train
1.269008025966572,11.040206306815682,194.4099824100903,2750.379780763807,99.97647881302596,0.3408638723649529,Medium,0.3408638723649529,train
1.4622787947813167,1.7395700489006394,6.5051819204372725,2747.636716036752,100.01122895006628,1.062236937891979,Medium,1.062236937891979,train
0.6168006356074027,9.66371231936026,48.61018598205932,2671.6199675536736,99.91963240155224,2.99348439741703,High,2.99348439741703,train
1.2243950049928516,1.4049206147265458,6.502498924059569,2758.5670188642544,100.04513453146856,0.5546807180597781,Medium,0.5546807180597781,train
1.9984713912690244,9.96660998883251,3.227096560749356,606.0026946520646,100.0415763711592,0.0077556948280509,Low,0.0077556948280509,test
3.3401560797993533,12.497042320474732,1794.731123117043,2734.0386175998806,99.89529032618152,17.905861014115,High,17.905861014115,train
10.758984223108278,0.6239462132155562,116.67854287532636,605.9028613777972,100.0694680638209,0.1603340548804026,High,0.1603340548804026,train
0.945301486176558,14.319020339729365,6.508597528915949,606.1383351194709,100.06201192260852,0.0218420899742551,Low,0.0218420899742551,train
1.477892140334628,10.23855902429882,427.6346561034667,776.0628774029627,99.96745871622736,0.3185230138791354,Medium,0.3185230138791354,val
1.6429067456709383,8.120203771737955,12.919995076182438,1990.236309011137,99.9848951580725,0.3703728372275227,High,0.3703728372275227,train
1.6371611357516394,14.6247089581275,12.974050341300718,5000.536936088703,100.01751126273209,2.246683988030921,Medium,2.246683988030921,test
0.8167058111522402,15.38308006817622,142.5312325562024,2999.1548715466784,99.99632623671552,2.788950073520879,Low,2.788950073520879,train
0.8187354283383045,13.885528077512394,142.52116294951762,2999.041919105692,99.95528277465144,2.3272416175854507,Medium,2.3272416175854507,train
1.047717475875983,1.2967766107903949,3.233301636983529,2763.761798075732,100.05258277407825,3.29022969218982,Medium,3.29022969218982,train
0.6541586316589989,9.40444816903719,48.63310577671509,2671.5221518364883,100.04453987740068,3.07979112736758,High,3.07979112736758,train
2.1808766120976406,10.709906918934609,3.2418843548381275,605.5807704312,99.97869593070963,0.2154734109066551,Low,0.2154734109066551,train
0.9754498129443232,14.463930603461204,929.7118512976544,2500.1092347226468,99.9781208978614,0.5634075910828007,High,0.5634075910828007,test
1.6489180707795037,11.456013821891576,9.74481415190968,1589.9633426409832,100.02475905468732,1.2998084828638572,Medium,1.2998084828638572,test
0.3712915445188294,5.25013490138848,323.953843157726,999.8291159634588,99.98189277134676,1.0818667388122394,Medium,1.0818667388122394,train
2.1843049494611124,11.195117559233392,187.83888411621425,3977.5276877063793,100.14034375489555,3.0102519910173857,High,3.0102519910173857,train
1.2894486113250083,9.809474044869882,323.9742580505534,2903.4841858974264,104.99157317359165,0.5294434858404524,Medium,0.5294434858404524,train
1.46534491141562,12.678864151341871,2128.3824749243686,2802.872453330798,104.9133590037172,2.5112216835470456,Medium,2.5112216835470456,test
1.3704962549370303,15.168445780356848,6799.849856694187,5000.304241676997,99.9382694407285,2.998591230925784,High,2.998591230925784,train
1.0343189689148975,2.7417643465146484,-16.244375032174613,3826.71463210324,99.9795633045682,3.1014299614614664,Medium,3.1014299614614664,train
1.6742344072706892,6.465802574598876,320.7225835638856,2613.6904257329893,95.002529502743,0.6021100275923282,Medium,0.6021100275923282,train
1.5093906439314464,5.908276234280406,32.34962857632919,2766.797275947674,99.96086003406012,1.9747810713653025,Medium,1.9747810713653025,train
1.513114985121386,8.915402310789124,45.38031627209233,2894.14303975949,104.9979870552128,2.8165695515409856,Medium,2.8165695515409856,test
2.002097548974872,1.485566071441219,4982.5419165642425,2761.421603379621,99.9734499115184,1.734159850578786,Medium,1.734159850578786,train
1.8924389431743456,7.977579715233587,35.6421160914294,2499.454186983634,100.03951867353024,3.461576572518906,High,3.461576572518906,train
1.183805840756422,12.576149813074634,3.29570203775222,606.1257840601369,100.04876572348046,0.2026821680421237,Low,0.2026821680421237,train
1.2544566287574928,13.94247172626544,6.547127980975001,606.0656992377676,99.96397265519629,0.1844576174957498,Low,0.1844576174957498,train
1.5275283813808838,13.45194836303042,3.265385706339898,605.8839814912801,100.0980882073753,0.0474648290732827,Low,0.0474648290732827,train
1.0220129818607022,0.7362985156932328,-6.504390267268488,3816.7730096270734,99.98811747772707,1.3777698301758805,Medium,1.3777698301758805,val
2.0546847710906264,10.412157874166196,3.2361363324671606,605.7043741032279,100.04164410253505,-0.0094189306633665,Low,-0.0094189306633665,test
0.9850076073467604,14.340552652305082,929.641400165502,2500.207985086197,100.16138696594795,0.5816694421892535,High,0.5816694421892535,val
3.234759942392809,9.10388260367798,1133.8344149369636,1990.1440118197563,99.97437899443868,0.5001055982484622,Medium,0.5001055982484622,test
1.6149862506898618,14.723196876064938,152.2028067553792,3000.4539076670044,100.04935130898876,2.3017806780690853,Medium,2.3017806780690853,test
1.470972352625241,11.133742308100103,268.91522212637915,3977.641462664239,99.9812344367206,4.242385016274324,High,4.242385016274324,val
1.445498402603991,2.3572201589047364,-61.58504425191041,3666.4016624923447,99.91140794007605,0.1221529659700143,High,0.1221529659700143,train
2.413540809903939,9.00049765660676,-84.15092474116808,2767.6383682347728,100.09632121588352,3.2737011927142947,High,3.2737011927142947,test
1.669828072897569,9.772176387558838,3.367379594445188,606.1739844349248,100.09359533682968,0.2015342763431987,Low,0.2015342763431987,train
10.504075228993113,13.920335376810788,4156.41925723165,2498.937075437469,100.01157883678742,1.0199152420809323,High,1.0199152420809323,val
0.5271609305501441,14.845513021771872,6.489948179453515,605.8002935933956,99.99369742275243,0.2698257132944183,Low,0.2698257132944183,val
4.087772911314667,14.65975597703794,3058.09942311261,1000.2261823042696,100.00222225258877,0.963741605968049,Medium,0.963741605968049,test
0.3883223204221614,23.3487854996571,6654.1216646858265,2749.953807875544,100.01549868811772,0.963488662246869,High,0.963488662246869,val
1.270114268233422,13.226064457616191,3.3031494251525944,606.3512492477754,99.96447880085726,0.3617080513576596,Low,0.3617080513576596,train
1.2449240671319968,6.281711327251792,-3.266986232945336,2754.8672880863624,99.91599894848174,1.3429901574499932,High,1.3429901574499932,test
1.5138102344130235,13.26522493065831,38.89006082552033,169.53024973658427,100.0084134250023,0.120890808855424,Low,0.120890808855424,val
10.064934027613988,14.251020171426644,1652.1511991751695,1050.012068736626,104.83988152631942,0.6985934203282603,High,0.6985934203282603,test
1.646016377952793,6.968642168606307,12.97427335579146,2757.01002866146,99.97260001439464,1.658637866561568,Medium,1.658637866561568,test
0.6861096883611789,8.448758936953643,42.04751825821453,2755.886148696436,99.9803169602239,2.366097675660988,Medium,2.366097675660988,val
2.2092688020967657,4.850445789927379,35.582117756006056,7.8865832190573055,99.9639266970167,0.0521314176848566,High,0.0521314176848566,train
1.8324081152344287,3.9718728313567513,204.08301490204187,2761.2810864445496,100.003746561342,1.2598427556824163,High,1.2598427556824163,val
1.7245706001252756,5.0205765880701,317.5676360512465,1000.1334485274416,100.05558983060162,0.8538142552155774,Medium,0.8538142552155774,train
1.1124252593501451,12.112812671168244,3.292270216734804,605.8035560231941,100.07251892320852,0.0470779043831503,Low,0.0470779043831503,test
2.4146688737820328,11.27311496398943,735.3623357411361,605.8729491790028,100.01117121028832,1.2005269681569737,Low,1.2005269681569737,test
1.4507092368948926,11.517303325379435,126.25674392646376,606.0512272836912,100.04675195771568,0.1942027772798649,Low,0.1942027772798649,train
1.3278279025793105,19.89157369704173,7191.935207870372,1375.6918406362668,50.028725976082406,0.8622354452572198,High,0.8622354452572198,train
0.7199458378981913,13.988147693190651,6.433042038512502,606.2878459956227,99.97770678620672,-0.0211017202620732,Low,-0.0211017202620732,train
0.4995176605855964,16.72819265838178,171.74799462537194,999.887774068154,99.95772312160192,0.9541915639974384,Medium,0.9541915639974384,val
1.278876042755828,13.186115610874769,3.20918444376746,605.9694905030505,99.92069933800867,0.0556678051059045,Low,0.0556678051059045,test
1.321349442764823,13.764528378732813,6.4900543670197015,606.1191872323623,99.98026999885134,0.0145940149205107,Low,0.0145940149205107,val
1.1412556117919324,14.196783871614011,6.459506801633415,605.9613453261661,100.0483085026814,0.3811948541100134,Low,0.3811948541100134,test
1.178053193609616,11.589216007479877,9.764673642734168,1093.9450707360306,99.96017478559617,1.5910098175851,Medium,1.5910098175851,train
4.1224176896243225,9.277869291278366,349.81876745564296,606.1307611304786,99.94208298761592,-0.0223925077105922,Medium,-0.0223925077105922,train
0.624982767536246,14.470608168512946,3.254675465909424,606.1361567530371,100.0155816760993,0.0472980619935239,Low,0.0472980619935239,test
1.1937743426764489,9.996770610356638,48.59730598502379,2757.554653159088,100.0189496329184,1.6163016367420968,High,1.6163016367420968,train
1.8008518040554635,12.9712833184275,3.2247534395763537,605.7743462379228,99.98199869437408,0.2166280534509526,Low,0.2166280534509526,train
1.8684895953688485,7.158146853678093,291.459665952082,2754.6132852957203,100.05315034859198,2.524596134470816,High,2.524596134470816,test
0.6470432533936732,14.736564469492954,2076.5595040071107,4244.6227918075765,99.99807049698052,2.127746400233358,High,2.127746400233358,test
2.9525112534761027,6.602159539189692,-29.15528967872589,169.79794512673735,100.08373962997028,-0.021635325222625,High,-0.021635325222625,val
1.4159126610279404,12.909411741025396,3.161164746474066,605.9660026651103,99.98871753482162,0.1507939132930435,Low,0.1507939132930435,train
1.2248441942000556,9.706964356908395,55.01616768476437,3066.3462963519496,100.02374968284404,1.4799288787794451,Medium,1.4799288787794451,train
1.232425062890983,13.745009360383518,6.382450708942632,605.5196805625957,100.00744834702977,0.0935612142998902,Low,0.0935612142998902,train
0.8584748923644083,12.942491097997816,3.219254846866121,606.1551734205494,99.95157354433726,0.1551937899900718,Low,0.1551937899900718,train
1.872360729654268,6.4453967113630695,93.988718919149,2611.7782811594548,95.0641202420336,0.9138762790193758,Medium,0.9138762790193758,train
1.1308416482663142,13.552554408389629,246.14874933721737,3825.3648653881023,100.06517877585274,0.3637416599424024,Low,0.3637416599424024,train
0.2566538312462335,23.33819096603559,6420.907087694167,2769.918825928506,100.0629937975636,2.096584407004499,High,2.096584407004499,train
0.9017151289861728,3.669465504260589,9.764323856268035,2765.821450310452,100.03074109470838,2.30136221479186,High,2.30136221479186,train
1.6193847598775788,13.111957368472732,51.84103321065136,303.3448367051896,50.05633405923758,0.0398673761927228,Low,0.0398673761927228,val
1.2339114100166464,8.797998331414782,16.223650014168733,2749.7832458903067,100.0467509145787,2.123543747827932,Medium,2.123543747827932,train
0.8309239356651699,3.844262187795005,77.75047820504483,2892.871973355859,105.07199173086924,5.157415111554951,High,5.157415111554951,test
1.3365114822463644,11.077335086799213,3.299850795134928,605.7671889533525,100.07900709451572,0.0801937981003991,Low,0.0801937981003991,val
0.1427708850921693,11.635831323818625,-544.3122841139918,4245.753392972686,100.09157838050508,0.9683307019306836,High,0.9683307019306836,train
0.8880283077785982,8.786440098938543,94.0398600628077,3804.348890384145,100.01500122583478,2.989866252703494,Low,2.989866252703494,val
1.7223828669229038,7.752580003227605,16.24585364983558,420.1543998428168,100.00916228264946,0.2203415612354622,Medium,0.2203415612354622,val
2.2314512165867977,5.958248603180925,-9.637482282446078,2834.5737708126426,105.0167164250584,0.6583926624303209,High,0.6583926624303209,train
2.1930712601097544,4.308048082078591,-586.3046169018226,2760.842925250104,99.91647632054978,2.370295956421153,High,2.370295956421153,train
2.0410167673421915,12.848343149229311,-1814.1953500607588,2769.523678872888,100.00551185993868,2.353234585911425,High,2.353234585911425,train
1.6730860530933769,14.427197831590435,6.447042268967235,120.05106291562456,99.98172900086888,0.1707379275996579,Low,0.1707379275996579,train
0.9453241085247732,6.229509076006207,-38.87145202164052,3977.641113304666,99.95281350389504,4.088574283024061,Medium,4.088574283024061,train
0.8252181380457708,1.6391030104427164,-32.43113674900056,169.9381053463652,100.05696870616468,0.0087329711829909,Low,0.0087329711829909,test
0.996202640734339,8.716557449891356,9.72888189578138,420.0236571990938,100.04049563257014,0.1654267132318015,Low,0.1654267132318015,val
1.850458216269159,8.600650691379203,362.8483028215416,4245.342241226756,100.01233214160216,1.6492684034753249,Medium,1.6492684034753249,test
1.4299223028148291,22.085885123633176,5636.760855450723,2761.030547089883,99.97403676892785,0.9360210579988332,High,0.9360210579988332,train
1.8940149951056988,6.509774933647574,359.5499502083523,1050.076380358048,105.01872842416526,0.8049012223839487,Medium,0.8049012223839487,train
1.2066814143431257,9.098357062362188,45.36145224320885,2892.8794859172167,104.97014079217551,0.2394471191554986,Medium,0.2394471191554986,train
0.0116580029758812,8.701154189002914,6.389675515313646,606.245044174575,100.05324392055915,0.1113733507973101,High,0.1113733507973101,train
1.556064152982091,11.804773856522797,3.112171097606852,605.643649150665,99.93968246450868,0.0744473549205838,Low,0.0744473549205838,train
2.19679600468792,16.23441941162147,894.1104629319258,606.2525810018956,99.9579563148601,-0.0806600450182152,Low,-0.0806600450182152,val
1.6929777353131144,13.110462858369644,6.529572438178966,606.1191559992626,100.10614554291428,0.1489707332961091,Low,0.1489707332961091,test
1.3505201986986315,9.118481417341036,45.4084961088243,2756.6051774284783,100.03797963059525,1.2456944722147425,Medium,1.2456944722147425,train
0.9277504170713856,11.550073712962844,226.82129625193787,3811.1792486374834,99.90112843624424,2.3647093244973063,Medium,2.3647093244973063,val
1.313204292307128,9.142744419613392,194.3522234906593,2750.4575814391387,99.9896737203452,1.9644737582498624,Medium,1.9644737582498624,val
1.88957283710534,10.654415198949232,3.2398113639255444,606.053561729481,100.065926990351,0.2655959075854041,Low,0.2655959075854041,train
1.4506115942166415,12.181998866830822,42.12185328236653,169.55896993398363,99.94645206078044,-0.0021821997329395,Low,-0.0021821997329395,train
1.778830688823133,1.829665246703997,3.219215723888068,2611.724173082717,94.9959139777318,0.531957099151943,Medium,0.531957099151943,train
1.1982701291212128,12.403317555892906,35.694661934792045,605.9747936305123,100.01207594377148,0.1299857651464186,Low,0.1299857651464186,train
1.7823153990602778,15.571315410452335,9.72294972746186,723.1041309539423,99.9671787846125,0.3756369992680883,Low,0.3756369992680883,test
1.2163810168466218,12.720312480193083,3.2716826059878343,606.2413100614897,99.82131065644629,0.1287037727081506,Low,0.1287037727081506,train
1.3679392707011555,7.927938615950631,19.28920022260709,2617.43098438006,94.8921517949119,2.531897593445987,High,2.531897593445987,test
0.3129543760544857,11.968112084167869,97.1699564721835,2670.912772481568,100.04548917874372,1.4714585862801992,Medium,1.4714585862801992,train
1.2042204197014463,7.3256266676435216,375.9443286541095,3001.032807298552,99.9656422921128,2.0277216788864605,High,2.0277216788864605,train
1.360199916170454,8.741070791661627,45.35173504201946,2757.259900584123,100.0011333395909,1.3762282070720626,Medium,1.3762282070720626,train
1.7824039447432545,12.26866449946336,255.79288357354585,2767.11093721992,100.03178518171823,1.38012960267902,Medium,1.38012960267902,val
0.8154298194360706,14.005585105373957,6.529501315332151,605.97077572151,99.87498037119916,0.0307474117471488,Low,0.0307474117471488,train
1.5232462445321346,11.151757307997451,51.922437844381285,2902.012480310273,105.01967345479362,2.359517903547741,High,2.359517903547741,val
1.3254887369758066,7.709438447651771,3.2211448569870926,605.7339285719381,99.9595225377762,0.1068154076512269,Low,0.1068154076512269,val
1.0123280657360327,3.427518548170289,-3.166419429655962,3825.890918719709,100.0470340105953,2.8279218883974235,Medium,2.8279218883974235,train
0.5725367405638214,7.288339616845286,35.60955146925869,2754.5279653778216,100.01418266601588,0.9391048210003312,Medium,0.9391048210003312,val
40.55532584343085,0.4063465680168693,-3.232787214191529,420.3912448523527,100.0275282830826,0.0494762213458911,Medium,0.0494762213458911,train
1.6391923882422936,13.648405662366072,168.5748762430001,1000.1175245499992,100.01775514327352,0.5457029100101114,Medium,0.5457029100101114,train
1.587541076778744,14.1677595090231,9.7517336958209,722.7588556931397,99.99352988098686,0.2648460501940105,Low,0.2648460501940105,val
0.7083173504801014,12.79983839506395,3.209726432106472,606.0883634800169,99.85570524815355,-0.0222188795107594,Low,-0.0222188795107594,train
1.8777030030827109,10.133825236871246,1266.7031966787763,2756.5756690696107,100.06003676806664,2.889018521850194,High,2.889018521850194,train
1.2706781352224747,10.03905844577428,48.615470800921855,2757.7743615477543,99.97809056938289,3.173896695291395,Medium,3.173896695291395,val
1.0961686654661449,9.286864437197789,-320.7051947334172,2755.351869738028,99.895380308224,0.2682583097838137,High,0.2682583097838137,val
1.7302090000932522,10.571146598745834,3.239435809999057,606.0597245549375,100.02244213476315,0.1252361967436622,Low,0.1252361967436622,train
1.906498255128172,14.071248742772664,6.521236875319415,605.7169271712096,100.00155845461808,0.0154695453965535,Low,0.0154695453965535,train
2.491940940820194,4.319548352211524,-259.13715662480047,3799.237576529637,100.01350655006256,2.2542972632755567,High,2.2542972632755567,train
1.322275888468181,11.242946166430832,3.259345567650925,778.1711595103632,99.93913073202198,0.1083899021089292,Low,0.1083899021089292,train
2.209661185024623,5.903211853162786,-9.756309151650196,2834.424791019076,105.01506987800973,0.7240397314776167,High,0.7240397314776167,train
0.8828633404080688,13.843623122944306,6.540914068624312,606.318080540927,99.99183873535227,0.1029540854964697,Low,0.1029540854964697,train
1.844579395858863,3.98419056999356,-12.92850365943118,999.6846595756311,100.05750086711558,0.8236764938041325,Medium,0.8236764938041325,train
2.523772121594053,8.242956040313537,142.54837475795364,606.11766563854,100.00860864951258,0.2019116264263993,Low,0.2019116264263993,val
0.9470578460976508,13.411129557642887,3.312671262331019,606.044889554547,100.0218158661141,-0.0078931126482209,Low,-0.0078931126482209,train
1.6913917780439758,10.60944824041212,6.465044632394472,776.5437112760945,99.97527006734045,0.162071724826156,Low,0.162071724826156,train
1.683595169390924,11.691941247071544,583.2074369183164,999.9288670542204,99.9731611685458,0.9040859895518256,Medium,0.9040859895518256,train
3.101441006227206,12.720058138061464,4033.27258519141,2498.9020980233536,100.20264107354345,1.0950356411832345,High,1.0950356411832345,train
1.3716714016243827,13.603939472727877,3.209375236433112,605.8992727506103,99.93610515549436,0.2978631572693269,Low,0.2978631572693269,train
1.3958817714061036,11.749292052118028,3.199727076214581,606.3050723284242,100.06398967606827,0.1295203258182619,Low,0.1295203258182619,test
1.639390853439397,0.6275023664784737,-9.753710386812408,2754.817220410685,99.98105586838932,2.04132935222135,Medium,2.04132935222135,train
2.2835058990297443,8.9996553653215,647.9288708825791,2754.510218374922,100.01495379566424,1.025903338237144,High,1.025903338237144,val
1.2366577553673823,0.1162918776099551,35.525843639825084,2767.2791677254736,100.07962276434212,1.1667696754698578,High,1.1667696754698578,train
1.6436652282065654,7.522628679557057,1195.516899295183,2756.600675923792,100.11647046747788,0.7232268023357349,High,0.7232268023357349,train
1.3396855368044802,9.170740818131732,45.28307781917201,2756.8117270391995,99.93186980568552,0.7134441624427921,Medium,0.7134441624427921,train
1.5012889739212791,13.195222849706058,3.2869242662665057,605.6538490696644,99.95121047239904,-0.0060684120807808,Low,-0.0060684120807808,test
0.8826874569778903,12.48844432846806,9.79524354883805,3978.107409123112,99.96105267812224,0.0961995617087861,Low,0.0961995617087861,train
7.398157537563165,4.893066701203383,-3.195088332413876,3713.632089430685,100.06647694137618,2.389275500817444,High,2.389275500817444,train
2.073890271983906,9.97552066531398,3.2679175230754685,605.8346014842273,99.92362149416816,0.0881820032999567,Low,0.0881820032999567,test
0.8047864658826376,12.460963236549352,3.270021572002238,605.9673556520028,99.97108264189347,0.1073153196274003,Low,0.1073153196274003,test
1.2953088035376432,6.765547418742943,278.6168001372868,3977.999966520057,99.97566976060536,2.1826299081482623,High,2.1826299081482623,val
1.692067675280447,14.671223639497413,3.194436334566041,605.7661639157319,99.99209034197172,0.2720128799506194,Low,0.2720128799506194,train
1.7038153868839614,5.903484638967398,110.0876566131128,2615.52533057667,94.9943928501628,2.3911919405042625,Medium,2.3911919405042625,val
1.0644102701965343,14.542792008668226,6.451350734379126,606.1376664295052,100.00705845236496,0.1701829276336013,Low,0.1701829276336013,train
7.200902501833484,4.791880093273544,-3.261348089868223,3713.685449315868,99.96189982142388,2.3248496790095663,High,2.3248496790095663,train
8.250156490863057,3.827755893479728,453.5702028545971,4244.935312915368,100.0904151979743,1.4168692098143545,High,1.4168692098143545,val
1.2303376986135928,1.2804549268127192,-61.56621098027532,1000.11661836067,99.98632797892282,1.161243124245262,Medium,1.161243124245262,val
2.062109175781756,12.018808991950582,3.2835416100614068,605.8915267118355,99.9091444787422,0.1478299441582579,Low,0.1478299441582579,test
0.755620627675864,11.361895236790602,236.4908715959981,3810.114578544165,99.9517916280402,1.8561919590293747,Medium,1.8561919590293747,train
2.190611036382133,16.240580807958963,894.052542772461,606.2848654805816,100.06913601256952,0.0275155864593785,Low,0.0275155864593785,train
0.9594381638826724,13.007283151135484,213.846138514874,3827.370156175065,100.03060409379324,2.564167664009154,Medium,2.564167664009154,train
1.6357670210591633,16.089295540217694,194.3819307161719,1000.1197206637396,100.03242431507124,1.3438546674602043,Medium,1.3438546674602043,train
0.722495357491366,13.329748852679746,3.252224733282663,605.8288256666209,99.92900853086118,0.0532632313958129,Low,0.0532632313958129,train
1.6152085203797144,20.182185253530605,5099.056021721184,2759.741996583039,99.99299047882512,1.5593098969470716,High,1.5593098969470716,val
1.6117467390994409,5.832794986008012,38.80980533352536,2759.9435721788896,99.99147639146946,0.1774453086435075,Medium,0.1774453086435075,train
1.7465372124982457,17.003746521033236,174.98053724399065,999.7532355238728,100.02621512164818,0.7847975094587087,Medium,0.7847975094587087,train
0.7460068305309806,6.443291642117938,-683.64797311761,2611.623030541993,95.01333872261716,1.2748210665671542,High,1.2748210665671542,train
0.9388420539300268,14.543218840324178,6.490355838496218,606.0810123226056,99.90912889691344,0.2662190919544269,Low,0.2662190919544269,val
3.4102483559198933,1.7301171275635263,-353.1914666760966,1989.816674092319,99.97335142536816,2.489222733872547,High,2.489222733872547,test
1.2697448057057814,6.24740630654252,-6.543793276595249,2755.427038277892,100.0339548286248,2.014464418736772,High,2.014464418736772,val
0.7576289445948482,13.775352989271283,6.40490749929652,605.781394189668,99.9510165103576,0.0254016835155182,Low,0.0254016835155182,train
1.2577042042333888,4.3343177695571935,68.00605233766193,776.4450899658602,100.00906845469731,0.0402874708131273,Low,0.0402874708131273,test
0.7597660823814887,13.117844937673008,5105.588506057846,2761.462475831359,100.05830371657642,1.258172486187456,High,1.258172486187456,train
1.149043837547147,12.03277155329357,97.23018691594564,4245.5895863625965,100.03853393527248,2.725459076045671,Medium,2.725459076045671,train
1.0980915471859816,2.4615627173357795,9.77121718822209,2893.967112253892,105.06333603609106,4.12123856934082,Medium,4.12123856934082,train
1.380092836300795,9.414169402459803,42.208596930251005,2903.732643408486,105.14881326847711,0.7725533245325369,High,0.7725533245325369,train
1.1799401033719523,14.025838881442253,6.408233164833604,606.1369239761768,99.9030656153504,0.3072845149992482,Low,0.3072845149992482,train
0.6931360423812585,15.285105745589696,4587.278358174421,2903.1039663999904,105.05142342197824,0.7813379361574265,High,0.7813379361574265,train
3.356439885974914,15.949604274550998,6142.238358965175,1989.4866403564904,100.00254398226043,1.6698673697689437,High,1.6698673697689437,train
2.3283201857818794,14.268809469991732,3307.637870094616,2892.0236546005767,104.91008742450458,2.7827646232781924,High,2.7827646232781924,test
2.361605957491286,8.536919688255642,-304.64045485116054,2769.9243827215114,99.85123759685838,0.5954071167495392,High,0.5954071167495392,train
0.8135681431453837,11.030741474897782,55.08233053522168,3804.234305268568,99.97537483833224,0.9406809126478428,Medium,0.9406809126478428,train
2.0181114638304405,10.314982746029273,3.16115148325785,606.2514041419955,99.83667192724712,0.1174967722713907,Low,0.1174967722713907,train
13.453332194034916,3.25699286472885,-541.0230453696797,2616.881379053137,94.95834756879852,1.1159997618545687,High,1.1159997618545687,test
1.6582343061045806,16.336258024382023,165.27870220360182,2999.1902419125427,100.07909356596107,1.940691269513918,Medium,1.940691269513918,train
1.6589327721978728,14.626927134899317,9.747794438711937,723.3044093711231,99.99709820653084,0.1477933908606513,Low,0.1477933908606513,train
1.515048618632201,9.345995297388187,356.29484648581706,2749.345548947468,100.15149472570444,1.1003745514613443,High,1.1003745514613443,val
0.9466633558852294,1.4053799889564276,6.5031133534974925,2754.487179531279,99.99247625949914,2.081724984362328,Medium,2.081724984362328,train
1.7572646461812458,11.73833593606176,728.9184871463465,999.8081076899446,100.03966021951696,0.8779146939078111,Medium,0.8779146939078111,val
0.8090067235824099,8.854808203391077,94.00521312547576,3804.26391092632,100.05221353721213,3.0401017029596025,Low,3.0401017029596025,train
0.5529051561529651,0.6531482338060527,-32.429075237960895,3817.104357436416,100.10171441896476,0.8790702745015062,Medium,0.8790702745015062,test
2.5028842350352214,6.457624797725689,-294.8612654435149,2699.678664746996,99.9735306468624,2.2334361990959035,High,2.2334361990959035,val
0.2581197188041739,23.49095056867432,6420.692786655839,2770.04625021566,100.11424222075136,1.9399971955986168,High,1.9399971955986168,train
1.3687995972521807,3.054363966564515,61.55211099580664,605.9656304340384,100.0974015690699,0.2456763580626291,Low,0.2456763580626291,val
1.0313710936082765,13.610015989559816,6.5870277674185225,605.9071539798332,100.08381962267084,0.0518682875620916,Low,0.0518682875620916,train
1.3510502013569372,11.595251492251307,375.8005777993768,2625.3249533636526,104.93285024706938,0.3264038048144578,High,0.3264038048144578,test
1.2891751509100753,14.60279585907679,6.509527420974833,606.2350061965086,99.94231672108356,0.1111755801592756,Low,0.1111755801592756,train
0.9448750705090349,12.66635478526876,3.284938912435339,606.3932929838983,100.01566412414336,0.5306697958400391,Low,0.5306697958400391,test
7.191393221574877,4.753160005556865,-3.2058535231264256,3713.619135801624,100.03983020748583,2.334694097143891,High,2.334694097143891,val
0.484597970545914,13.087168070832568,3.255801167263031,605.9398486024854,99.91361048643904,0.068924363723581,Low,0.068924363723581,val
1.573522948847169,12.807229335466689,6.497828226886258,775.8452005874504,100.02912559030204,0.0820682622520872,Low,0.0820682622520872,test
1.1655468846778776,10.459009875309588,35.589284870183405,2763.322226212097,99.97200061026236,1.0113032053940392,High,1.0113032053940392,train
1.0921210930101908,8.868465257321043,210.55403385529843,3804.5533803813255,99.9751794473601,1.878381962804223,Medium,1.878381962804223,train
1.6537794967048651,0.6517535818088999,35.71021303312689,999.6460949133078,99.98915782720476,0.9292499138310896,Medium,0.9292499138310896,train
2.2490252240762096,5.852372053251634,-9.6334890201576,2834.2781077263767,105.05450436763536,0.7241648210657402,High,0.7241648210657402,train
1.4562699052517425,0.6257682556846773,3.23077525303271,2757.465970048263,99.97719947452455,0.9961401723851064,Medium,0.9961401723851064,val
1.397077759945886,13.877890250687244,6.5255297244911645,606.4119198618372,99.96625591238173,0.1056492205235393,Low,0.1056492205235393,train
0.829258325439296,13.130245365326934,3200.7659178100525,2755.8542907183987,100.01895339851583,0.8208744462782338,High,0.8208744462782338,train
0.7138871964805259,1.764114328398807,-81.07065781883259,2999.5643141069813,99.9526991823858,0.9568640552146304,Low,0.9568640552146304,test
1.6204438486273558,10.804173266589022,3.259347092775091,606.0505321095667,100.07046191225668,0.0377797847174934,Low,0.0377797847174934,test
0.6634628774883231,14.097617594010565,6.522084905831224,606.1123138820564,99.97497068073504,0.0524530475006414,Low,0.0524530475006414,val
1.1473519068847222,9.574555645473351,6.517312453564471,3826.5147292521833,100.05961606841296,2.186597034878175,Medium,2.186597034878175,train
1.1410657855217066,1.0175056652154248,3.274307766896394,2893.1251326406805,105.02042134290316,0.3091567735384301,High,0.3091567735384301,train
0.8231529625996826,25.47441909988344,7295.533472082798,2700.0324690255425,100.04751709176315,1.2946512587387826,High,1.2946512587387826,train
4.168110013004394,9.367581584941446,349.8594416019609,606.1271435887458,100.00700920943852,0.0230181937980206,Medium,0.0230181937980206,train
1.503971488146806,11.876936820809254,4185.478900128148,3755.976376208486,99.9927412739515,15.612754344979402,High,15.612754344979402,test
1.5755098603764697,11.809429956030815,242.9415175279135,2764.217250971647,100.00842800661124,0.1891705061479397,Medium,0.1891705061479397,train
0.6819113044036429,9.98425538560742,518.2775810576439,2999.112821022961,100.0301650934242,2.131371597116127,Medium,2.131371597116127,train
1.2498596357623528,12.933961704076015,3.198350407303428,605.9435454748858,99.88089243780006,0.1072083521627517,Low,0.1072083521627517,train
1.614867492916075,8.273244041805137,3.325598665969186,2749.0998670862127,100.06984458268492,3.581702134410666,Medium,3.581702134410666,test
0.0978942058743864,8.252730862138833,-391.9142227272889,2762.058822112428,100.1037063298636,0.8846305238831271,High,0.8846305238831271,train
0.9752876250169664,13.475805338925104,3.274827518835216,605.7336461762408,99.9866881244236,0.1283929427850246,Low,0.1283929427850246,train
1.440541363318144,12.37824122190888,61.55023330137844,3821.4708802035457,100.0155348709526,1.2039096283286972,Low,1.2039096283286972,train
0.3333913555406175,1.0573723471198266,-3.270723802213402,2670.9716901587653,100.07678320847866,0.3807531400799505,Medium,0.3807531400799505,train
0.2563498546962876,10.733675181953112,-822.7667298750031,2998.7310375483457,99.95048637835208,1.9216977845740693,High,1.9216977845740693,train
1.428369365327835,13.066449041273488,3.1772437714049904,605.7874231287265,99.97048033300186,0.1122955827771683,Low,0.1122955827771683,train
0.9379951946336824,13.31133139206295,3.237681673900069,605.8134395530934,100.00311616342186,0.0201891046764299,Low,0.0201891046764299,train
1.30213559180799,10.242243749184208,45.296273308255486,2903.511170268456,104.96564412682888,1.5805350485235654,Medium,1.5805350485235654,train
2.0093725502204203,12.94668232621114,-1814.138684636796,2769.5813727397062,100.06223565926838,2.426971544521043,High,2.426971544521043,train
11.82444012163416,15.378780262672626,5160.760568603507,2699.025619958822,100.05433223572602,0.1569309204148941,High,0.1569309204148941,val
1.309831490203682,6.355738300844666,197.6812208645813,4999.641043482385,99.99484940248236,2.3524290498505,Medium,2.3524290498505,test
0.0855657245860708,8.881761299948614,6.464846458032544,606.2218481281789,100.00518795945796,0.109625993039358,High,0.109625993039358,train
1.3439260191655371,13.277939704814232,3.157133502039394,606.2112293882526,99.93029737236924,0.3164910356657693,Low,0.3164910356657693,train
1.345892816414776,12.851954801388093,3.214058192399857,605.8737013010202,100.0054603250853,0.0599680460317381,Low,0.0599680460317381,test
1.1978566262978612,22.17472505369704,3197.489589985826,2473.390120057053,90.00044452451566,-0.0522461716702719,High,-0.0522461716702719,val
1.3122590375684635,5.797195838096949,242.99200101770649,2770.391420950971,99.94186759921897,2.4022925472264243,Medium,2.4022925472264243,train
1.1138820989247429,13.464992035357602,3.290904363444604,606.0822060533518,100.07365225679185,0.0302902004621951,Low,0.0302902004621951,test
1.473587188473312,12.75971336721232,6.494641286724056,3977.705692697152,100.02192799190432,2.886351179822743,Medium,2.886351179822743,train
0.5023598704122192,29.07515727874797,5491.253314388617,2616.9495166163947,94.89854672659592,0.4773567062143105,High,0.4773567062143105,train
1.1019842193756506,8.78169400151955,45.25777491137283,2758.628828766998,99.99893657069678,0.6942395369585292,Medium,0.6942395369585292,test
1.3248771059631252,13.894664992865644,6.493980045725906,605.9624377372538,99.99053763745884,0.0095342465239151,Low,0.0095342465239151,val
0.4587830429749535,13.41454370723075,3.1742541991593507,606.107552497702,100.00840010249912,0.1823756010065204,Low,0.1823756010065204,test
1.169109512246317,1.836702961709921,-32.436523668426354,2889.7073979956112,105.00916230607258,1.022178943108883,Medium,1.022178943108883,val
1.22407102791752,9.337011373334564,6.412085559373051,420.5787353764184,99.92879129128664,0.0065903158899774,Low,0.0065903158899774,test
0.6948612866071988,8.225890695938087,42.14385282157004,2756.397199510905,100.10213467664292,0.2097671070611755,Medium,0.2097671070611755,test
1.6934041527036672,16.59392715832628,6.421451634755886,605.9253998297489,99.91776470959586,0.43548496050499,Low,0.43548496050499,val
1.4221652759144965,10.001498604563398,25.805082121282883,2499.413262104611,100.00334349134934,1.9875432883053807,High,1.9875432883053807,train
0.7555409522314941,11.704595307216564,3.266912611913644,606.12995792367,99.94843960209828,0.035705197808356,Low,0.035705197808356,train
1.2618018573318188,0.9062514402387676,3.344599233375454,2893.540016347576,105.06173573352326,3.1824428802697566,Medium,3.1824428802697566,train
3.023464104342032,6.517835160546405,-29.072227440348392,169.767222976976,100.03788108118464,0.0527229628672062,High,0.0527229628672062,train
1.123922566260753,7.413011345122859,-12.93005984481583,2748.9345608254994,100.01396042762892,2.896678141813082,High,2.896678141813082,test
1.2706656304945565,9.828499584069164,213.76611225776625,2749.821897048625,100.03678425283783,5.502514714315758,Medium,5.502514714315758,train
0.982302677805886,10.617385389349852,51.83644908598299,2764.6631160200523,100.10738187216944,1.128685432433474,Medium,1.128685432433474,train
2.330016944644353,13.316029989264498,1376.8710126167416,606.3582809575752,100.08877144691292,0.1470563404254502,Low,0.1470563404254502,train
1.695748873440675,1.82468568854708,3.2804084237295683,2612.276787194087,95.03530617148596,1.0412101002590324,Medium,1.0412101002590324,test
1.8157146713604253,5.6250711421865605,110.23316270591955,2612.100405846508,94.96558767351377,0.0940958727238343,Medium,0.0940958727238343,test
0.6335791546764834,14.732050670328414,2076.591267934288,4244.630349721897,100.02988124962884,1.9799583903934208,High,1.9799583903934208,train
1.5474578451413117,14.888712704249158,6210.203464911138,3990.4031417888623,104.95304549630416,1.0707610584983391,High,1.0707610584983391,test
8.55539311757601,8.075309342750492,1373.6023388621336,2500.6960605436725,99.93738402607404,7.7932822317601,High,7.7932822317601,train
1.2783419571735446,13.132960364918976,3.2125592579874223,606.3706298295424,100.03941969855266,0.0273556872081865,Low,0.0273556872081865,train
0.8405814781381336,10.350289933102632,51.87706350422143,3803.067606463777,99.98795536904214,3.030923031278431,High,3.030923031278431,train
5.281179612342878,14.918292350446842,6148.760162664164,3990.215202030529,104.98751781232974,1.290962373629119,High,1.290962373629119,train
1.7845637900564872,12.481560172349235,6.577200834110109,605.848709434623,99.94924714849245,0.2470242029784909,Low,0.2470242029784909,train
1.7792755655096528,1.2166164059891378,-3.217019354554285,2618.011027332041,95.01950592406068,1.7056851305951188,Medium,1.7056851305951188,train
2.4292825159031968,10.865320204887167,-725.6371316621671,3800.2011748474392,100.10817183043848,0.733831125218578,High,0.733831125218578,val
0.7966426556962707,10.179028493364418,210.60573990251032,3817.052780972864,100.01865182741976,0.4927463413275109,Medium,0.4927463413275109,test
0.9402926722004032,13.047549167580954,3.1876162839096325,606.0687881796699,100.11437379193316,0.3694831153097768,Low,0.3694831153097768,val
1.32063089644149,6.857479537696767,-13.085284773296664,2765.2897444545865,99.99014606623363,1.138878256481889,High,1.138878256481889,train
1.537796444391497,14.634208949369372,152.32212624409573,3000.507867783924,99.97823540123778,2.3165666373576825,Medium,2.3165666373576825,train
1.3199856552984923,13.86104993566814,6.537057145169254,606.1734457311755,99.9374617556276,0.2446427633888188,Low,0.2446427633888188,train
1.989957182519324,10.17490349129366,3.1610308617862133,605.795227185937,100.04211855836834,0.0655057802659921,Low,0.0655057802659921,train
1.631795265107672,12.37652890376447,6.581427125593799,775.7836802536904,99.98706144800718,0.147501940865703,Low,0.147501940865703,train
1.006221652490207,13.954277319108838,6.485772102817101,605.6774004352685,99.93002161513375,0.0995495994577666,Low,0.0995495994577666,train
0.9396092001601952,6.432392966084072,-1159.7597663269537,4012.637037470424,104.97246511980934,1.7113672255775747,High,1.7113672255775747,val
0.6616793378036588,11.438612290175616,1840.132737338507,3453.934794286957,100.01665391756175,1.8917928234447947,High,1.8917928234447947,test
2.4091863242103644,33.31671896475247,9171.11763688798,4244.483820695959,100.0213100613962,2.091908924497908,High,2.091908924497908,train
1.2637623260058917,9.461298976177227,3.139370934485385,1989.9035029928689,99.9662986339101,0.6413064344058416,Low,0.6413064344058416,train
1.35597022875125,9.469152725120482,3.1987739194081306,605.958203732874,100.03373389494108,-0.0025430899870732,Medium,-0.0025430899870732,val
1.3714388908469302,9.7130113978633,45.30982090058262,2763.776421382135,99.9534665371784,1.087087870390565,Medium,1.087087870390565,train
1.4178592243851444,12.94585761978465,3.2042807869714616,605.9136167607244,99.8670595618776,0.1541286251825448,Low,0.1541286251825448,val
3.728596864960085,12.06142265672051,16.145569498331497,606.2077383629362,100.04068221204572,0.0529046141594769,Medium,0.0529046141594769,train
1.632131900136861,1.619589486070571,3.286911050565521,2903.540191852283,104.98864609103316,2.75993967009212,Medium,2.75993967009212,train
1.4473736299011115,23.064612206987995,5261.055878409693,1990.4926432516545,99.9692732416256,0.6293910282715861,Medium,0.6293910282715861,train
1.1662430888329225,13.723760279701144,6.500859198026377,606.021808097534,99.98478221612064,0.2480364782460764,Low,0.2480364782460764,train
1.340842826070436,21.792020143337155,1697.661872923403,2499.176520331883,100.002557819944,2.930762799850545,High,2.930762799850545,train
1.3476526296966176,11.100107841007285,3.224917836411173,3977.797066901166,99.99010986226536,0.7748896319610845,Low,0.7748896319610845,train
1.0779771155871245,9.073980495581203,-207.39286104518865,2615.8643805292845,94.931644761415,1.155719536970979,High,1.155719536970979,train
1.4641746321862594,1.7334644948155808,-9.781976503343,2765.972419701457,100.04842354069255,2.0583920880564666,Medium,2.0583920880564666,train
1.7125111678739575,1.3564679220867013,3.2670368094966533,2750.511191702377,99.9358755436694,1.0206826653044452,Medium,1.0206826653044452,val
0.7379841865697397,11.221530531469366,55.22106459225788,3809.697071607933,99.97885264848026,1.6026654270447642,Medium,1.6026654270447642,val
1.2796048469474892,11.423757990114852,6.44479821848183,778.3810633701963,99.99678716425431,0.2539953551583765,Low,0.2539953551583765,train
1.5498736579321837,8.00687964299415,38.83001891371234,2615.838209807728,94.91762363387129,0.6969541888561829,Medium,0.6969541888561829,train
1.4974741319795148,13.34380833619881,136.06247291838102,5000.588011618768,99.97112397635148,2.0538252550924563,Medium,2.0538252550924563,test
0.7598756974407409,13.334382643529295,3.235727743942808,605.9100537308811,99.83163696603368,0.1220750468659018,Low,0.1220750468659018,val
1.1230446746814344,9.224374076997316,45.40466591582837,2757.943227183979,99.9542476322688,0.4578232647772834,Medium,0.4578232647772834,test
3.122124957236,19.485689432468696,6611.947243679435,1990.195986786864,100.08666066296988,1.354935433963136,High,1.354935433963136,train
0.8168373040677128,14.00311617191598,6.591146524489614,605.962857206856,100.04747993946567,0.2369707780398859,Low,0.2369707780398859,train
1.8092001807235576,16.252868072181627,165.2124658708492,5000.351755290045,100.08531375928054,2.122040584790716,Medium,2.122040584790716,train
1.3925531458361762,6.37363827985688,3.316845631944785,605.9162262739583,100.02599593423116,0.0638315722911833,Low,0.0638315722911833,train
1.373850920247071,1.04368972445387,3.260421767833114,2903.401934967705,104.94948873499884,1.7501635393816293,High,1.7501635393816293,train
1.4769121451816956,6.190460654755051,-780.7393119784089,2750.419536592841,100.04471640779197,0.7509671288949292,High,0.7509671288949292,train
1.6999821903527188,14.733655099622707,3.2955045054976693,605.769734000589,99.9727036394028,0.2064115327424992,Low,0.2064115327424992,val
1.5130760496496758,8.098445122434097,12.931747674493188,1990.2744390898392,100.05988238484991,0.2304950367522501,High,0.2304950367522501,test
1.4662556497961317,14.113646143088614,6.46966794423744,606.2357602969497,99.89800798269988,0.0110258225230386,Low,0.0110258225230386,train
2.3725419153693204,2.326072975543353,-51.74121892320865,2768.265921287664,99.91296786674684,0.5084213102771331,High,0.5084213102771331,train
0.3712974829272794,14.274721238408157,-450.19035237086,2755.2236095028056,100.00711589270618,0.0716604538463319,High,0.0716604538463319,test
1.690629923518182,9.711375701274877,51.865178858580094,2903.426214196954,104.9897145062459,2.8066001914920435,Medium,2.8066001914920435,train
1.225605215656186,15.719679297347062,6.4611936774464045,606.1303041017301,99.8618878079278,0.0001010496381754,Low,0.0001010496381754,train
1.9797771335204528,10.52134286626542,3.216292043046245,605.9687114607826,100.02692346189554,0.0406609989910346,Low,0.0406609989910346,train
1.2043378420263016,13.634544066852918,3.284367312416042,606.2082895688349,99.9500359545814,0.0732523549223595,Low,0.0732523549223595,test
1.2300373317409157,8.510927106564361,42.23425456078936,2756.77380126358,99.94024242154264,0.9973490601409534,Medium,0.9973490601409534,train
1.2278701508848036,13.35078528715306,3.231414261694541,605.8130638456474,100.07841197477492,0.3830890222683215,Low,0.3830890222683215,train
0.9543921518662318,13.38970629393774,3.214521700000279,605.6512008361271,100.02625599449344,-0.0584635410719425,Low,-0.0584635410719425,train
2.254310995666988,4.641453342734235,2753.658673794038,2611.102279994466,94.93222135040156,2.020741812636438,High,2.020741812636438,train
1.6633945759797195,8.267521112083118,16.19239004161177,2612.5715661050635,95.06251036744656,0.9704084331616496,Medium,0.9704084331616496,train
0.7753690274794158,13.379181075361483,136.0028746281495,3000.314093973449,99.97084221071536,3.0478320694390035,Low,3.0478320694390035,train
1.6416040911773642,1.759121592955048,32.34136936874492,2614.775555141072,95.019122608424,1.3555746674372615,Medium,1.3555746674372615,train
2.8997354215735927,6.566847076268263,-29.1091368699493,169.85781974200216,100.0699833564756,0.1404398527034799,High,0.1404398527034799,train
1.6191687468451004,13.59938204166876,6.591269040107791,606.0183557119874,99.95482073241864,0.183477407491639,Low,0.183477407491639,train
1.3819640677497085,7.083531652591128,126.3949861083999,3990.12403296061,104.91501692415312,8.645640318293394,High,8.645640318293394,train
2.104226836198753,2.141712475573992,822.7810266692785,2561.098704124537,100.09780610177056,13.41780183872995,High,13.41780183872995,val
1.428012624010368,13.05656035467434,3.2492083330254595,605.6655276156436,99.88509273460431,-0.0378392831921885,Low,-0.0378392831921885,test
0.8673896712594766,0.9910199190686853,3.3484787292529994,2756.298682586197,100.03113465510586,0.7924038352789822,Medium,0.7924038352789822,train
2.1775401348317573,4.96998995552531,-1373.6378210524658,3990.981204026523,104.92509667098372,2.5611067541288,High,2.5611067541288,train
3.224474464276431,15.94594143557287,6103.302994007797,3699.1554511620175,99.9712787431415,10.297998559349743,High,10.297998559349743,train
1.7788496215348388,14.221201389780338,145.81664408085172,2999.8767941810324,100.01718094409163,1.6212925859000935,Medium,1.6212925859000935,train
2.0059386236247123,7.429334664004737,-278.5495028673576,2758.050178231713,100.00221540343094,3.714654107582426,Medium,3.714654107582426,val
1.9352785113555924,4.7136805075658375,-80.9397244576419,1050.244884477166,104.9049493088074,0.820555391211691,High,0.820555391211691,test
1.618889457144422,2.9856518992495555,155.47797032765854,4999.966342211207,99.9684929056295,1.877960540636144,Medium,1.877960540636144,train
0.8457395592216481,14.108507943144176,6.625540276038583,606.0177154186132,100.0458694076964,0.2679993415648857,Low,0.2679993415648857,train
2.02189947390656,11.160401062237415,3.236754509094296,606.2694285481033,100.00631877438596,0.0037664747929266,Low,0.0037664747929266,train
4.697822206232042,5.23225050638941,754.6964710573493,2754.465935453768,99.85338116223244,2.4342679112101924,High,2.4342679112101924,train
1.4107718364376678,7.647053027937476,236.497515278198,5000.535396938712,100.02491190225447,2.156640531418772,Medium,2.156640531418772,train
0.5362329840656257,6.51839675257699,-683.4945873849969,2611.78434982532,95.01889050867888,1.491935580883844,High,1.491935580883844,train
1.1549727485485772,13.854013443510231,6.397505077354799,606.0090156761482,99.98561652109856,0.1266466512421405,Low,0.1266466512421405,test
1.0172004313733871,14.941786325998356,4444.677833590583,3803.442832392961,99.99847804262365,1.9978424905612748,High,1.9978424905612748,train
1.022189437328845,13.835077189367242,3.2745801400315417,606.0219911627936,99.93395917548094,0.0869647659689423,Low,0.0869647659689423,train
1.6451467033911993,3.3902286372610804,-161.91526361358672,2999.073898982317,100.00955385607872,0.6180139366149148,Medium,0.6180139366149148,val
1.7075521963618057,7.213222872459095,145.85254334574336,2750.439702083655,100.0631272070277,0.9716224980581863,Medium,0.9716224980581863,train
1.3625520685693084,7.384458206311947,-3.2797268580669616,606.2189299020214,100.07803171976596,0.0457661502879297,Low,0.0457661502879297,val
1.1830662935645408,10.32588555067348,3.182823331224182,606.286603803212,99.9649463917609,0.2541213895182723,Low,0.2541213895182723,train
1.4122960679418337,1.6880498182900925,3.31050758822743,2616.977135829487,94.94861840884109,0.959073417280876,Medium,0.959073417280876,train
0.9649635480808708,9.827757066958224,48.55355914551801,2755.0368792325608,99.94151964318522,1.5336013799285682,Medium,1.5336013799285682,test
1.3248066712692306,11.56732373850904,3936.088976753987,3989.733117346176,105.00502369837702,0.8706555831262762,High,0.8706555831262762,train
1.483060633483194,0.7343578091898686,3.1571104521523097,2757.070489791602,99.98183222190907,0.663020548805269,Medium,0.663020548805269,train
0.5674501194740289,0.7576389820623503,-3.1246633026142896,2679.1909892808885,100.0774764743558,3.5640131714150773,Medium,3.5640131714150773,train
0.807149147727388,13.252185743415112,3.2637408648506314,606.0818865760742,99.93527547645644,0.3774608552978344,Low,0.3774608552978344,train
1.2579090531138348,11.066779049829298,194.3037798599047,2750.4833737825097,100.0370213148534,0.2490670282771356,Medium,0.2490670282771356,val
0.6075238912521328,14.62210084326298,6.349980412819449,605.8999319258974,99.91284915171978,-0.005432356889836,Low,-0.005432356889836,train
1.011070096750465,13.1467099582532,3.218717209267386,606.352847182856,99.98943567633518,0.197751498478771,Low,0.197751498478771,val
1.380820106976779,13.73693427085863,9.6889057755984,722.9642414717435,99.93491909926875,0.4102375050444848,Low,0.4102375050444848,train
1.4812978419099938,3.241249735125109,-3.298228228788737,605.924427584532,99.99882032157204,0.1029749646343801,Low,0.1029749646343801,val
1.2451050314145862,9.335580959481254,-320.7179231111787,2755.477014672916,99.93433942950988,0.3032852802831414,High,0.3032852802831414,test
1.46879918274631,11.438271455271709,3.192687720511119,605.7811151028052,99.96395927117314,0.150572250064389,Low,0.150572250064389,train
0.8176268184933252,9.410375821557912,9.758206261708787,635.9664221541352,105.03781598370117,0.0525301497804553,Medium,0.0525301497804553,train
0.8700385802780403,14.88381573040606,6.451255409217778,606.1859816514476,99.99268067997932,-0.0200246180168754,Low,-0.0200246180168754,train
0.4323973007903988,6.501911893789261,330.3625684595134,5000.011895500681,99.92902234396594,2.357514832554811,Medium,2.357514832554811,test
1.091054172768466,13.717847536778422,6.462832905886304,605.7004890645788,99.9277001845642,0.4340881924124935,Low,0.4340881924124935,train
1.81632876907466,8.061830194273151,3.183940767518194,605.9378452657368,100.01735103421696,0.0189216606254625,Low,0.0189216606254625,test
1.3237375201133466,1.3346709106026924,-6.465735081498493,2768.2753763857663,99.89099696535824,2.4132585437067853,Medium,2.4132585437067853,test
1.0929729519273623,6.75938969576541,531.3221253023838,3990.5157812143175,104.98703459184738,0.9069830431733612,Low,0.9069830431733612,val
1.4869783688413991,9.28407531621014,55.04961327751275,2893.7881352776576,105.02188441439668,2.2698515740562546,Medium,2.2698515740562546,train
28.274261962870828,4.343273716576513,-9.593488794059796,1990.006131574196,99.97852276398832,0.9526356706672462,High,0.9526356706672462,train
1.8895879817871728,11.809578145440703,3.13749408125802,606.3074854612752,99.9615064495173,0.1757335727894068,Low,0.1757335727894068,train
0.974343271030742,14.958710026342285,4444.685143006343,3803.511106587429,100.02272341090476,2.074100500831116,High,2.074100500831116,train
1.6248163035012313,9.561942729450582,48.64778383761586,2765.80808582442,99.92809502714572,1.5936303378025505,Medium,1.5936303378025505,train
2.138274496063654,22.439390083100346,5290.185357728571,2767.884073208082,99.92361868853968,0.3732792955159076,High,0.3732792955159076,test
1.6095493427036256,10.055032836869264,9.806970169240374,2749.3448459089736,100.03572098034032,1.846086580248039,Medium,1.846086580248039,test
1.707019829345884,12.598521573477576,126.3081170753741,4999.627843931751,100.04601224824096,2.7095084263390925,Medium,2.7095084263390925,test
1.4177159947873166,13.677279873938694,3.170765309931717,605.9554416647718,100.03549239156344,0.0560826137214929,Low,0.0560826137214929,train
0.9043273447601128,2.491395948103319,-9.616946969675247,4012.0584812401175,104.91926354036254,2.4363284641565386,Medium,2.4363284641565386,val
1.9252606925012816,7.86250479993005,35.605510458715244,2499.476799001423,100.00795665737826,3.406454751405706,High,3.406454751405706,train
0.2975327774588002,12.87815103614951,3.30451065212094,605.9925362251977,100.06527983317076,0.1743697880083201,Low,0.1743697880083201,val
1.2296309658807385,7.784982030120831,-3.329664358102015,605.810773296354,99.97147085650948,0.2075478405849343,Low,0.2075478405849343,val
0.5021785097799714,23.18974937371205,6654.023271022365,2749.8183027434693,99.96119525384728,0.953988396463232,High,0.953988396463232,val
0.0874801551723475,11.734283196093898,-544.066969528674,4245.621265534454,99.9824692432118,0.9735619516839048,High,0.9735619516839048,train
1.3169182420852823,13.285089904792333,3.183563683622914,606.2750241910841,99.99927071925514,0.0863357524556964,Low,0.0863357524556964,train
1.6161811797162813,10.35838115291438,3.22865506864139,605.9363042501576,100.07539877035146,0.1068192826761278,Low,0.1068192826761278,val
0.5725384705240905,13.582855104389974,6.493393325678052,605.9373587967383,100.10491261941584,0.0850832930742227,Low,0.0850832930742227,train
1.2378210462110797,10.371679262304133,51.813010202881415,2763.694096365118,99.95727612693724,2.0242799417971487,Medium,2.0242799417971487,test
1.8846441086749768,10.319314830838666,3.270762882056344,606.0651469005735,99.95744178319993,0.0550817179658495,Low,0.0550817179658495,train
1.1025895348833892,13.14110576800656,3.273271004813033,606.3830040004494,100.07569152645708,0.4843831495512106,Low,0.4843831495512106,val
1.7500368277743903,7.319362908386296,136.08591089770613,2615.7586184315737,94.99641769814896,2.9604239354879427,Medium,2.9604239354879427,train
2.15377290886602,1.871495702686209,9.71216368475654,2999.415738255262,100.1921415113784,2.96267810567006,High,2.96267810567006,val
1.8423564069468832,14.408622610601064,6.499678195703793,605.9609026051749,100.01906682976713,0.2030918142725788,Low,0.2030918142725788,test
1.2575131624576006,10.488473393530832,217.0115183610804,2750.004930128706,99.99202536702612,5.109735127721958,Medium,5.109735127721958,train
0.9559108909283358,11.048637748875326,2569.030974472201,2617.8644628103584,95.01544674928304,0.6837132197676414,High,0.6837132197676414,train
1.3652299467793527,7.791314463081191,38.85510390615153,2758.131769777988,99.93687979444783,0.906277473439374,Medium,0.906277473439374,test
1.681988640711081,12.713684189697366,2439.421056652423,2765.6124793847657,99.99112869367896,0.966808319936665,High,0.966808319936665,train
1.2269953546929333,13.674623826151231,6.408704273135313,606.060228529398,99.94574430140123,0.2341691462625243,Low,0.2341691462625243,test
1.4961779192593931,1.82372219887322,6.508965606217878,2754.1517522887,99.93131496392424,0.0086733644934091,Medium,0.0086733644934091,train
0.9943375109406534,12.262983428055325,9.679522166372976,3978.0962462990674,100.02249391271354,0.8054435668231138,Medium,0.8054435668231138,val
1.420353105199098,9.300455558572542,16.228369542313505,419.9123211905078,99.99250218018776,0.1026465360640178,Low,0.1026465360640178,train
9.822198408592802,14.199163268993567,1240.8070969326548,605.8635837836434,99.95370206638498,0.008167177024381,High,0.008167177024381,train
1.4849045392651856,10.629748022111842,48.70007558384259,2903.585949196698,104.962323631091,0.8491571794363282,Medium,0.8491571794363282,train
1.6166533927829807,0.604210417755641,84.20107274872416,1990.273079523968,100.05090603305128,2.076283005959143,High,2.076283005959143,val
1.0939902088597069,13.486339527414328,3.1758684271868627,606.2602123221383,99.97323761390687,0.0761734705284198,Low,0.0761734705284198,val
1.1531901904228288,5.226558355155436,-16.257615110743842,3799.477011537388,100.05435835562508,2.810696430731208,High,2.810696430731208,train
1.6194153230271997,10.727249523634947,3.2986467371351447,606.4173747635456,99.98413421799386,0.2503426741776297,Low,0.2503426741776297,train
1.025619584246708,1.3821831775053206,-6.557135348597289,2765.126415965548,100.03386667228568,2.060791045763031,Medium,2.060791045763031,train
0.6270386574246447,13.755948942733102,6.473610505310973,605.8507701206306,100.01715049589706,0.0396617938168316,Low,0.0396617938168316,val
1.0892254885786232,9.094336480372853,38.91450651409587,2755.578663235478,100.07133069418605,2.2049434160338843,Medium,2.2049434160338843,val
0.7384550887287551,25.82607140929309,5721.127550602651,3973.798329993124,100.13266605319544,2.662327910653024,High,2.662327910653024,train
6.409875323492025,4.256977532436003,-353.0929940184208,3977.9282061943136,99.95440375090077,2.081150086319424,High,2.081150086319424,val
0.3802605991306182,13.263446435548952,3.221005889884012,605.9120164478777,100.07106417978338,0.0427343799292573,Low,0.0427343799292573,test
1.3698661061925146,9.857604958026792,38.90173085568753,3064.5173384238537,99.99267014899732,1.6011055916760155,Medium,1.6011055916760155,test
1.740956781677677,8.387356650527577,434.04717339394887,999.8764926591224,99.97518516226673,0.5145076758247936,Medium,0.5145076758247936,test
1.5614081717367436,7.255125753021706,32.393266663428435,2747.74387326878,100.041071504345,0.9210566792616264,Medium,0.9210566792616264,test
9.903901536388362,4.122817215681963,910.2962519765016,420.20891836006047,100.04976368319134,0.0375543681205362,High,0.0375543681205362,train
2.1454143128322363,17.752315749790114,5056.931529041773,2758.1890978791284,100.06963677170766,0.18591727520221,High,0.18591727520221,train
1.2159424016421827,6.941679265852087,-3.286839387128017,3798.854397414372,99.88868632196922,2.41322112975373,High,2.41322112975373,train
1.318582995823416,13.227170099693073,4729.725573785422,2766.650441582472,99.9618370956668,2.388455749382719,High,2.388455749382719,train
1.1707606113368567,0.6695574513498069,3.269791174555528,2756.248467727434,100.1130434663202,1.648302071679237,High,1.648302071679237,test
1.0805504681041782,13.23230146573508,1499.9226997140993,1990.022263639428,99.97513732415084,1.6134328014376649,Medium,1.6134328014376649,train
0.5696324895675904,15.433931137865605,6637.855313041331,3825.671903024857,100.02659148079614,0.4494810677482451,High,0.4494810677482451,val
0.9720814948357804,10.04651721815454,103.67222564792668,606.3160110571333,100.0335008509335,0.1877515898411534,Low,0.1877515898411534,val
16.568626542017533,0.8971551061751049,955.7554829255782,2617.73473726884,94.9486196826954,1.03103008340999,High,1.03103008340999,train
2.450624437221241,4.494276511518374,-259.1343679525921,3799.083659777256,100.05718292569082,2.2243867266471256,High,2.2243867266471256,train
1.7468886174350255,6.390162599438748,126.35665729617692,2611.979128650744,94.96033777443245,1.148973802572268,Medium,1.148973802572268,train
0.87926247278253,12.85357274949038,3.2243935873394727,605.9242781209501,100.03359402330884,0.3611271708937756,Low,0.3611271708937756,test
0.9882785802873832,11.53006523639258,3654.211432355789,3540.4467935263883,105.05003131544768,3.3256617260010897,High,3.3256617260010897,train
1.1859561012763344,13.553923552247852,3.251824078006251,606.2363679423977,100.06376207285668,0.2644504040863943,Low,0.2644504040863943,train
2.0803042286286977,1.8985923463065093,9.723064092309004,2999.5446766535542,99.91889662632164,3.010484874404616,High,3.010484874404616,val
9.477411335300394,11.248392103542466,2306.62459016419,776.2525107669787,100.02224628150944,0.1630177113126188,High,0.1630177113126188,train
1.352360283901781,13.955227875061018,6.557524196308111,605.4909063292766,100.00641941748164,0.1185468330866128,Low,0.1185468330866128,val
0.9417781384688148,13.269082948990294,3.2952264446338613,606.0305290412359,99.935023576124,0.0289431414174594,Low,0.0289431414174594,train
0.9117449499799398,12.20767163964089,3.295508181655627,605.6330253276068,100.02356740352415,0.1508774772964703,Low,0.1508774772964703,val
1.4994210843663,14.692860481621585,6210.151037723761,3989.741712569808,104.94640847132102,4.065011673945817,High,4.065011673945817,train
1.8516577486236987,11.146480609381689,13.010368365740815,170.14557788606507,100.0570758601975,0.0386282556675348,Low,0.0386282556675348,train
1.2025510418708452,13.204590184327364,3.2337123489876545,605.8646501724613,100.03874104552634,0.0696305102720032,Low,0.0696305102720032,train
1.0824036563266235,2.080182252111344,29.22410918975863,2768.303314868177,100.06481268368378,0.1499444876894646,High,0.1499444876894646,train
1.1918288639564505,8.572672975132882,29.161456459117368,2751.2202852888577,100.03396612177092,2.731732660323911,Medium,2.731732660323911,val
1.0093033809070804,1.9971702097664503,29.168989604067903,2768.307641015165,99.94531193219248,0.0988601106929626,High,0.0988601106929626,train
1.239360033986924,12.406920187356985,3.195781716826133,606.0429895379043,100.09355717593354,0.1717672797326856,Low,0.1717672797326856,train
1.2109020944481588,8.80403892573959,22.66526821011919,2763.7790557680582,100.02239711029846,0.14551413826715,Medium,0.14551413826715,train
1.0927402218777855,14.233766339446143,6.375059674716099,606.0876775052458,99.91332360795568,0.0725123491848259,Low,0.0725123491848259,test
1.4016136614443435,3.336313441870439,353.09348592441944,3627.2031119571134,100.00820230464812,2.476041758951873,High,2.476041758951873,train
0.8766343931629069,14.507054726297683,6.457381160670327,605.7487845677764,99.95386937594564,0.1398889068886737,Low,0.1398889068886737,val
1.3976083502514736,11.338146481224513,22.59117786335809,2750.036234712332,100.03623823087128,1.6735368379045807,Medium,1.6735368379045807,train
0.5762548250979882,12.843757595164366,3.2439701902097484,606.0758591789562,100.03279936814684,0.0958111384854159,Low,0.0958111384854159,train
9.083679491516293,1.91200493923562,-132.85030942903057,2499.825955175353,99.99383887049468,2.4084756773825493,High,2.4084756773825493,val
1.6336556753044784,10.923041913071312,3.228077629878774,605.7616514876108,99.97518817917909,0.2352171350137412,Low,0.2352171350137412,train
1.4002860657829568,9.205586792418694,194.35043225260665,2750.449741440164,100.02083003772186,1.9964624807972824,Medium,1.9964624807972824,test
1.2168520976952684,0.7874382659959416,3.154272847649836,2756.2503462595305,100.03139236370832,1.5403278500459288,High,1.5403278500459288,train
2.0655626659527604,1.294364401158788,51.718805018669606,4999.821490566919,99.9915542772147,2.594491531022132,Medium,2.594491531022132,train
1.2011467334150343,14.815927688285964,6064.443269340269,2768.7176369277954,99.9687489187201,2.5053864755791704,High,2.5053864755791704,train
1.0466370417303492,9.940352562068796,246.2543808102036,2893.644112766557,105.03297340098705,1.1272146005949004,Medium,1.1272146005949004,train
1.1586215375516866,12.484236116319794,174.96875983993883,3826.629673419873,100.05553465760175,2.033494339907856,Medium,2.033494339907856,train
0.8598732201432074,14.1101087761891,6.417555656417936,606.1456501076906,100.00322292038194,0.4415768079555996,Low,0.4415768079555996,train
0.3605077717905938,15.214163839047186,4389.578654165105,3989.0341397721377,105.00967308302344,1.5883997079392136,High,1.5883997079392136,test
1.005495405517287,14.065565983149046,6.456602276715815,606.0884721801865,100.01473287361804,0.5438744893557677,Low,0.5438744893557677,train
1.1496175413961724,13.457256919024168,3.2088715462971,606.0973459382898,99.93960820797724,0.1001278375569604,Low,0.1001278375569604,train
1.778881013718781,3.0319627162433407,155.58409522827333,2614.063911630096,95.03497929533545,0.9766642422896664,Medium,0.9766642422896664,train
1.5866943527078845,12.962046442974351,3.3114120507113523,606.2011714296282,99.9894586493197,0.0994658208903322,Low,0.0994658208903322,val
1.550309323364203,0.8829446773870915,-29.18027662556397,2765.4708407135845,99.97967035553296,5.325070507583899,High,5.325070507583899,train
0.478226444582241,13.799386743700628,9.729108839702466,1094.3984070897889,99.9920091818416,1.1778164752907538,Medium,1.1778164752907538,train
1.831087051839532,10.065959426018038,249.53840111028583,2500.3602657869924,99.99618190347836,1.2945440732129745,Low,1.2945440732129745,train
1.251459894193599,1.4959393324028305,6.440604769910848,2756.8105771086966,99.98686628499456,1.6118090684944089,Medium,1.6118090684944089,train
1.309725969860132,8.605474339440665,45.38897878321546,2754.8194104744,99.8858650783128,4.644000614340245,High,4.644000614340245,train
1.7179193364700955,14.063415305511755,9.753347367825102,722.921371065649,100.00070307335685,0.2743807130142215,Low,0.2743807130142215,train
1.5669790651689015,1.5568603104482963,3.296391819487289,2752.951624354145,100.0746437209366,2.548752834488949,Medium,2.548752834488949,train
1.6219277638747047,2.737358319682277,-13.054464878198075,2765.1227492136222,100.01641354062232,5.922663052029808,Medium,5.922663052029808,val
1.526416837904497,8.121797556231801,12.999562571124113,1990.3433646799288,99.9774130118807,0.146211843551018,High,0.146211843551018,train
1.7406475832136503,1.058652459231836,-790.4965476783788,4244.7420378741335,100.00549428655872,1.8616132571735864,High,1.8616132571735864,val
1.052496592681985,9.66956856113432,48.70757516460152,2755.41217232652,99.9628322592014,2.386697050831805,Medium,2.386697050831805,train
9.22189573710556,10.935872558428535,1299.1162628599725,2499.119347818115,99.95666691364428,1.5183805005941533,High,1.5183805005941533,train
1.0079807697213288,14.582676355736174,6.5669903908725535,606.0058246141455,100.00386697094912,0.393571648309404,Low,0.393571648309404,val
1.607857496407617,9.13742608097794,45.306671529808966,2756.755439808132,99.98573898318648,0.920088722407569,Medium,0.920088722407569,train
0.6607561362904273,1.5524727625370425,80.96284082373903,2999.0309721852545,99.9735586108718,4.05414832379542,Medium,4.05414832379542,train
1.2208182141145143,1.5318216099373207,6.486735471807301,2892.18422323111,104.95476619371487,2.000732460039857,Medium,2.000732460039857,train
1.119143184302679,14.334693757642874,6.483027652385984,606.168410649538,99.92857315827727,0.2383087190576567,Low,0.2383087190576567,train
0.9523408595382836,14.081203824469982,6.486993071828915,605.8512678753859,99.9877398452678,0.049184457784066,Low,0.049184457784066,test
1.3799414769178115,13.708077727243069,6.461955212999263,605.8350835087618,99.94049633213804,0.1501199581103523,Low,0.1501199581103523,test
1.5727686046456522,3.018189688712914,-13.076263899146914,2751.1825862587425,100.08458070788777,2.348370193379796,High,2.348370193379796,train
0.9878473275346218,12.226751186764542,3.26993949496095,605.8113388888875,100.02386979098054,-0.1011951965418025,Low,-0.1011951965418025,train
2.031760405859568,12.422233961631616,6.5732941261829785,605.6632608534126,99.98510775609368,0.0464762405543052,Low,0.0464762405543052,test
1.573341191586174,20.322923750654383,5099.000406754436,2759.694665594164,99.96824415855662,1.745907256584732,High,1.745907256584732,train
0.94065273009636,9.692001043083293,48.6267835581456,2760.866082457844,99.95808965941852,0.0870349738709424,Medium,0.0870349738709424,train
1.270529530700973,14.114993114939852,6.549198641802201,605.7146084358992,100.09905145035984,0.1278726113566204,Low,0.1278726113566204,train
1.560024385065858,14.78865178597468,6.489982990507785,606.1030346226286,99.94884317039536,0.1944291340025329,Low,0.1944291340025329,val
1.2473348094114738,7.7069667207863395,3.15833222442535,605.785756679311,100.03467984390336,0.072588242672423,Low,0.072588242672423,test
1.9332464791730808,10.328114510492728,3.2191600917528627,775.8813092762645,100.1086886749422,0.054473160116472,Low,0.054473160116472,test
1.2449520824101352,9.760435731476752,55.00737190777683,3066.455824984565,99.96806489004248,1.5724968713860057,Medium,1.5724968713860057,train
0.9969733931995962,14.533956544384091,6.514925509862386,606.4692857672717,100.01508913877846,0.2879045223235215,Low,0.2879045223235215,train
0.7445150208776976,13.412603169551277,3.304427026474444,606.0941329066089,100.06412873083598,0.0973972885015235,Low,0.0973972885015235,test
1.7039016190331653,6.848654665654992,113.3543796942661,2747.805599150207,99.98788515559777,1.0782046727973684,Medium,1.0782046727973684,train
1.5482810802132858,2.9590277558433016,-12.906572957308382,2751.2508044952747,100.02248308354172,2.192840193032122,High,2.192840193032122,train
0.672109739717474,0.6190796640584763,-64.82601726429178,2619.025369943415,94.96542050851868,3.44864317962945,High,3.44864317962945,val
1.6321427885781752,14.820320110801422,152.25050419985865,5000.1317721236655,99.9922461329268,2.1362439028689715,Medium,2.1362439028689715,val
0.973298139795554,14.243919929869463,6.489726700809406,605.7683586264708,100.05367803872257,0.1345032336272824,Low,0.1345032336272824,train
5.095283572598199,10.38855186115122,310.9568517483439,2499.9591575475856,99.98932776342194,0.7897544629316897,High,0.7897544629316897,train
2.1279821982446907,11.450328498389943,3.200918558667836,605.995770047309,100.00022396997488,0.2650136293386093,Low,0.2650136293386093,train
1.8147155467143867,3.918531568691404,-9.66290148359966,1000.0603919795668,100.00177835465036,0.9720851024552812,Medium,0.9720851024552812,train
1.5224523083092516,0.8661968058244107,-29.095001381289403,2766.9067822812453,99.93198441335974,5.246194083263335,High,5.246194083263335,test
0.6558460196294635,15.432268757216924,5381.014516107971,3137.0677326402774,104.98310347618435,15.882812231053457,High,15.882812231053457,train
1.0547013922740591,14.340102639041246,6.41000704443494,605.9352904391427,99.98903422111816,0.0928048015606698,Low,0.0928048015606698,train
1.4942339819829615,13.79860533923275,6.56142809758223,605.8079505073529,99.94015076238443,0.297266814629553,Low,0.297266814629553,train
1.1445100810089084,9.75132979436386,48.65695749129884,2757.839833485751,99.9932251267889,3.322817477026194,Medium,3.322817477026194,train
1.9911568037279763,7.26810344975403,456.8570505913568,2614.317537265758,95.10999234185142,1.36651619164965,Medium,1.36651619164965,val
0.7949652552349398,15.236892551791614,4587.221751132873,2903.112949029612,104.9649548873616,0.7031778519412447,High,0.7031778519412447,train
1.1912985611439462,9.884858699446816,1587.442969180078,2768.8394674793904,100.04714793531949,0.9322404677686008,High,0.9322404677686008,test
1.8006038297524756,14.137458922683315,3.3013496598397643,606.2355961464422,99.97576676706136,0.3875211784332859,Low,0.3875211784332859,train
1.486993839988918,12.40358097511476,1159.8190400220014,999.8420264517248,99.92976506422131,1.4111498914505374,High,1.4111498914505374,train
0.5948987599739535,5.809611186921222,6.316608109869041,2755.742889326224,100.1173268787084,0.780937758353663,High,0.780937758353663,test
1.260032872954164,11.67706499985253,375.8396788000846,2625.398951624644,104.94423366542564,0.4428373999448002,High,0.4428373999448002,train
2.7035681690733755,2.073504809615047,-223.39420245406137,2805.848969968517,100.02307841547048,17.226838294493085,High,17.226838294493085,train
1.0897594543602476,10.227278419481165,61.53428952740313,2756.8536324725387,99.97490820295502,3.155053949205076,Medium,3.155053949205076,train
1.2766591081458492,9.950054702058928,48.59747082903472,2758.673949650773,100.02637549249816,1.5744604911015343,Medium,1.5744604911015343,val
1.1115229464511176,19.577281988945824,712.7199377212687,3825.84002744113,100.04723749684818,1.2248270125261769,Medium,1.2248270125261769,test
4.282109656958515,2.024514967219846,-1143.49611002265,2700.2703574744887,100.03817856787744,2.289754023497932,High,2.289754023497932,test
1.7421605563207712,6.613414123370878,-3.181500976166179,2768.538747583444,100.01467119603302,2.3986770574124727,Medium,2.3986770574124727,val
0.6351312112801303,14.102058436746642,6.473130165282511,606.0892537602384,100.00496978674586,0.1259764532225599,Low,0.1259764532225599,test
1.246448798719916,0.8133782022308693,-16.219683551840962,2889.5093903989427,105.04576606956412,1.0970441978305117,Medium,1.0970441978305117,test
1.319694894948549,13.45391163257042,3.1718610731386394,606.2038771829571,100.00483681405493,0.072652877580119,Low,0.072652877580119,val
0.9121966767790266,9.689004151605673,9.753098869010032,419.6260595165421,100.01858553780458,0.2077622184972882,Low,0.2077622184972882,train
2.4603696551826286,4.097577226841154,-94.09525335221308,2617.92519485376,95.0323071517627,0.4377846597267351,High,0.4377846597267351,train
1.8915144896420968,10.582046724548247,3.2156562883579043,605.8927757736396,100.04917175523344,0.1423217206498397,Low,0.1423217206498397,train
1.1494696550855403,13.403215656050524,3.262204934762245,605.68887318547,99.97254447704206,0.1153522437552411,Low,0.1153522437552411,train
1.0724916842214856,13.780361878767646,3.32021169341462,606.1528436045692,100.03400613564044,0.110261826401552,Low,0.110261826401552,test
1.3320751496384138,12.104581539434909,3.18988027191944,606.0017206567708,100.08055885789642,0.0827133496118665,Low,0.0827133496118665,train
1.4269092586464254,9.502585178009296,42.12717805982248,2903.6161617541875,105.01623098842032,0.7802110746893809,High,0.7802110746893809,test
0.9718258221700796,13.01902393491062,3255.8111593485705,3826.067927168984,100.10672198888678,2.431027304629185,High,2.431027304629185,train
1.2100890564187758,0.4859181016667365,3.280810286062538,2757.6464996262507,100.02959569869309,0.818368864459632,Medium,0.818368864459632,test
1.1591909502636488,1.1545578571433477,3.346986835909648,2750.224117776527,99.95344389955712,2.118674225644384,Medium,2.118674225644384,train
0.6775444551639812,8.381956394073912,19.414217889885297,723.1467939864174,99.94276235598532,0.2341378145817517,Low,0.2341378145817517,train
2.007823658333768,13.492142006376143,3.217745152677036,605.9713567125967,100.05226127583542,0.1799183957080011,Low,0.1799183957080011,train
1.632962743916167,11.661227200678402,3437.3172086318705,3713.162591162436,100.17276573730204,11.48496378508328,High,11.48496378508328,val
1.4538365653438212,11.76517433680076,132.8413020252342,2766.467227793584,100.05301560215432,1.8395033865003545,High,1.8395033865003545,train
1.0627061348446034,12.68888066108951,3.214983286805197,605.8828255358359,99.98021143679766,0.162593545465598,Low,0.162593545465598,val
1.2193747621347486,9.441376072396816,184.6658127378764,3063.6042902837344,99.91557367536022,0.8065332948941609,Medium,0.8065332948941609,train
0.8206507982573928,0.7058050124875983,3.2637814135523,2755.9910586865103,100.03565692409002,0.0839217823195632,Medium,0.0839217823195632,train
0.6055532708810372,0.99682886689944,-48.56099973108115,3000.2200380451363,100.00398529145436,0.313325702316537,Medium,0.313325702316537,train
0.7739710116528286,13.186488174752547,3200.674208306453,2755.813029882693,99.9763859351227,1.0046438990082234,High,1.0046438990082234,test
2.4811640925082497,11.1592781395551,3.2086515783885794,606.0989516697115,100.06435189849444,0.2571860842937161,Low,0.2571860842937161,test
2.518574318062748,7.965224787033631,142.51692358667404,776.245064983023,100.04310323212717,0.0637180651568749,Medium,0.0637180651568749,train
2.3025391205968866,3.198211304819805,1224.5177756026346,3045.579309365464,109.82313685626484,0.7632035921528595,High,0.7632035921528595,train
1.0704377088575294,14.75970665065176,6.433878977004005,605.8998654938224,100.03343310498336,0.2978714113763481,Low,0.2978714113763481,train
0.5395333087045442,13.821383317016728,3.2992893301137816,605.8955724099895,99.99733429880466,-0.0018082035189547,Low,-0.0018082035189547,train
2.3187039517959738,6.074826760734111,87.45118625621119,2499.1145324333243,99.97031635444216,2.137870570185844,High,2.137870570185844,test
7.367569866032295,4.94833413413043,-3.15069103142358,3713.5550338938097,100.05685483827332,2.328549422151013,High,2.328549422151013,val
2.1215957058547787,4.016438719283394,-16.18458083234424,2615.0572391952,94.96888424794352,1.2110288119923347,High,1.2110288119923347,val
0.5534022867411291,14.571395638883608,3.13964421721587,606.0494902194991,100.017004429938,0.1246812291820488,Low,0.1246812291820488,train
0.8964776768349996,11.993296421370902,3.2475877443294885,606.1406490452944,99.90676520364916,0.1518687587603952,Low,0.1518687587603952,test
1.5615444288576872,4.5523001686736,38.89138768566536,2752.6035849537457,100.02097206961012,0.7828865705483498,Medium,0.7828865705483498,train
0.433611289154529,0.6918598496228827,-9.744940595503856,3811.319552623584,99.98316913211627,2.923335123198508,Medium,2.923335123198508,val
2.162912324170933,4.09989751594476,-6.471892326282964,2613.662774128173,94.90470560743134,2.490554900027107,High,2.490554900027107,train
0.8687719420527145,9.000922103051014,45.39693669531294,2755.5305145050943,100.0174719922875,2.669922856020799,Medium,2.669922856020799,test
1.462339574190106,0.8789659135973571,-29.18257915361702,2766.8214948346767,100.02578465189104,5.30808313688715,High,5.30808313688715,train
2.010273379662816,9.873772694470428,38.82405722691032,605.6720430867697,99.9799758593893,0.1604227872059577,Low,0.1604227872059577,test
1.0355123297361557,13.220234523920098,3.201865958207512,605.8833062840639,99.96903933586074,0.2324238606789776,Low,0.2324238606789776,train
3.016089857582094,6.633126502970579,-29.109100330028152,169.72975245266502,100.00562979235744,0.0220667476177013,High,0.0220667476177013,val
1.2737558114167495,1.624442146990828,6.559556109546872,2757.334193887713,99.98163930198469,1.73861547759011,High,1.73861547759011,test
9.886931922979649,14.1346045248662,1240.7392673418203,605.9618931805534,100.01927047384916,-0.0816992306939967,High,-0.0816992306939967,train
2.223385290097546,10.03907420699658,3.219192158329436,605.9190245529903,100.08290084676136,-0.0148465533077318,Low,-0.0148465533077318,train
1.3658820982157438,10.19456547049693,25.909298275985485,2499.355201430431,99.94610376544595,2.028222990902879,High,2.028222990902879,val
2.092016932671251,12.967658166550354,-1814.011133785392,2769.5989022640606,100.07627635359826,2.419493507233704,High,2.419493507233704,train
0.622456191097405,3.8887248557849055,-9.745117322242594,999.9447724515076,99.94234954578113,1.671713771878054,Medium,1.671713771878054,val
1.3969189874757393,0.9613723086132644,3.230706221867784,2765.3743759619124,100.04727389304732,1.3341815441908649,High,1.3341815441908649,train
1.3912994120846227,11.831081926670963,4185.482118781187,3755.950109431172,100.01137263767228,15.588093250531616,High,15.588093250531616,train
2.0991624579644426,7.316713370917648,-783.9498717805383,2769.336060949007,100.05895755017067,2.644281027348057,High,2.644281027348057,train
1.2377146855897472,10.642169710609656,22.67078026038716,2749.81037846638,100.0168228370959,1.220156244099478,Medium,1.220156244099478,train
2.0004496240398164,10.396787848302337,3.250451778635465,605.7939735840887,99.97637845835824,0.0172022477275487,Low,0.0172022477275487,train
2.0064623872611587,9.870900683045466,161.96718215058485,2768.0104539668973,99.94657774313204,1.0981659308373946,High,1.0981659308373946,train
1.248029267910462,15.013127733757806,5037.410967586219,2758.8769447384857,99.99476943126253,2.571414347741922,High,2.571414347741922,test
1.1242695985143674,10.325233286847975,35.68490626730927,2763.290889967303,100.0524022805995,1.0400625821775484,High,1.0400625821775484,val
0.9959863677699698,9.857503409419843,45.41645861798496,2756.520100961338,100.06410826939631,3.697701932512477,Medium,3.697701932512477,test
1.388005145029776,8.805187577017305,45.33797124893847,2756.3571942079257,99.92334973123408,2.28127077623739,Medium,2.28127077623739,train
1.0794446657659285,9.100186944142994,9.766515477027912,2891.07923825444,105.07959642954069,2.296931874604336,Low,2.296931874604336,test
0.7390866994925387,13.547572628840433,6.465881791859345,606.1248518174322,99.99477423744597,0.0486918491710237,Low,0.0486918491710237,train
1.2046813331452209,13.53407720537128,6.557597814752819,606.1605801927146,99.94706183936948,0.2471542302328145,Low,0.2471542302328145,train
2.197457301961082,11.062232699572345,-780.644494034158,420.1572193095126,100.01713534788736,0.2028043978778314,High,0.2028043978778314,train
1.614819548030942,3.7261363330709663,-35.60773528114941,2767.089841748334,99.95401941262634,2.368999898360628,Medium,2.368999898360628,val
1.5975358435777551,11.489644272310668,9.666057968390596,169.9834400073889,100.00041905457287,-0.053179780558335,Low,-0.053179780558335,train
1.82062629388173,2.4947371742666657,77.71754995746653,605.8960239449232,99.93722933598086,0.1639127712551752,Low,0.1639127712551752,train
0.4188485996419899,9.769304672665111,51.69362848740959,2670.0730583501395,99.9809369340364,1.0025578650810587,Medium,1.0025578650810587,train
3.1650094885856137,10.47762918831537,174.93903320914606,605.8986291091592,100.03562124465294,0.0838945909989268,High,0.0838945909989268,train
1.980043417784873,10.434028230652553,3.318344572997236,605.7720980479312,99.99176514472994,0.3033844753419045,Low,0.3033844753419045,train
0.8257550747883503,10.67682139467226,187.9330466989556,4245.083838563399,99.99796976857158,2.884709830229108,Medium,2.884709830229108,train
0.7771824876587127,12.212153788477526,1655.4352726093157,1989.8714326664544,100.03380903097803,1.407101325464432,Medium,1.407101325464432,test
1.5416716786823548,3.133519860804171,-165.24049370138246,2999.7037900516525,99.9852252656762,0.7815199544440814,Medium,0.7815199544440814,train
1.5781192752529605,1.58919833250915,-6.485398777097793,2766.678432859838,99.9836430987615,2.006611102799208,Medium,2.006611102799208,val
1.4197049094512917,12.441293851439012,9.746203611154968,170.100401747431,99.97463768668202,-0.0284677527870504,Low,-0.0284677527870504,train
1.612880924991477,13.902828475446569,19.490230529385464,2500.278384941862,99.93791226636124,3.01701405162582,Medium,3.01701405162582,val
2.0013767458298566,11.322980688470832,3.1946745632048663,606.2380608807525,99.91109063985763,0.099362548762793,Low,0.099362548762793,train
1.6876743025042706,13.789496427681536,6.583556392019743,36.06476426712083,100.04589928483264,0.07170362694568,Low,0.07170362694568,train
0.6077238112086647,14.325407460424296,6.436944283518676,605.946408749117,99.88730098373524,0.0424487706875807,Low,0.0424487706875807,train
0.63697622059446,0.4834189102589159,-9.680805996582013,3802.947541689529,100.03819832952492,1.2570955197035178,Medium,1.2570955197035178,train
1.2680414934642634,12.958764802853665,3.2807696601663183,605.982749099723,100.00200557880886,0.2381985092588852,Low,0.2381985092588852,train
0.5917773073628854,0.6822943714083336,-13.025545494045272,3811.382369304807,99.94951600311734,0.5827792987816018,Low,0.5827792987816018,val
1.0881715958539513,9.308378431235898,51.80552505207505,2756.5793563540897,100.0476247976538,4.785195934942574,Medium,4.785195934942574,train
0.0025401280675573,11.69379641098062,-544.3178697229702,4245.634801003022,99.99542495176998,0.9439187806251232,High,0.9439187806251232,val
0.6985697137071756,14.816664075328712,2076.6677172911523,4244.830134417999,100.03796558119753,2.105165345565918,High,2.105165345565918,test
1.694303301609847,7.16735003358375,3521.4610412826646,2770.284743271075,100.1225157054624,2.462024770743493,High,2.462024770743493,val
1.7269523641440356,15.624362170231157,158.75675309546935,4999.573240614212,99.90782639946896,2.07175891048582,Medium,2.07175891048582,test
1.4783584287616482,1.819637504479953,6.5012224607070666,2747.679631595824,99.99841276821758,1.199211366916862,Medium,1.199211366916862,train
1.2296990026514107,10.760957400424504,58.23845264097864,1989.8520272548624,100.02603883006944,1.6732692953812565,Low,1.6732692953812565,test
0.910566999917247,13.59022662554966,3.2449004665582057,605.8946798870443,100.00477553354844,0.0871159507475461,Low,0.0871159507475461,test
-0.0107047725815465,8.749791342702187,6.472571294918842,606.1278513583728,100.04840129813854,0.1716566366351783,High,0.1716566366351783,val
1.282739709579368,1.4235598212591234,26.016066409714533,2756.2071762652213,100.04904488094964,4.163916575534567,High,4.163916575534567,train
1.4454222395919183,10.123276746433053,26.02443671938808,2499.2792241518723,99.94764582461968,1.9956145603699704,High,1.9956145603699704,train
0.6503571451567208,5.736572964135948,259.1332514434132,3064.7195505651907,99.97915423090454,3.976809002866202,High,3.976809002866202,train
1.6725979045811747,11.383030164197992,68.01438861531177,170.31996612416322,100.01597691651308,0.0930768205865919,Low,0.0930768205865919,train
1.540423490049591,12.680531507211716,64.81692054421585,3826.837584538022,100.03286127846252,1.4770990131303188,Medium,1.4770990131303188,train
2.009762188030497,9.835618575851754,162.0692568979673,2768.0769972548137,100.01896356495824,1.206130407691972,High,1.206130407691972,val
1.2145285134535566,10.101227056816318,3.189945315548209,606.2005655971582,99.96000213482884,0.0651190899738007,Low,0.0651190899738007,train
1.2596981716183664,8.808260885262492,294.9577992725056,3821.866388087704,99.9411183484914,0.4814879178583728,High,0.4814879178583728,val
1.6218955664823729,13.58892021269894,168.49944265156526,1000.2856199255028,99.94234262298627,0.4979047458438701,Medium,0.4979047458438701,train
1.722459412034045,7.442022360198487,463.2185475146284,999.9098102108624,100.00319972412812,0.804025946442068,Medium,0.804025946442068,test
1.112913397771531,8.92915764649439,48.52343170930815,2753.999526902409,99.99676057064988,4.259415318047023,Medium,4.259415318047023,test
0.746503524336065,25.826044260746365,5721.134807459802,3973.789477934514,100.04680370425352,2.84391034551394,High,2.84391034551394,val
2.1418066049352653,4.416630971426155,-174.89835770101828,2760.400249121729,100.03543760275468,0.79074439239025,High,0.79074439239025,train
1.0333172515761642,13.2296065162929,3.3183416674995305,606.1280314135863,99.9755883873803,0.1759986758380401,Low,0.1759986758380401,test
1.4501063155558425,1.64801659010361,6.429868051987349,2754.5595832380013,100.05583165792918,0.7706720639076922,Medium,0.7706720639076922,test
1.6750369586224438,6.622533793671481,35.71707610112641,2749.493905205994,99.88103468600173,0.8852398604899085,Medium,0.8852398604899085,test
0.9094549840324216,3.8050730711643146,77.72418587566904,2892.79546438066,104.95744561857174,5.139310462809825,High,5.139310462809825,train
1.3913457198466566,10.560709120366893,3.2590360373788707,605.9221133135967,99.9739897865054,0.2001173290109949,Low,0.2001173290109949,train
1.0708911239882086,10.559027425888004,3.283919612585377,605.5041808734951,99.97189583131625,-0.0022742999819907,Low,-0.0022742999819907,train
0.8650515240709975,12.507386460893862,9.69716450948449,3979.172639480348,100.01309884156976,1.7118555530869817,Medium,1.7118555530869817,test
0.7475934001120489,10.05165253012111,22.735686047387244,999.7778719227722,100.04477454467263,0.8404159027172671,Medium,0.8404159027172671,test
1.3518262292633567,6.90512641662712,-19.45778390679391,2751.3631325681367,100.02159347055267,1.0533315120843003,Medium,1.0533315120843003,train
1.5628943287521304,20.17548908335548,5099.066043299368,2759.6031566794218,100.09533557876397,1.5768653283074636,High,1.5768653283074636,train
0.6875924452533736,15.243343416801448,1564.617982544871,3817.7897078226047,100.0270270276976,0.3726848517942455,Medium,0.3726848517942455,val
1.1271371143532916,14.19538693289181,6.524507363033355,606.2190157827689,99.98976072253252,0.2384416925631043,Low,0.2384416925631043,val
1.3052368123919011,15.236001551446268,6799.862503828121,5000.383703864622,100.03796170080452,2.9760519078586016,High,2.9760519078586016,train
0.5633232586952157,15.34591257527184,5380.976790799938,3137.0747529139508,104.98173868854612,15.87988057223001,High,15.87988057223001,train
0.8883474689939983,11.02941980226962,453.6145336731623,2804.1656798349786,104.96675104227543,2.3959114449600274,Medium,2.3959114449600274,train
9.373562211603383,11.465541590543603,1486.999372336893,2500.1131070623755,100.05383023061331,1.4343077726525768,High,1.4343077726525768,test
1.4089574735513886,11.871439384689518,3.2799258381076,606.0174175133394,100.03324389754742,0.1853235776338577,Low,0.1853235776338577,train
1.254743940512839,16.52297289529226,1104.635346656405,605.6244822431238,100.04191501060572,0.0230862873825319,Low,0.0230862873825319,val
0.7810854991312179,13.886055763910925,6.4584323153533605,605.7253098220837,99.9977022002324,0.0485271098453925,Low,0.0485271098453925,val
1.581548256432964,9.489479739728994,204.1302673197422,2762.2231362026823,100.0357132726736,1.0174686905280714,Low,1.0174686905280714,test
1.9640549050651728,4.798674590649909,-81.01006333470666,1050.170104176804,105.0389151002452,0.8677881674042827,High,0.8677881674042827,val
1.3302044271144342,9.159531642693102,1159.7390776448835,3799.3991968991554,100.0552628667498,3.270055493994226,High,3.270055493994226,train
0.8141971852669693,13.852777129892727,6.4417781018683415,606.4027075177898,100.0587186853826,-0.0033244706091249,Low,-0.0033244706091249,train
0.5583764527308047,29.04631669650824,5491.139233799,2617.0004525907348,94.96943935620745,0.3904070904086948,High,0.3904070904086948,train
0.9718450620397816,5.185441503132264,-3.268531415991166,3989.969886655838,104.96055328235217,1.4757119218955843,High,1.4757119218955843,train
0.5350527770712279,10.75529864870425,55.11994099939453,2671.4457070414232,99.94022912723004,2.053376774503579,Medium,2.053376774503579,train
6.751120106504963,13.727963829882214,4396.172566974292,1589.7347299317148,100.07722696284198,0.884258470463579,High,0.884258470463579,train
1.4659254860600155,10.797788317241118,3.119351328380912,606.2715391388672,100.12605204611812,0.1086437213604263,Low,0.1086437213604263,train
1.1557210668989022,11.166719868267704,1425.4121179267038,4245.595952951114,100.08865315886383,2.6159450130130386,High,2.6159450130130386,test
0.93376042333866,10.699870072449231,3.286208352004105,776.0715032721009,100.06499225376088,-0.0153739018135734,Low,-0.0153739018135734,val
1.6131819359589186,0.5324870845100259,84.32320129848078,1990.27800955202,100.02295120136549,2.124367317148334,High,2.124367317148334,train
1.970159242439985,20.527928001486465,3055.0392565924594,2617.0340483767227,95.0129452747246,0.7176377330901156,High,0.7176377330901156,train
1.3861295079072231,9.26988370195432,45.467413255491536,2755.096805488998,99.98196366528092,2.82933361016739,Medium,2.82933361016739,test
0.9645732823192134,8.475763440654294,563.6685024153734,2750.194025418199,99.98734746848646,0.2928044616200561,High,0.2928044616200561,train
0.9811393531457828,16.71126029410527,2753.5019380812164,2612.259990344965,94.97391228878573,3.3483540609125573,High,3.3483540609125573,train
1.0637758976971956,4.30417252270185,-6.465277440105036,3825.973241712932,99.96813300129348,0.0680449610362221,Low,0.0680449610362221,test
1.830383879424675,9.938011095456034,3.289498592022772,606.0027642881167,99.89098787545328,0.4326976309697052,Low,0.4326976309697052,train
0.6528796301418899,9.601891384297046,48.59020433116758,2671.7133513798826,99.86585151977658,3.097492584488561,High,3.097492584488561,train
1.9529814909455427,10.295689380784898,3.292945643444108,605.984522562646,99.87432003298969,0.2550821111763476,Low,0.2550821111763476,test
1.0993545904939106,12.164626431022262,3.22449812697308,605.6633907976675,100.12751282258168,0.069912338009175,Low,0.069912338009175,test
1.6770076759765786,20.25260208220653,5099.047323807451,2759.736739441008,99.93449586498431,1.6715803919580634,High,1.6715803919580634,train
1.2989289883898825,12.036215223315724,6.44369342610704,605.9375330933336,100.04347493669,0.1685348364854748,Low,0.1685348364854748,train
1.2872040177798936,11.43450067284224,22.67123850331179,2750.6554334643247,100.00678914938464,0.7901206154731674,Medium,0.7901206154731674,val
0.6758096185923612,0.4762054010729062,-64.80571267224171,2619.032716998858,95.01094094050728,3.496049427676837,High,3.496049427676837,val
2.5766334286590875,11.020006282807788,3.2300552755332737,605.9714705441687,99.98059037652116,0.0884468856893393,Low,0.0884468856893393,train
3.213380357238409,9.163770339513414,1133.7755579174118,1990.20605868872,99.98050650943028,0.5190972480303006,Medium,0.5190972480303006,train
1.4603953356549355,8.778065704974255,38.886915107802174,2903.614195930205,104.87664459406078,5.999930616567526,Medium,5.999930616567526,train
1.359792254166128,13.419975131445424,6.478874436663187,605.9357404740467,99.9596432145952,0.0415184150133692,Low,0.0415184150133692,train
0.5140137734620314,3.2435294429647,-12.950540542213544,3815.6662170016034,99.98595338141806,2.5430605619500795,Medium,2.5430605619500795,val
1.0976141873697118,10.431835188655777,35.69788523868014,2763.371271533334,99.97630435490598,0.9360159859276432,High,0.9360159859276432,train
1.1385221238259675,13.156512436930974,3.2056986645242977,605.9003425086734,100.07252788926634,0.2404804299013467,Low,0.2404804299013467,train
1.210808942371126,8.78855751192291,16.226448287393403,2749.803039076578,99.97601433981846,2.1203668147961667,Medium,2.1203668147961667,train
0.9865304948596264,8.68616975910555,42.198361132251215,2756.549811946556,100.0101007906646,0.4226751081484522,Medium,0.4226751081484522,train
3.160399782384424,6.512893464882816,51.780317761660015,605.6951523379753,100.05176293851834,0.1909121537703427,Low,0.1909121537703427,val
1.352021732332237,8.021175823948871,3.2380825808860765,606.503250463387,99.94876443800408,0.3649816782187515,Low,0.3649816782187515,train
1.6631677095602575,1.7155546043868055,6.485686450728195,2749.59966228282,99.92537320806971,0.2190257312998163,Medium,0.2190257312998163,val
0.802707385760002,14.417034265539485,6.454426132826869,776.2726700068946,100.0261041899674,0.2436090623699663,Low,0.2436090623699663,train
1.919647242029256,9.345482924911073,541.1001822480163,2752.405970220306,99.99694470583506,0.274615366914723,Medium,0.274615366914723,test
3.122351647774327,3.1759741694363903,-3.2778325125232226,606.2419894678826,100.0315145195226,0.1389911536677661,Low,0.1389911536677661,val
1.6421355096999306,1.410930615176729,25.9093505113204,2752.5327408016187,99.98292512468475,2.917680792934656,Medium,2.917680792934656,train
1.753584762318482,9.332021293533298,61.54873559580186,4244.865520981154,99.94784129802473,1.9366397907762056,Medium,1.9366397907762056,train
1.709763144475892,9.613995092632363,3.266952584284078,605.9308258771065,100.03939189033748,0.1504366388130986,Low,0.1504366388130986,train
0.3957458018558421,9.85125914680184,51.78623904430242,2669.9706458409346,100.04665676333704,0.4277237389176451,Low,0.4277237389176451,train
1.4768854840441965,32.26611210832881,8037.426948798245,2749.137799396248,99.95251782546627,2.149092843887436,High,2.149092843887436,train
1.9082016700531628,4.666167921396143,-80.92704159382583,1050.2350506959897,105.02660654103428,0.8685820475782383,High,0.8685820475782383,train
0.5617308146710198,6.887645834194366,35.6722471420782,2754.33468843172,99.93962761339527,3.7120521341893657,Medium,3.7120521341893657,train
10.54416603594497,13.863514826071333,4156.353509701952,2499.01359532259,99.99580169363874,1.081869418919819,High,1.081869418919819,train
1.57729686081653,17.20596936532837,3612.1604846368127,4244.770441523606,99.9881277869885,2.4892679969347458,High,2.4892679969347458,train
1.372070237704342,15.467275442390925,29.103963780268497,3825.3137196153234,100.050433050928,0.9851922000283114,Medium,0.9851922000283114,train
1.0740835163617153,0.621183315371147,3.141159582639857,2756.256042080952,99.99407858154709,2.949327036428158,Medium,2.949327036428158,train
0.9847831806226398,13.51533776640323,6.422861945120393,605.9878996213718,100.08424862834757,0.2820415562418845,Low,0.2820415562418845,val
1.6033458973496084,5.972986344903029,110.05831735072854,2615.636372416238,94.9997405537088,2.407102761554784,Medium,2.407102761554784,val
1.2193562103027529,12.99811336453154,6.454290107408933,605.8815966823885,100.0541169072965,0.3277048626153543,Low,0.3277048626153543,val
1.1921220425187782,9.125759130914505,45.307105464061046,2892.943213908536,105.08831371919348,0.3108707834344106,Medium,0.3108707834344106,train
11.669984227937965,15.337800466430917,5160.557277652273,2698.951986655105,100.01069168653268,0.1380157222497463,High,0.1380157222497463,train
1.1739598706651022,1.223526616720917,3.21205521564035,2765.1920822878933,99.92530385513142,1.2895473136766675,Medium,1.2895473136766675,train
0.8569353520637111,9.815716362438351,48.65695710514173,2756.091996033189,99.95103485324276,1.4457962813778849,Medium,1.4457962813778849,val
1.4547464318844092,5.744688175188154,22.596408500490696,1989.2825507850373,100.00167562834972,0.8703936192430246,High,0.8703936192430246,train
1.5956894927984495,7.251730722987599,29.18008050350868,2616.273419954479,95.19908717602276,2.664818316122729,Medium,2.664818316122729,train
1.7241070117922963,8.334438434256173,32.37106569124501,2612.926570220868,94.9388369044015,1.5348814272229383,Medium,1.5348814272229383,train
1.277266430547343,14.33060330490398,6.412774840276805,605.8632116456367,99.97063870759688,0.0696097280910886,Low,0.0696097280910886,test
13.467732330037546,3.202984852974309,-540.9523837313039,2616.802372641026,94.9257312988543,1.0897017820309651,High,1.0897017820309651,train
1.1851646521865034,14.021478825637088,6.45730026941576,605.8151979737218,99.9778819664048,0.0898793643086042,Low,0.0898793643086042,test
2.047127859359383,11.456401527708367,3.2321088499716275,605.8218915351719,99.98683060786468,0.1438147104875778,Low,0.1438147104875778,train
9.152268681354412,11.059133998205496,1299.0049544110595,2499.076006967772,100.07647130052128,1.5172851906052656,High,1.5172851906052656,val
1.365782153598239,21.96533193605776,5636.8350265877325,2759.134432201011,100.05313339766556,4.397374437022671,High,4.397374437022671,train
1.955261162253546,8.559536984251501,362.8549388129392,4245.286041854605,99.93430832892848,1.7041633797171407,Medium,1.7041633797171407,val
0.4671852689100593,5.196409886421205,272.1864963400022,4999.8268370890855,99.9975530155489,2.073426788717354,Medium,2.073426788717354,train
1.4768415988681454,1.7953558030256138,6.569751878097226,2758.534611766081,99.94685101369552,1.1854724752553492,Medium,1.1854724752553492,train
1.1192822585733362,7.1286615101602,-12.985217141978724,602.6878392496649,100.00906201885904,0.6585550043224541,High,0.6585550043224541,train
0.6051203030872787,16.33663828023214,3427.5608934212937,2835.938893922004,104.922265894104,0.4749575972916462,High,0.4749575972916462,val
1.4409814062840502,1.955140707608931,9.704072547623776,2755.637914846216,100.02521754334803,1.3715496593258614,Medium,1.3715496593258614,train
10.567493728994076,13.971606808843523,4156.34008139528,2498.8924204808395,99.95153301253548,1.1137439805319378,High,1.1137439805319378,train
10.812584892498732,0.6402429911375037,116.71307253033528,605.9621785545477,100.01744328023604,0.2153199259372999,High,0.2153199259372999,val
1.5491577083619348,11.073472533991229,3.2683021660181,606.2483296460806,99.98866857306332,0.0124479015104013,Low,0.0124479015104013,train
1.8798766439030803,10.084486987945192,622.043944803878,1000.2378429345144,100.02286410185226,0.8668088201804853,Medium,0.8668088201804853,train
1.864759235185505,13.842378854199543,6.521586456415387,119.96595705293376,100.06333684917055,0.1383383235720193,Low,0.1383383235720193,val
3.2842515458718653,2.4438836523556096,38.892131378543134,605.8937220170387,100.00766988340716,0.09142625529979,Medium,0.09142625529979,val
1.044111988181188,3.3508049957302504,-3.2532697389521563,3825.847945449399,100.03801958158856,2.8926071222238363,Medium,2.8926071222238363,test
1.7982169442505749,14.785895056981229,3.252804019610433,605.990118766865,100.04716153163876,0.127007999308613,Low,0.127007999308613,val
0.9168250619659424,13.324603549651483,3.267802458456292,606.0171500917852,100.07672531172751,0.0447920201898784,Low,0.0447920201898784,val
1.2713219719643871,1.6609079830240483,6.488321941908146,2758.374590438319,100.02539355725251,1.0964956499917151,High,1.0964956499917151,train
1.1464637660011,13.819986970762434,6.434621599161849,606.070844902649,100.03920024678726,0.1313780990161475,Low,0.1313780990161475,train
1.531826941208677,20.859531127744088,434.0765283104006,605.6841633276098,99.94579738269748,0.3733613860994196,Low,0.3733613860994196,train
0.8468129923267506,13.906892005861422,6.4246207757306,605.7910919506056,100.00842642511928,0.2692692998790127,Low,0.2692692998790127,test
1.7467329095869122,6.670438826908707,366.0635356725816,2756.1227083957847,100.06488030905324,0.3902783181541346,Medium,0.3902783181541346,test
0.7973960375606547,12.766814466723064,3.252877022428719,606.1237638251703,100.02282384932168,0.3402269878622182,Low,0.3402269878622182,test
1.7143894280511027,11.12193123984568,68.09690799681968,170.2117831860042,99.92523985553863,0.1070051357074248,Low,0.1070051357074248,test
1.077733140095854,13.747978951821963,6.559133465832778,605.9240541075035,99.96096055638668,0.1055211006570277,Low,0.1055211006570277,train
1.109503331532345,9.6778257529218,48.56173812562227,2756.6695890881924,100.01123382446497,0.8543879033225819,Medium,0.8543879033225819,val
1.5752582689171224,15.350663424250213,158.78262611675476,3000.4997557714973,100.09535799579612,4.569487254383057,Medium,4.569487254383057,test
1.860577700120999,11.164607450167022,3.1971056394239272,605.8774655176464,100.02973997558294,0.0682476976248965,Low,0.0682476976248965,val
2.106052484731052,11.161524159049316,187.97903991081,3977.594084932842,99.9759031035566,3.043350636111233,High,3.043350636111233,train
1.4432361612179472,9.471605812809452,9.721001510558438,2756.318973146138,100.00677951955493,4.774827964127288,High,4.774827964127288,train
2.298594834478896,10.755906626617532,3.2862221151743896,606.2465526936162,100.03997443125871,0.1273871157397168,Low,0.1273871157397168,train
1.5084479261259516,0.8866043721228292,-29.22621819042128,2766.8759281471675,99.9756274368531,5.31894549514862,High,5.31894549514862,train
33.19599195303465,4.634709635091896,6109.96638932576,3411.297988702281,99.95713611913584,2.891125812846705,High,2.891125812846705,test
1.7819280892392575,5.5817000250497655,2543.086004535457,2768.417043367626,99.96702621551168,0.89077205071246,Medium,0.89077205071246,train
1.4648103611599754,4.039746917391148,-16.279131782157034,999.9025438020146,100.01670739640284,0.9377539060565272,Low,0.9377539060565272,train
4.270132792152055,13.88660389977568,5601.180946937559,999.9898876958052,100.04944554816052,0.4306534398081987,High,0.4306534398081987,train
1.569833854182077,6.6183883532649785,38.885325730793625,2747.8837336443216,100.00293341450458,1.6920036239479683,Medium,1.6920036239479683,val
1.3244875513178862,9.774354611144886,48.46911608685814,2758.6399644440858,100.07564440297335,3.208217302186763,High,3.208217302186763,train
0.7722930155363026,14.078786858149623,6.4621568738620265,606.0414681064121,100.00633362894604,0.207732264162366,Low,0.207732264162366,val
0.4349587919486896,5.061690752764528,-252.78003093339163,1990.0242900096505,100.0342480978884,0.2633692815182987,High,0.2633692815182987,val
1.7004084706891889,10.956948341886386,178.19270265783337,2749.876513096454,99.99683269404974,2.2345064593073345,High,2.2345064593073345,train
1.084819411770405,1.6058112247310972,6.4550383253894585,2757.345314574734,99.97289387042916,5.865717262809897,Medium,5.865717262809897,train
1.4352830456039467,7.213176020909619,126.30029188056466,3990.135946303065,104.93606704728732,8.70221693576647,High,8.70221693576647,test
1.2068030183292031,9.674310459559196,2406.93443052023,3799.807571520109,99.97500404648537,2.756754682885316,High,2.756754682885316,train
0.9861145296642518,9.61446566125198,77.83268222699176,606.2258591324457,99.97014810937353,0.0830989387539483,Low,0.0830989387539483,train
1.1587614852084236,12.491229076811608,187.8361707033721,3825.579051685828,99.99101331547486,3.483110121959164,Medium,3.483110121959164,val
1.4444262329577937,12.636956248443228,3.191682544118858,605.9518147128546,100.04034004905928,-0.0223007659908939,Low,-0.0223007659908939,train
1.4489311008885974,0.6485837405502014,-9.720945224541598,2747.537591726656,100.00902652106376,1.7361502515241354,Medium,1.7361502515241354,train
0.9191519570345018,21.98255287902733,2215.8228672519945,2766.7466480940943,100.1006978600406,0.2534920834771262,High,0.2534920834771262,train
1.9284367597317216,3.850870873866032,-45.436344490750734,3799.8275289846447,99.88789040798868,0.0285406893526905,High,0.0285406893526905,train
0.862478206159068,1.6081346056777883,-32.385391776771925,169.9918656234441,100.00222367151592,0.0478228006079943,Low,0.0478228006079943,test
1.0306773509310698,14.146660196299392,6.428602383375227,605.9538044295952,100.0091585646141,0.1466395854070528,Low,0.1466395854070528,train
1.3007520048382015,2.882044329913542,113.36758967461137,723.1459836512721,99.956204680515,0.1904719538582903,Low,0.1904719538582903,train
1.5330401267030311,12.652320255011055,3.28601260889276,605.8022040003765,100.0034349231618,-0.0059134060634106,Low,-0.0059134060634106,train
1.108881644610652,11.405996036095274,25.88871982910084,3825.984442426047,99.9990418314998,3.48454476080999,Medium,3.48454476080999,val
1.651038687033413,12.69957954498585,155.465630486954,999.8947075975324,99.96730353075068,0.2319894704965719,Medium,0.2319894704965719,test
1.3543453783402488,5.333638703370313,275.44756236011824,5000.00994585748,100.03860585894624,1.971832811947968,Medium,1.971832811947968,train
1.2204597217826103,9.992917469239236,48.491950793752814,2757.4119887576244,100.06282289459834,1.6358075197162991,High,1.6358075197162991,train
1.3329377220746306,13.527449131169046,3.177892146356793,606.0217067505478,100.05243865795208,0.1230174357270905,Low,0.1230174357270905,test
1.7819848727110426,12.809968173031208,158.6924097988124,999.9822682724432,99.97201236709714,0.3090249766406384,Medium,0.3090249766406384,train
1.3819252973753997,13.622662337926556,3.16422664286714,605.6838555404694,99.92027908649509,0.0787427670739721,Medium,0.0787427670739721,train
1.3955441845683385,6.726554368106656,2568.9474491839424,2617.85725011093,95.074145773121,0.694346814660227,High,0.694346814660227,train
1.5606636199133117,6.568725767989727,113.37957300346052,2747.4486003337456,99.95394084165382,1.571916115793346,Medium,1.571916115793346,test
2.4209649077698434,2.096754011321769,-110.13043103815322,2766.4840441830515,99.93216966666456,0.8916437411964298,High,0.8916437411964298,train
1.82570119928009,10.994281784866011,1001.0466747914752,2616.5803980914743,94.99383784586423,2.0788480221625703,Medium,2.0788480221625703,train
1.6288935173936303,11.272588453869192,9.686168375241431,169.89253584976262,100.0378291151885,0.011485862191417,Low,0.011485862191417,test
1.4113433040492318,0.577665794161813,-9.681135322288602,2748.2548988359795,100.03008574844908,3.6790340321618222,Medium,3.6790340321618222,test
1.6515213616980555,10.442415221164072,6.528622385385765,776.1275798487808,100.049448585395,0.200509660104245,Low,0.200509660104245,train
1.0791383882610983,9.52848074221382,2406.9507157405524,2998.8027713823667,99.9444004453573,3.27030211786222,High,3.27030211786222,train
1.688875923674394,1.7908547611544698,6.492171170816709,2747.6604918481016,99.99327649352784,1.426621078096444,Medium,1.426621078096444,val
0.1927579586092836,4.088642219704694,-12.98603813278589,1000.553916389322,100.01961822590177,1.9276585263728765,Medium,1.9276585263728765,test
1.7562435031774857,11.603666997748878,9.703989608455863,2757.263799757175,99.99123151153589,0.3040462808214912,Medium,0.3040462808214912,test
1.335753732356742,9.135918875793385,45.310698018737895,3069.1572750218643,99.996981980441,1.991491394299511,Medium,1.991491394299511,train
1.834371531979748,10.352160034264893,3.293928041476053,606.3053605578219,99.95950735969014,0.1872341539426956,Low,0.1872341539426956,val
1.7329699137594383,6.481099747447331,1337.9230036915096,1899.8475707022228,99.98179932060964,1.364476807211076,High,1.364476807211076,train
1.3950966471704829,7.884257736491041,3.273876070986641,606.1260764353696,99.94999567939897,0.182304959400863,Low,0.182304959400863,train
1.6086498665952396,11.623560514953365,3437.1973492839866,3713.3281178767934,100.0232533661887,11.462739560217605,High,11.462739560217605,val
0.8120279163320544,5.843961639943011,51.97077992295523,4245.815167085209,99.99593492359892,1.343690369159177,High,1.343690369159177,train
12.023575993130668,11.18670532644305,3284.9780392356865,2499.527672457388,99.98611479196758,2.425544598792095,High,2.425544598792095,train
1.1141657489675751,12.0758290415306,213.8291941402957,169.89516202157532,100.02383435784324,0.0978241934186185,Low,0.0978241934186185,val
1.5289493079178291,1.4929822336810197,3.265434460874935,2749.6535145484663,99.93228794799346,2.3364552139160946,Medium,2.3364552139160946,test
1.4420172638354232,2.393043849675655,-9.78448127727503,3821.9582564738553,99.94572066648976,0.4566790386182551,Medium,0.4566790386182551,train
0.7883725053847909,9.053604312562078,469.6606275965242,3000.525043830292,100.01857216866802,4.711942502477824,Medium,4.711942502477824,val
0.9732004231751304,14.925133660284336,6.4037250342048,605.9591563781745,100.12902132783888,-0.0076882533928104,Low,-0.0076882533928104,train
6.825933100027807,8.500559731903667,97.21953240005188,605.9334439640952,100.01813926697434,0.1400811734370121,Low,0.1400811734370121,train
1.1190776045818396,14.159713167134154,6.537881613123784,605.8929301328626,99.99936090246844,0.266269154659883,Low,0.266269154659883,train
1.0343255534265552,13.772006625400143,6.415966076898428,606.2134127312473,99.99308702387071,0.0880595138864547,Low,0.0880595138864547,train
1.146761051936884,12.594457920211044,12.872408556480243,3977.7463067047497,99.91537289660346,1.185250440270366,Medium,1.185250440270366,test
1.1148708327854409,7.561776048658614,-6.574766020644232,605.8403884669544,100.00863156799814,0.0260951962238906,Low,0.0260951962238906,train
0.8041137278269183,14.93385877280801,6.5142485776925385,606.2417781840787,99.96688156922887,0.1427127232859339,Low,0.1427127232859339,train
2.2543101589030248,4.1764916455722,97.18709538981062,2750.5087370941187,100.02793078983214,2.344087022119865,High,2.344087022119865,train
3.417574329536825,1.6935698557851508,-353.2892879843051,1990.0739997095416,99.99605216636104,2.4150027424270366,High,2.4150027424270366,val
7.090642204272088,11.951977477132631,1836.8255497804128,775.8013501682776,100.00139844895506,0.0770320701824291,High,0.0770320701824291,train
1.8466417502178143,6.528707133761446,1337.9375372901077,1899.786951690432,99.98445387398483,1.4228502954627904,High,1.4228502954627904,train
0.4517160507070249,14.845200794800222,6.496643150517087,605.8628934362067,99.99284309741503,0.3557465347083964,Low,0.3557465347083964,train
1.261465070378888,1.058764764173882,3.065369049623816,2765.40273247412,99.95400298164446,1.2383933058632393,High,1.2383933058632393,train
1.5753527833497651,10.412942989158706,9.69382064505244,2749.1678591917166,99.98358117416176,0.6011388921260846,Medium,0.6011388921260846,train
1.811996545243232,12.982429679182909,6.451832155967596,606.1762484574418,100.06798650732505,0.2254366199573072,Low,0.2254366199573072,train
2.4068054643663865,24.81575538779467,4247.146719087172,2753.7059612781404,99.9704011385238,4.566992137737459,High,4.566992137737459,val
1.133134167630125,12.682718772111034,77.7289577536113,4999.802320985533,100.0320940732892,1.6352496361694435,Medium,1.6352496361694435,test
30.47799752586428,27.48019607080225,6550.501376906275,1668.4963297500492,100.01144980531966,2.731972994718206,Medium,2.731972994718206,train
1.1696974527572614,8.903694057544126,294.91836777359146,3822.033766264143,100.05693444571352,0.4949689022499074,High,0.4949689022499074,val
0.7891921287538519,0.7666715573047734,-3.2983789860403965,2671.768817561283,100.11835135366536,0.0389692485075568,Low,0.0389692485075568,train
1.6788175309196685,1.7555463570934244,3.1678955157583,2615.8377775880585,94.92661087827744,1.0572811600012026,Medium,1.0572811600012026,test
1.54151002389534,9.2742388222506,207.3977050267916,2751.5228367021905,100.00833345600353,2.2143948163821903,Medium,2.2143948163821903,test
2.7448829075626184,9.53269567020918,-378.9805168864247,473.3401116659616,100.08165932039178,0.4208388372101101,Medium,0.4208388372101101,val
0.6067679941894629,16.746783399661595,171.69728976360597,999.8715910414384,100.07468510174525,1.0152672565111158,Medium,1.0152672565111158,train
1.4273639336739894,1.1888974129048695,6.47047909465346,2754.7289301555056,100.00978322712098,0.7658574215438589,Medium,0.7658574215438589,train
1.127221352298401,8.960063826944433,294.82657543900126,3821.977905005068,100.02899060069366,0.5659849880477669,High,0.5659849880477669,train
1.3238681686567546,9.76629634971692,2407.003677919401,3799.741262093732,100.00282135252266,2.737766789970157,High,2.737766789970157,train
2.0698482908427627,6.3985661560534135,-9.645845013218514,3001.150911180921,100.00174283908476,3.937956429432396,High,3.937956429432396,test
1.4036392388893926,1.739898596519094,6.565364685476916,2752.640290413616,99.93178598792969,-0.0307613202239405,Medium,-0.0307613202239405,val
1.5763256613347767,14.884718919841372,6.525012807786508,605.684166881885,100.00534380920196,0.3236165374036002,Low,0.3236165374036002,test
1.2270914447758234,11.545198873757329,22.53006730864743,2752.269039461716,99.94908540129126,1.962159080616652,Medium,1.962159080616652,val
1.2685941260884293,12.126770619013056,3.161018447586201,605.8818858133286,99.99670139073658,0.1730533063057549,Low,0.1730533063057549,train
3.4949687290986127,12.560410355225928,1794.695044124563,2734.166292101192,99.9532722720061,17.771831546735818,High,17.771831546735818,val
0.753318006986653,1.2835961569029044,6.5085877515350505,2754.412972213103,100.1377102381321,0.382535124877093,High,0.382535124877093,train
1.431930859653804,1.0391200957301925,3.2611628374505024,2763.4842525003864,99.92117016509296,3.643095643948715,Medium,3.643095643948715,train
1.6950482531502953,17.378299817357625,178.26474657669814,1000.1369206180352,100.04072236978688,0.8710439779418313,Medium,0.8710439779418313,val
0.5302802015719467,15.27580547419596,5380.964275387134,3137.238130707333,105.01621186356287,15.79224495950556,High,15.79224495950556,train
0.6392898004315136,0.7975942999558673,-3.2383367384163333,2679.900893557309,100.00206055915667,2.345345443819977,Medium,2.345345443819977,train
8.183598851997484,3.804817474107128,453.55223245853335,4244.859528735635,100.15208872324664,1.3733056414336988,High,1.3733056414336988,train
6.131380858320968,7.331709348943993,161.88193975563172,605.91669142159,99.9728961304805,0.1238882957799487,Low,0.1238882957799487,train
0.8417054218649505,11.288621676070964,3.180885002722326,606.0280584567084,99.96254048154096,0.0474523512500075,Low,0.0474523512500075,test
0.9992825044439044,13.77165269157782,6.551839683916754,605.9384051519901,99.84392507291386,0.2096281548087684,Low,0.2096281548087684,val
1.8127759609666163,11.211222413273289,3.191931382838343,605.9678202812905,99.9782373211957,0.1207854884907417,Low,0.1207854884907417,train
1.4998922462098738,12.395349481094373,1159.69192553052,999.9613692690132,100.0158367559612,1.4540461795677406,High,1.4540461795677406,val
1.1580296438455555,14.375585606029112,6.363702178830467,606.1937798315831,100.0406211709016,0.1169632151620693,Low,0.1169632151620693,train
0.7788949663246358,14.019237848824064,6.44367412426556,606.1350977512566,99.98426227747086,0.3698034803006075,Low,0.3698034803006075,train
1.3196135477112034,3.196635689933033,-16.18436665873122,29.21552830523849,99.94965272118388,-0.0209328451227448,Medium,-0.0209328451227448,test
1.7033561031188895,10.979185381871703,9.736013854883195,2748.425555044136,100.00700754984402,1.1111961015574705,Medium,1.1111961015574705,test
0.3550943481360681,10.740926524366806,-822.7299315606951,2998.747767948909,99.82357927034208,1.7379430924662065,High,1.7379430924662065,test
1.2405906413030956,14.077054043326797,6.5568324528512285,605.4674242394443,100.07489740561545,0.1473157228408527,Low,0.1473157228408527,val
1.8197819164497784,9.49232625074057,492.3688667075485,5000.352900678527,100.0333999220355,2.731979134868723,Medium,2.731979134868723,train
1.5868736578939031,13.84424938348752,6.409323079210578,606.3009498523979,100.0139709283244,0.3440664333709899,Low,0.3440664333709899,test
0.8957688598507202,13.706218151038248,6.422688888161757,606.0817042978939,99.97263186023028,0.0427000460689663,Low,0.0427000460689663,train
0.6449476811203987,6.26068794750641,5455.581086142403,2751.618109664971,100.01791858475804,2.03083321230058,Medium,2.03083321230058,train
1.1796942516891795,11.922846775308756,9.776349968276996,3978.44156827372,99.99627250034592,1.197425595319385,Medium,1.197425595319385,train
1.4783149711008563,6.825461242430283,29.126139063794582,2755.0668217021107,100.0401808373159,1.4775656985703107,Medium,1.4775656985703107,train
1.1311830190259815,14.51368221282724,6190.832096893615,3825.685347140348,100.0186254125244,3.7300819937373766,High,3.7300819937373766,train
1.3242584248192373,10.514732202860433,1311.9322603964267,3800.8302225451193,100.10209663680186,0.6354479350886474,High,0.6354479350886474,train
2.342693638851806,4.389003718973818,-25.866281656922684,3669.047484221132,99.9643901223959,16.014215630604447,High,16.014215630604447,train
2.1120235396118,9.26647445321381,3.199054319836455,606.1836145538125,100.0113316752146,0.0952575628713251,Low,0.0952575628713251,train
1.4948549833720233,14.132608253364708,6.442011928366786,606.0327244604264,99.98500040854424,0.0839845483215511,Low,0.0839845483215511,val
1.463457141856433,10.97763870081856,268.8753905709873,3977.663286848195,99.98863923209258,4.008482540887807,High,4.008482540887807,val
1.482566149631209,6.1447889902925725,9.781823075169513,2755.9080962816493,99.9851266967108,1.21895777858154,Medium,1.21895777858154,test
0.985390664475665,10.483550555743504,12.956549393316044,419.8237083000752,99.93534621615952,0.2311316878421423,Low,0.2311316878421423,val
1.462549030192359,13.568245456981993,3.235017854512335,605.9301224929382,100.0063536859026,0.2479971851881122,Low,0.2479971851881122,train
0.7063204716783525,25.853529805564403,5721.20600481454,3973.70694418913,99.95488492340668,2.7256790067256915,High,2.7256790067256915,val
1.2441217257138768,1.7703528637653123,6.463735407474911,2613.7171948737987,95.01741444882497,2.779422850393465,Medium,2.779422850393465,test
1.6071373126894868,4.124538142440202,-32.416055369195384,3799.132953648077,100.02420719934082,0.8074452385888686,High,0.8074452385888686,test
1.560902980819295,12.454657303370308,1159.8461003063055,1000.0775055815442,99.99125186923295,1.4692343735145437,High,1.4692343735145437,test
0.7129199965639881,13.946528704500851,6.513564016518889,605.8089139821298,99.97216098340552,0.1248230542981173,Low,0.1248230542981173,train
0.7736527311903523,17.55622212934878,178.19749768126164,999.9707370211383,100.01946456661432,1.1092553637891052,Medium,1.1092553637891052,test
1.4393673665192792,1.7801433170528975,6.533384182273922,2756.090958621526,100.03910655329778,0.4994511269579134,Medium,0.4994511269579134,test
1.6654416525089024,3.680936433781577,200.834311889994,2618.531139621352,95.03018866487452,2.2610201898562456,Medium,2.2610201898562456,train
0.9412246232280954,0.5336585920677811,3.0941347264725443,2756.309950968838,100.03257141272282,2.2917310154028923,Medium,2.2917310154028923,test
1.769263104614367,7.556244970244549,103.68558713504396,2751.1706968930816,100.01367991823834,1.2975759800791566,Medium,1.2975759800791566,train
2.3813389267260474,13.268327703705127,1444.7842895984622,605.8164039557316,99.9974684126944,0.164607142395317,Low,0.164607142395317,train
2.382003148462119,6.408663580656621,-294.8673497129827,2699.7420267624725,99.96894425920468,2.2930243775961867,High,2.2930243775961867,val
1.4399745650446747,8.081319853581329,19.43322835447241,2617.4793139325893,95.02055988696604,2.818574984511398,Medium,2.818574984511398,val
1.023447485600425,11.80903809401726,9.721043712535346,3977.6617712521206,99.9364999588443,0.8588959688578222,Medium,0.8588959688578222,train
1.274570958132449,3.101089490382815,-51.79307870933667,3821.2776207659726,100.03779769062656,0.1234678808965428,High,0.1234678808965428,val
0.9567013347528524,14.037556373524763,6.445548131062639,606.0132787769493,99.95331502542837,0.1538531608540025,Low,0.1538531608540025,val
0.7223238034129238,10.364841074242548,220.3200169626199,3809.332867744751,100.04917853307472,2.3981602773233863,Medium,2.3981602773233863,test
1.4154462668169874,12.005239718596233,3.231407072618429,606.0813950003194,100.02546105261248,0.1062384016997798,Low,0.1062384016997798,train
1.4133486358748208,14.30366786857634,149.0412434776969,1000.0235185210583,100.01623529957416,0.7449266620708674,Medium,0.7449266620708674,train
0.6885605376412914,14.201693230081238,6.438016829587021,606.0897012984054,100.0600140453762,0.2535083626343604,Low,0.2535083626343604,train
2.7267202024190227,2.154801724190272,-223.6225896635651,2805.9912118688326,99.95770021022788,17.331423607131093,High,17.331423607131093,val
2.2847665002499893,6.656557435554212,-651.2690978054196,3990.0311867771,104.98934294065374,2.357500327147412,High,2.357500327147412,train
0.6524890772205412,13.819583316078544,6.461878314906235,605.7172254855103,100.09826923388648,0.1556261836783329,Low,0.1556261836783329,train
1.2520513555172277,2.3393411931336763,-123.07339773588208,1000.3057308072392,100.06236357233794,0.8774122241788139,Low,0.8774122241788139,val
1.3585303322597515,10.320395605967247,7123.844780077342,3046.885812974529,109.98837494697212,2.79863237171541,Medium,2.79863237171541,train
1.4224257605132984,7.557947599442341,35.63641552563116,2756.68919802275,99.94258987327116,3.622256760653428,Medium,3.622256760653428,test
0.9128588521530546,9.5406465615719,51.95232983249578,2754.824819809201,100.06958618660929,4.377534304814905,Medium,4.377534304814905,train
0.8558729559484042,6.375912849960532,333.613304023944,2999.509490732152,100.09036108219664,0.1611569071257641,High,0.1611569071257641,train
1.4166612353656474,8.908879450770574,45.33280720626017,2894.16946049436,105.02769303800603,2.87574430442858,Medium,2.87574430442858,train
1.2479619762882692,11.005247540480203,3.169503811313642,606.0882611191772,100.00418953167264,0.0089235922684112,Low,0.0089235922684112,train
0.9208923343391376,13.254309615759585,3.2364877803921983,605.765306623209,100.02785088468318,0.1211586261448585,Low,0.1211586261448585,train
0.8757171920629507,11.16517951539843,3.2200609063173493,605.9862065182532,100.02185133188168,0.1377637802265631,Low,0.1377637802265631,test
2.3999622773439,9.594530473000138,-576.6752522151592,2769.9485177316965,100.13582163140912,1.3556881736992246,High,1.3556881736992246,test
1.7031605244995367,13.49079987134266,6.411982000173839,120.10466853511711,100.06817315040568,0.1196121750704895,Low,0.1196121750704895,test
0.8978422720291276,8.39600067119065,84.23805100631357,2756.2359629574817,99.9325763614827,1.5065788939348337,Medium,1.5065788939348337,train
1.5909486792937853,22.112897801460043,5636.842837187328,2759.127748541203,99.9617284041778,4.335406938620952,High,4.335406938620952,train
0.8713876543483113,9.916217678792997,3.2637217475282427,606.4287067019376,100.04667876853766,-0.0339110091720876,Low,-0.0339110091720876,train
16.56190451330524,0.8432543709683024,955.675215157395,2617.6316806388395,95.00374574230264,0.9866783976722744,High,0.9866783976722744,test
1.2923763567457731,12.963101305199482,4891.874512385541,3309.9158247736304,100.04985788217844,12.5853611842853,High,12.5853611842853,train
1.4589502617202836,7.467397194221565,32.44751223146025,2753.4936997409886,99.99641199100222,1.332572419571067,Medium,1.332572419571067,val
1.4676070078828585,12.233124946073511,42.15910530888544,169.53467400026867,100.04475546618116,0.0090167297557487,Low,0.0090167297557487,train
0.4084020477119625,24.25165044814216,7486.663419895304,2678.5400869296705,99.97244937819045,0.262792331354664,Low,0.262792331354664,val
1.316581182275907,12.29460355514529,1542.0143870914894,420.09059892881487,99.97568677622776,0.0752488080916422,Medium,0.0752488080916422,val
1.8480935743393976,9.20484363642642,3.206885788969292,606.300479717875,99.98049315103484,-0.1057342436269901,Low,-0.1057342436269901,train
1.597286529442559,12.815620357400892,100.3682082667838,2765.9909226074965,99.95905458392032,3.4962511760245945,Medium,3.4962511760245945,train
0.8651156165585163,13.58192250554217,3.247525899137212,606.242251608004,99.93076655628045,0.389363216715443,Low,0.389363216715443,train
1.6900249508249,13.515480260859576,9.778047349396727,723.1374641326641,100.00118073849882,0.4767245321360067,Low,0.4767245321360067,train
1.8787596993798847,10.067626789812222,3.2704269066602505,605.8600065405551,100.12321249536286,0.003833417626488,Low,0.003833417626488,val
0.7978859438451059,10.01956855497525,3.2042627248734634,605.7990856645931,100.0228117252016,0.0688152505569568,Low,0.0688152505569568,test
2.1942101960293736,4.193375099938158,97.313258918435,2750.557609974253,100.06003291768889,2.331457140647959,High,2.331457140647959,train
1.3041878342332982,2.5093416193020377,-42.179204428248575,3826.244669417254,99.98727077468558,5.9589554132309415,Medium,5.9589554132309415,test
1.6603636523483682,12.061727489738953,51.84919689114081,169.84847241671167,99.99590295504008,-0.0023561350772955,Low,-0.0023561350772955,val
1.0609180596044738,10.81257828400217,6.504683077909947,775.7437141655013,100.01813309571976,0.0448799416599839,Low,0.0448799416599839,test
1.6026450895313142,10.63442764627379,48.676218871083286,2904.1211618863736,104.98833161489328,1.7052062715934877,Medium,1.7052062715934877,train
1.3084018460834057,3.5548322784067032,-13.035731358377834,2891.4095901405,105.03295473592118,0.7435184313566627,Low,0.7435184313566627,train
1.411861210452661,16.329653300968882,424.3938347262287,2498.9901143257453,99.99980707711129,4.145521884736215,High,4.145521884736215,val
1.237912808730982,10.710902291205416,116.6006906681184,3634.649886815352,94.90505506935648,0.2736378305877986,Medium,0.2736378305877986,train
0.6144865270712904,14.12152511152834,6.495765571554174,605.99524357974,100.02809988524768,0.1745362786247103,Low,0.1745362786247103,train
1.4921633224888768,9.019386873681414,45.29370426400842,2758.538351319796,100.00603926399845,1.4198641491094008,Medium,1.4198641491094008,train
0.8408853165596961,11.936438546468436,71.30357937157278,2803.1728774371363,105.169362675444,4.309019188619788,Medium,4.309019188619788,test
0.7195195331793167,14.86233770428264,6.514504213934014,606.0558313032586,100.05922995464732,0.0032840872118166,Low,0.0032840872118166,test
0.7985585535867028,11.89319810096332,19.40080272835514,2803.464590309869,104.98052873829056,4.881461598188772,Medium,4.881461598188772,train
1.6097404813538738,1.6817783247612803,6.492116996474299,2755.648652711614,100.00442111298,1.110165359186087,Medium,1.110165359186087,val
1.802885129377344,8.069745517994143,139.22849501420663,605.6194076235804,100.0064160248986,0.1791471464038569,Low,0.1791471464038569,val
1.6328261768135646,3.76972512867786,-35.62079658569795,2763.580062828412,100.05632431185182,0.3326878794936078,Medium,0.3326878794936078,train
12.889670189993042,15.44359331176836,6501.8351736616005,2500.821065295845,99.98920667506896,2.89816781444094,High,2.89816781444094,train
1.906996471175532,6.641777736265616,-194.4148519333083,516.3814847363383,100.02205594795171,0.2653338254613328,Low,0.2653338254613328,test
0.7462801220959036,13.11366535195658,3.309259139585232,606.2481798607524,99.96380316763724,0.3093685734597322,Low,0.3093685734597322,train
1.476109286120853,7.581286467580048,1195.3219658921555,2756.610991076712,99.857102668305,0.6387149279177667,High,0.6387149279177667,train
2.005777022469479,12.413551177719295,376.0083616470138,2625.805680472071,105.04758448294584,0.4260961481310292,High,0.4260961481310292,test
1.5423025124760177,5.534348588431245,100.44694359398976,2756.337472673664,99.89388622785494,3.7274895374611976,Medium,3.7274895374611976,test
1.7306683293959093,4.02506693902953,136.1209931877707,2612.49989358852,95.09333720726153,3.158430514189059,Medium,3.158430514189059,train
2.302120142825148,9.20066162446125,647.8064512633094,2754.5164924107944,99.90401145020424,1.11134161572675,High,1.11134161572675,val
1.75636500677301,9.55122467288629,868.1846462746659,3046.484766836001,110.0021293934755,3.5209420345505267,High,3.5209420345505267,train
0.7145869214301859,10.440316060923022,51.81416102789929,3803.07120983594,100.04689008885948,2.979333739028859,High,2.979333739028859,train
21.322445229040728,3.738991869252089,-32.353097825816974,2763.125570757767,99.93097617914091,10.0288989934005,High,10.0288989934005,test
0.2814467978804662,10.85124222347446,-822.8342261941151,2998.831487886477,99.90924161324656,1.8818821286841112,High,1.8818821286841112,val
1.9059172681541463,1.411046786435423,-793.7314604472019,2700.757666869056,99.9917041914902,1.4271363465051996,High,1.4271363465051996,test
0.8185834948280758,12.228716499222976,3404.770855748392,2561.121235265786,100.02254189762604,13.612057320152148,High,13.612057320152148,train
0.6567232268219065,13.557459927252484,6.437296929829719,605.7062535480835,99.99480218240234,0.3573724572478743,Low,0.3573724572478743,train
0.2533251042067355,23.148389905219663,5620.65972183894,3820.865408863356,99.98121200048446,1.228500824166818,High,1.228500824166818,train
0.7358091121139109,0.5880925656415612,-13.02088767265573,3810.617006927303,100.04285363893564,1.8289261641724424,Medium,1.8289261641724424,val
1.126304916612406,12.34321606927952,174.9854510050542,3826.180178922536,100.14045602994057,1.0060845783238148,Medium,1.0060845783238148,train
1.3637952860725928,2.230873714616033,-9.73577923114462,3826.43786715285,99.9459322862475,2.3261445381921813,Medium,2.3261445381921813,train
40.458864898321714,0.4056894237628909,-3.2453968425934683,420.3313224034275,99.960816746679,0.1601773568280098,Medium,0.1601773568280098,test
1.9911766190189053,4.581993439949711,-126.35993366837296,999.859505920472,100.076782481326,0.8172703521420862,Medium,0.8172703521420862,train
1.3570072455526765,10.338258623650471,113.38890000296638,3826.451407885801,100.0413839967582,0.9504900284345188,Medium,0.9504900284345188,val
1.7285156636303278,8.274306486201782,1376.7977192087378,2769.397191652978,99.98573468223734,1.7042107148554846,High,1.7042107148554846,val
1.4868873782765006,1.4861265456979922,29.175572659422578,2617.998936531712,94.96778820900956,0.4009816427934553,Medium,0.4009816427934553,train
1.153573936973776,12.030053923390176,9.740959658027087,3978.1506894544777,99.97088622988672,2.994651284793655,Medium,2.994651284793655,train
0.9672575534923902,0.7686314368490726,3.18381703936906,2759.796898409125,99.9841530010126,3.101452572392726,Medium,3.101452572392726,train
1.3725244808366752,14.373173977854089,6.511496575575823,605.8649098367373,99.94783699988383,0.2280281501184733,Low,0.2280281501184733,train
1.3882771632846451,11.804847036332,1490.1448206290415,3635.457547249825,95.03174693454106,3.516742572550565,Medium,3.516742572550565,val
1.8086687731961533,0.5438435041439202,-226.91344139954165,2758.1776951082666,99.92249980212426,0.9885323425029644,High,0.9885323425029644,train
1.2671015603156088,11.568313897616482,9.806767066372458,1093.865504180969,99.95623842748246,1.5253505687968334,Medium,1.5253505687968334,val
1.6948302297325089,11.997593558287392,719.1823156595029,1000.002952951026,99.86033852857196,0.7510666567059928,Medium,0.7510666567059928,train
1.33356410534873,6.171399160701473,-780.736062833633,2750.561834158776,100.01035943800044,0.8577018380717871,High,0.8577018380717871,train
1.2912206385365317,13.35114304093602,3.337801086383464,606.1199170414405,100.0235026789572,0.2813379373764325,Low,0.2813379373764325,train
0.8087335073565803,12.717764454103412,3.252732824845239,605.8588291867284,99.89823512912852,0.1622788609602015,Low,0.1622788609602015,val
1.4239324876187052,16.025933556795575,6.44834184966603,723.1616496316727,99.93169916063944,0.1752640002653304,Low,0.1752640002653304,train
0.8152424994047697,12.01265388499291,3.347949043574559,605.8109841058595,100.01811198666854,0.1097820796319959,Low,0.1097820796319959,train
1.229494310195174,12.93498376927274,3.2888197256052605,605.8276038609388,99.98535919622124,0.0800619604174535,Low,0.0800619604174535,train
1.7743436578719964,7.947211558024928,6.545596373962071,778.1076289039074,100.06368766550156,0.1309454953241955,High,0.1309454953241955,test
1.4309663702907494,7.283923782346544,38.88528986032495,2749.2053215046985,100.04254140315672,3.407988359120246,Medium,3.407988359120246,test
2.105503141616334,11.465771265582154,6.48457844397434,606.0382636145108,100.04612126027232,-0.0181043568646177,Low,-0.0181043568646177,train
1.4488492476008277,1.924401158393734,9.766305689749142,2748.0193758119394,100.004987862919,0.0058709688620129,Medium,0.0058709688620129,train
1.5315966598168058,5.577146370565423,-35.62987110108817,214.0697168113452,95.0405545242138,-0.0101337964451658,Medium,-0.0101337964451658,val
1.1517143101527532,1.0912709454082692,67.97985573517846,2618.616751946313,94.9815933376555,2.456852430905765,Medium,2.456852430905765,train
1.6806170123640365,6.483165632249347,317.4774448105666,999.525266056644,100.05088085094305,0.5762101804791309,Medium,0.5762101804791309,test
1.199302417312171,13.04005879461238,3592.694228885615,2763.464580674289,99.99475970128206,2.1935396623397216,Medium,2.1935396623397216,test
1.2849393859020612,14.381722069023786,6.531917481602604,606.1790172831979,99.98324402485528,0.0752537061711054,Low,0.0752537061711054,train
1.3554454736789985,13.376325226248088,3.1971082327482763,605.7798759871754,100.0533596455766,0.0751426917775097,Low,0.0751426917775097,train
0.896556481378339,13.151578381397416,3200.6879170891125,2755.930780415921,99.9842573672367,0.8151528494303556,High,0.8151528494303556,train
2.60202014711498,4.196397886949021,-45.49443961299136,3046.541513146749,110.02788517299848,1.6829188738808656,High,1.6829188738808656,val
1.08308392537774,8.649649800912863,9.623945607679708,420.0357106699561,100.01131200639936,0.1766447282079394,Low,0.1766447282079394,train
1.8941405187279403,9.690549185731044,868.1213812004354,3046.521158573434,110.11197921924084,3.5598976439549137,High,3.5598976439549137,test
1.0821956324326163,8.695706400940804,42.0498616381508,2756.9546364207545,99.96358716405528,1.2993770654264465,Medium,1.2993770654264465,train
1.760555127876138,7.862678774184431,4690.82988791377,3990.739277011703,104.93238050403626,3.4233161240276027,High,3.4233161240276027,train
4.942237489111395,1.4047515177401566,19.44932459375805,4244.931773706655,100.02952475344507,1.5053308489116124,Medium,1.5053308489116124,test
0.9121019731349024,10.084466532306934,3.2370280791671022,606.0467288409411,99.9187305064394,0.2289072250748031,Medium,0.2289072250748031,train
1.366020302720679,10.958837240851803,268.9974000426936,3977.505393575183,100.05908138329296,3.990847539792192,High,3.990847539792192,train
0.9855837574912204,12.317718649138456,155.46924995160308,3825.401445636653,100.025780928044,1.6262268084865914,Medium,1.6262268084865914,test
1.1068394448581451,8.716516413870185,38.8820052930292,2757.918953235295,99.9876148193825,1.93900159052066,Medium,1.93900159052066,train
14.521584464125665,13.219001578217824,2604.609283579776,3799.639656699755,100.10927603229696,1.8484656747386627,High,1.8484656747386627,train
1.6537548298397828,0.6366103973726955,84.27185827153905,1990.291317922351,100.07697547744196,2.085743373261694,High,2.085743373261694,train
0.8420101216133684,14.837600761875866,6.464141061242048,606.1604669666353,100.03956903651756,0.041774017539034,Low,0.041774017539034,train
0.7264746075661775,5.766774280093809,6.49977865995235,2755.7305217901426,99.93506459920664,0.6662917133542399,High,0.6662917133542399,val
1.1764164571914788,8.168082470000265,35.66574787964199,3063.8035529400777,100.032755899388,2.6257453304755307,Medium,2.6257453304755307,train
1.5570766709503907,0.1760589637707604,6.553713862065983,2751.613851630532,100.06292341538985,1.3451614097192428,Medium,1.3451614097192428,train
2.394427176108312,9.088446489323308,647.9736801903883,2754.6242932544765,100.0111012059375,1.075943782515268,High,1.075943782515268,train
0.7054304539046151,10.263518115833111,51.75549554108018,3802.90032553446,99.8952455914706,3.0203090743397496,High,3.0203090743397496,train
1.876809926334421,13.289467043205969,161.98314476232207,1575.135226465171,104.95323190045607,1.4376693578562705,Medium,1.4376693578562705,train
1.1025722464541443,15.073367469568463,6.501148629271278,605.9708878252284,100.03124393265342,0.0916518249726692,Low,0.0916518249726692,train
1.5055689285428857,1.5604778137777804,6.345216155686241,2753.009430510494,99.993164860859,2.927954564261037,Medium,2.927954564261037,val
1.4136338367434729,3.734196034114329,165.21926891742328,2765.540328258532,100.02228838362852,1.565100495537184,Medium,1.565100495537184,val
1.7665675674528225,12.573920452706954,3.194590864255589,605.5555358737033,99.97860948049676,0.203046328893393,Low,0.203046328893393,train
1.1831859331757244,9.027636750065408,45.32290118284027,2757.4439297303097,99.93828725255942,2.1198924670334613,Medium,2.1198924670334613,train
1.3449902726310998,11.70776579584208,3935.9968465297966,3989.787034893431,104.93721002168397,0.9208631041860204,High,0.9208631041860204,train
1.937564230360848,4.712357102557084,-80.97600041905068,1050.0965018046309,104.99475096284812,0.8667895479553632,High,0.8667895479553632,train
1.3473905729578444,7.2691235840196065,93.94724618616156,605.7589759805452,100.00460518691654,0.0797340117459089,Low,0.0797340117459089,test
1.6245262121220665,6.080729993593335,9.79301452118976,2768.137930540874,100.065623764071,3.6803438082028648,High,3.6803438082028648,train
1.6406797845860237,13.557872591288252,16.20628830424454,2500.826593827907,99.95485245283608,2.93487932427828,Low,2.93487932427828,val
1.330897733695428,13.661296782807822,2675.8392502888614,1989.5773168253447,100.0171104988362,1.0329881476315497,Medium,1.0329881476315497,val
1.887642959536012,4.073752934995233,-16.23920244583934,2615.1598297399605,95.10066152782298,1.2600895425594782,High,1.2600895425594782,train
1.4366432843603325,11.095668005218412,51.90677802293569,2902.1437140565617,105.1334313666604,2.385015970931776,High,2.385015970931776,val
1.5005512897415936,21.02588218211412,1668.4203711225362,605.8866385925157,99.93360850465692,0.1060157023915985,Low,0.1060157023915985,train
9.017656457038871,5.249479826171902,168.46237875175828,3800.031227800651,99.90286017749288,0.3945941297481137,High,0.3945941297481137,val
1.030056376598159,13.103496848670057,3.2236827582245486,606.0532216963343,100.01400942362282,0.0243513507281705,Low,0.0243513507281705,train
2.5749758596360057,8.985338134744493,-84.29940615812124,2767.64316714559,100.12012845110448,3.1109888191313213,High,3.1109888191313213,train
0.4778032975245366,10.615848351277672,3.196081104218729,605.8114394478793,100.0696587822083,0.2076712988356026,Low,0.2076712988356026,train
1.9322013290264424,7.173811951832669,97.17731160154554,2616.7335871936552,94.94500235315392,2.1562600390918067,Medium,2.1562600390918067,test
9.727623172954278,17.425313537534084,6116.37276872186,2500.222175112455,100.06744135446112,2.753767081630348,High,2.753767081630348,val
1.5532398707466322,6.754450118251113,-3.180631451607734,606.3745562323404,99.91847322565827,0.0213857660024839,Low,0.0213857660024839,val
1.6073639102817958,7.317847866619752,71.23426754683472,2758.76340746139,99.90194505532511,3.6666950608069926,High,3.6666950608069926,test
2.1220113516986028,5.148316645852549,87.46172928935047,7.856564956531054,100.04980415431268,-0.0626127250185698,Medium,-0.0626127250185698,test
1.588676902690115,7.8008807106326,4690.91970056766,3990.65290258553,104.98466935531196,3.390519903674928,High,3.390519903674928,val
2.102809099088479,11.692262880270938,155.46946379558804,2499.4294996618355,100.0860525684124,0.1416429149494207,High,0.1416429149494207,train
3.425781381451668,4.3678559320902135,-301.2701907667601,2625.4997117198427,105.10308026580437,2.6660620126667736,High,2.6660620126667736,val
0.9010408188298166,13.995462610781876,6.429098865627566,606.3490388009088,99.89998270792957,0.2569572665563034,Low,0.2569572665563034,train
1.0659022634418382,9.643199988955772,3.2641099469214803,606.2504273898682,99.94994122301802,0.2756226007969448,Low,0.2756226007969448,train
1.6934181992124626,10.82578992052616,9.739575504624714,2749.4395801915653,100.01028000996077,0.6761866795009082,Medium,0.6761866795009082,train
1.6116622313533022,14.90182885301169,6.522869303623612,606.2144703051048,100.00568275619274,0.0826433962544451,Low,0.0826433962544451,train
1.4121894568647404,2.349045617678125,-61.54900456035696,3666.2924562352696,99.9766355723654,0.0676181158516541,High,0.0676181158516541,test
2.471708139565328,13.403868750875306,4480.301778545534,2618.1837955345736,95.11857794828146,0.6384031292912584,High,0.6384031292912584,train
1.209149993114569,13.111609139366475,3.2828090332161066,605.9727630016833,99.961223750207,0.1571904140809777,Low,0.1571904140809777,train
1.3632866024910943,2.734642084892776,145.80391117544264,1000.3746361680433,100.01558644765528,1.097205477307288,Medium,1.097205477307288,val
0.641529108312881,1.3106903796588645,6.395638330999421,2756.3422029425747,99.90372276566428,1.9943072784698777,Medium,1.9943072784698777,test
3.4761814986178865,7.565943987738284,178.16585462530935,605.8182149049182,99.89951733677871,0.0617836023877201,Low,0.0617836023877201,test
1.21930555769845,12.71971041826079,3.212420084117706,606.1846943789731,100.04281975723993,0.0511486774244113,Low,0.0511486774244113,val
1.1382711837224115,17.041999960480396,7237.232566811138,3826.5366549138303,100.01963953038955,0.4174882992354962,Medium,0.4174882992354962,test
1.3563805943153926,12.170839590604436,6.427963287403282,606.4516173587549,100.0373497686342,0.2354627664082337,Low,0.2354627664082337,train
1.298867157397929,13.346070693154427,3.186484754359136,606.0020497712725,100.01341423772448,0.2001346242146331,Low,0.2001346242146331,train
1.245768353566003,9.894607836036377,48.59774491837224,2756.034780464118,100.03884062148872,0.1604812889799187,Medium,0.1604812889799187,train
2.6931736587586843,2.711742737814971,-162.00168371479276,2768.3332108469504,99.93696230731564,0.7969886398313488,High,0.7969886398313488,test
1.5500470906453216,10.537776856735546,48.59722670001751,2903.366795687901,105.03658305982408,0.6395415465317601,High,0.6395415465317601,test
2.380111690224201,7.316945493944568,-307.76352739033376,3990.066746797171,105.02722444665606,1.8194962287107763,High,1.8194962287107763,train
5.018716680506885,10.395095238791995,311.0280002172396,2500.009950473643,100.04926886198594,0.7716619486645421,High,0.7716619486645421,test
2.086975337384696,15.287371221373691,6472.535108244854,3800.420877031167,100.0529144854758,2.725984307978082,High,2.725984307978082,train
1.6065055173518958,0.7740617959614517,-13.01478302945237,2756.8964359690344,100.02245843899011,0.5393945871055318,Medium,0.5393945871055318,val
1.66910291266997,9.346156244834154,-806.5828613853815,606.2684485751847,99.97287172330697,0.1586505915867682,Low,0.1586505915867682,val
1.2916605388234477,14.004575031337708,6.456727332163609,605.9752137521921,99.98321120459649,0.2254886588963326,Low,0.2254886588963326,train
1.427569628789852,12.967259500027938,3.173626963988144,606.3377472119319,99.91585191985637,0.3651326698892572,Low,0.3651326698892572,train
0.831993096833112,13.25304660168557,3200.7285532262995,2755.904069903446,99.9796902718994,0.8958473504921621,High,0.8958473504921621,train
0.6453832141983095,14.843606748612103,2076.5696208930417,4244.738595946512,99.96796020753848,2.0676552079045805,High,2.0676552079045805,train
1.5580317782874782,11.533074843357602,67.97270418682959,170.24409919270005,100.07232008282163,-0.025050282116872,Low,-0.025050282116872,train
1.7749875295220592,8.842316297640304,550.7223137609324,3000.924554488384,99.92152105567696,5.80517310047667,High,5.80517310047667,train
1.1169295559002437,1.7658380450284732,216.98383879914272,2611.228601763921,94.97486524896148,1.263298262556259,Medium,1.263298262556259,val
1.669985752649185,14.401921249819802,6.473927124960271,120.02466085221752,100.0335099117918,0.1154937706018881,Low,0.1154937706018881,train
2.26614893511611,8.523538804879223,-304.4794826377131,2769.913832163392,99.97810122844434,0.7268126948667883,High,0.7268126948667883,val
1.4227000000290106,1.0658278086543338,3.181854113262328,2903.4479736674825,104.9516208871666,1.7504052612235643,High,1.7504052612235643,train
0.7530882804311421,5.851325729274931,51.8943783900498,4245.755915884291,99.8689476165078,1.432609791029534,High,1.432609791029534,train
1.1179280726278853,12.507986781809796,3.219662597279673,606.2709768343798,100.01916933628392,0.0897604151361456,Low,0.0897604151361456,train
1.2216066984436935,1.1444646894405424,3.400422342512219,2893.251170888919,105.03037109685424,0.3503771692762967,High,0.3503771692762967,train
1.5100435884033725,13.953365638197422,5043.921352501393,2761.3509071111307,99.93520083592809,2.482498519221389,High,2.482498519221389,val
1.3345348583406218,0.6230155309279563,-12.898742251208422,2749.9921641395767,100.00420892145183,1.411556447403329,Medium,1.411556447403329,train
1.4372286765771325,14.576499964439822,6.572342406134217,605.9657112779743,99.96339668220864,0.4522509089240452,Low,0.4522509089240452,train
1.471595358389493,10.359006549955865,16.214438198585956,2748.072984322181,100.04868510270866,2.3586146048830563,Medium,2.3586146048830563,train
1.523440837875136,2.973573049868675,-152.288559046084,1000.0774046601026,99.99048278406605,1.1717540265014696,Medium,1.1717540265014696,train
1.1507359564684927,0.6451876098875431,-12.930003202562848,2750.497448951513,100.00698437448486,2.637118553104129,Medium,2.637118553104129,test
0.9753292282932512,10.229732115176631,3.281745242445288,605.7217707222431,100.0037050029732,0.0889114891266208,Low,0.0889114891266208,test
1.3681029900491988,1.2656678677085158,-6.483456315187001,2766.865264666269,99.9024258629877,3.028289028942408,Medium,3.028289028942408,val
1.19944028318139,6.073091094183924,-780.684659471038,2750.337714640179,100.10483675248469,0.8312692718799061,High,0.8312692718799061,test
0.7776375200006413,13.140348173020516,5293.458031683108,3001.18530629373,99.89375092156423,0.3873201792284203,High,0.3873201792284203,train
1.1381348394065571,6.192006914911464,6.568545887466515,3826.48433725914,100.05149843559734,4.69501555762825,Medium,4.69501555762825,test
1.0350086650477783,13.47918207558668,3.205063450277222,605.6849810954474,99.95904747494576,0.0686086292200957,Low,0.0686086292200957,val
1.2391488458976112,11.098741384364471,3.2853502607761444,605.8527802665104,99.96603173975627,0.1165784527400105,Low,0.1165784527400105,train
1.6121465973268445,7.75923685542058,3.233053272335981,2755.7056235617174,99.96088720298285,2.1729720280270386,High,2.1729720280270386,train
1.45962499147505,9.4478361542353,42.14079540420969,2903.672969294989,105.00836754598704,0.7403147291886538,High,0.7403147291886538,test
0.622706936258267,13.559447130683258,3.1327196140417484,605.9307525282849,99.98017764475388,0.2582911863579749,Low,0.2582911863579749,train
0.6180529673796785,10.247117432415614,51.7764671877406,3809.57812587956,99.93717082046663,0.9130085258834396,Medium,0.9130085258834396,val
9.754971676977606,7.132265005476723,1257.0391165545163,2500.608186524283,99.96114067882073,0.7053550587724239,High,0.7053550587724239,test
0.9274710160546208,10.409003128841409,3.2466042915459044,606.1939807801151,99.98336350643534,0.43198237751641,Low,0.43198237751641,train
1.430205816514922,7.172046470298356,116.67226593745605,2754.2282488308933,99.96291578679774,3.0798160217675057,Medium,3.0798160217675057,test
1.4192274416349098,3.524747266931688,-19.415641201099263,2751.839881838914,99.9861808863503,3.104257243573041,Medium,3.104257243573041,train
1.2160409125445286,8.17061884165423,42.14237630762955,2758.370591859066,100.12616565196473,2.365612382489808,Medium,2.365612382489808,train
2.253292220517348,29.461698037462504,7357.058743417415,2768.246725888333,99.98133111839884,1.340501125270276,High,1.340501125270276,val
2.260269088337588,10.464089639900186,3.209961619749856,606.1049736134651,99.99031363190754,0.1965701327832864,Low,0.1965701327832864,test
0.5429622176662624,13.022008878618449,3.251929946156846,606.1503148333721,100.00632930119778,0.2859606363071016,Low,0.2859606363071016,test
0.3565090446696367,23.20096166016416,5620.692460108434,3820.945940470416,100.14940595539032,1.2417471029337814,High,1.2417471029337814,train
1.6415036574429478,11.449862068406798,9.770727866824666,1589.9298741750831,99.95796182286878,1.2648341899592956,Medium,1.2648341899592956,train
1.6238736953062285,13.99027920953356,175.03568728196427,1000.0313306785782,99.89685472388574,0.8981873519214625,Medium,0.8981873519214625,train
1.0065236478173911,6.527500543814319,106.80329181319932,1990.029460147196,100.03727138875615,0.8132652996409728,Medium,0.8132652996409728,train
1.7140164793471837,1.4603967263846518,6.470772947188045,2613.1702613901425,94.96839959447912,3.130305787890173,Medium,3.130305787890173,train
0.9163557613272556,13.334490370130972,3.3000298118758264,606.3197594850141,99.93548860222428,0.3036009571068452,Low,0.3036009571068452,test
5.49001581406404,9.997708679260974,835.8234608890224,605.781747502457,99.97104074632044,0.0835140937372454,Medium,0.0835140937372454,val
1.5133967184123802,1.6771637800013126,6.422366901590315,2761.4434116572297,99.95988956018624,0.9798729673819052,Medium,0.9798729673819052,val
1.1321457357197744,13.933595154895928,6.446879163515117,605.8850402913362,99.9887761332454,0.1272987218271568,Low,0.1272987218271568,val
1.509153486109979,14.120315304461824,6.483572392720522,605.8027483867489,99.8909267802016,0.3120996290912999,Low,0.3120996290912999,train
1.178690495572955,7.313822193582056,340.1347618761033,3820.456311829891,100.0988341773815,1.91714021352664,Medium,1.91714021352664,val
1.252184831937777,14.299910264558772,6.463266064144801,605.9458994495833,100.02313666922916,0.0889188677244433,Low,0.0889188677244433,train
1.0111149598070377,5.628544328216276,291.62614499741875,2999.973842067868,99.91186622927825,6.533979327802171,High,6.533979327802171,val
2.995542386217325,19.72255590871872,6611.933608301634,1990.3124867731096,99.99421314256404,1.3517521060860194,High,1.3517521060860194,val
1.3360371020394934,1.746700884676467,6.626911496807211,2757.363698763424,99.94359593286948,1.545174887375661,High,1.545174887375661,train
11.730168472293858,15.334032056238373,6258.937141134391,2700.949635401921,100.02881446486884,3.104302152813868,High,3.104302152813868,train
1.22190442919385,13.11382826924738,3.2446297546568723,605.9606943920501,100.02337583065098,0.0930268075618406,Low,0.0930268075618406,train
1.5372820849637792,10.344352481868054,3045.161019092007,2768.0982119365126,99.91948136455044,2.658310429269912,High,2.658310429269912,val
1.5911441375670905,8.363645164161857,1049.5856604904532,3799.770563789784,99.9761340729082,3.68719085212205,High,3.68719085212205,test
1.3935262015998142,0.8024546525496257,-3.1913136318161706,2748.1813052457965,99.96828965235105,1.0910979071879088,Medium,1.0910979071879088,test
0.9846742225274152,8.537689549877278,563.6496380267922,2750.1687529559067,100.09683617428472,0.4292800529064474,High,0.4292800529064474,test
1.2301210239265106,13.514094603708235,6.452062420700126,605.925174039478,100.02275989486876,0.4146748996215281,Low,0.4146748996215281,test
1.2702764400436564,1.7556067708220295,6.492523443867032,2757.3117453437376,99.95619629138656,1.7558801463443197,High,1.7558801463443197,train
1.843811102352606,10.467290186691583,1642.477237775854,606.2105774251926,100.04428027320736,0.2060477298575407,Low,0.2060477298575407,train
0.7953312495486883,13.661527024314994,3.211700483107681,605.9912656387787,100.07216068262754,0.133652829399744,Low,0.133652829399744,train
1.66771169857419,5.497208176412194,22.71786441764925,2748.506896360898,100.00777169742445,2.456530427946799,Low,2.456530427946799,val
1.0369737704413804,11.724132077364969,3654.194877637557,3540.472858541324,104.92900030657196,3.34046705573038,High,3.34046705573038,test
1.5851179625596232,11.838557974536943,9.69064763440498,2758.281367898452,99.91480851271182,0.8385172020923394,Medium,0.8385172020923394,test
1.638821995539716,8.305701325791702,1376.9250729512669,2769.6334475319018,100.00873935130392,1.8721505516383856,High,1.8721505516383856,test
1.0318681747205352,15.833115940681214,6764.247546304117,3825.20233058048,99.96534555921998,4.439521637522768,High,4.439521637522768,train
1.840705061937881,7.827395739084749,6.4949130536358535,778.0362951216922,100.07349237914808,0.285156677346757,High,0.285156677346757,test
1.535860974535045,17.05785553594162,3612.1238731838753,4244.767838044106,99.8638030248342,2.44452260496766,High,2.44452260496766,train
0.0703353736671939,23.24477954669069,5345.273643071047,3977.925935145149,99.9559115546014,3.112046692947056,Low,3.112046692947056,test
1.1500615183174865,8.144947942206453,68.03213608934011,2890.049423526805,105.03415356569226,2.2323760061396167,Medium,2.2323760061396167,val
2.2263883633834336,10.394824867699898,3.187760454498249,606.2685899652656,100.00118318496254,0.3092482588152501,Low,0.3092482588152501,train
1.116617917306112,13.136041406776185,829.3157094444869,3698.967753054449,99.98168733487476,19.249130010785503,High,19.249130010785503,train
0.8325503918391216,13.297092955130609,3.145388657598759,606.117457522098,99.95596669339706,0.1682171877505064,Low,0.1682171877505064,train
1.4527825700608323,8.736170678629515,45.30706315757706,2754.8633101399414,99.9197686675936,4.7376658460941625,High,4.7376658460941625,test
1.3946939840335024,9.900515282137205,100.45846424506406,2748.934005882186,100.02075062398514,1.8934626063392543,Medium,1.8934626063392543,test
1.9124238313645947,0.2492015182530982,22.557400672633005,2761.3388129065256,99.95488295833384,2.06380910695016,Medium,2.06380910695016,test
0.7340426886897299,6.358302426201928,333.5674446686017,2999.564802737801,99.99886733746072,0.230288176108687,High,0.230288176108687,train
0.6383674075754565,13.56491847037005,3.303396049986057,605.9164789330487,99.96203388650665,-0.0217675761452109,Low,-0.0217675761452109,test
1.1968998124957697,10.001499675773989,48.63049984283808,2757.440609066579,99.86690850810145,1.5959961231039077,High,1.5959961231039077,test
1.4054591944279706,1.8438453412875744,-955.6166465313488,2768.375931703075,99.99705041802632,2.109482516343617,High,2.109482516343617,train
28.391744262765705,4.2776946692172135,-9.76811807983506,1990.0374742695828,100.064974241919,1.0086764924715017,High,1.0086764924715017,train
1.1453932251126773,0.6388610332398693,3.2514191535861205,2755.4005094954327,99.97758691009548,0.3388386300643062,High,0.3388386300643062,train
0.4738289490952159,9.853450474611526,48.556518200625895,3810.28090765295,99.9470422575982,3.778064088165296,Medium,3.778064088165296,test
1.3200087559011582,10.46250593810084,1311.9907638817435,3800.935220435994,100.09567146742934,0.5824314736768592,High,0.5824314736768592,train
1.4485248744751655,13.263780722087718,3.2287291485255305,605.8829488087298,100.0289822306092,0.1544655924742801,Low,0.1544655924742801,train
1.828588339212416,9.423824908628443,3.1292010947574016,606.2404552566602,100.00016092126728,0.0718843775683657,Low,0.0718843775683657,train
1.2863202831995024,10.412717851538371,3.2110319802860103,605.9327396605531,100.07457671677253,0.0916714964895019,Low,0.0916714964895019,train
2.454440061315991,4.129209019230338,-45.25250789548039,3046.6548241247165,110.007549281664,1.3244987882757724,High,1.3244987882757724,train
1.2675562362041268,10.461605439306052,3.237145923277323,606.266702870303,100.030569743985,0.3316739592157861,Low,0.3316739592157861,test
1.8008952877335789,5.963889708334245,314.3337760560757,2762.130688557746,100.02731281882244,2.6542417813768093,Medium,2.6542417813768093,test
1.5174011190848766,1.0441857033271686,-9.72825387054511,2754.868484213978,100.03209079087436,1.1106850867533224,Medium,1.1106850867533224,train
1.0308027868717382,11.33520778243764,1425.4030797026571,4245.493908116854,99.99479852371806,2.6256947060845026,High,2.6256947060845026,train
0.7661616723387497,13.703127931591492,6.378148690365956,605.942857971145,99.96369622086162,0.3168844119715908,Low,0.3168844119715908,val
1.830931327357154,21.94344137856105,8153.866465360282,2756.5752342894966,100.21841892535784,3.102295034844336,High,3.102295034844336,test
1.0095433640937486,1.3230283263659943,-6.445914582823957,2763.346972079107,99.99125458666772,5.466966928771039,Medium,5.466966928771039,test
1.265581724786122,13.697180306047224,6.493124066318138,606.3609609958,99.9560942569213,0.0481912549748649,Low,0.0481912549748649,test
2.262154709251216,4.955278742460026,-1373.5814282556746,3990.96675626928,104.96770227774034,2.486027020558269,High,2.486027020558269,val
1.5586294558312026,10.042867496781032,51.89347215345211,2902.3749706489725,105.04849611156276,2.694052388457457,Medium,2.694052388457457,train
1.4012343813792796,9.819281873144902,323.94787575600094,2903.3936185083166,105.03906987744762,0.4444804144689637,Medium,0.4444804144689637,val
2.9561162508938645,6.567204254811736,-29.250646013929344,169.754109425247,99.93989396462918,0.0958846426746382,High,0.0958846426746382,test
1.268232866132137,16.4649905926377,5137.9609807098295,3989.668426601773,104.96519367277232,0.618314861209349,High,0.618314861209349,test
13.484473060560369,3.2508380766504605,-541.090460459173,2616.9832523475075,94.99597127592646,1.1406487784879271,High,1.1406487784879271,val
1.7650815436428562,5.065719575859888,317.49404525494685,1000.2241539974968,99.95647023353033,0.9390884664330004,Medium,0.9390884664330004,train
2.31003946572654,2.229870056657264,-51.90918942408962,2768.248475654086,100.03940947953691,0.5379234502730221,High,0.5379234502730221,val
1.0660403310416209,15.823849233807596,6764.318117390583,3825.0867354249326,100.0267342356691,4.298209383461168,High,4.298209383461168,train
1.235940670654454,13.18452267494508,3.236007590719788,605.8706284106017,100.0249095238972,0.0562555550539606,Low,0.0562555550539606,train
1.0535452872160918,14.236593201476492,6.370586891567279,606.0461117056093,100.11335772664908,0.2134053384265527,Low,0.2134053384265527,val
1.1338637707593902,14.15622392053754,6.42596976914463,605.6945119992107,99.94352519167576,0.1685540373612585,Low,0.1685540373612585,test
1.2344319438405624,11.132061573839373,136.0584309731198,2751.9951818582185,99.88997387351483,0.447244241622614,Medium,0.447244241622614,train
0.9068312799924888,14.198868219860245,6.489656882584035,606.102532582285,100.0045011005206,0.1939230580571887,Low,0.1939230580571887,train
1.6014389748122717,2.5172732394258173,-12.94363523962127,3817.160021782497,100.05271032737843,0.9338621457050024,Medium,0.9338621457050024,train
1.247013057560177,14.3546532807899,6.531523560140296,605.8577916774399,99.96870897051872,0.484414363652585,Low,0.484414363652585,val
1.2928832966698909,10.19483151411698,3.1752054337112345,605.6822134239197,99.92101657489006,0.0783014502211155,Low,0.0783014502211155,train
1.333130079683805,13.892782815797634,6.449402430213626,606.2696194712235,100.04030917351344,0.2978469060933971,Low,0.2978469060933971,train
1.49934286488667,14.7935128202215,6210.299567863875,3990.472991524524,104.94406717505098,1.068393603012929,High,1.068393603012929,train
1.1997723389790091,0.6948979628271965,-9.69374622722248,2749.7015960040635,100.0166609452518,2.9986592792938325,Medium,2.9986592792938325,train
0.9964348994028775,12.755061030166074,64.74826075159548,2764.241717082122,100.02667807404346,2.1328573247347618,Medium,2.1328573247347618,train
1.2267277879364644,5.105705699295712,-22.75238465217345,3826.814778736807,100.09485827875208,2.3622748635558075,Medium,2.3622748635558075,train
1.3415465320178377,13.407188806149692,3.259997053396991,605.9076068947787,100.03787610459894,0.0100199809455468,Low,0.0100199809455468,test
0.8756423620006463,10.31672962868476,3.2127534925114127,605.9441170859909,100.0578154664828,-0.022795439283269,Low,-0.022795439283269,train
1.0615009640547333,9.568039680018906,48.64161296055243,2754.239128383345,99.98354853437704,2.4163586475833383,Medium,2.4163586475833383,train
1.539752516215126,7.164070310051501,42.06437552387016,2747.129745740508,99.95509863251178,2.0531053527948577,Medium,2.0531053527948577,train
2.40494326761772,13.258846339844505,4480.424641890444,2618.170507686107,95.01655665785528,0.6643275638719441,High,0.6643275638719441,train
2.3744113650785144,5.775474936256786,239.7079667929511,3978.0368970176937,99.8617236533338,15.660270648507096,High,15.660270648507096,val
1.4791835637633974,14.608124862582695,6.490028215072697,775.5054573232036,99.89048653803565,0.1895518230073514,Low,0.1895518230073514,train
2.116987417796315,6.59731647092947,-9.740998124722868,3001.3403050333163,99.98503782951242,3.996599858330804,High,3.996599858330804,val
1.598222247641148,5.97349783886184,9.568394512489704,2768.223163334492,99.95251512097497,3.680209146727414,High,3.680209146727414,train
1.330094558128499,2.2707089664023754,-45.479302317576106,3821.093672695204,100.07634248075055,2.702481724574048,Medium,2.702481724574048,train
1.0668115752891087,13.474452160722848,262.46652030673204,3826.092871501786,99.85392964882638,1.6934549357691675,Medium,1.6934549357691675,train
1.381482457739029,10.514912070982197,3.260069721546145,3826.898869488494,100.02887908345,1.226505910806198,Medium,1.226505910806198,val
0.7814266217311724,12.490041484679493,3.180385355405091,605.9732460872411,99.92667943202814,0.1621722994839672,Low,0.1621722994839672,val
10.565997896992016,13.916910156301508,4156.3663742859135,2498.9374641145705,100.00099486677182,1.0712690872893462,High,1.0712690872893462,train
1.4112403606724957,12.157596074250824,3.167019217892063,606.1011420310415,100.01359163266368,0.2158490498289995,Low,0.2158490498289995,train
1.2241589125707684,0.3389419618081525,12.952091984269886,2765.4150739020592,99.9485676647716,4.700202765969927,Medium,4.700202765969927,test
1.1307666000038623,11.03969118085688,962.06062511592,4244.9276431960025,99.974038655818,2.91120607455333,Medium,2.91120607455333,test
1.1558286928628627,2.2905143776801857,119.92601691180754,1000.4133912419132,99.98499219036384,0.4005337499540887,Medium,0.4005337499540887,train
0.8656800771393309,14.913668796463307,6.410373775527885,606.092202484332,100.00790278196254,0.3386348735311471,Low,0.3386348735311471,train
1.0310908007574375,14.048575421258423,171.6979870470522,999.9646621238558,100.01348240167172,0.5548959579716631,Medium,0.5548959579716631,train
0.9486224594185518,13.837176299962866,6.511355399130866,606.4742062829055,99.99677116503062,0.1144076194483979,Low,0.1144076194483979,train
0.3789934600367573,12.043527955256696,97.21775082576292,2671.071474268852,99.97239324500856,1.4483050273946578,Medium,1.4483050273946578,train
1.2314128294796516,14.42491923563506,6.463477133081912,606.0772113383707,99.92661004179423,0.0941424272243141,Low,0.0941424272243141,test
1.5774479268758228,24.58167807063475,5717.862892720244,4244.693730170065,99.95334476259517,1.303459132468586,Medium,1.303459132468586,test
1.5972706446304814,7.360507827482046,71.26630868136726,2758.72873758592,100.01059167046358,3.648447328251978,High,3.648447328251978,test
0.3112459876732057,23.63881705942972,6151.894226578772,2760.090072290817,100.03495520780235,3.516190106914612,High,3.516190106914612,train
1.1004349030019112,10.222228184891534,3.2334001481234007,606.4009793276406,99.96428474591208,0.0353981606395373,Low,0.0353981606395373,val
1.8994674425466551,14.272212522002835,6.489734917986245,605.8573357109792,100.00746415672842,0.0228915031607546,Low,0.0228915031607546,test
1.5602441822154147,0.6600996515504198,-9.671290642468946,2754.8749026135074,100.01802861290288,2.1495690227591626,Medium,2.1495690227591626,train
1.483022929828376,21.826448283979097,1697.5817299503017,2499.3329907171283,100.0562233040146,2.95387863645643,High,2.95387863645643,train
1.3810795333499526,12.16911899153522,61.5355099318231,2767.2899520431515,99.96736937540156,2.3555516827237604,Low,2.3555516827237604,train
1.6907922857181212,12.588771551972854,3.2405607862749943,605.8165894484114,100.00512828616024,0.0159661369700282,Low,0.0159661369700282,train
1.5277654567050618,5.182048145234514,304.45521308680617,2999.603663978125,100.01873937826672,2.681337379630244,Medium,2.681337379630244,train
1.1008111170449224,13.34382804653697,3.2782125615596303,606.0095737654816,100.02548879349474,0.0291831903885221,Low,0.0291831903885221,train
0.7378036259464961,11.542519145490068,1839.977776264928,3453.853199013769,100.07978557724375,2.0082390945957904,High,2.0082390945957904,train
6.367519232563568,8.863042797078975,2578.754566679562,605.6851825139588,99.97110667654232,0.1523124963535014,High,0.1523124963535014,val
1.2813197100940998,10.6781082331083,220.2948530236155,2763.166070096332,99.95427088311516,2.0267288482824783,Medium,2.0267288482824783,train
2.013511654500317,10.42136930019519,3.204064202741327,605.6189598311281,99.95251602792952,0.2594436700568913,Low,0.2594436700568913,train
4.219073822352381,11.780799154429374,2060.2965336327893,372.3517921603877,104.96308213296872,0.4222710423174861,Medium,0.4222710423174861,train
1.492864278101031,14.691845293791104,181.4641616350665,999.800250416965,99.92850921443724,0.7077455347288069,Medium,0.7077455347288069,train
1.5251200885267469,6.059759484459463,9.748320099998644,2768.1664359363062,99.96018477842,3.610130471269537,High,3.610130471269537,train
1.7934534881100996,6.100066498777135,-952.426296262928,2749.664957639209,99.97401039930442,2.283582793237686,High,2.283582793237686,train
1.7999397378084858,13.436972493488556,1208.3316414497945,169.91414422363303,100.00583767622496,-0.0026671631930364,Low,-0.0026671631930364,train
0.5416014321133578,8.466306616864724,35.703812066959,723.0192608445543,100.09631873657544,0.3137198146492795,Low,0.3137198146492795,train
0.7791847404900929,10.288985183778292,294.8829025269481,4244.921555921596,99.95837860146273,2.282084076416856,Medium,2.282084076416856,test
1.229842202063833,0.6569453111632427,3.270603157092834,2755.4381317185585,99.92126242966452,0.243770423511777,High,0.243770423511777,train
2.256667574875123,3.13681752991361,1224.570669690398,3045.7408005769657,109.96121898457884,0.7622187896217888,High,0.7622187896217888,train
2.07566633060752,3.891113803105977,-45.28716660851,3799.835366296385,99.96543939650552,-0.0680552799706428,High,-0.0680552799706428,train
1.2122240073646762,14.76845634193679,6.428008992170161,605.7855916375925,99.95532794773024,0.151045219443522,Low,0.151045219443522,train
1.261656648330016,5.378317627108396,-12.864547287003589,2764.2775304040656,99.93961420803886,1.9398474864269128,High,1.9398474864269128,val
1.7278134679738142,13.439995366459543,139.32133505232045,4999.656664299486,100.02026444550089,2.328393806168209,Medium,2.328393806168209,train
1.4023226418746677,14.11522347220307,6.594920379372234,605.9314680864247,100.00737655429454,0.2741989066185756,Low,0.2741989066185756,test
1.8402551248790289,3.82347605136227,-45.45152135927195,3799.825970479479,99.992829787839,0.0222149307905519,High,0.0222149307905519,test
1.0075612991293892,7.891240932417438,-12.838600962800164,2759.3643777418315,99.9533135022583,1.0175308557695246,High,1.0175308557695246,train
1.6323112804884787,11.563671800446576,3.248771180084973,605.8363322988243,99.99815797421104,0.3394104157184432,Low,0.3394104157184432,train
1.7138867104872375,14.001657444692466,142.64145534835015,5000.279408574455,100.01815968309452,2.4939500175929057,Medium,2.4939500175929057,train
1.4157575085314076,9.801734726901657,45.41771131304452,2902.265178527047,105.00645624007733,0.5680706049889814,Medium,0.5680706049889814,train
1.020570525575769,4.542102869860909,-61.556048814280665,2474.2249737670227,89.98911958317304,1.6735558151412262,Medium,1.6735558151412262,train
0.996041939500558,15.222890124076558,1538.8963247883592,606.1365864950608,100.09412075036896,0.1528527782589478,Low,0.1528527782589478,train
2.171238798038016,10.648547183742158,3.183215551263381,606.1784417032393,99.9407801752016,0.0067167018855631,Low,0.0067167018855631,val
0.8158279429609726,10.35862505178671,213.81766939181952,3816.944088192125,100.05009750166084,2.4542117423269905,Medium,2.4542117423269905,train
1.8183366153481968,7.752153051365139,6.604086106467696,778.0215294879338,100.0882460914432,0.2317918917436662,High,0.2317918917436662,train
2.397005504531345,4.208842877676623,-586.4785701030331,2761.062141829458,99.9316385375373,2.3307438067827744,High,2.3307438067827744,train
1.1000729557057138,12.413644015088412,3.288188759358972,606.2290680256386,100.07634685395756,0.1956840716385324,Low,0.1956840716385324,train
0.6651115896353129,0.712762964908534,-3.2179725637479963,2673.062836975325,99.96753725976257,0.1292083958329144,Medium,0.1292083958329144,train
1.5681172764617148,13.840642218793624,6.46212780887598,606.2937567979733,99.99179007410126,0.3584977683097519,Low,0.3584977683097519,val
1.38498471631173,14.12253365344698,6.416282527424014,606.1940954745497,99.89587849981864,0.1537821072743765,Low,0.1537821072743765,train
1.7614331993150223,0.5762188198474036,-226.8077311757613,2758.1833802556657,99.90579320375636,0.9989705213668448,High,0.9989705213668448,test
0.9511772284299478,14.394269035899512,6.551850085705028,605.9729290473385,100.01492837050034,0.0965113168397252,Low,0.0965113168397252,train
1.3428428322187052,10.107464844156452,51.84835606854767,2758.2687343230464,99.99435045856448,2.2982097959727743,Medium,2.2982097959727743,train
0.9961720347583476,7.189887035957801,-12.953703221651942,602.7040516618277,99.94529817457726,0.7020815756874016,High,0.7020815756874016,train
1.410833487324666,11.463034460205437,9.689390646224886,2748.391201662709,99.95788697094272,1.6833767583187524,Medium,1.6833767583187524,train
0.6345038453805731,13.879811515560096,6.52063317173466,605.9668394020033,99.9099349329579,0.0111494994027368,Low,0.0111494994027368,test
1.556008375837937,11.006178039687809,97.14850972602,2754.306345081547,99.94712623233733,0.3673035475904495,Medium,0.3673035475904495,train
1.4725331452026686,10.146537861008651,25.80924526787771,2499.369304295775,99.99001050132917,2.046821932079592,High,2.046821932079592,val
1.3493628993861233,9.046876875995713,1159.6686732431897,3799.421358456207,99.90949615157146,3.313390236392084,High,3.313390236392084,val
1.1984416157860986,12.455514778097196,35.64072763181628,605.9499089901127,100.01589012184024,-0.0171536428770538,Low,-0.0171536428770538,train
1.30145784946409,14.746102064078764,6.506251257832619,606.2606611281772,100.00129951337446,0.4110945300885939,Low,0.4110945300885939,train
1.1531715673235006,9.547020702003332,3.265399206399197,606.0854285832432,99.96493929655595,0.0491453395969333,Low,0.0491453395969333,train
1.7119256985435929,14.584709670128312,6.478309834333507,606.0435223657031,100.1077283031897,0.2271969759607545,Low,0.2271969759607545,train
1.7145633945414367,21.933185326343768,8154.028360441274,2756.632220051816,99.98426864927,3.024196106187176,High,3.024196106187176,test
0.6950583974530105,14.93548823008195,3330.376727282183,1989.5996182563767,100.09161241782483,0.7789552265152787,High,0.7789552265152787,train
1.1350765547631605,10.793881708147088,3.144257808981196,606.0681225417471,100.0446647702684,0.2709908944704942,Low,0.2709908944704942,train
1.500734329728325,1.7906627251730236,3.2736626490788727,2618.325974508599,95.07165540541224,0.511893701284612,Medium,0.511893701284612,test
1.364791795974303,1.8639662113393347,-139.33702130145954,1000.6269485410908,100.032057095687,0.9724479683635174,Medium,0.9724479683635174,train
1.976491676494765,6.112027563758311,178.23337549137085,5000.303052545765,100.08396980850463,2.0294353294236127,Medium,2.0294353294236127,train
41.25461353961384,0.8920950419043456,-9.83302937005773,3977.861016302268,100.0417915955298,2.958105654150319,High,2.958105654150319,test
1.643278111991825,17.220892405541107,178.2507382049651,1000.2975453203233,100.00660650227589,0.6782454184771612,Medium,0.6782454184771612,train
4.980105544127174,11.389299039275697,307.68156107019007,606.1288531639333,100.0157249938078,-0.0582971120619607,Low,-0.0582971120619607,train
2.541973854927412,33.37830904831048,9171.23301006204,4244.579050404584,100.02551328770608,2.029613367146205,High,2.029613367146205,train
1.169240237890072,10.837428188620882,3.2250197403821748,606.0515413942888,100.03151576993017,0.1431544570731472,Low,0.1431544570731472,train
0.7692530989258191,16.659992504184327,2753.6989183076803,2612.1441700729206,94.92479396477056,3.4308050525137266,High,3.4308050525137266,train
1.428753860929883,1.7234320633240026,6.388450858394612,2749.8839661539787,100.063190734843,1.455992192042619,Medium,1.455992192042619,train
1.4464755527679265,1.5951698645014838,6.466315130648445,2755.116024763872,100.07306838331652,0.4867661675660509,Medium,0.4867661675660509,train
4.201051998534212,2.0596375656611103,-1143.6385945900288,2700.2534331321,99.99287648263768,2.293680852794624,High,2.293680852794624,train
1.747915707980084,7.496749110453734,145.83534612983306,2618.740090341278,94.9574949996679,1.90646993424242,Medium,1.90646993424242,train
2.2447908242990304,10.709074392021394,3.085705786232273,606.0082494181429,99.8948937440473,0.1746296484335322,Low,0.1746296484335322,val
1.4723946433550854,8.535118534317704,139.31624364825373,3977.4998295240025,99.94029393836466,0.1926709296659651,Medium,0.1926709296659651,train
0.7506543467376625,0.6251373038406569,-3.1499837560936443,2678.185439061516,99.96825978841396,3.382973553318152,Medium,3.382973553318152,test
1.612776363693288,6.693102903763816,29.12101984449414,2756.624494960523,100.0205848966592,2.637126651484458,Medium,2.637126651484458,test
0.9456927865686596,13.062958171957504,3.262169583597164,605.5137152522697,99.97502153715403,0.1098084357006551,Low,0.1098084357006551,test
1.8044086021914405,4.043743240033109,-13.000649379603262,999.7602401140384,99.9719658538112,0.74245178472602,Medium,0.74245178472602,val
1.5159936914844965,2.40482306332025,-61.563440052664085,3666.422615436085,99.85703134040703,0.1064593012582715,High,0.1064593012582715,train
1.434540821618455,8.118846292996992,116.68730039908156,2765.450081560919,99.98498686512616,1.951460371211034,Medium,1.951460371211034,train
0.7407354875930394,14.464199482228436,6.536198545592915,605.9659378291661,100.0211516550726,0.429432622779188,Low,0.429432622779188,train
1.645631603575858,0.8097329550943677,-12.970593661777666,2755.9715040978326,100.07243819079451,1.3165675182863636,Medium,1.3165675182863636,train
6.454156894103688,9.399910576059831,123.1905436437626,606.131030013637,100.0478015848338,0.0678187851919739,Medium,0.0678187851919739,train
1.5464899850495628,0.9740434906839448,-29.135005783909367,2766.7563182031595,100.06035820060316,5.332089167265012,High,5.332089167265012,test
1.121465133931422,1.730372620866795,6.430751783839725,2892.355011418924,104.98065774560772,1.09345208438147,Medium,1.09345208438147,train
2.327461432450856,11.201340934910473,3.261340375167121,606.1878663393144,99.9830823646151,0.3728554403181073,Low,0.3728554403181073,train
1.3538112632569643,8.501613913454664,537.7922845023489,1000.1037690152284,100.03367631108348,0.9764020029661457,Medium,0.9764020029661457,train
2.1819162733715523,11.664709410733344,3.210765371478391,606.0209854667082,99.95052758797937,0.114265024008586,Low,0.114265024008586,train
0.2490938429066942,2.885512248835261,-165.15545356953055,999.9295980286512,100.08127514131763,0.8694282725439875,Medium,0.8694282725439875,train
9.367957575178853,11.577538501274525,1486.884797800196,2499.950149813696,99.91447145824456,1.63917762574949,High,1.63917762574949,train
1.5115368788502883,11.429110928650022,187.88046314233168,2756.5433890228915,100.02555816966913,0.5594656766369431,Medium,0.5594656766369431,val
2.1535619203339604,6.19231334739983,35.66561150860802,606.2718601513893,100.0208046296581,0.0763629006843563,Low,0.0763629006843563,train
0.5776393507088378,15.19679640932046,5380.874184110464,3137.0640602834555,104.9459142988196,15.892858514695368,High,15.892858514695368,train
1.46406831413305,13.192142867365014,6.455367161143905,605.809501555121,100.09023334820937,0.1712300567367239,Low,0.1712300567367239,test
2.051509846766068,11.241150657667538,187.9696455677234,3977.5471062123424,100.012556478801,2.996147505496824,High,2.996147505496824,test
2.1807198441843765,4.222724264802957,97.0969694192326,2750.549835845085,99.93569922320611,2.3707819990930856,High,2.3707819990930856,train
-0.0241761846532848,8.275467092041199,-392.0143762558934,2762.105432815505,99.9603414863389,0.967137425416688,High,0.967137425416688,train
1.7426716630614607,15.60509537363523,9.730269881031417,723.1327392140774,99.9928788241182,0.3888615454402829,Low,0.3888615454402829,test
1.4746272208406757,11.074427092333911,268.90933377914325,3977.6374381579935,99.9188596190401,4.154465271091458,High,4.154465271091458,train
2.238916257001971,5.399249210769328,3437.227390911404,3713.301814345243,99.98974269947088,3.639084309964922,High,3.639084309964922,train
1.9142388594040105,5.524282325417204,226.7530511606344,5000.46504042681,99.97766825776304,2.265604328117214,Medium,2.265604328117214,train
1.2371796596566849,13.236224201306786,288.353956866682,2765.414854638922,100.00275344233268,1.768478390259145,Low,1.768478390259145,train
1.0877698328286496,13.047895718492404,242.98965880155987,3826.649061805207,99.9975173610936,3.2357114654647408,Medium,3.2357114654647408,val
1.0696077799250363,14.06379903600986,6.577091857952043,605.8534315027686,99.97932946546544,0.0276307985438111,Low,0.0276307985438111,train
0.9101344762305962,14.576005938365622,6190.888758625487,3825.773862681853,100.10540896318652,3.5965154281645484,High,3.5965154281645484,train
1.6210594979438304,11.055064033226564,51.923536977790256,2902.082166212539,104.99360496651444,2.36443850972877,High,2.36443850972877,test
1.556050722999434,1.2231879555740586,77.86888852770247,2893.844709439883,105.09651464428188,1.815946389599176,Medium,1.815946389599176,train
1.540138816556483,8.841670474550194,45.37132282408109,2754.921738839688,100.0108738275585,4.67428349934177,High,4.67428349934177,val
1.124570331730721,13.33935640415214,6.41069560991205,606.0363307174478,100.0719922918916,0.0802244250811445,Low,0.0802244250811445,train
2.0639174767434243,12.087480054811488,3.2496614087423743,605.9489755613586,100.01243905468718,0.4748697975593758,Low,0.4748697975593758,test
1.8837871584968355,6.5804323891666,359.59485435918646,1049.9805010347834,104.99559339442192,0.7963350052961218,Medium,0.7963350052961218,train
1.820692817216276,14.043456226103384,4431.7356748364455,2617.421206190896,94.97536961512714,1.5883562061994576,High,1.5883562061994576,train
0.4842671514229874,14.103791409471762,6.45699050132464,605.9966083927945,99.96952537663982,0.1220062602842832,Low,0.1220062602842832,train
1.7585416879268256,16.165028569242388,165.247186963808,3001.5631327428737,100.00835991044356,0.976841081555855,High,0.976841081555855,train
1.2219560071470903,9.543762371289048,3.221828001527547,3825.694657773739,100.02962168045268,1.7876187752106096,Low,1.7876187752106096,val
8.26490920131516,3.8026346763108494,453.5705676552111,4245.016832489757,99.87446681155878,1.3539164638008896,High,1.3539164638008896,test
1.3973509933629007,3.666034389387174,-12.921479756753085,999.6372183976356,100.0261449359446,0.5205319686569339,Medium,0.5205319686569339,train
0.8102087781084093,1.39084361322812,6.495168680572641,2754.488431645836,100.00637026572468,0.1726135297569507,High,0.1726135297569507,train
0.98106501240216,8.834167860997779,45.42243961370925,2893.516956137312,104.96688783910592,0.8625855343850368,Medium,0.8625855343850368,train
0.7333885584015335,13.386518783008473,3.227412825173776,606.0644166719705,99.9240787836164,0.300012934269402,Low,0.300012934269402,train
10.00086667397722,13.99946379081372,1240.7667868102733,605.9080864878864,99.95620219579338,0.0671324363631539,High,0.0671324363631539,val
1.0826212452194452,9.024106609256195,550.6523101088883,4245.583801138416,100.10084525688497,3.0425555520774257,Medium,3.0425555520774257,train
1.4195324083705434,3.240466188453068,16.228782062720303,2998.902127649083,100.11845426567164,3.859090441734783,Medium,3.859090441734783,test
1.3083839405100368,11.09947932861055,3.1614406940449142,605.7641158805502,99.90172296515642,0.060699521963197,Low,0.060699521963197,val
1.1375278120687509,11.751325571477016,22.680731951963715,2890.4223189528,104.98806572446942,2.495042678395071,Medium,2.495042678395071,val
1.647572200908633,7.416952217354775,71.4167739735088,2758.651260717454,100.11632539474742,3.703939862639228,High,3.703939862639228,train
1.3672249140778572,13.746501922202643,6.536086634581899,606.12396701818,99.98033466637452,0.1002782681275407,Low,0.1002782681275407,test
1.9832468774887333,4.738291070016025,-81.09284996388168,1050.2398680817123,105.08427717651828,0.9632844164055432,High,0.9632844164055432,test
1.5765608559935822,0.8620366645890194,-29.216555892542857,2766.79855441632,100.0542675526374,5.3707114762929375,High,5.3707114762929375,test
12.82099239674952,15.37272546376745,6501.994263306485,2500.791522390733,100.04677790331654,2.938113801841593,High,2.938113801841593,train
2.268797781505007,17.26908593245225,6.446355005739836,606.1540352394117,100.08790043630742,0.4375638383145669,Low,0.4375638383145669,train
1.396124611427486,15.254906887013991,5144.391601442587,2618.6697301538707,94.9992071035988,0.7181749084153259,Medium,0.7181749084153259,val
1.0531403186833357,14.407739163041631,929.7198597543096,2500.265642070535,100.20921057694332,0.6988966789517925,High,0.6988966789517925,train
1.8000250593857623,4.4124270490489845,22.7527004023548,2610.5709082236312,94.93777268089156,0.5885814591823333,Medium,0.5885814591823333,test
1.6638027676659628,7.921682085784471,19.548941057409422,2611.950549837721,94.97633945961292,1.7409544832135797,Medium,1.7409544832135797,train
1.6356355977065966,13.119496347357895,4629.3978191131255,3727.676235661463,104.9284187304206,2.073699444931872,High,2.073699444931872,train
1.4988943570850537,11.613335097864248,1998.889565447532,2700.817645412218,99.94978605391351,0.7569516935079306,Medium,0.7569516935079306,train
1.0658281352107368,9.649669651518712,48.607341666257504,2756.1291801654816,100.01107401666846,0.6197025961601215,Medium,0.6197025961601215,train
1.4041867896416884,1.9199063451798613,-9.679897803065256,2768.660341898761,99.92432520869843,0.3270693946023604,Medium,0.3270693946023604,val
0.704537993470662,25.490040082135227,6508.306210121464,2750.243040879651,99.95115956908366,1.1254620167625906,High,1.1254620167625906,train
14.280295214283605,13.169346527103826,2604.5657373807685,3799.765603816374,99.97726340818056,1.818629117236174,High,1.818629117236174,train
0.7853398855720585,14.129376652139513,6.518767677254701,605.9641764880968,100.02652326079294,0.0233290220528496,Low,0.0233290220528496,val
1.763774924111344,7.144747797104735,424.4926451504585,1000.0788127620748,100.00231813618468,0.9166414031966332,Medium,0.9166414031966332,val
1.420768910556268,11.976770991419723,64.72154568931863,2765.5026337562927,99.9647049324686,2.652883850351431,Medium,2.652883850351431,val
0.993273327149317,12.894225766008086,3.2660866373395865,605.667869602687,100.04078389732923,0.2475334403409253,Low,0.2475334403409253,test
1.0191788673408348,2.944227939532019,19.479947840025588,3815.9610010838473,100.01443970816844,2.025399246206318,Medium,2.025399246206318,val
1.5024057400628872,4.013667335090165,-32.24554407358442,3799.04014591569,99.89756133086338,0.8027923748841184,High,0.8027923748841184,train
2.213570205712231,10.622967770195649,3.230743212185557,605.7864852928838,100.06911505553455,0.135042155435433,Low,0.135042155435433,train
1.265734360546915,0.6415310042736277,-6.476400716904546,2749.9499621768578,99.931535474952,1.1918828674557744,Medium,1.1918828674557744,train
1.446489973870883,13.159824701652036,6.47086921492236,606.020634146019,100.07759906266614,0.0846487153716136,Low,0.0846487153716136,train
0.7973491953080984,13.145270128056833,3.2218870443481222,605.7604581032797,100.03410416215452,0.2933047367648011,Low,0.2933047367648011,train
1.7095676889188545,9.689750903638288,3.211402226146466,775.9814591361747,100.05924719004196,0.2222016293787662,Medium,0.2222016293787662,test
9.092474748639876,5.178534229419656,168.4564217823664,3800.220849574926,100.08036548969692,0.2674728581338266,High,0.2674728581338266,train
1.3711212328950189,11.25797824181447,3.243101921805496,606.2338144262467,99.96954818590184,0.3435811840214721,Low,0.3435811840214721,val
1.142515972912154,9.916377913147,51.87898767266311,3063.550940009408,99.96397281618697,0.3425713783129647,Low,0.3425713783129647,val
2.324912128465178,4.281633199295324,-25.91425211592533,3669.045640165328,100.11262032117492,15.973702772439417,High,15.973702772439417,train
11.659626853364198,15.357318074375833,5160.682869817399,2699.039696924729,99.99357559455734,0.1922046000196744,High,0.1922046000196744,train
1.0031179347142458,13.819238224200962,6.545621299878622,606.3819281424868,99.99991873495482,0.1133660529048376,Low,0.1133660529048376,train
44.14362915837809,24.460019497189805,5429.44142928827,2316.1857732912413,99.97643632140628,14.141598340716312,Medium,14.141598340716312,train
6.463394665058054,8.780824332036582,2578.703935967906,605.8492373813644,100.02963149362904,0.2472879769700298,High,0.2472879769700298,val
1.823907383317637,9.497245559737951,868.2915328980304,3046.4879096272134,110.10792990195048,3.679245594022362,High,3.679245594022362,train
1.3745733576155483,12.745551277336576,2128.3303319353595,2802.8535878893217,104.96311117819286,2.466543366553919,Medium,2.466543366553919,train
0.7997530390769445,13.74424223360326,6.399220500761915,605.9826902739895,99.96402600048717,0.2267926753171386,Low,0.2267926753171386,train
1.427057522493693,13.25502906665372,3.1611799757866867,605.9242456687505,99.90975625972187,-0.0583052217127805,Low,-0.0583052217127805,test
0.4863574878930658,13.792299933145271,6.3997650847482825,605.9077787397604,99.94040628522582,0.2575894483390146,Low,0.2575894483390146,train
8.929764944535854,5.05698352065288,168.24291813288008,3800.174581059462,99.9956353899252,0.2913314289987664,High,0.2913314289987664,test
1.2142077609060316,0.1750690349945278,35.63586057646294,2767.419430229365,99.96220055418776,0.9476816524306152,High,0.9476816524306152,test
1.2991170343418297,13.504152393608363,5332.318551601039,2993.4256067964147,100.1230808163028,7.870761927557643,High,7.870761927557643,train
1.1128024807628991,11.457738519177235,1525.837829423866,2768.412806424676,100.02495933064914,3.7697163332528736,High,3.7697163332528736,train
0.4245239352872254,12.449182209615882,2131.5674253841057,1990.1819970823856,100.02808062332538,0.9963438547300992,Medium,0.9963438547300992,train
3.457725257691149,6.460525400588908,25.96276709160072,778.0548271738822,100.03882235386855,0.5321289617104835,Low,0.5321289617104835,train
1.6766688277898396,11.185977673167102,699.743650293007,1000.0622096766856,99.87681793379272,0.6619825029304272,Medium,0.6619825029304272,train
2.191220949463907,2.840816351358815,-307.7726100351471,2756.4329347528505,100.04217743104792,1.6948269502889075,High,1.6948269502889075,train
2.1007709711867704,1.2591339139478237,-9.61321610873721,2902.224930164715,105.000940848281,2.5979017328710463,High,2.5979017328710463,train
1.2921634308718064,11.966712166249224,1564.703289374764,419.9555996167326,99.98161599097013,0.3137620393781024,Medium,0.3137620393781024,test
2.139557342113822,9.456693755582322,3.256448719661042,605.7789658129498,100.0112531625467,0.4659836767333423,Low,0.4659836767333423,train
0.8970060894075446,12.936202306979675,3.2858611075793545,605.8402497819005,99.97783308279496,0.2293123583491263,Low,0.2293123583491263,train
0.5970670479901101,14.205451473290154,6.434400685116651,605.8624303353907,100.04410332717926,0.124558060019456,Low,0.124558060019456,test
1.775026855430981,11.938469269426252,6.527703576560971,775.8690227357172,100.01838150789668,0.0252083459930972,Low,0.0252083459930972,train
1.1475454815547337,8.665473654981028,42.12563320062931,2758.109346263281,99.9523136635795,3.255579402513442,Medium,3.255579402513442,test
0.7098503946879365,13.67485027464885,6.50422430972217,606.0905472982543,100.05552899348856,0.2941054868753432,Low,0.2941054868753432,train
1.397157115208706,7.129914758147056,126.33278090805956,3990.304299140425,104.9793331084349,8.708128106789392,High,8.708128106789392,train
1.0434444386356212,2.6818003348125026,-16.254206022764265,3826.6475586871848,100.03213418692084,3.0490619304102826,Medium,3.0490619304102826,val
1.5145542582812546,2.427441935472771,-6.551744866903845,169.65722203973343,99.97769952400176,0.1352627400978416,Low,0.1352627400978416,train
0.8835866564351252,11.636358510226216,-3.29168560367661,3825.727485101338,99.91259614750696,0.7215474151773728,High,0.7215474151773728,train
1.8415121665701024,1.2792013905625272,16.166682102329503,2612.294433913552,94.9938756367094,0.0794097776251472,Medium,0.0794097776251472,val
0.5587099663761742,16.308949685688635,3427.515251302311,2835.885521234713,104.91457843767256,0.3781208241475036,High,0.3781208241475036,train
0.5467192068828008,2.111990085622325,6.42266871062419,2672.345049191821,100.0313852813796,2.546322133619994,Low,2.546322133619994,train
6.368809503321196,8.832345238053936,2578.7196022752764,605.8027744306853,100.04944933783604,0.1176352300383202,High,0.1176352300383202,train
0.2630963949629802,10.505364186620248,3.1894838814949624,606.4006358654373,100.04930952309977,0.0419998890074971,Low,0.0419998890074971,val
1.1897341117774487,8.672843112749376,42.172745574231854,2894.3719039539387,105.00072905254588,1.622302654245816,Medium,1.622302654245816,train
1.2451508574222254,1.0182226604025115,3.2437498839972925,2763.684469515493,100.01709488107372,1.4582047248930885,Medium,1.4582047248930885,train
1.4039702652304384,9.985156225658598,45.31456886689042,2902.3548472065195,104.96417934477456,5.351053697679409,Medium,5.351053697679409,train
1.5234264051218949,1.943822977269488,-9.82434730173154,2764.956448298994,99.89525090277148,1.2024077702450509,Medium,1.2024077702450509,train
9.15846660701465,11.124050714975107,1299.18559854841,2498.99283735806,100.06099895065104,1.6047513635508557,High,1.6047513635508557,train
1.352933204716799,8.552124161880158,42.10171211350652,2755.935666450205,100.00914007829564,0.8683122031656568,Medium,0.8683122031656568,train
1.1561719456220048,0.8570301696822895,3.212186341455911,2893.002408728398,104.9832494946557,0.2487568375991288,Medium,0.2487568375991288,val
0.7665662132228331,12.626670828937163,3.2602070172537227,605.6566258601154,100.01409412630436,0.1845026818081339,Low,0.1845026818081339,test
0.819509023142479,13.8833609240256,6.484355419353468,606.106141164068,100.03155818514176,0.2740029117510006,Low,0.2740029117510006,train
0.7514777943538532,10.925536551109223,6.450649606357058,777.9331731974563,100.10783829035982,0.1168838191360774,Low,0.1168838191360774,test
1.05353597840151,10.812706468546764,220.3875684657745,2890.092307484253,105.02677084940768,0.9989638419288972,Medium,0.9989638419288972,train
1.414435554248877,13.791222832158878,6.488004015671332,606.2167786725622,99.9691978245462,0.1353234553441928,Low,0.1353234553441928,test
1.4642840113080182,8.851816542944656,48.58910837315981,2892.908264899844,105.0062044402751,1.1481443274698253,Medium,1.1481443274698253,train
19.27294243270289,4.8937208696711645,-213.8670626246035,3979.303846177708,100.07084274402506,2.5715203127095467,High,2.5715203127095467,test
2.1600170405241896,19.28809963230441,7823.483668197219,4999.7675067748,99.97245334586653,2.450813889013216,Medium,2.450813889013216,train
0.7964801534657063,13.510433195356352,3.3338459665725155,606.176323539519,100.00408334105464,0.4524530522323902,Low,0.4524530522323902,train
0.9508689483286862,17.431268105050272,3699.782776942246,2491.7366439139014,89.96854981642761,0.9962710644496904,High,0.9962710644496904,train
1.1812598610753835,11.928277497687938,22.70524038337237,2892.0793375409894,105.04554296050146,0.4646854687584937,Medium,0.4646854687584937,test
1.751587058245862,12.951923181112988,3.225443154812143,605.822506001535,99.983883754638,0.1590998501328741,Low,0.1590998501328741,test
0.9104207611382122,6.491698174649958,333.6262812946519,2999.5260804446284,100.14538272578154,0.2738847195488794,High,0.2738847195488794,train
0.8311536866283569,13.637086981555742,3.2683017713154143,606.0006952194861,100.10024154336612,0.3285832575202206,Low,0.3285832575202206,train
1.6884659421517894,1.803826782837383,32.34027708316776,2753.917856830875,100.02311733572536,0.621677195028851,Medium,0.621677195028851,train
1.8398141755314257,8.337919123954336,67.99541371041215,7.853772390293848,100.01325102683104,0.0290687285915737,Medium,0.0290687285915737,val
8.955205636015583,1.795719676294279,-132.82831560501464,2499.65453923612,100.01390412981576,2.6090927334364618,High,2.6090927334364618,test
2.073339811175801,11.206017540980532,187.8014627043686,3977.539403783973,100.07194558985938,3.089837399902358,High,3.089837399902358,train
0.8310579365997907,13.324291272777046,5293.4992723577625,3001.1132069999653,100.04716469737528,0.4401822651913589,High,0.4401822651913589,test
1.2421052823777998,0.837746866146449,3.282856761949928,2756.191107175606,99.95863512517786,1.5480118950557888,High,1.5480118950557888,train
1.964204873900588,16.10447648521003,165.23408188261303,3001.411054962225,100.07792075900664,0.949374941572858,High,0.949374941572858,train
2.5377570827454425,8.87738210429621,-84.33373203508164,2767.8130700946804,100.04735072132226,3.1450943204677064,High,3.1450943204677064,train
0.9808442590330836,12.945324885680437,725.6217564338377,999.9832593979208,99.91443212861786,0.6610688274536456,Medium,0.6610688274536456,test
2.853170863300779,2.1011193372418253,-223.62725370183685,2806.093530043312,99.94997627195436,17.264906830159294,High,17.264906830159294,train
9.17252902814922,10.867022082198892,1817.3148059838768,1574.816162415981,105.09172019638014,0.4890870429985177,Medium,0.4890870429985177,test
0.6246080679396275,0.9916890835751346,-3.2290421447073943,2679.152843928751,99.98514201829968,1.798419167385186,Medium,1.798419167385186,train
1.069591022275917,11.314638037495746,22.64143810969512,2891.481440662898,105.03485821256176,3.6303610972789127,Medium,3.6303610972789127,train
0.4410891492150066,7.721727296356216,-3.313715409173016,2671.306548475128,100.06796800151672,1.045643499318499,Medium,1.045643499318499,val
1.033207683975502,14.540874464569232,6190.808529616988,3825.775076136335,100.13374232982687,3.7444918536422382,High,3.7444918536422382,train
0.5788116552161361,1.4200464786984983,6.520836151689701,2754.5732373753103,99.95553462006914,2.455477817075613,Medium,2.455477817075613,train
0.2959757998242048,14.23969621477536,-450.35309190018114,2755.201903325153,99.88612770407138,0.1607457548445571,High,0.1607457548445571,train
1.4067546674593114,8.522981992363794,42.08939609951019,2755.1852697489644,100.01973382460612,2.9980562248447,Medium,2.9980562248447,train
1.4380568511841978,9.856080034298914,3.3522310037089302,606.0692717724089,100.05339322435934,-0.0092793406532145,Low,-0.0092793406532145,val
-0.1481319971287738,11.553559996474425,-544.3226181512974,4245.723566468206,99.98099362799992,1.0083175900306662,High,1.0083175900306662,train
0.6526420211128755,13.599048001516495,6.44444914421859,605.7109921146932,99.95244230847324,0.295801102829274,Low,0.295801102829274,test
1.0197994015374623,0.7944439917592012,-6.435077590973303,3816.758788691325,99.99808835993956,1.3339348025839572,Medium,1.3339348025839572,val
10.397053390330964,9.564884783444157,113.32989397016452,605.8633404428491,99.9921016077776,0.0191362097146669,Low,0.0191362097146669,test
0.6636503766869963,7.237301132163472,-3.2997730043885163,3810.593665567053,99.92769007524664,2.09109110125316,High,2.09109110125316,test
1.0488379410585014,12.916385197527388,239.65027009075305,3826.539616420722,100.02750709964376,0.3541966861687835,Medium,0.3541966861687835,train
1.28352389145615,10.319149873758803,3.271567637847222,606.0003791222208,99.98524191104045,0.1815626977531711,Low,0.1815626977531711,train
1.0060811328846908,12.11969540844276,3.2276767342706973,605.9215474634062,99.99653028895928,0.1076191106604364,Low,0.1076191106604364,train
1.2745730250577267,14.26291237098479,6.445669361740912,605.968787163824,99.93547631297544,0.1881999459081405,Low,0.1881999459081405,test
1.509212819286909,1.5506569176062424,3.270436266133231,2762.083504186593,100.08568339116135,0.3633805235115259,Medium,0.3633805235115259,train
0.7506409388594324,13.86986982935336,6.37847923029826,605.8451232496393,99.9511067225972,0.3505117958186133,Low,0.3505117958186133,train
0.9814948111372358,12.980164073343436,3.32451248590074,606.0984222087237,99.91978626939868,0.2915279642941129,Low,0.2915279642941129,train
1.567020075116159,7.503956226589834,32.37867971298141,2754.640179080516,99.9300190101672,4.227455968543997,Medium,4.227455968543997,train
1.2072006610290993,13.275440083418465,3.2036175599952976,605.8804864312755,100.04765067668558,0.0823444504697853,Low,0.0823444504697853,val
1.5759257501939905,4.153421744892132,-32.37419737447074,3799.06611365635,100.04435864757664,0.828079862634446,High,0.828079862634446,train
1.4403028783500422,11.510328596003232,126.33840044171266,606.0338055342085,100.07283662051576,0.1304659322149833,Low,0.1304659322149833,train
1.9977987943916224,9.121772443910311,149.07539665625842,2770.057277998246,100.02207617983132,2.97785185653614,Medium,2.97785185653614,train
1.1190290357054582,1.5557760322084342,-6.454477019983965,2764.703952815408,99.96604389203098,0.108565633070087,Medium,0.108565633070087,train
0.8038332387139909,13.158209375338078,3.1857709112479555,605.8064155220253,100.02678489329875,0.2870262074337106,Low,0.2870262074337106,train
1.601581537540684,14.789061972526156,6.600581612213143,606.1974075098276,100.00301048527608,0.236578691606676,Low,0.236578691606676,test
0.9771042076684432,17.594861294057747,5539.6283346207365,3825.896933521358,100.07239844614476,1.6881822624550755,High,1.6881822624550755,test
0.5547803319454566,14.846564213812655,6.4180408553299735,606.0571791408759,99.97194558715992,0.0998556828341429,Low,0.0998556828341429,train
0.7165096079622232,10.637964581326502,55.025625457215256,2673.630695992432,100.0316114352171,2.0068593377137725,Medium,2.0068593377137725,train
1.2042817865520754,11.003355122988255,6.476022825687839,1094.015031135973,99.99823113852368,0.6453578835012874,Medium,0.6453578835012874,train
1.5167576672409029,8.938846334770044,453.4980316436831,723.1302254550335,100.01366742286392,0.0746686966881613,Low,0.0746686966881613,train
3.138368885545404,19.53005213311384,6612.0479441956495,1990.2142559888275,99.92918638110916,1.343731491114883,High,1.343731491114883,test
2.2408186361194624,8.4716131336483,-304.42901833571415,2770.0569466468014,99.9360641535493,0.778962123361405,High,0.778962123361405,train
1.3904400550263594,2.730750855036268,55.04897820963393,2891.018960103512,104.8960519760506,2.5823860516503485,Medium,2.5823860516503485,train
0.2226754824191204,23.4283721105275,6420.949500521685,2769.876388273425,100.03613603550052,2.080478843616871,High,2.080478843616871,test
1.2753281074965006,13.405856109393849,3.2675702797488344,605.9513991496921,99.98181484012716,0.238516325657682,Low,0.238516325657682,val
1.2726057751081723,13.290198194226594,3.2743404962472624,606.0535164867117,99.89446424175232,-0.0616588246005375,Low,-0.0616588246005375,val
9.66731862260336,11.379622112759936,2306.5691110282,776.1022399832831,99.95062247283734,0.1591327097420719,High,0.1591327097420719,train
2.0756589543987225,11.727375496379484,155.49247489483648,2500.3086059006487,100.00946105714176,2.7633662472738068,Medium,2.7633662472738068,val
0.8006966351714158,13.882687806862204,6.529273945519374,606.3423687217745,100.1066739950172,0.1354803801672183,Low,0.1354803801672183,train
0.9870746361364972,14.594328353023188,6.468184409092788,606.1142878641161,99.95602437916014,0.3221630438610115,Low,0.3221630438610115,train
1.3118024378653734,1.8728840158619244,6.559939010452042,2757.1602270950325,99.87798495834326,1.6341163626771713,High,1.6341163626771713,train
1.6332629740293805,7.746165464453701,16.201736462642728,420.18879238733336,99.8633554728475,0.2757033874905475,Medium,0.2757033874905475,train
1.895483663990293,12.789286260036013,317.4577461142558,2499.575351391064,99.98009336573624,2.696860761249202,High,2.696860761249202,test
1.5905903716038612,5.137181128284256,81.0480663055167,2747.670164291268,99.87594107034376,2.346416693368512,High,2.346416693368512,train
9.142268784010811,5.066951138965901,168.54289849984104,3800.103514772517,100.03883420030752,0.2381003150230581,High,0.2381003150230581,train
1.8210583822789344,12.892130679969346,6.509745023012783,776.3725494498291,99.91661551266974,0.1613513376449482,Low,0.1613513376449482,train
1.5133921284449936,13.687786848188765,3.1564257688409407,605.9602471394647,99.96640046797953,0.2066829821710927,Low,0.2066829821710927,train
1.2629910214504505,14.231075721835992,6.39450069456161,605.7228146448463,99.92653772447632,0.1283577248261114,Low,0.1283577248261114,test
0.4406988402361402,13.91053268107131,6.482131278211941,606.0104532296778,100.04276298149524,0.1918817347084244,Low,0.1918817347084244,val
1.5124643230835513,14.396421741005836,5503.961781615792,2762.07371886982,100.02645053879988,0.7326119060519349,High,0.7326119060519349,val
1.7819668212038244,7.515492959291726,-9.65603611122255,1000.1673417637368,100.03425886247908,0.8264289242016214,Medium,0.8264289242016214,test
0.9510768200878108,13.57585718522338,6.458297388367559,606.061240160991,99.97483748099764,0.3182368288684457,Low,0.3182368288684457,train
0.7360296201095587,12.712689797061923,3.2997238169785588,605.943553646086,100.0067180237158,0.2239359771451436,Low,0.2239359771451436,train
1.2475046732078896,13.40884482368939,3.2930693154936352,605.9353660138654,100.02004424538124,0.0180214082032557,Low,0.0180214082032557,train
0.8374834868037228,15.074624390882368,829.3524714155341,606.2915056406599,100.0205477628284,-0.0316716049305472,Low,-0.0316716049305472,train
1.7821364965555762,1.054842867892212,-790.4538195780874,4244.668526219168,99.87642398062026,1.916362641749851,High,1.916362641749851,test
0.6010655235672427,7.248090630062898,48.52264600438724,3817.777041408692,100.02878375979785,3.763806042608216,Medium,3.763806042608216,train
0.972918402111,0.9296842481613028,3.264223100886906,2760.6732436632665,100.04180870085835,4.964997003023438,Medium,4.964997003023438,train
2.3641709532539337,4.452041389380226,-259.1226164048926,3799.171388165428,99.95108875868354,2.1876432659358764,High,2.1876432659358764,train
1.7624978961119293,10.613670969057443,3.295940278004485,606.1239160877121,100.01068139516762,0.1345911204674733,Low,0.1345911204674733,train
1.4343410853347436,2.487306453258872,-61.50208147656752,3666.526828624524,99.99202741155992,0.2559861695264102,High,0.2559861695264102,val
2.1495411233430075,1.283754454086307,-9.734134896285113,2902.2315159987256,105.01027751931284,2.4842281380264466,High,2.4842281380264466,train
1.542189460403636,10.14241553467475,3.20094811325916,605.8589981964357,100.0051078065367,-0.0790054042190702,Low,-0.0790054042190702,val
0.9079094025141128,17.590169796004346,5539.611637021432,3826.0393271882976,99.96561169388072,1.6664219230166903,High,1.6664219230166903,train
1.1570438003573786,13.732462600150422,6.428627124187057,605.8467687238075,99.9701837953844,0.4150061590129762,Low,0.4150061590129762,test
1.7967121260617849,10.21485693905451,3.1832682091940545,605.921145614618,100.05195163516264,0.3554180396502292,Low,0.3554180396502292,train
1.9247073774851693,12.857738215917394,6.441207564894039,776.3448213488218,99.9449215124049,0.0192093490054275,Low,0.0192093490054275,train
1.2656619306573054,6.933305243074787,-3.1325572488994373,3799.092376962856,100.00461515900204,2.3947910880558543,High,2.3947910880558543,train
1.1823300123579144,9.923747063420386,48.53440060235855,2756.4412311769984,99.95694605613475,3.1328098633199506,Medium,3.1328098633199506,train
1.506879304271775,9.626694896701617,48.5970134469401,2755.734322231814,99.9961827589261,3.235244023309489,Medium,3.235244023309489,val
2.316163874160941,9.127005841117391,-359.6017114452382,2892.9240830867443,105.00974956337912,4.026194112008959,High,4.026194112008959,test
1.2616892014483905,11.702248174864614,9.722965832760506,1093.8262111526035,100.05642991225916,0.1620733839956249,Medium,0.1620733839956249,train
1.2154906328803894,13.677582943092744,5332.447138712891,2993.394310231108,99.89926887934816,7.941819652804914,High,7.941819652804914,train
10.632840136086264,9.385329755921202,579.9096077688962,605.8459179558164,100.06044022154748,0.3717069895152866,Low,0.3717069895152866,val
1.5446075929154677,12.185404135669764,3874.4914649570346,2700.842143471375,99.9728128739415,0.5649722484216905,High,0.5649722484216905,test
1.977154346089963,15.254908248655576,6472.639313730164,3800.389815217785,100.06149341477636,2.666909052637958,High,2.666909052637958,train
0.4790144434499391,0.4805309136373425,-9.734777936609346,3804.410734179754,100.0080936580307,3.8796556612832456,Medium,3.8796556612832456,train
6.340548907284768,4.265900981391512,-353.14077977136526,3978.0798498469376,100.07590386451687,2.1392009180238936,High,2.1392009180238936,train
1.290659966034608,0.9442928902120394,-19.446153533795627,2750.1907919953364,99.97782304796446,0.9963141786725288,Medium,0.9963141786725288,train
1.1956555166939609,13.681535921171816,6.559212384114061,606.1864443533536,99.93676316979638,0.1622997509106785,Low,0.1622997509106785,train
0.7341571658048762,12.817801017423196,3.2754334214604466,605.7051006236685,99.9618336463464,0.0153989145426364,Low,0.0153989145426364,val
1.154927831448363,13.381493470971712,3.2319423831321785,606.1837783445824,100.0091643269603,0.1414222281371122,Low,0.1414222281371122,train
1.1246732041451424,1.120776900285921,3.2762627782017564,2758.212499743082,99.9773208572516,5.811393364411758,High,5.811393364411758,test
0.7833470847813537,13.12689004595037,5105.619111171874,2761.3223642429243,100.0361215887323,1.2942233874736793,High,1.2942233874736793,train
1.202715396693986,10.05773319193552,19.504883931316503,2891.5151383967163,105.04999437430074,0.0667791895116612,Medium,0.0667791895116612,train
1.6064304567321892,10.12352761947428,531.2925008676838,999.8058762659232,99.96971804777831,1.2559963025723735,Medium,1.2559963025723735,train
1.731105605401163,21.96852656548341,8154.019549537246,2756.5039171122125,100.00616913121917,3.1031465145269683,High,3.1031465145269683,train
1.3750951046060338,13.131396577443011,16.15677085464582,3978.844946816086,100.01746433587348,2.9931613269142217,Low,2.9931613269142217,train
2.275915995643776,7.204399161500732,-783.931632915884,2769.4096834638844,100.10755894086144,2.593296312827781,High,2.593296312827781,train
1.2275509380912255,1.1998768078160138,3.2473270196808226,2901.782031916056,105.00218649888258,0.4819472637803971,Medium,0.4819472637803971,train
1.088518193811658,5.472108978057095,-16.194721759008512,3799.4855522705902,100.00383123548671,2.797776729200072,High,2.797776729200072,train
1.0873070350275584,0.7408397433565542,3.306176833200963,2755.369432251343,99.98586193468918,0.3249324864703349,High,0.3249324864703349,train
1.4699449061349157,2.6113052457754264,-9.705335222164676,3818.2021088590313,100.03924705177523,1.3036726020218028,Medium,1.3036726020218028,train
2.1554713863426387,1.2464700360724814,-9.642523561630297,2902.205338440885,105.08247741719435,2.4076168614033344,High,2.4076168614033344,val
0.7595881045236127,14.367480766139328,6.435045591256396,606.1547133539692,99.99122608033778,0.1047829684716478,Low,0.1047829684716478,test
0.3286998135310066,5.037670036961094,-252.6671140406076,1990.006264459009,99.98656905889732,0.2242548554796448,High,0.2242548554796448,test
1.765507671331266,29.18788253422252,6161.727791043353,2611.1027608527297,94.95605185940153,1.6286987248290377,High,1.6286987248290377,train
1.681271954971978,1.6511296850218224,32.34980377199759,2752.296324635254,100.03190516047668,2.247407006119953,Medium,2.247407006119953,val
1.349497796661497,9.74329764540561,2406.9441112308905,3799.833223455661,100.00742243968398,2.720791221768992,High,2.720791221768992,train
1.495131210103397,32.31755737008716,8037.412824990991,2749.183997630105,100.09909030819394,2.1712943387017987,High,2.1712943387017987,train
1.134005092053474,1.5287641151853992,6.464512271345791,2758.553552770049,99.90707321417403,0.5978051941110906,Medium,0.5978051941110906,test
1.1508874661040225,11.544884018661966,9.651098039797388,3979.350807979511,100.02972590690914,2.7571874791376336,Medium,2.7571874791376336,train
12.795250524595714,15.41637987899806,6501.862351287491,2500.7567626092937,99.94545268733272,2.931265110902551,High,2.931265110902551,train
1.3122916265460445,13.53548349372025,6.492178110559949,605.810264530783,99.97642313333482,0.1043602226353833,Low,0.1043602226353833,train
1.9122004187740609,3.962218975080921,203.9961989153429,2761.214294238822,99.97691848783673,1.2362621934209128,High,1.2362621934209128,test
0.9838044684409728,6.161320652312893,5209.227677714568,3977.2004118819887,100.0195914359119,0.7830600556636518,Medium,0.7830600556636518,train
1.461726084934895,7.27634612678912,126.29586142807467,3990.128404270439,104.94050335243094,8.727223071851471,High,8.727223071851471,val
0.8530456929998187,11.533021759978412,226.723582363867,3811.1378084599655,100.06023912451197,2.423540532309304,Medium,2.423540532309304,train
1.3983087304571922,13.535621306414615,6.4836180386996,606.3382515532617,99.96835555353567,0.1627624104945553,Low,0.1627624104945553,val
2.2894137735125724,24.827053312885702,4247.03045553468,2753.7526644389472,99.99835719503648,4.505629474018177,High,4.505629474018177,train
1.015780956790877,14.977302095781075,4444.730799227107,3803.467738508222,99.97151026222434,2.0327739654697656,High,2.0327739654697656,test
1.253159053256282,10.368368192560194,3.260224664944307,606.2492792625065,99.93838089995668,0.0396784720506508,Low,0.0396784720506508,train
1.7810672672621102,29.120402797750767,6161.601036488251,2611.120552220348,94.92969652257892,1.4460485582451512,High,1.4460485582451512,val
1.6572594630889697,9.286641012718462,3.1773388214421625,605.6856994134789,100.07877099207954,0.0219913901002635,Low,0.0219913901002635,train
0.941536221830146,12.456268257581904,9.718303185540323,3978.993666262065,100.02283804689114,0.3842796716811746,Low,0.3842796716811746,test
1.880098112638064,8.363984750671715,139.28092406870772,3978.557913847528,99.93994767670328,4.019004099925348,Medium,4.019004099925348,train
1.1339888011439092,2.17815969916247,29.129050502548303,2768.321493241957,100.07655803136188,0.2345953751538042,High,0.2345953751538042,train
1.4566943270547574,13.526301260844717,6.445342885873891,605.7807530755384,99.96966856896226,0.2327403433660539,Low,0.2327403433660539,train
2.9402026264242016,10.76594676400174,314.1830040165086,606.208112765631,99.906067560968,0.010564989865249,Low,0.010564989865249,val
1.1782810971625652,10.518868279354749,3.204303192710931,606.2821064102762,99.97135330490032,0.0948718183881953,Low,0.0948718183881953,train
1.5223075260405965,10.089813355481963,26.00710434804916,2499.103580806966,100.07387662119856,1.9474470220962423,High,1.9474470220962423,test
0.8523510036768952,15.216312814038794,4587.278480886293,2903.097521000041,104.8779293802458,0.7473338293878481,High,0.7473338293878481,val
1.1416875940951556,10.731874359408792,3.2091746069834373,605.9967813048567,99.9626577277652,0.0974351325503355,Low,0.0974351325503355,train
0.4423165573270153,7.600716363635191,3.1731796179539256,606.233895529508,100.00458708611328,0.3614983293534508,Low,0.3614983293534508,test
2.4476305550414925,11.091234445333908,22.692413551991766,1669.5381728948555,104.93690208814782,1.2443248900229258,High,1.2443248900229258,test
1.0677666342088716,10.678850091092164,3.2430727357219427,605.9970889501294,100.0631505121275,0.0025333687774682,Low,0.0025333687774682,train
1.9464582298229904,6.997835744932431,233.25614123316308,2769.9189108972164,100.02268977390148,4.497569457128965,Medium,4.497569457128965,val
0.8814855250695389,9.599045785177667,9.691679347688334,420.00888156356297,100.0528605601563,0.0628634278157149,Low,0.0628634278157149,train
1.5525427245622911,1.072851139649621,116.66809160609584,2615.7896470351343,94.99947380914747,0.4588953636611746,Medium,0.4588953636611746,train
0.8721708342254805,14.278357164526104,6.492724212330865,605.678308717597,99.92026118472242,0.2392150968942963,Low,0.2392150968942963,val
1.346855585407971,9.494936220619772,48.61005690380386,2754.082779393548,100.00610110650592,0.1877609040299583,Medium,0.1877609040299583,train
1.5831286478603006,11.09747351077812,9.733205771747084,169.8291101939577,100.04400347169022,0.0374562625971251,Low,0.0374562625971251,train
2.19270374580441,10.555368366030429,3.289792872725725,606.1101518597462,99.98885745716272,0.1398180282927615,Low,0.1398180282927615,val
2.344263115851782,10.645789267260744,3226.505325466893,3800.748449660826,99.96989150345486,2.653319046497124,High,2.653319046497124,val
1.5949943885178444,9.61197744965234,3.23607947701279,605.986570536978,100.16289533057838,-0.0780255139457335,Low,-0.0780255139457335,train
1.439046341060466,13.168511368647584,3.286372418530321,605.6928726133377,100.0303087029734,0.053977278978306,Low,0.053977278978306,val
0.5792290897953399,13.718337742461264,6.495880192570995,605.9395469681493,99.95025748855984,0.1908574767802843,Low,0.1908574767802843,train
2.278705456427607,9.08251387216611,647.9126403544312,2754.6357441027803,99.96734138591472,0.9186306402524026,High,0.9186306402524026,val
1.1610733898954646,12.298727921002994,3.2148147689856805,605.9574996359984,99.92995977221516,0.3738636885375208,Low,0.3738636885375208,train
1.0960877163331018,0.3031452282646283,-3.26024311121846,2756.62455422959,100.0574160095508,3.372601942153204,Medium,3.372601942153204,train
1.2024260283942416,13.50366279969271,6.516287877284469,605.8035115941135,100.0266833167411,0.4893914444180426,Low,0.4893914444180426,train
1.1745305600892746,4.652807395552856,149.03486749686823,4999.691637254838,100.00365319135256,1.9488825153106224,Medium,1.9488825153106224,train
0.2801654053404557,6.288675336733482,-45.32260003301336,156.4013958522835,100.01173581770212,6.111754722497152,High,6.111754722497152,train
1.0991453848258672,8.116609766679128,-12.9804023889721,2759.2577245210687,99.91974799928204,0.924210550054948,High,0.924210550054948,train
0.6909576623505529,13.797999342032035,3.242061359388269,605.9589970081967,99.99809713502312,-0.072742995503256,Low,-0.072742995503256,test
1.532986633599223,15.882231493977322,165.16235373306938,999.7872979035084,99.98515879402576,1.2846722262944348,Medium,1.2846722262944348,train
1.382544422048577,10.68835393437251,9.742670243124143,2756.375487960158,99.87109951981309,3.57997326507088,Medium,3.57997326507088,train
1.1531349599322989,13.629581139533762,255.99061781451104,3825.616487746685,99.99588784131215,0.2049340470989504,Low,0.2049340470989504,test
1.587053597506648,10.928203280185125,178.20881544675154,2749.969824606814,100.0104539491177,2.234562295943588,High,2.234562295943588,val
1.2928635416945429,3.0453416578787262,-51.85346905551694,3821.3782133471664,99.97478436958592,0.0833619644657128,High,0.0833619644657128,val
8.126890346650546,10.659374075207031,1020.4628464801436,776.266960613068,99.94712550314136,0.098304692403575,High,0.098304692403575,test
1.90041802367555,11.487894903325964,71.18488289486349,2624.714723834208,105.07351965605817,2.115234564713504,Medium,2.115234564713504,val
1.9418725268850632,3.778519589760146,68.04315045383164,1989.682812482681,100.01555039083104,1.744004660842689,Medium,1.744004660842689,val
1.234416933869822,10.783484472481904,3.262559040307832,605.9395195518043,99.98536768748218,0.2452543511571736,Low,0.2452543511571736,test
1.9926045236489247,12.950215355135484,-1814.1598084566745,2769.630081177824,100.05822242621038,2.511450902861038,High,2.511450902861038,train
0.6068688622762225,13.903023153792972,6.456089691080694,605.9502576256889,100.0275599401446,0.2210526851897262,Low,0.2210526851897262,train
1.2920489943525089,2.966931020780984,-12.971124712770829,3825.447609489681,99.98230525553647,4.081840123211927,Medium,4.081840123211927,train
0.3267516663010263,5.035284080592627,-252.77034138672204,1989.842796238639,100.01360447555616,0.259035346461739,High,0.259035346461739,test
0.924586791135658,13.763840376377503,6.442212347119076,606.3786800139187,100.00291474750964,0.3136984757843862,Low,0.3136984757843862,train
0.6489214040222148,7.564093452422709,-3.304963206406557,3810.637490157565,99.9999283845563,2.1087264258663456,High,2.1087264258663456,train
19.25136123701733,4.946172753327337,-213.7810416825848,3979.380475078054,99.88823373665343,2.6147496161669603,High,2.6147496161669603,test
1.0183025817957847,14.03700919649315,3.193120691595539,606.0651008650044,100.0075714836774,0.4791696146914471,Low,0.4791696146914471,train
1.6440840342243386,15.009643140489516,152.28337680050788,4999.593060649818,99.97110757976787,1.5517285325676766,Medium,1.5517285325676766,train
1.2470717916449776,1.193028512831842,6.44012336805503,2757.30050363548,99.99293839410478,1.2951320518779212,Medium,1.2951320518779212,test
1.0382334562065176,1.0871373611962518,3.3199119241643804,2755.802829614079,99.91612482325942,0.3416217115925151,Medium,0.3416217115925151,train
1.5785858570827325,6.919183430580006,13.045422279903098,2618.100682995681,95.0637355790387,0.1906414604651123,Medium,0.1906414604651123,train
1.7632427673853783,29.206952095276627,6161.698899178871,2611.1698433479114,94.90624886765896,1.5488854041796178,High,1.5488854041796178,val
1.8335903463406256,8.496728711413239,359.60197501414734,3801.0136168360336,100.05039078571062,2.2451990792886822,High,2.2451990792886822,train
2.5227072940328803,4.073324797755039,-94.0434225688659,2618.0097049239203,95.10359711611343,0.5441861802103789,High,0.5441861802103789,val
1.0798018938624343,9.946251135304076,330.40540611051904,635.7560117146373,105.03828486666504,0.1292015946839203,Low,0.1292015946839203,train
1.455877793575765,10.312698335045813,871.4086995975791,4244.714409661535,99.99975755919866,1.651554592437825,Medium,1.651554592437825,train
0.7288622299619169,13.708504489165511,6.482118410046926,606.1355199075488,99.9515544269172,0.30602208296224,Low,0.30602208296224,train
0.3028208578741358,14.20160071903756,6.458705042354275,605.9277116780722,99.97502707569394,0.2274980821002837,Low,0.2274980821002837,train
1.100819272410637,6.331925739128659,-1159.8140309646217,4012.430650093284,104.92374694616544,1.5163988832402813,High,1.5163988832402813,train
1.8446702536525803,5.18972446934822,25.93449912856964,2612.05096825152,94.98368363140138,0.3454056248018843,Medium,0.3454056248018843,test
1.7752670669965631,8.607162965383763,359.5677071583174,3800.9798160945934,99.95185420587518,2.307959182390364,Medium,2.307959182390364,test
1.2439748399228936,13.160674483016145,3.2140373868109737,606.2667822007503,100.04646769002882,0.1460583156304988,Low,0.1460583156304988,val
0.8946749179634541,13.192460329460548,3200.6306169845097,2755.8211478844537,100.0090328243938,0.8668808804824996,High,0.8668808804824996,val
1.3782385566357405,9.325957059890454,777.5380996603391,3635.358746626597,94.99641976213697,4.5889258411200124,Medium,4.5889258411200124,train
1.0835527270875862,13.983799746368703,6.469921021041221,605.9399179977709,100.0087867750028,0.0083604316346085,Low,0.0083604316346085,train
1.377790136050736,14.757666205086744,6210.296250530912,3990.414717237884,105.0403842417785,1.1311899764052284,High,1.1311899764052284,train
1.3643286881077543,1.095287030756231,42.14529257785947,2748.5446844300063,99.97240123549224,3.4566269234497247,Medium,3.4566269234497247,train
0.981595757806206,1.190789399701961,3.1838267104793063,2763.8303220629286,100.0415327658211,3.246625445309934,Medium,3.246625445309934,train
1.121994195113482,1.480091503581502,6.521828758648548,2758.6198090527373,100.0074857183835,2.3795104366000257,Medium,2.3795104366000257,train
1.1194190595808713,9.762590236382986,48.580699614384,2757.407596427772,100.0197081151692,1.7931790213189875,Medium,1.7931790213189875,train
1.7805708508588514,16.20108655620324,165.17085041816853,999.7770259117996,100.00819373263332,0.8179575393064725,Medium,0.8179575393064725,train
3.5050930064872152,2.532122146440527,-22.64786861907549,2756.3101252364104,100.0487862614089,3.563196596008868,High,3.563196596008868,train
0.623888205739533,0.9312026592166368,-3.2524644995469205,2670.750568093621,100.05799595053608,5.582791221148843,Medium,5.582791221148843,train
2.2056000425412035,7.285165578552716,-784.0797946122536,2769.406463465737,100.01068209883223,2.6987938581912987,High,2.6987938581912987,train
1.445156127175166,9.080139709433094,45.37005791280657,2754.380079092541,99.96432426775624,1.7548140520923514,Medium,1.7548140520923514,train
2.135961358503486,8.489115430100135,1788.3240820399894,2766.4636401009243,99.99017324789882,0.6414489211130874,High,0.6414489211130874,train
0.912425894427064,15.017566735009488,4444.669129527098,3803.438797812842,99.94326436220086,2.051168624021664,High,2.051168624021664,train
0.7725877341345286,13.678650157861023,6.466491420245635,606.0225196428132,99.91463620142738,0.1171114583128209,Low,0.1171114583128209,val
1.3528566885392783,10.285896546487756,3.238475419381464,605.8115293066418,100.04465871803497,0.0183509858474053,Low,0.0183509858474053,train
1.5629576224592705,0.086926302528326,12.935924575496328,2766.568925526655,99.96900269922617,3.4153358194248,Medium,3.4153358194248,train
1.5446342584176644,12.374685706251835,936.2366288602476,606.0816532532685,99.96780491535308,-0.024959173677666,Low,-0.024959173677666,train
1.3715487523169652,11.112781951308714,268.8386077984316,3977.6427936439,99.89606624919286,4.007013977376933,High,4.007013977376933,train
1.2164717221606185,13.95913428412775,6.448711083526195,605.8310245317426,99.95457314237105,0.2634943652645385,Low,0.2634943652645385,test
1.7094802545569077,6.79618731430424,61.5818318776277,2616.160612745784,94.99123209197394,0.9090195280355284,Medium,0.9090195280355284,val
1.439597592253257,9.404399220195838,9.70388078809686,2756.1274592374543,99.978252214048,4.617244823057817,High,4.617244823057817,train
1.0502698316815708,11.81679150269678,9.70006542228641,3979.051196621583,100.0671389682681,1.6859200745864265,Medium,1.6859200745864265,train
0.6668056414323867,13.765873246526027,3.302399578681256,605.8691058804924,100.00951572283309,-0.02511208948863,Low,-0.02511208948863,train
0.3747541477571484,13.653150805696214,6.514801487824102,606.005317342002,100.03219652030256,0.1818763215016065,Low,0.1818763215016065,val
1.4889725134626863,1.3299885764584678,6.475442924819454,2755.547049223152,100.07058151853646,1.6454854970588575,Medium,1.6454854970588575,val
0.9670952912251932,14.065774440230747,6.446084272228757,606.2963166778766,99.9377399633684,0.07241802524698,Low,0.07241802524698,val
3.171904574910669,12.53879814858127,4033.1547685714063,2498.9671938748083,100.16910068000333,1.1073345157228918,High,1.1073345157228918,val
0.4651250366800055,13.477597428173365,3.283768834709073,606.180049652932,100.04076136951647,0.1416182604428371,Low,0.1416182604428371,train
0.9234791755407278,8.778984722686136,45.3691086951444,2759.6923860558545,99.9742034638482,0.4578492993506364,Medium,0.4578492993506364,train
1.4336552236003703,14.62343979653713,149.06098154058927,4999.775930473861,99.97456258860292,1.6666699767847768,Medium,1.6666699767847768,train
1.5765850206463987,6.788029566024043,16.226097790820496,2618.53784700867,94.99186868862752,0.1097423437782079,Medium,0.1097423437782079,test
0.9525907637332948,12.871273210385098,3.260486024601237,605.915285929679,99.99823470174452,0.0675332690291611,Low,0.0675332690291611,val
1.4999085965659984,6.345386566417021,132.88510489168794,2755.2904323486364,100.0361938695896,1.0992585943580209,Medium,1.0992585943580209,train
1.4133560313125173,10.472617490235823,1312.0150642370877,3800.735751094143,100.1241106017148,0.563412376651499,High,0.563412376651499,test
0.8984332106515714,9.24383588089259,576.6150116144328,999.9343874848938,100.02178515171263,0.9917710220440769,Medium,0.9917710220440769,train
8.559142270628909,7.947453364708292,1373.669802787812,2500.822550347646,100.00754084450004,7.797451032826286,High,7.797451032826286,train
1.5714106274372386,5.074845050327732,81.05496320239028,2747.7759133819022,100.03362260625563,2.290302787602675,High,2.290302787602675,train
1.868681504508657,16.128487214681385,165.30911811867531,3001.413991333909,99.92945574682844,0.89813754714373,High,0.89813754714373,test
1.178931555365868,6.22506844694616,-3.243846176492862,2754.907050738475,99.88830529888511,1.374343279133888,High,1.374343279133888,train
0.9487250869573786,14.558118905182438,6.527027029536482,606.0494311810216,99.95086983752016,0.2320655235771379,Low,0.2320655235771379,train
2.243037891876005,4.996465101396193,-1373.4864801902825,3990.978672830369,105.11399735180682,2.4882708912079035,High,2.4882708912079035,train
1.5202676868995506,9.645189169346834,6.488029662740116,2903.2345270333053,105.042589642719,3.2170034519655784,Medium,3.2170034519655784,train
1.5383879670075389,7.945656662408645,19.4689247150229,2616.6624047809423,95.01753806698576,1.2496354815648898,Medium,1.2496354815648898,val
10.551420908693787,13.981565955501454,4156.348618286575,2498.950279746924,100.0507106426313,1.1105638556305155,High,1.1105638556305155,val
1.1636601108507645,12.121883509904382,229.9695255678792,999.9878954159452,100.0322066672126,0.4416223989739429,Medium,0.4416223989739429,train
1.0590524695762928,12.7628667236245,3.210141057501454,606.0776753634944,99.97477263024606,0.0369948373556168,Low,0.0369948373556168,train
0.5951052537501209,14.940536944191228,3330.4047939518587,1989.549863773453,99.84552380762184,0.7780652241835746,High,0.7780652241835746,train
1.6612331487284449,14.959804511975152,174.87967142278598,999.7546680912492,99.92915018316138,0.8862731251525011,Medium,0.8862731251525011,val
1.537955713114501,11.31320980535978,58.3489579828594,2751.5185737116763,99.97220670495092,0.284519466498457,Medium,0.284519466498457,train
0.3162514193208592,10.867265806761086,3.274295369804701,605.9179263707458,99.9428503667915,0.0543779962186983,Low,0.0543779962186983,train
0.7905519560722922,6.0800929639686245,-197.6618476706868,2618.143698014835,95.02088162172592,1.9153030761994223,Medium,1.9153030761994223,val
0.7838486982304871,13.059535255314035,3.192600965758958,606.0730685843192,99.9926119675229,0.0441532840394081,Low,0.0441532840394081,val
1.3095184913670828,10.90555594404034,3.214766333208145,606.2412223963856,99.9550991837734,0.2980651901593311,Low,0.2980651901593311,train
0.9083462439406308,14.215127686578857,-9.69050273252004,999.900104176772,99.94586298861734,0.9418745647701972,Medium,0.9418745647701972,train
1.0216002256061782,14.374268506714284,6.478563587487829,606.0300250594362,99.96272849000928,0.1980269929593552,Low,0.1980269929593552,val
2.1864387405348427,10.638706717195271,3.151163129951,606.5391047274626,100.03721964089527,0.1097442609827486,Low,0.1097442609827486,test
1.0169838875226995,6.122209565386502,129.62369398828037,420.64190709870775,99.89876538143442,0.1368000096301368,Low,0.1368000096301368,train
2.3302702524008283,14.302305649594864,3307.595905666978,2891.9353184899323,104.94192628930698,2.7029151427328864,High,2.7029151427328864,val
10.851589048791151,9.343463237428736,852.0680745417861,775.9868069036315,100.00190741266282,0.1732609722087876,Low,0.1732609722087876,train
1.417298459016772,14.05751971487934,6.503321954429983,606.0013677456645,99.96287196773486,0.3092488836595547,Low,0.3092488836595547,train
1.428050697050839,2.882922057698629,174.97067656497856,1000.0428803783516,99.90622468277328,0.854422813171161,Medium,0.854422813171161,test
1.6210526994109593,15.348936230591756,187.87695800396912,1000.0432769047434,99.94050386132332,0.4131168232256685,Medium,0.4131168232256685,val
1.3546164102928613,0.0400237084373136,-1150.0398913646195,2756.26091335987,100.00750035217249,5.525287817690913,High,5.525287817690913,train
1.4238804579832287,9.442992681964194,9.66795857985264,2756.237199261317,99.92522926374332,4.660422126372657,High,4.660422126372657,test
3.247939146576467,4.021636881288542,-6.4226692815225634,1000.313638336942,99.9636318605115,0.5692825200263172,Medium,0.5692825200263172,train
1.8869952336741536,12.904133299106846,4026.7289580968913,2767.816221306225,100.01925797661536,1.712139543532969,Medium,1.712139543532969,val
0.5632387501657307,9.455035968850911,48.63154363525759,2671.543837077287,100.05330984288804,3.092191638336005,High,3.092191638336005,train
0.9483095491186808,13.350288425225068,6.515440043603522,605.577123919842,99.93243589421616,0.1177363974028334,Low,0.1177363974028334,train
2.04302223263071,8.644847028540742,1788.2307062532384,2766.431355821397,99.93544134478988,0.6086971011013644,High,0.6086971011013644,train
0.982309446444368,1.3819467799582703,-67.96229037197928,1000.0393150157872,99.90831780300174,0.635046865703493,Low,0.635046865703493,train
9.33492647927317,11.493712628333332,1487.0072225733318,2500.1198000867903,100.04572567788156,1.3979044365732052,High,1.3979044365732052,test
1.5597637285332202,5.109084523037655,80.97954712319972,2747.6997252735528,99.9238226932046,2.342286816349362,High,2.342286816349362,train
1.6577891856807896,1.5549285360620098,80.96135919593704,1000.2733639975372,99.96912746871996,0.5581446546319245,Medium,0.5581446546319245,val
1.1735849910355305,11.119322880506788,155.5052517568014,2751.556508230179,99.9058412701365,3.1954261661804564,Medium,3.1954261661804564,train
1.9855388241989376,7.879531785048937,142.47621909808402,2768.7781176173744,100.00110795464144,0.0721704339874766,Medium,0.0721704339874766,val
1.2459241520897684,12.37333531868273,3.280598329670026,606.1279916855028,100.04961244557988,-0.0116360585085425,Low,-0.0116360585085425,train
1.511045584131412,12.341019405434595,51.7766505794117,3816.6466529955446,99.96358575725168,5.945261774117992,Medium,5.945261774117992,test
0.590444542324253,13.606172152648584,2659.7224376502254,3826.7694482636034,99.97114092460282,0.1768408179663314,Medium,0.1768408179663314,val
1.7477065606419968,14.748661698709054,152.17426592236455,4999.862036035325,100.00345810721888,2.0859667415712044,Medium,2.0859667415712044,val
2.2680425865228857,3.1904759392314546,1224.4844351013342,3045.70360919503,110.00445965782916,0.7586252270664516,High,0.7586252270664516,test
1.0871656963339855,12.952068114804096,12.93726300721297,3978.411873491806,100.01663075685272,0.9840462626724192,Medium,0.9840462626724192,train
2.3460558302262187,10.51950989421481,3.250405425372412,605.79417700487,100.056033154623,0.3636905616030149,Low,0.3636905616030149,val
1.877836994518827,11.013931873979816,220.2813128868357,4245.395753024658,99.98839150247544,1.7243383395307563,Medium,1.7243383395307563,train
1.3216788136619415,13.67660257382183,6.55102104245085,606.0281034645003,99.98164994136778,0.0751563273228228,Low,0.0751563273228228,train
1.08686416293919,7.0991028714525495,-12.98378758448475,602.703227619187,99.91120227214758,0.6611297129953155,High,0.6611297129953155,train
1.2991107840911198,9.699487504962848,3.266433971870836,606.1987195846076,100.00560146320754,0.0637187445210855,Low,0.0637187445210855,val
