material,spindle_speed_rpm,axis_speed_mm_min,feed_per_tooth_mm,axial_depth_mm,radial_width_mm,tool_diameter_mm,n_flutes,coolant_mode,tool_age_min,machine_on_min,ambient_temp_c,power_kw
Al6061,7996.4669,3242.0926,0.1996115274978133,15.956929417665345,5.755490200195795,16.0,2,1,30.9541,315.3291,24.2088,17.31
Ti6Al4V,1205.327,24004.8806,0.0,0.0,0.0,16.0,5,2,73.4999,425.2137,22.0657,8.33
Ti6Al4V,3111.6202,232.2693,0.0147533466672648,6.043120934240798,1.0878577743055424,6.0,5,2,81.1759,349.6685,29.5339,8.51
C45,7993.9225,3931.0186,0.0982213247675647,0.0,0.0,8.0,5,2,16.1983,583.6185,23.8226,9.58
Al6061,8001.1065,1920.9055,0.0799422852473925,12.424902702809945,6.631807664429267,12.0,3,0,39.7149,380.4742,24.1179,9.66
Al6061,0.0,0.0,0.0,0.0,0.0,20.0,3,0,187.3865,212.4659,30.829,0.0
Al6061,8006.6704,677.3808,0.027642737097095,8.719721311708316,5.176888536408312,8.0,3,0,741.9485,195.1249,25.5183,7.11
C45,5574.4647,2796.493,0.0841085219785651,13.61965958482033,4.45895012370255,10.0,6,1,22.283,333.5018,24.8419,20.52
Ti6Al4V,1334.7984,391.3981,0.0976152035091307,11.170394225302884,10.195495104180289,16.0,3,1,14.1381,138.3732,20.9622,7.62
Al6061,0.0,0.0,0.0,0.0,0.0,12.0,3,0,92.9698,398.0387,22.3078,2.69
C45,8033.0726,648.8309,0.0272993852579132,2.633194948254122,3.6012718165300197,6.0,3,1,115.0941,385.7786,22.0479,8.04
Ti6Al4V,1138.209,495.1735,0.1465975764844853,12.652499618326042,3.143801171160238,16.0,3,1,44.6076,47.3467,18.6766,6.1
Ti6Al4V,2078.3605,457.8349,0.0718747351529872,5.779694250109326,5.836346410201895,12.0,3,2,16.7116,380.6577,24.6039,8.83
Al6061,6094.1276,692.6063,0.0567240556406375,11.297655113806146,6.58272975248762,16.0,2,1,230.9151,477.3024,20.4252,8.44
C45,4018.5058,2888.0611,0.1440113525045651,0.0,0.0,16.0,5,1,12.0288,179.5808,22.561,14.1
C45,3296.9565,741.7793,0.0557148164176306,11.462260735318209,2.5678755708780194,12.0,4,2,85.0778,235.1405,20.3573,9.94
C45,5708.3397,1153.8625,0.0405013975495355,0.0,0.0,10.0,5,1,42.7671,95.4258,26.378,6.34
C45,7217.485,642.0602,0.0295179385681834,7.581221370247121,4.393338415803477,8.0,3,1,4.8424,49.1739,26.0789,8.84
C45,6129.5497,2852.3884,0.093167174559952,10.487464938356222,6.421416723897458,12.0,5,2,9.8435,58.9021,26.8045,22.83
SS316L,3434.6972,865.9299,0.0834365507146688,5.213348630678479,3.4045794733476,12.0,3,2,27.1288,407.9059,22.3255,9.68
C45,3490.5747,2562.9126,0.2433249864874099,13.51814417737312,6.4267051014327015,20.0,3,1,5.3433,15.4468,35.8532,17.65
Ti6Al4V,1539.3917,684.4007,0.1111430414488051,10.661542460924869,6.184260773000361,12.0,4,2,11.8302,137.6824,24.1336,10.44
SS316L,5625.7331,1113.5495,0.0495591722812641,0.0,0.0,8.0,4,2,21.5797,30.607,23.4878,8.91
C45,2789.7099,1535.1097,0.1097515614867082,13.97899242246889,9.05835852276138,20.0,5,1,23.2724,447.8558,20.2601,20.02
Al6061,5876.2291,5404.1983,0.3105102518910139,15.766124265500636,4.870184428995832,25.0,3,0,10.5728,291.7283,27.1549,17.06
Al6061,8005.2825,1027.2089,0.0655510778124232,8.094181515410165,1.248260061850161,6.0,2,1,248.8835,560.4522,16.8134,7.53
Al6061,8003.2441,2017.0911,0.0861787669297028,2.0581142563002954,1.1574656670764116,8.0,3,1,568.99,600.5789,19.8681,7.61
Ti6Al4V,1870.7941,780.6604,0.1028889924892563,3.2468063580708764,5.258316639284,12.0,4,1,18.3874,215.8871,23.4668,6.05
C45,7636.5774,3933.7416,0.0851675816917967,4.214934100627949,3.1489991545708382,8.0,6,1,34.4079,530.5842,23.298,11.64
Ti6Al4V,4401.1742,24052.5474,0.0,0.0,0.0,6.0,3,1,10.0846,23.7859,28.3332,6.75
Al6061,7993.9668,24456.4517,0.0,0.0,0.0,6.0,3,0,1080.0726,376.6749,25.138,6.24
SS316L,3267.202,1182.7986,0.0904516921728635,6.645635676440378,4.694909493649966,10.0,4,2,10.586,120.8373,19.7248,11.33
SS316L,6295.1412,24198.3543,0.0,0.0,0.0,6.0,4,2,30.2635,474.3589,17.9861,9.69
Ti6Al4V,1883.6376,377.581,0.039600194861162,0.0,0.0,10.0,5,2,65.9029,424.4866,30.283,7.58
Ti6Al4V,1925.2804,709.801,0.0907388750123751,0.0,0.0,12.0,4,1,16.1931,37.5234,20.8839,5.06
SS316L,2045.783,1005.3079,0.1234084737197251,16.55593759711803,4.614871761569395,20.0,4,2,5.5305,76.8792,23.9913,15.04
C45,6703.6195,2987.6172,0.1098843206740808,0.0,0.0,10.0,4,1,8.9099,440.219,17.2575,6.48
C45,6226.949,2370.2636,0.0637648499159489,3.5665781677231507,5.118391618910544,10.0,6,1,22.9631,213.8359,22.655,10.51
C45,5395.7911,2736.9248,0.0854981276197394,12.390252616419854,1.722353072822467,12.0,6,1,28.0863,333.3721,20.2505,11.97
SS316L,6592.9993,1619.406,0.0607206415433485,7.556189211026864,3.425689503394631,6.0,4,1,28.5301,44.575,25.5747,10.74
C45,4821.3113,2126.3669,0.0747786549867205,12.543726252064202,3.4935140924954986,10.0,6,1,105.0259,478.2087,21.8642,16.75
Al6061,7963.6126,1786.3258,0.0751706020694328,9.660605411220228,2.249440631827881,8.0,3,1,427.717,307.9786,25.4049,8.76
Al6061,8018.0391,965.0827,0.0399591154560231,6.514360146829169,1.9945467160579509,12.0,3,1,204.8174,18.3963,22.3853,8.43
C45,4398.7531,1367.8565,0.0792844300323685,0.0,0.0,12.0,4,1,6.9218,430.7541,23.2782,5.57
Ti6Al4V,1890.3404,204.3432,0.0357802678630713,3.429024782108084,1.8793097612370384,10.0,3,2,63.1733,183.3591,25.3696,7.97
C45,5606.9552,2848.4521,0.0841085219785651,13.61965958482033,4.45895012370255,10.0,6,1,22.1163,333.3351,24.8419,19.81
Al6061,7823.2753,1539.0565,0.0651073185741416,11.775233541108411,2.040142739729444,12.0,3,0,54.8297,366.9412,28.5072,7.12
SS316L,2723.5518,1238.597,0.0764921843465006,6.176456308755609,2.1851722801650206,12.0,6,1,67.6233,264.4243,21.3176,7.07
C45,0.0,0.0,0.0,0.0,0.0,20.0,4,0,34.5454,539.406,17.4034,2.68
SS316L,3151.0233,1643.4158,0.1029912342349023,7.94811808132006,5.42519257492497,10.0,5,1,2.2249,584.4208,22.9243,10.78
SS316L,1704.6619,1196.6382,0.1770675622774167,14.573708471515992,9.866160448533993,25.0,4,2,5.9429,341.6887,30.7076,20.76
Al6061,7882.1847,2497.7884,0.1060355456218154,11.744372221009575,6.484196508181122,12.0,3,1,30.1444,580.8082,22.899,11.27
C45,0.0,0.0,0.0,0.0,0.0,16.0,5,0,76.7111,472.1153,27.947,2.94
SS316L,2833.5179,964.037,0.0844252049890335,17.552786259620785,3.735887467537582,16.0,4,1,14.5865,34.5155,23.8896,10.85
Al6061,5254.4492,3471.8592,0.3244445336902534,21.053514464774945,2.496654818736637,25.0,2,1,14.02,318.6334,30.0698,11.51
SS316L,5567.7207,1593.0205,0.0575965444150172,2.968428418225791,4.076775543335149,8.0,5,1,15.8624,443.8139,19.5572,15.74
Al6061,7963.2037,1549.8752,0.0646505312045225,9.568032752266085,2.4845915960933094,10.0,3,0,57.4772,47.7393,29.224,7.2
Al6061,0.0,0.0,0.0,0.0,0.0,8.0,3,0,156.6883,2.8872,21.1812,2.58
Ti6Al4V,1011.957,637.1481,0.1548612491922727,0.0,0.0,16.0,4,2,102.6886,316.4251,22.0026,7.44
C45,6839.3264,3371.005,0.0982149944702961,12.73364101870237,4.318598988675803,10.0,5,1,8.1425,530.7329,17.4534,17.92
SS316L,2186.6414,1120.5352,0.1027073996717913,10.513069919598372,1.9000199124849613,20.0,5,2,8.797,475.9896,23.7125,10.15
SS316L,2840.7355,608.7982,0.0710082672425546,12.642363684017514,3.0459986428071115,16.0,3,1,12.7102,435.0377,23.5351,7.77
SS316L,3552.5309,1371.0395,0.0642393742001289,0.0,0.0,10.0,6,2,22.0917,21.358,22.8617,8.19
Ti6Al4V,2745.0797,368.3193,0.0332712369471515,5.722053454054739,4.166990418184564,8.0,4,2,36.9653,305.1679,25.021,8.82
Ti6Al4V,0.0,0.0,0.0,0.0,0.0,20.0,6,0,16.5521,302.9941,25.8315,2.82
C45,3128.4133,2847.7387,0.1842175300457635,0.0,0.0,20.0,5,1,7.3198,12.5559,22.9668,5.43
C45,2080.7147,23770.3095,0.0,0.0,0.0,25.0,4,1,56.0692,138.7273,27.2345,5.69
Ti6Al4V,881.8097,386.5508,0.1476312702140171,19.61378784534282,12.052301606156062,25.0,3,2,9.5491,42.0237,20.0994,11.78
C45,4438.0976,1608.3268,0.0907258728700773,0.0,0.0,16.0,4,1,3.3357,245.3081,21.5395,5.4
SS316L,2030.1007,1246.858,0.1505687927294687,0.0,0.0,16.0,4,1,53.7166,392.3263,26.1069,4.92
Ti6Al4V,766.6435,480.1886,0.2082212689918574,5.093202662368768,3.153335689231717,25.0,3,2,47.2884,356.4656,19.8119,8.08
Al6061,8000.6908,2063.446,0.0856319027083887,6.377925211611379,3.115886306584991,10.0,3,1,347.058,223.0662,21.9493,9.18
Al6061,7990.4241,1721.6774,0.0719565197691764,3.829178481447242,1.3067691351000097,6.0,3,1,2051.1421,8.8808,20.6244,8.12
C45,4473.2051,1467.0398,0.0816172121153795,3.6998211119818896,4.195579168329963,12.0,4,1,13.5228,12.1164,28.6337,7.74
C45,7437.29,1877.5964,0.0627214142154074,0.0,0.0,8.0,4,1,28.7658,557.8312,20.9705,6.84
Al6061,8017.0811,955.473,0.0400896549999169,7.823073282289144,0.7820299691953682,8.0,3,1,897.9559,581.3517,21.3738,7.63
Ti6Al4V,867.0976,253.1733,0.0739734007097143,10.05011496163585,6.385165017391372,25.0,4,2,52.7164,284.7826,24.717,8.85
C45,3833.3724,774.7677,0.0651280826082418,12.510603722223706,6.725638284278263,12.0,3,1,28.7791,378.0861,31.5886,10.68
Ti6Al4V,1671.5349,422.5337,0.0628797135745852,0.0,0.0,12.0,4,1,17.1264,590.5726,22.3581,4.79
Ti6Al4V,3244.7745,23802.6284,0.0,0.0,0.0,8.0,5,2,14.1168,483.892,26.0654,8.81
Ti6Al4V,896.18,634.7935,0.1413793695052086,0.0,0.0,20.0,5,2,7.1599,34.1994,22.4103,7.33
Al6061,0.0,0.0,0.0,0.0,0.0,12.0,3,0,150.0215,369.5699,23.2389,2.71
Al6061,7995.9041,1286.4473,0.0535715255133404,0.0,0.0,10.0,3,1,191.4434,275.2661,21.6052,6.87
Al6061,7954.8778,492.3651,0.0306323642022142,0.0,0.0,8.0,2,1,73.7362,184.4484,21.168,8.81
Al6061,8017.2769,3341.1028,0.137978522174547,7.613422413167877,5.0473176666142425,12.0,3,1,116.1584,256.9474,21.0531,10.59
SS316L,3821.2526,1912.2385,0.1267623604761974,5.431809107863236,5.334924010783039,12.0,4,2,16.0373,411.1574,22.9047,13.14
Al6061,7985.5921,2890.5763,0.1197563575408784,3.1370122269342904,6.329797953103252,10.0,3,0,79.4749,561.8396,21.404,7.42
SS316L,2225.1549,1325.4069,0.1485852947728183,16.418095583867093,8.295883934192668,16.0,4,1,4.5426,34.5502,19.841,15.85
C45,0.0,0.0,0.0,0.0,0.0,12.0,5,0,11.4362,119.2846,18.3474,2.6
Ti6Al4V,3116.7398,757.4964,0.040363595986653,5.91598433632157,2.482619800601681,6.0,6,1,62.4169,594.759,22.0529,6.28
C45,3709.1317,2511.4435,0.1155791430768134,0.0,0.0,12.0,6,1,14.447,600.0435,27.6261,5.49
Al6061,7964.1978,23986.3439,0.0,0.0,0.0,10.0,3,1,253.2113,193.7538,22.8775,7.64
Ti6Al4V,0.0,0.0,0.0,0.0,0.0,16.0,4,0,18.5957,567.6373,25.6736,2.81
SS316L,2691.8971,1048.9903,0.0641409758421552,8.56211864649638,1.5421073825824925,16.0,6,1,35.2054,561.6104,30.015,7.45
C45,7973.5644,3205.1911,0.0812773270588538,3.573461953981017,1.7362818544392262,8.0,5,1,11.6491,194.4865,20.3544,8.94
SS316L,4729.7787,1771.1261,0.0738155309706756,9.082263527875693,1.992842378215952,8.0,5,1,35.7915,467.4945,23.8235,9.62
Al6061,6991.8679,1978.9853,0.0942689278527374,22.608105847026582,11.6630375760467,20.0,3,1,9.494,3.7652,21.3691,21.45
SS316L,3323.6645,24002.2002,0.0,0.0,0.0,12.0,3,2,2.2132,189.2978,25.8018,8.62
Ti6Al4V,1536.6021,413.5336,0.0901180156740703,4.046130813437597,4.968242472895851,10.0,3,1,104.7265,43.7236,24.7551,5.58
Ti6Al4V,1337.3427,876.8745,0.1102005065351892,14.51222830223487,9.252135195897882,16.0,6,2,13.1459,469.0817,25.0983,13.77
SS316L,3374.5442,913.166,0.0675648554510873,3.15463967266846,1.401953693672038,10.0,4,1,62.4062,36.6368,23.8069,6.44
Al6061,0.0,0.0,0.0,0.0,0.0,10.0,3,0,72.8067,76.8959,21.1844,2.62
Ti6Al4V,2283.3769,624.4251,0.0466492864570613,6.589315899825462,3.60848670564772,10.0,6,2,24.7279,415.7387,24.8858,9.35
Ti6Al4V,2433.3334,660.3324,0.0693006131636494,9.45246936862596,3.2642619309891137,10.0,4,2,23.8897,375.7815,27.3685,9.99
Al6061,8004.2893,1906.4765,0.1185862569609105,5.705496357481992,4.503153754536787,10.0,2,1,191.7118,373.4065,27.6164,8.73
Ti6Al4V,1500.7459,816.3302,0.0895871612263178,11.077946930268116,9.656801025795952,16.0,6,1,16.1333,292.2136,30.5832,9.23
Al6061,8013.9944,3190.0273,0.1980821748958958,16.926003313153174,4.582903424673924,16.0,2,0,14.9412,216.0376,19.7887,10.68
Al6061,8000.0277,862.4818,0.0355876648566197,9.23454759767531,5.685844704839701,10.0,3,0,369.1071,36.1076,27.6213,8.21
C45,3490.9301,2533.4389,0.2433249864874099,13.51814417737312,6.4267051014327015,20.0,3,1,4.3433,14.4468,35.8532,17.89
Al6061,6351.5923,23666.1168,0.0,0.0,0.0,16.0,3,0,63.273,379.5731,20.9595,5.63
SS316L,1908.8345,1178.546,0.1238451261901796,0.0,0.0,20.0,5,1,8.6131,379.195,26.0688,4.85
Ti6Al4V,1875.3301,769.4595,0.1028889924892563,3.2468063580708764,5.258316639284,12.0,4,1,18.8874,216.3871,23.4668,6.18
Al6061,7975.3657,23826.7295,0.0,0.0,0.0,10.0,3,1,155.17,106.7361,21.4523,7.97
C45,7942.0561,2625.0547,0.082144727143738,11.237853399248104,1.8599004760642348,8.0,4,1,28.5747,161.3601,24.1224,12.1
Al6061,6202.9947,3598.6862,0.2930571235136961,18.44308621284899,9.658350865645804,25.0,2,1,8.103,218.2074,24.7422,21.46
Al6061,8001.8175,3260.2919,0.1363950894387613,13.107323917226816,6.055195297704623,12.0,3,1,36.2567,106.6192,19.001,14.28
SS316L,5635.9905,709.799,0.0427960683530861,5.069931046407499,0.4946204562161553,6.0,3,1,25.4149,30.4499,27.4715,6.87
C45,5039.6471,23839.7078,0.0,0.0,0.0,12.0,3,1,51.8731,476.3974,15.9206,6.52
Al6061,6190.2872,4001.1173,0.2181664606803168,25.794903857686524,3.7312027293488,20.0,3,1,27.0735,64.2857,18.4609,16.59
Al6061,8002.1528,23614.6381,0.0,0.0,0.0,8.0,3,0,207.9183,451.9664,31.2937,6.48
Ti6Al4V,1407.5675,644.6944,0.1129725273545496,5.436571206379378,6.848720298154522,16.0,4,2,7.7364,396.2508,26.0176,8.83
Ti6Al4V,0.0,0.0,0.0,0.0,0.0,12.0,5,0,36.7354,22.6573,21.8108,2.69
Ti6Al4V,1500.2959,464.646,0.062621206373497,8.328692795732868,5.718184433989104,10.0,5,1,56.0867,278.7688,25.3238,6.44
Ti6Al4V,1510.7196,268.4301,0.0361401570942736,6.060365034677238,2.6511374963327388,12.0,5,2,60.8551,60.1208,21.2823,8.25
Al6061,4435.1681,24274.9953,0.0,0.0,0.0,25.0,3,1,38.6286,93.9474,28.7787,6.78
Al6061,4959.1367,1265.1247,0.1274101831753389,0.0,0.0,16.0,2,1,136.9942,525.1485,31.5543,6.12
C45,4330.6811,1317.0756,0.0765881074644798,0.0,0.0,16.0,4,1,26.4242,325.5413,25.4283,5.57
C45,5118.7045,2615.6883,0.0849570079768046,5.388417337625961,6.35311268450177,12.0,6,1,38.1683,538.1934,23.6796,12.86
SS316L,3003.3437,929.7136,0.1025954506369981,5.77188721700915,2.27178820613919,10.0,3,2,58.0717,585.8454,18.72,9.34
C45,3373.6384,2394.0915,0.1179864004679807,11.357161753701629,4.817905917053196,16.0,6,1,27.4149,111.9958,14.808,15.23
Al6061,7966.9813,1837.7644,0.0765671554153271,8.415030138798876,4.834250349626386,8.0,3,0,287.4725,21.8994,25.8303,8.51
Al6061,7999.3443,2212.9313,0.0932510413297514,19.471634660381238,7.743416496265882,16.0,3,1,45.4201,356.8367,23.5438,18.3
Ti6Al4V,2554.313,24359.5356,0.0,0.0,0.0,10.0,3,2,16.856,110.1325,22.1053,8.43
Al6061,7970.7705,1905.2213,0.1208935046782287,11.08466946056061,5.429097275399749,10.0,2,1,302.8731,293.858,21.1327,11.43
C45,7675.7496,3906.1264,0.0851675816917967,4.214934100627949,3.1489991545708382,8.0,6,1,33.2412,529.4175,23.298,12.61
SS316L,4709.9163,550.3327,0.0231960337138815,4.281119105350217,3.975773722783792,8.0,5,1,13.3399,4.2363,24.4171,7.17
C45,8002.3651,2077.142,0.0648459122601333,0.0,0.0,6.0,4,1,63.0945,13.0082,21.0379,7.46
Al6061,8001.9577,2550.3148,0.108744285204224,3.104003814711956,2.549911364478888,12.0,3,1,108.1845,236.3804,26.1716,7.93
Ti6Al4V,2681.1538,299.8445,0.0285502466591563,5.860465993497561,4.316777218971016,10.0,4,2,25.4944,179.7101,24.7184,8.94
Al6061,0.0,0.0,0.0,0.0,0.0,25.0,3,0,291.3233,144.6001,26.6124,2.76
Ti6Al4V,0.0,0.0,0.0,0.0,0.0,6.0,4,0,18.1472,128.3702,23.8818,2.74
SS316L,2057.1607,759.5987,0.1232962011714276,14.136104404039138,2.077068792018165,16.0,3,1,20.9979,485.6093,17.9977,7.21
SS316L,4215.176,1668.4187,0.0991069926101556,9.318309058320471,1.6966712429269246,10.0,4,2,14.5944,20.0188,24.7867,11.35
C45,6385.1696,2404.7654,0.0932636977446291,0.0,0.0,10.0,4,1,20.8512,45.361,23.1077,6.52
C45,7987.2747,880.877,0.0223406033395093,2.471765791819122,3.7953802391541087,6.0,5,1,131.4479,347.3251,24.3529,8.55
C45,7995.0119,3501.7291,0.0737031421557762,7.356278451878463,0.7231029332641495,6.0,6,1,57.4737,32.7722,22.8172,9.64
SS316L,4027.3405,23786.1463,0.0,0.0,0.0,8.0,5,1,65.6428,264.1439,30.6129,6.3
Ti6Al4V,1945.2755,400.3487,0.0525318247021922,0.0,0.0,10.0,4,2,16.7488,269.518,17.2741,7.36
Ti6Al4V,2284.095,443.3055,0.0325668232283809,5.319036114081845,2.488073739562631,8.0,6,2,59.8482,15.7201,29.0434,8.94
Al6061,6070.4067,3314.3321,0.1822670404607763,15.681615035321824,10.244987285360184,16.0,3,1,79.2312,74.5524,25.7828,19.85
C45,7180.7791,1397.1654,0.0321051398160277,0.0,0.0,6.0,6,1,78.1449,225.7508,31.9484,6.76
Ti6Al4V,1673.3699,24062.1218,0.0,0.0,0.0,12.0,4,2,32.3918,16.1713,28.9354,8.46
Ti6Al4V,1178.6832,764.9962,0.1283972854858373,0.0,0.0,16.0,5,2,43.6105,311.7344,20.8236,7.11
C45,7331.6716,2090.0879,0.0569590072361491,8.683949116493773,2.4352223916469296,8.0,5,1,42.1815,56.749,23.1804,11.79
Al6061,7977.7955,24273.1965,0.0,0.0,0.0,16.0,2,1,25.6398,484.4448,25.3141,7.8
SS316L,3794.4604,1760.8322,0.0935694391884257,7.583463803964649,1.1868768231520557,12.0,5,1,2.8134,594.9378,20.6435,7.03
SS316L,2761.6749,831.1288,0.0997490193159167,10.848802482646676,5.854020962702823,12.0,3,1,19.0706,439.8866,25.0478,10.04
Ti6Al4V,1442.8495,567.5219,0.079378465574387,0.0,0.0,10.0,5,1,85.4504,212.6313,25.9909,4.76
Al6061,8016.9766,2719.0902,0.1132532151789573,8.540919940215163,3.6223028758923945,10.0,3,1,33.1629,395.914,23.8586,9.42
SS316L,3454.1158,23525.3506,0.0,0.0,0.0,8.0,4,1,81.755,323.5177,23.325,6.31
C45,7258.118,2281.5526,0.0636479377700299,9.354895215326968,4.329977099853082,8.0,5,1,40.1777,133.0662,23.187,16.62
C45,7985.0532,1868.5662,0.0591011004865432,5.823531570886765,3.0621573208991206,8.0,4,1,15.3919,511.9556,22.4205,10.4
Ti6Al4V,1463.2768,895.2401,0.1024252239341223,0.0,0.0,12.0,6,1,44.4325,54.9054,21.2138,4.86
Al6061,8025.6901,23914.9746,0.0,0.0,0.0,16.0,2,1,48.7875,332.4589,26.3007,7.66
C45,4080.7254,1417.7559,0.0684136470102388,0.0,0.0,16.0,5,2,14.4851,300.6836,21.97,8.09
Ti6Al4V,1238.5629,24366.4111,0.0,0.0,0.0,20.0,5,1,6.6158,21.9954,17.3051,5.35
C45,7090.9342,1391.4817,0.0321515621726264,4.186662564012956,2.0379483031197525,6.0,6,2,99.2149,339.2911,23.3031,10.83
C45,3443.997,2100.0645,0.1515125417037819,12.32328357786779,8.13525838128593,16.0,4,2,33.714,264.2475,22.6651,23.13
Al6061,8019.5482,1450.3759,0.0607831045152017,5.8420497536730736,1.0610265825503005,12.0,3,1,65.0122,547.5091,25.4478,7.74
Al6061,8005.1139,531.5253,0.0225497439672686,1.7573455734230707,3.3673961663206446,6.0,3,0,1427.788,556.9291,26.4805,6.05
Al6061,7986.8393,2024.6251,0.1281430203539206,6.543745660569493,6.611662647692064,12.0,2,1,17.4053,564.3952,22.4812,9.81
C45,5006.4248,1143.8637,0.0571257053466404,10.883587974348352,6.046932408101858,12.0,4,2,36.2089,369.7261,20.3249,15.32
Al6061,7967.6075,1145.3513,0.0476585011639778,4.526340881629297,5.012292147335456,10.0,3,1,91.7603,280.5854,26.8936,8.3
Al6061,7971.0962,2407.485,0.1001060646519702,0.0,0.0,10.0,3,1,95.9888,311.4677,23.6083,7.02
C45,3357.733,1109.4982,0.0838324709880559,0.0,0.0,16.0,4,1,25.8901,278.1891,25.0278,5.27
C45,8033.2941,1676.7617,0.0531348501948078,3.541756378062098,4.746420595928892,8.0,4,1,16.6921,457.1769,23.739,9.91
Ti6Al4V,2521.7997,391.0158,0.0256655351851968,2.3928340752750428,2.442861769392601,6.0,6,1,100.3135,41.242,23.8085,5.68
SS316L,5869.4032,1190.9928,0.0500210942116817,5.123106753437046,3.0228693673631217,8.0,4,1,9.7425,15.9726,25.7715,8.93
Al6061,7967.2805,1088.5231,0.0677277769650868,0.0,0.0,6.0,2,1,1300.7057,36.7354,23.4993,7.39
C45,2199.4602,808.1012,0.0739367599427237,0.0,0.0,20.0,5,1,169.0593,270.6539,22.1123,4.9
Al6061,8013.9612,1461.2247,0.0623026606556023,6.507589321106144,0.8461411221799601,8.0,3,1,694.4479,27.5011,21.9115,7.91
Al6061,7990.6444,972.7798,0.0611878865523045,0.0,0.0,8.0,2,1,190.3308,48.224,19.6375,7.22
Al6061,6669.0925,3272.1318,0.163276868174555,20.64650001709424,9.443831079237697,16.0,3,1,15.5659,64.4856,24.9192,21.7
Al6061,7990.4817,23705.5136,0.0,0.0,0.0,10.0,2,1,204.1226,14.0942,19.2712,8.23
C45,6233.9595,3727.5131,0.1218795616681563,10.058601691417,2.220810292671312,10.0,5,1,29.4202,41.8518,25.2828,15.94
Al6061,3742.5263,1719.0647,0.1520899762522812,0.0,0.0,20.0,3,1,277.9645,39.7355,27.0583,5.44
C45,3795.8552,982.8371,0.0655250016116713,22.161297609923693,8.95005433978497,16.0,4,1,8.2245,283.5464,22.6493,21.03
Al6061,7989.6299,24296.8352,0.0,0.0,0.0,20.0,3,1,16.4505,101.2747,25.5776,7.78
SS316L,4453.9459,501.8568,0.0280516989223242,0.0,0.0,10.0,4,2,2.3251,494.3307,22.8394,8.08
SS316L,3505.8315,867.5178,0.0490026966546701,11.760772905100406,3.150920844454334,10.0,5,2,45.5798,302.4934,21.8997,12.17
SS316L,2307.526,757.602,0.0645767088696932,10.166014482501266,9.20003078515565,20.0,5,2,12.4914,148.4502,21.8759,14.88
Al6061,6544.6577,2126.902,0.1077205391461913,8.62024429104843,10.456197528517738,20.0,3,0,19.3287,474.6039,20.2829,10.14
C45,7712.6969,733.3585,0.0234588203078033,1.511197206212589,0.8244914523153973,6.0,4,1,79.1954,42.9249,21.217,10.02
C45,6015.5765,24296.5635,0.0,0.0,0.0,10.0,6,1,11.743,217.1966,24.7521,6.82
Ti6Al4V,1327.7822,425.6663,0.0809981798714362,0.0,0.0,10.0,4,2,150.9468,16.3857,21.9481,25.19
Ti6Al4V,1195.0106,327.0943,0.0548234799929982,8.893499064465269,2.027201787940296,12.0,5,2,21.8425,334.3601,26.2641,8.24
Al6061,7987.7638,2649.1072,0.1104832877977402,12.894830085899676,6.418675347192934,12.0,3,1,59.2312,127.2571,22.5855,13.21
Al6061,8004.5152,1768.4415,0.111245550576187,5.498424520524429,8.872338561629158,16.0,2,1,13.6933,495.1407,15.8995,9.23
C45,3675.4052,1399.524,0.1264536783792626,16.53584768298658,6.6148188555672505,16.0,3,1,21.2623,13.9742,25.1465,15.48
Ti6Al4V,2404.6765,501.6328,0.0517238168275043,4.093523612438376,3.9006414404237897,8.0,4,2,5.4621,140.5737,26.0202,8.45
Ti6Al4V,1163.3072,470.5161,0.067133817131327,11.161507430480064,3.0980570998250667,16.0,6,2,64.2065,25.142,25.4466,9.09
C45,5725.0578,1453.8367,0.0501294784362575,10.10390635836516,5.834146353803227,12.0,5,1,14.024,253.7158,14.0,13.17
Al6061,8014.3578,1058.5903,0.0655068574868997,11.484674784971958,7.570248538130175,12.0,2,1,74.2062,54.6463,30.0412,10.38
C45,4409.3632,24119.1518,0.0,0.0,0.0,12.0,5,1,21.4475,48.6342,29.9591,6.8
Ti6Al4V,1273.3403,1231.3228,0.1938451981023374,14.694250116668984,2.594266936294582,20.0,5,1,12.3285,68.0517,26.8775,8.25
Al6061,7967.5675,1288.6501,0.0544157386854315,13.319340179109474,5.483737109313291,10.0,3,1,15.6128,189.45,30.273,10.21
Al6061,6098.2215,1973.9894,0.1104723604928984,18.980362368405107,9.931856911265015,16.0,3,1,70.0053,472.354,23.898,14.8
Al6061,8005.0488,1377.9255,0.0581648187043928,0.0,0.0,6.0,3,1,226.5901,168.7679,26.3633,6.99
SS316L,4452.73,1081.7435,0.0595270135585773,5.325978231632319,0.513282027189649,6.0,4,2,61.3429,459.0692,20.4203,8.98
SS316L,5488.783,653.1302,0.0392807260149215,1.824510604719888,1.1734490348505882,6.0,3,2,73.4141,472.8277,24.5816,9.34
C45,7982.3403,1405.6651,0.0590431078276114,4.409614034469372,2.6249604990389845,8.0,3,1,33.2634,292.7634,22.4867,8.94
C45,2713.5501,1870.0631,0.1358472511687408,13.892635674497557,2.654576663328896,16.0,5,1,60.1232,228.3393,28.9504,10.64
C45,4533.9819,573.3348,0.0319413780399442,14.314150488285474,4.883662987183245,10.0,4,1,198.8464,25.2229,20.1037,12.62
C45,3035.0358,746.0021,0.0830263607287608,24.63395688495474,8.683803094530369,20.0,3,1,3.9706,25.2722,23.8888,15.9
SS316L,1573.5976,417.4442,0.0661360074760392,6.363645100472703,1.6648112386380065,16.0,4,1,112.6519,388.2905,24.6264,5.69
C45,3088.7898,1515.919,0.1646966533751216,14.797965057537631,7.457421072648464,16.0,3,1,6.0116,529.4005,25.5914,15.36
Al6061,5109.6413,3717.6855,0.242065274328481,10.93882517075386,9.502523966725056,20.0,3,0,101.3657,71.7984,22.6767,15.93
Al6061,7989.9756,2046.9499,0.0845016362094818,0.0,0.0,10.0,3,1,256.1764,125.9938,21.7722,7.0
SS316L,4445.3469,1247.8101,0.0938093075416177,10.775274395337558,4.593874820107805,10.0,3,1,4.5768,274.8286,23.8022,10.83
Ti6Al4V,655.0345,232.4167,0.0593726274433584,3.8026889441479375,10.005835669141405,20.0,6,1,343.2125,570.3873,20.7033,5.49
Al6061,6127.7263,2011.4312,0.1104723604928984,18.980362368405107,9.931856911265015,16.0,3,1,70.5053,472.854,23.898,13.84
Ti6Al4V,2496.9296,24070.365,0.0,0.0,0.0,10.0,4,2,10.0184,51.0533,26.2993,8.48
Al6061,7980.523,1751.7819,0.0724717926353004,0.0,0.0,8.0,3,0,156.6883,3.7206,21.1812,6.13
C45,7444.6275,1650.1599,0.0730364116339503,8.799982040046002,3.4282366250408813,10.0,3,1,5.3317,151.7515,23.0853,9.93
Al6061,8015.5578,1592.7169,0.0993661451343366,8.535926084983629,2.0089257669533227,10.0,2,0,41.2779,576.1585,21.3597,6.41
SS316L,1507.4797,936.0055,0.1559527364803405,18.94744770967957,3.384545649905555,16.0,4,1,151.6034,352.1726,25.969,11.4
SS316L,3548.6648,1355.9761,0.0642393742001289,12.046940359172382,2.0091292572245907,10.0,6,2,22.925,21.5246,22.8617,12.36
C45,6965.9535,1869.1058,0.0668185181015235,0.0,0.0,8.0,4,1,30.1024,141.5574,29.3379,6.65
Al6061,7151.9846,2577.6521,0.1187099638881672,0.0,0.0,20.0,3,1,5.8497,215.1958,26.5706,6.88
C45,5540.9927,1850.3614,0.0835600025831454,11.396468952317448,3.9473579696564345,10.0,4,1,43.9166,16.2234,20.5918,12.84
Al6061,7142.0871,24125.5836,0.0,0.0,0.0,20.0,2,0,15.1078,366.9133,25.2835,6.0
Ti6Al4V,759.4266,461.641,0.1033491390062644,5.719039566051955,2.1673010685429035,20.0,6,1,84.7408,328.3706,14.8308,5.06
C45,3081.9663,1255.8509,0.0664235953014417,11.574379466451688,2.200936437135105,20.0,6,1,62.5698,175.1641,21.1655,8.59
C45,5450.6737,2828.1293,0.0861351633853709,11.23566053479802,0.9379999042471284,10.0,6,1,42.9084,554.5224,29.9282,9.95
SS316L,3582.5051,1104.7705,0.076879867515599,5.586457833166642,4.815179886215438,12.0,4,2,11.2629,264.2871,26.2091,10.92
SS316L,3394.8797,699.3293,0.0695438348538238,0.0,0.0,12.0,3,1,3.6488,400.4198,28.5818,5.28
Al6061,7717.4144,2645.1665,0.1143824858656174,9.12326812193629,2.8296070451415902,12.0,3,0,8.9746,93.3288,25.8338,7.31
Al6061,8010.9419,912.2717,0.0378776573868136,7.048373705189647,3.1086379130259747,8.0,3,1,957.0841,87.19,19.9448,8.03
Al6061,8007.0443,1482.7737,0.0620293016171273,14.10713792302059,3.0978913272255846,12.0,3,1,74.7689,382.4816,22.4509,9.79
Al6061,8000.286,1587.5981,0.0984470768899869,3.978867874055208,3.385746631951457,12.0,2,1,126.3644,285.5276,28.071,8.22
Al6061,8020.8269,24424.8546,0.0,0.0,0.0,12.0,2,0,59.0562,520.2546,26.9642,6.54
C45,8000.1262,24370.3864,0.0,0.0,0.0,8.0,3,1,43.3216,154.785,16.5154,7.68
C45,3435.0998,778.5598,0.0763539434902901,8.400027866989495,10.17499193648696,16.0,3,2,55.9268,567.0573,23.4628,13.05
SS316L,4096.6009,1655.328,0.0802298325380409,9.370419252366377,1.1186747538192936,8.0,5,1,17.2099,458.7782,25.9542,7.75
Al6061,0.0,0.0,0.0,0.0,0.0,16.0,3,0,210.3856,339.8081,24.9988,2.83
Ti6Al4V,871.0016,336.3051,0.0648532653110164,17.152119895182803,6.548707143395745,20.0,6,2,16.7627,11.1919,23.4859,9.7
C45,7959.9262,24254.1839,0.0,0.0,0.0,8.0,6,1,5.3911,149.1442,15.545,7.58
SS316L,6898.2485,1458.6684,0.05261155208279,0.0,0.0,6.0,4,1,4.4261,170.2835,26.6284,9.65
C45,7988.053,3464.5728,0.0737031421557762,7.356278451878463,0.7231029332641495,6.0,6,1,58.1404,33.4389,22.8172,9.34
SS316L,3941.9584,472.9599,0.0242473501314994,0.0,0.0,8.0,5,2,7.9438,44.9241,25.0716,8.43
C45,4762.2162,1644.9425,0.0711032245168049,7.49250568334295,2.7283624139795832,10.0,5,2,91.3774,284.065,19.6144,0.0
Ti6Al4V,1495.8005,490.2569,0.0665426609161815,10.095535544877484,1.1161207360483676,12.0,5,1,21.1702,217.2469,32.662,5.46
C45,2445.5727,24077.1614,0.0,0.0,0.0,25.0,4,1,0.1813,218.5792,24.7734,5.83
SS316L,2587.6901,618.6573,0.0477264604306861,14.386435801623954,7.458230706714148,12.0,5,1,50.3603,277.646,26.543,13.24
C45,4315.354,5360.876,0.2058051953173152,5.229227680594347,1.4217395302598983,16.0,6,1,19.5335,18.6158,27.4599,9.11
SS316L,4785.1241,1039.9222,0.0541085472054676,5.558772629488019,1.8382798356582284,8.0,4,2,4.2774,413.1894,24.6686,9.84
C45,8026.454,3122.7867,0.0651128441397609,3.268406799548522,3.611921939256269,6.0,6,1,35.9744,185.3847,22.1997,10.21
SS316L,3962.6424,971.8474,0.0495990373745609,0.0,0.0,10.0,5,1,16.3769,390.7843,26.3302,5.42
Ti6Al4V,2401.7911,537.8587,0.0372545972867751,5.5377892308293095,3.324630315051887,8.0,6,2,62.4069,377.5981,26.3388,8.89
Al6061,7975.0525,1332.3107,0.084767362860148,2.7089526970814166,2.1806549870979937,8.0,2,0,429.6218,435.2772,23.4468,5.99
C45,6369.5322,3483.6119,0.1351920960375917,0.0,0.0,12.0,4,1,9.535,380.2206,26.2728,6.46
C45,4331.3195,23839.3948,0.0,0.0,0.0,10.0,5,2,268.4677,149.122,25.02,9.03
Ti6Al4V,1319.0821,392.4771,0.0986885185120881,9.001287501935874,6.453991845453632,16.0,3,2,44.2127,29.4558,14.0,8.94
SS316L,2476.9553,1319.7459,0.1345630083274119,17.21230389237925,7.41886409141926,16.0,4,1,21.046,26.499,25.6508,23.49
C45,4485.8567,785.4183,0.0443281610534368,10.061793434680506,2.672664472914117,10.0,4,1,104.3694,345.3391,30.0001,7.96
SS316L,1526.967,23790.4388,0.0,0.0,0.0,25.0,4,1,25.71,581.5811,25.1818,5.86
Al6061,7982.9997,24015.884,0.0,0.0,0.0,12.0,3,1,58.7525,246.0948,22.9461,7.54
Al6061,7742.7927,3616.7476,0.1514330258710247,0.0,0.0,12.0,3,0,101.6608,56.1634,28.9183,5.83
SS316L,1314.085,693.3829,0.1761686887264236,19.48490083763297,7.9354114064305215,25.0,3,1,37.8691,124.517,30.0425,14.42
C45,3050.3503,1019.8641,0.0822845034163843,28.068314966647456,6.498514091997873,20.0,4,1,36.2121,541.0727,17.4034,18.48
Ti6Al4V,1155.9596,810.1694,0.1160849796071667,17.911708580067536,2.077822139483418,20.0,6,2,14.1441,20.4705,21.9098,9.94
SS316L,4955.0082,630.4831,0.031805142187195,0.0,0.0,6.0,4,1,116.2233,476.7335,14.0,5.46
C45,6338.3827,24146.2902,0.0,0.0,0.0,12.0,4,1,10.1519,451.2839,27.9167,7.31
SS316L,2659.6725,364.8556,0.0338799455991099,2.6285825359295454,3.1030127699017624,12.0,4,1,57.1716,551.6004,25.3995,5.62
Ti6Al4V,2023.6982,669.5078,0.0664825632408088,0.0,0.0,12.0,5,2,27.3885,532.106,16.4271,7.48
Al6061,0.0,0.0,0.0,0.0,0.0,12.0,3,0,13.0308,2.1605,24.1039,2.86
C45,3488.3237,2545.7342,0.2433249864874099,13.51814417737312,6.4267051014327015,20.0,3,1,4.5099,14.6135,35.8532,17.46
Al6061,8009.9105,673.3539,0.0420770689416945,4.669096756033778,1.0218139892563147,6.0,2,0,1776.4547,572.1998,19.8988,5.76
Al6061,5778.5254,1159.3985,0.0666855440681013,14.545270934250356,5.660206848985893,12.0,3,0,173.6624,13.3997,25.7397,8.31
SS316L,1746.8291,1269.4452,0.1196457465233307,13.953236874707375,7.699271105904253,20.0,6,2,32.8586,297.5835,23.7906,19.37
Ti6Al4V,1758.1528,456.8556,0.0650090765979985,7.603473136679837,6.0177743575410085,12.0,4,2,5.2105,455.8187,27.3228,9.16
C45,4762.3749,3624.8367,0.1247330271501044,9.9101501181909,5.242324716690354,16.0,6,1,14.8402,1.8385,19.7186,23.06
Ti6Al4V,1562.6945,870.6901,0.1113105843639565,5.8573626699828205,4.437206621164191,16.0,5,2,9.3611,451.9491,21.9619,8.86
SS316L,1964.9807,1011.2451,0.1276591382398859,18.547350289735203,2.2409614290259494,16.0,4,2,53.0187,8.0787,24.2175,11.9
Al6061,7988.7394,1712.9928,0.1051180137993685,2.83670976019327,1.0023074827349645,10.0,2,1,149.5658,116.1703,14.0,7.4
Al6061,5118.507,1334.2304,0.0861404361200129,13.84879889782687,10.725240481440942,25.0,3,0,36.1144,468.909,17.6262,10.75
Al6061,7995.6833,2443.8956,0.1031582057310437,12.71179961536028,7.170098557091267,12.0,3,0,105.8736,246.324,24.2098,12.59
Al6061,7974.4778,729.368,0.0309023268716751,5.12301508265377,3.774965095837969,6.0,3,1,1322.5589,55.0603,27.8312,8.22
Al6061,7990.6581,1038.181,0.0434819017520054,12.399774739927324,6.238003415565364,10.0,3,1,156.8366,108.2361,21.4523,10.04
Al6061,8029.5759,587.3394,0.0241373873078328,4.722990619846694,0.6402152768212499,8.0,3,1,674.8341,496.4849,18.6004,7.21
C45,5144.0005,1614.8984,0.079033052975226,5.445084456373417,3.579319835598202,12.0,4,1,41.2686,19.4247,18.2864,11.96
C45,7971.246,2064.7635,0.0634764128134175,5.919002677258417,3.5221659178900326,6.0,4,1,68.9217,342.3352,25.2799,10.78
C45,7985.7363,1129.2957,0.0465557155038713,4.290689368566572,1.030589649291314,6.0,3,2,67.7816,35.7325,20.1393,11.06
Ti6Al4V,1092.2102,327.6862,0.0998382412035467,17.97934546741989,13.1878081206277,25.0,3,2,20.2628,22.3977,27.8586,13.71
Ti6Al4V,1104.1287,268.1637,0.0609549199897252,5.86804301963134,9.212167976278426,16.0,4,2,30.6482,341.5043,23.9699,8.29
C45,6879.7699,2446.7946,0.0717720083208736,8.4362244070807,3.340364567313962,8.0,5,1,38.2316,78.5225,26.3566,13.08
C45,2186.2459,3015.0189,0.2333114964298666,10.611657435943815,7.361108375919769,25.0,6,1,47.0957,70.5178,26.463,23.48
C45,5128.3384,2946.3086,0.1149913779405985,12.023873732263564,5.380967680275371,10.0,5,2,25.9733,121.4573,18.4824,21.42
Ti6Al4V,816.8027,810.6351,0.1642609457732233,23.04967575162544,3.6065189945874314,25.0,6,1,41.3111,411.0823,25.9466,9.2
SS316L,2666.9683,355.6467,0.0338799455991099,2.6285825359295454,3.1030127699017624,12.0,4,1,56.6716,551.1004,25.3995,5.76
Al6061,6532.5097,4087.1653,0.207844178043818,12.923825533232968,5.060302652981972,20.0,3,1,18.4248,548.267,31.0514,13.69
C45,7995.0025,1904.6142,0.0591011004865432,5.823531570886765,3.0621573208991206,8.0,4,1,14.7253,511.2889,22.4205,10.13
SS316L,1905.4624,2347.5381,0.2501687749323793,7.898994731152074,11.139575023296633,25.0,5,1,2.6988,509.9949,22.3708,20.95
Ti6Al4V,2667.1704,503.0724,0.0377942710644688,0.0,0.0,6.0,5,2,121.652,11.2528,23.5976,7.84
C45,0.0,0.0,0.0,0.0,0.0,16.0,3,0,0.9434,142.2858,30.401,2.93
Al6061,0.0,0.0,0.0,0.0,0.0,10.0,3,0,69.0876,305.8211,27.9121,2.88
C45,2987.5374,23903.6485,0.0,0.0,0.0,25.0,5,2,10.2646,441.8568,34.8632,8.64
Al6061,8009.0877,23943.5714,0.0,0.0,0.0,6.0,3,0,869.4849,446.7941,22.9685,6.38
Al6061,7969.0372,2455.57,0.102023272421044,3.46917109281256,2.1779140731283624,8.0,3,1,356.8845,208.6569,20.6959,7.7
C45,6708.4269,2271.6557,0.1114288590416895,0.0,0.0,12.0,3,1,9.0897,360.3857,14.9861,6.23
Ti6Al4V,0.0,0.0,0.0,0.0,0.0,12.0,3,0,45.9455,148.85,28.1326,2.83
C45,4785.0468,2679.7529,0.1866199579838319,7.813258239163475,2.7083061744504398,16.0,3,1,10.1248,179.355,19.7344,10.69
Al6061,4951.0151,1794.03,0.1815964521076358,28.325847641487417,5.302604606733127,20.0,2,1,132.6852,26.5986,16.1059,13.65
SS316L,5075.7825,1048.0138,0.0520077901539637,7.791543087256587,3.6471153990604046,8.0,4,1,15.1241,55.5222,29.8547,11.35
SS316L,2006.1019,1413.3518,0.1732333980150579,10.455321257359346,8.570286066014713,16.0,4,1,69.3658,480.5873,22.7658,14.84
C45,4753.1671,1859.2705,0.0950768017948236,7.120994826508429,5.93832603698501,12.0,4,1,32.1907,40.2968,29.9707,11.42
C45,7195.9013,536.3152,0.0246873014985496,2.901273833454828,3.848369484803676,8.0,3,1,48.195,59.878,32.6469,8.16
Al6061,6352.6341,3383.3932,0.1777104503758969,11.619975817987632,4.409812784561775,20.0,3,1,55.1815,61.8669,28.1359,13.29
C45,6990.2794,2523.5779,0.0739258092835533,10.459514851892145,4.081932998505476,8.0,5,1,19.2346,69.8649,27.5033,17.13
Ti6Al4V,1250.4527,639.4205,0.0842062187033435,0.0,0.0,20.0,6,1,15.3387,330.2741,29.2602,4.76
Al6061,7977.5031,2359.5292,0.0998593220605006,4.454115696279184,3.965947430477205,8.0,3,1,57.8541,24.5191,21.5022,8.67
Al6061,7993.5528,3078.1261,0.1255660941244906,3.074304549924727,5.201859910572794,10.0,3,0,144.8541,19.4078,22.9973,7.73
SS316L,2175.1405,24530.0561,0.0,0.0,0.0,20.0,6,1,19.2352,44.9897,23.0414,5.86
C45,2965.6686,2371.5358,0.158364684590782,13.413257316736937,6.332004425136066,25.0,5,2,12.0979,443.3568,34.8632,22.07
Ti6Al4V,938.6962,257.2798,0.0543903057419043,14.571764474296584,6.399921693551158,16.0,5,2,98.1699,296.2051,24.7085,9.09
Ti6Al4V,1743.4187,23535.2911,0.0,0.0,0.0,12.0,6,2,29.2927,148.2365,25.2628,8.46
Al6061,4731.0539,1582.6176,0.1679086048210682,5.977836966205046,10.34791677876312,20.0,2,0,39.1179,42.4695,18.011,6.76
Al6061,7910.9464,995.2363,0.0636656450291852,16.0631089255772,4.658139462219544,12.0,2,0,18.8938,412.272,29.8313,8.18
C45,4729.4501,1540.91,0.0650737353519284,0.0,0.0,12.0,5,1,50.1993,31.232,24.69,5.95
Ti6Al4V,3333.012,730.9575,0.0542295580711394,1.6390621253273108,1.609920777760865,6.0,4,1,40.4603,13.4949,28.5983,6.2
Al6061,7141.4689,23728.9534,0.0,0.0,0.0,12.0,3,1,110.7285,568.4175,28.6828,7.55
Al6061,7975.1702,1651.0127,0.0686232851112168,0.0,0.0,10.0,3,1,365.255,553.3555,15.3462,6.74
Al6061,0.0,0.0,0.0,0.0,0.0,8.0,3,0,520.8123,20.3046,14.0,2.54
Ti6Al4V,698.7248,24053.7203,0.0,0.0,0.0,25.0,3,1,47.2297,536.5525,25.5319,5.48
Ti6Al4V,3438.2984,142.2269,0.0136371038836886,3.15960564333896,1.915958382913717,6.0,3,2,38.2775,380.4829,26.6397,8.64
Ti6Al4V,1496.4033,473.9779,0.062621206373497,8.328692795732868,5.718184433989104,10.0,5,1,56.5867,279.2688,25.3238,6.44
SS316L,2033.6174,1002.5144,0.1234084737197251,16.55593759711803,4.614871761569395,20.0,4,2,5.8638,77.2125,23.9913,14.74
Ti6Al4V,2995.4219,853.0406,0.0723349081262933,0.0,0.0,8.0,4,2,14.1876,36.08,24.6109,8.15
Al6061,8015.5007,1713.5831,0.1051180137993685,0.0,0.0,10.0,2,1,147.5658,114.6703,14.0,6.97
Al6061,6420.9335,24309.936,0.0,0.0,0.0,16.0,3,1,69.1642,57.4215,20.761,7.32
SS316L,4735.0511,817.2759,0.035067208846336,7.666109534009623,4.233619884615284,8.0,5,2,48.9531,91.215,18.5059,12.06
Ti6Al4V,816.5683,310.3761,0.0961937029667662,0.0,0.0,20.0,4,2,82.4269,433.5294,28.0371,7.41
Al6061,7131.4065,1590.3669,0.0728262313436387,0.0,0.0,12.0,3,1,150.0215,370.2366,23.2389,6.55
C45,0.0,0.0,0.0,0.0,0.0,16.0,4,0,15.3798,103.1049,23.2228,2.72
Ti6Al4V,1897.2143,923.3804,0.0948629641413824,3.5387177111018127,1.3182318961905044,12.0,5,1,14.6378,23.6155,30.1051,8.24
Ti6Al4V,1200.8598,334.0485,0.0556166663858657,0.0,0.0,20.0,5,2,21.7792,27.8551,25.7276,7.46
C45,7976.7202,1105.0808,0.0272876375809471,3.757186021377573,3.215535030886028,6.0,5,1,49.7554,343.2694,29.3105,8.67
C45,4051.1628,1489.9113,0.0901216235780798,0.0,0.0,16.0,4,1,10.3558,322.7964,27.5091,5.59
Ti6Al4V,1373.573,1312.3496,0.1577581474193243,3.6543197410236496,2.998864628327958,20.0,6,1,6.204,88.4234,24.4192,6.05
Ti6Al4V,1656.6017,236.2571,0.0473457942605917,7.421324894264194,7.085556517208632,12.0,3,2,55.2067,532.8895,25.6999,8.69
C45,5212.7777,801.8533,0.0502246438033612,12.462706884051642,3.0689669164230264,10.0,3,1,76.4049,516.5144,24.3348,11.13
Al6061,8027.8909,1135.5989,0.0466967455982957,7.587160451399529,2.950203866234574,10.0,3,1,330.1564,500.1282,24.6655,8.08
Ti6Al4V,1564.12,494.9839,0.079935959835773,11.070977037350946,4.086143915612839,12.0,4,2,49.9595,172.2279,20.4116,9.21
Al6061,8042.2403,1273.326,0.0807645935385196,2.392581215223294,3.3817552658415777,8.0,2,1,123.69,454.9354,14.0,7.24
Al6061,5855.0514,3617.8969,0.3117581260320133,14.06218530180658,5.941309722947422,25.0,2,1,13.6001,387.7819,24.1752,14.91
C45,4523.9908,615.9792,0.0454683189647045,0.0,0.0,12.0,3,1,66.7308,167.4184,20.958,5.77
Al6061,7977.0068,1352.1125,0.0852768537418952,0.0,0.0,10.0,2,1,106.9061,325.5563,20.6242,7.14
Al6061,7988.6343,865.1884,0.0547024654299053,6.013470019217203,4.301096457827749,12.0,2,1,191.9115,60.2062,17.7598,8.15
Al6061,8009.92,23920.4053,0.0,0.0,0.0,8.0,3,1,799.6232,363.9991,21.0311,7.97
C45,4331.4369,3322.68,0.1555419751537556,12.311506771833551,4.788409544921859,16.0,5,1,18.5399,430.5939,22.3972,22.89
Al6061,8008.9068,1132.0978,0.0471082310704499,0.0,0.0,10.0,3,1,67.7551,434.2173,21.2259,6.91
Al6061,7999.4446,23873.0253,0.0,0.0,0.0,10.0,3,1,150.7933,150.0269,27.0684,7.84
C45,7843.9899,1497.1392,0.0625628309850653,6.470386404302589,3.648679863156831,8.0,3,1,26.6076,206.8249,22.6091,10.77
Ti6Al4V,865.8755,199.4648,0.0764553549354854,3.673920644349301,7.981818618096006,20.0,3,1,26.5826,220.1777,22.523,5.16
C45,7767.9701,24263.0383,0.0,0.0,0.0,8.0,5,2,3.3128,422.9842,21.9943,10.4
SS316L,4784.5686,1041.7618,0.0541085472054676,5.558772629488019,1.8382798356582284,8.0,4,2,3.2774,412.1894,24.6686,9.84
C45,3225.1927,1532.1114,0.0940116293368233,0.0,0.0,25.0,5,1,11.684,146.1038,22.9174,5.16
SS316L,4563.221,1299.5775,0.0713741439433812,2.159524233736658,1.113698904039531,8.0,4,1,19.5286,31.6335,20.2211,6.41
Ti6Al4V,2283.4485,637.1521,0.0466492864570613,0.0,0.0,10.0,6,2,23.8946,415.2387,24.8858,7.82
Al6061,0.0,0.0,0.0,0.0,0.0,12.0,3,0,122.5416,473.2034,21.8667,2.61
C45,6894.5516,24290.3207,0.0,0.0,0.0,8.0,4,1,33.6675,107.048,22.8353,7.62
Al6061,8015.8398,3135.887,0.1305781895930374,5.323480734609495,5.646532088823331,16.0,3,0,17.2557,4.0465,18.7038,8.76
C45,5604.4285,3400.2475,0.1518754556799135,10.75598417795199,5.096203679670306,12.0,4,2,12.4884,179.4921,15.8037,21.49
SS316L,2027.0867,379.8308,0.0469411916368614,12.821009585636272,4.7092184406736,12.0,4,2,169.6017,174.4407,18.2012,10.1
SS316L,0.0,0.0,0.0,0.0,0.0,20.0,5,0,8.546,123.9458,16.4446,2.65
Al6061,7986.6279,2764.8376,0.1723911191649274,12.203853955950574,1.4075593741039518,16.0,2,1,13.7365,62.3661,21.5377,8.81
Ti6Al4V,1194.2893,298.8416,0.0633548612818453,9.246643391187495,4.597039924606416,16.0,4,2,19.2624,568.304,25.6736,8.53
SS316L,3575.9938,422.7167,0.0298992403537463,1.7723145147013688,0.7745107102215454,8.0,4,1,70.6004,20.4647,18.1239,5.82
Al6061,8004.1804,2111.3125,0.0861787669297028,2.0581142563002954,1.1574656670764116,8.0,3,1,568.1567,599.7456,19.8681,7.41
SS316L,3440.8387,436.3405,0.0211373295804959,6.0420989248828745,5.02842775133041,8.0,6,1,38.1232,56.4027,22.8785,7.17
Al6061,7980.7217,1842.9167,0.0762452941199513,0.0,0.0,12.0,3,0,192.1614,290.597,22.0923,5.52
Al6061,8016.8142,2873.3052,0.1184709471955888,3.9919163569018834,3.5019129993817453,10.0,3,1,201.091,49.7056,22.9302,8.48
Ti6Al4V,0.0,0.0,0.0,0.0,0.0,8.0,3,0,2.8646,352.6051,15.6985,2.59
SS316L,2752.0527,708.6251,0.0857902901714268,6.751197834997822,4.323378518666704,10.0,3,1,83.3037,254.2069,21.8614,7.37
Ti6Al4V,0.0,0.0,0.0,0.0,0.0,10.0,6,0,14.7972,171.1413,21.4986,2.79
C45,4180.5395,1913.5512,0.1152224700038237,13.98580398756399,4.619916081320061,12.0,4,1,60.0862,105.0008,25.5768,15.21
C45,2124.1373,1487.2172,0.13870716732906,24.15533411411892,5.164156948657649,25.0,5,1,78.4613,554.4228,22.0744,22.2
SS316L,2532.6248,1614.9489,0.1075437338746171,2.968105280188973,1.0510687673200068,12.0,6,2,20.9007,503.2842,20.9403,8.33
Al6061,7609.4993,2133.216,0.0948118111866872,6.90872236804479,2.5475415638255843,12.0,3,1,108.3411,512.5129,23.4829,8.26
Ti6Al4V,3115.2406,749.4764,0.040363595986653,5.91598433632157,2.482619800601681,6.0,6,1,62.5836,594.9256,22.0529,6.16
C45,5006.4387,3268.1782,0.108776318328194,4.683592670199666,5.684382850436158,12.0,6,1,22.2349,533.1052,24.5548,11.37
Al6061,7977.3398,2000.5686,0.0835298011540036,4.837868000566608,0.7410009596966446,8.0,3,1,184.0162,497.115,25.5346,7.82
Al6061,4547.4075,1112.6347,0.1228845628475014,17.927438978870164,9.613074470113068,16.0,2,0,363.6649,467.0372,21.5136,10.52
C45,3816.4466,3856.2688,0.2539180988465236,6.726307369792739,8.664030903191037,20.0,4,2,11.9436,374.3253,22.5347,22.39
C45,8010.7559,1142.483,0.0472223063147968,2.632764186352284,2.8813113487736706,8.0,3,1,32.8402,392.8934,32.3448,0.0
Al6061,8030.3773,3165.3207,0.1980821748958958,16.926003313153174,4.582903424673924,16.0,2,0,14.2745,215.371,19.7887,10.63
C45,4441.092,1599.8749,0.0904587270978156,4.9744701842464645,3.1463127044836865,10.0,4,1,32.6846,435.7547,25.6548,7.84
Ti6Al4V,0.0,0.0,0.0,0.0,0.0,16.0,4,0,6.4031,394.9175,26.0176,2.84
Ti6Al4V,931.2817,782.9828,0.1399599945532443,0.0,0.0,20.0,6,1,36.3038,224.526,30.7923,4.67
Al6061,7972.3154,866.9149,0.0537716870168058,2.633955474709299,1.4309717566007298,8.0,2,0,669.3329,366.9302,23.4884,5.89
Ti6Al4V,1076.1613,335.0053,0.0788535363855271,8.290624999943752,10.20073473387447,20.0,4,2,15.6208,22.123,26.5561,9.25
C45,3936.4758,1949.6589,0.1662709309184977,8.465145797628288,7.999180759006841,16.0,3,1,8.7225,591.1807,22.515,16.66
Al6061,0.0,0.0,0.0,0.0,0.0,25.0,3,0,6.6432,23.6332,20.1721,2.7
Al6061,7870.5662,1515.5499,0.0651073185741416,0.0,0.0,12.0,3,0,52.8297,365.7745,28.5072,5.56
Ti6Al4V,3408.5294,1137.0345,0.0670075341566919,3.969842874447067,1.6571678978430724,8.0,5,2,5.0149,530.5173,22.6275,8.9
C45,5186.9246,1800.6582,0.087710350158887,9.747303927439036,4.095612507809808,10.0,4,2,46.9731,558.2013,18.2264,15.48
SS316L,3102.9614,1051.3274,0.0857435340298975,14.246683300617416,5.078020493093297,12.0,4,2,9.6731,258.0306,27.217,13.89
SS316L,3752.4041,717.0361,0.0640441452834244,8.351146408465459,4.617081835765708,10.0,3,1,19.6331,528.6565,28.1811,8.28
C45,7987.0576,3306.4369,0.083208638512343,11.449686754234811,3.54674977867516,8.0,5,2,16.3356,164.498,28.3531,21.53
C45,8002.2736,2739.945,0.0678592681928394,2.175705162736266,2.7281345369036787,6.0,5,1,38.7377,97.2351,26.8318,8.37
Ti6Al4V,884.3279,23919.9947,0.0,0.0,0.0,25.0,3,2,7.3824,40.1903,20.0994,18.72
Al6061,7940.6133,2506.7609,0.10519513885002,0.0,0.0,12.0,3,0,91.978,593.3075,21.4236,7.96
Ti6Al4V,1546.0639,905.8933,0.1456975569546163,3.2181278135267832,9.950032914143332,16.0,4,2,6.3893,549.7939,23.0854,9.04
Al6061,0.0,0.0,0.0,0.0,0.0,16.0,3,0,37.7108,0.3629,17.4064,2.63
C45,5667.8073,23826.7575,0.0,0.0,0.0,10.0,5,1,28.1665,269.2868,27.681,6.92
Al6061,8003.0009,2186.4076,0.0905489228518093,2.8069499859474067,2.624937298461345,10.0,3,1,82.7607,81.8837,24.8712,7.78
Ti6Al4V,0.0,0.0,0.0,0.0,0.0,12.0,4,0,12.2498,50.0116,17.7353,2.63
Al6061,4785.7028,893.2062,0.0624872311756458,27.618048643250347,5.1318421637246034,20.0,3,1,245.1662,147.161,29.3436,11.48
Al6061,8004.8683,24178.8736,0.0,0.0,0.0,12.0,3,1,51.4686,229.2364,22.0173,7.72
Ti6Al4V,716.9451,313.2384,0.1081538837244565,0.0,0.0,25.0,4,2,38.2415,234.76,25.8976,7.26
Ti6Al4V,877.372,23764.807,0.0,0.0,0.0,25.0,4,2,31.7702,586.5995,30.1769,8.43
C45,4596.3036,875.5325,0.0387156343249746,3.6745942143594577,5.154997539887752,12.0,5,2,77.5852,3.6457,25.541,10.48
Al6061,5860.5262,3650.0879,0.3117581260320133,14.06218530180658,5.941309722947422,25.0,2,1,13.4335,387.6153,24.1752,13.81
C45,3609.1723,3971.6883,0.2206932908864525,7.8042563746691584,6.803855709453062,20.0,5,1,17.944,199.8345,23.3431,23.39
C45,7065.8099,1752.9683,0.0630799417971166,6.377636955146402,2.1204047372748183,8.0,4,1,6.9208,522.0571,19.0891,8.88
C45,6349.9576,3990.1014,0.1551638461643573,9.178758761911052,5.653556698808979,12.0,4,1,5.8667,377.1991,24.0974,18.97
C45,6309.3351,23836.6801,0.0,0.0,0.0,10.0,4,1,52.7647,40.8842,21.0473,7.28
Ti6Al4V,1103.2919,527.5891,0.0794966853333803,14.62996617128374,6.1939028176275945,16.0,6,2,94.5671,501.2834,21.8232,11.46
C45,3707.6006,3733.929,0.206332633289409,11.759955656723168,5.208375830127812,20.0,5,1,2.9695,313.3494,33.4391,19.26
SS316L,1906.7176,1184.5198,0.1238451261901796,13.931782088033604,5.157971454301719,20.0,5,1,10.1131,380.0284,26.0688,10.81
Al6061,5790.1009,1395.6655,0.0795511221191022,21.659193532964814,4.3142702763004985,16.0,3,1,243.7778,338.2196,21.28,11.68
SS316L,1602.0242,1334.9743,0.1681055799628307,10.695308232037505,9.971040845125376,20.0,5,1,35.1422,265.2165,25.1371,15.7
Ti6Al4V,2504.9497,648.8169,0.0650322947751535,7.65770508339869,5.234054131704429,10.0,4,1,4.5098,244.451,32.2316,6.94
Al6061,7990.6188,1587.9651,0.0984470768899869,3.978867874055208,3.385746631951457,12.0,2,1,127.3644,286.5276,28.071,8.06
SS316L,1731.727,800.1801,0.0928449914404382,7.196928295014144,2.930436773989249,20.0,5,2,2.5988,374.7111,22.0165,9.96
C45,3896.7928,1910.8619,0.0972900815023336,21.55744350025064,3.789343926901652,16.0,5,1,38.2986,227.4847,17.8652,19.6
C45,6871.4826,1933.5178,0.0704724255512249,0.0,0.0,10.0,4,1,24.9784,5.9541,24.1468,7.13
C45,6934.7439,2563.4741,0.0739258092835533,10.459514851892145,4.081932998505476,8.0,5,1,19.568,70.1983,27.5033,17.57
C45,4898.0084,2714.7824,0.0929775400761435,0.0,0.0,12.0,6,1,50.1053,340.8909,23.6644,5.85
Al6061,8018.7211,4449.2576,0.1877553179938896,11.153592017063415,5.530480812791731,16.0,3,1,15.6325,336.7842,24.5295,14.74
Al6061,7985.3673,1824.8747,0.0752632629685553,11.836014904166548,3.2882069994565657,8.0,3,1,425.6622,200.1965,27.4511,10.12
Ti6Al4V,2051.2348,614.6967,0.0748857438942252,3.1926736786392613,4.539060101434719,10.0,4,2,32.6766,253.4431,31.9115,9.62
C45,2258.9676,1293.0433,0.1903385206394425,15.559115845982344,11.098905379806734,20.0,3,1,106.3739,84.2854,19.2403,23.97
C45,5020.2215,819.7951,0.0550718859039957,7.753959087143979,2.245574413379292,12.0,3,1,53.8731,478.064,15.9206,7.88
Al6061,7976.4006,3205.6403,0.1302169631028882,5.622578009359654,1.1823340654594816,12.0,3,1,94.0633,526.6787,27.0567,7.79
C45,1658.9257,773.9345,0.1561431736354289,21.64215609256893,6.457526185402432,25.0,3,2,215.0546,138.4336,19.3385,16.45
Ti6Al4V,713.0073,350.1516,0.0992565870467769,13.960911125857915,15.062888689986467,25.0,5,2,58.2134,61.0965,22.9611,12.21
Ti6Al4V,3589.025,23803.7906,0.0,0.0,0.0,6.0,6,2,15.8884,52.6424,25.1971,8.95
C45,3813.9621,2315.7974,0.1008317781928556,12.590771719391554,6.466806817902313,20.0,6,1,3.9564,49.961,26.4565,20.05
C45,7945.3312,4678.1001,0.0971339242518914,6.4365113138951,1.3449879029794314,8.0,6,1,6.7245,150.1442,15.545,10.26
C45,6057.7414,2535.6907,0.1040700875806827,11.593343277635933,2.628414099729361,10.0,4,1,33.7251,53.0629,24.1516,12.81
Ti6Al4V,0.0,0.0,0.0,0.0,0.0,12.0,6,0,36.1347,536.4039,29.5949,2.83
C45,5788.1096,1987.4488,0.0679331325635044,10.696434508835118,6.4832496139987015,12.0,5,1,23.1165,60.8315,26.7502,18.25
C45,6109.9398,2641.8493,0.1079113405435726,14.597439811050478,2.468342512158512,10.0,4,1,10.6073,106.5663,27.7992,14.39
Ti6Al4V,1168.0933,477.802,0.067133817131327,0.0,0.0,16.0,6,2,62.3731,24.142,25.4466,7.11
Al6061,6043.9983,2331.096,0.1939962191241181,18.098314545529355,8.937459349809451,16.0,2,1,5.2873,414.9917,21.7875,13.63
Al6061,7978.4729,2197.1986,0.0928671090851797,0.0,0.0,8.0,3,1,360.646,190.3999,21.1428,6.82
C45,0.0,0.0,0.0,0.0,0.0,20.0,6,0,2.1306,47.7993,19.9823,2.65
C45,8005.3572,2061.1143,0.0427072224661069,6.532043472317735,0.794862636230228,8.0,6,1,48.5843,24.4694,17.2674,9.34
Al6061,8032.845,24366.7048,0.0,0.0,0.0,8.0,3,1,356.0511,207.9902,20.6959,8.0
Al6061,7245.9001,3897.4613,0.1773561438175487,16.227663654146085,7.883660585950944,16.0,3,1,5.7888,225.3471,23.0245,14.95
SS316L,2667.068,732.6291,0.0547393051353107,4.741712399873162,10.164125757343758,16.0,5,1,4.4625,36.3117,20.852,8.25
SS316L,2548.977,2279.1967,0.1764118679460528,13.432291693643796,6.321574220408535,16.0,5,1,8.4208,44.4252,22.0704,19.49
C45,2890.1477,23621.4863,0.0,0.0,0.0,20.0,5,1,6.1691,380.6747,24.9736,5.81
C45,2871.9285,908.1707,0.0778299020721868,14.190904719721264,6.344662219773831,16.0,4,1,172.9156,21.6034,25.331,13.05
C45,3907.8708,3922.5125,0.1649924372090342,0.0,0.0,16.0,6,1,6.3438,473.7243,21.8679,5.38
SS316L,2599.9053,619.3883,0.0477264604306861,0.0,0.0,12.0,5,1,50.0269,277.4794,26.543,6.89
C45,7969.8028,3087.1928,0.0765053588001443,6.97725424374616,2.4537571204550623,6.0,5,1,23.7675,9.8937,24.0406,12.55
Al6061,7966.5625,3036.3392,0.126255750083598,8.579588002312658,2.4656897398514706,16.0,3,1,44.4637,217.7499,25.5307,10.69
SS316L,1498.1059,24095.6056,0.0,0.0,0.0,20.0,4,1,43.4033,41.3329,23.1765,5.56
SS316L,2989.7663,931.4788,0.1025954506369981,5.77188721700915,2.27178820613919,10.0,3,2,58.4051,586.1788,18.72,9.21
Al6061,8000.8595,2015.0122,0.0841237249714249,8.078810832752485,4.529717568143679,8.0,3,0,541.6463,26.1972,28.2373,13.76
SS316L,1965.6468,999.9094,0.1276591382398859,18.547350289735203,2.2409614290259494,16.0,4,2,53.852,8.9121,24.2175,11.57
Ti6Al4V,1301.3515,258.6322,0.0664246500839183,4.626815450066584,8.779767018788782,16.0,3,1,8.7447,499.5549,23.8042,5.6
Al6061,7994.3798,2609.6306,0.108744285204224,3.104003814711956,2.549911364478888,12.0,3,1,108.6845,236.8804,26.1716,7.99
C45,4980.9265,1448.2514,0.0485858483918286,7.5358135370824995,3.339124519303363,10.0,6,1,50.534,185.5998,20.9405,9.08
SS316L,1556.0101,24017.0576,0.0,0.0,0.0,20.0,6,1,23.6396,135.9351,18.9347,5.53
Al6061,6353.5708,1756.0481,0.0932981482126724,7.238623348434157,5.988562946320349,20.0,3,1,14.2982,255.764,25.9503,8.7
C45,6406.9035,23822.9348,0.0,0.0,0.0,10.0,4,1,8.0127,58.4153,18.7783,9.64
Al6061,7986.041,1282.0967,0.0535715255133404,12.49207762494349,1.7904822551591384,10.0,3,1,192.6101,276.0994,21.6052,8.43
Al6061,7985.5478,24064.6966,0.0,0.0,0.0,10.0,3,1,320.8774,385.4989,22.5827,7.95
SS316L,3175.9729,1015.493,0.1067287286900025,10.925592126571658,6.965147744765802,12.0,3,1,34.282,2.5618,24.461,22.78
Al6061,7993.4228,918.9467,0.0573749673890033,11.88249276530974,2.4741248713454844,8.0,2,0,347.0533,223.8678,26.0591,10.8
C45,6638.8167,2400.0177,0.0916218083382024,7.777473708674467,1.2604126453445603,10.0,4,1,22.1141,32.9435,25.357,9.39
Al6061,8012.1492,24074.7766,0.0,0.0,0.0,12.0,2,1,77.3072,451.8621,28.7138,8.17
SS316L,2035.9354,1230.8904,0.1505687927294687,3.927930552702048,1.772486427009145,16.0,4,1,54.3832,392.6596,26.1069,5.93
SS316L,3363.8914,732.0847,0.0543451365056773,8.264842374252279,4.524194167415881,10.0,4,2,49.6605,395.6901,27.1509,11.24
SS316L,3505.0682,848.8228,0.0490026966546701,11.760772905100406,3.150920844454334,10.0,5,2,45.9131,302.8267,21.8997,12.43
SS316L,2905.2109,1572.0659,0.1080970103890953,16.554409150643647,7.143921980032604,16.0,5,2,9.3363,228.9802,26.4432,23.84
Al6061,6449.8608,2362.1147,0.1238953295966596,0.0,0.0,20.0,3,1,21.8889,189.3378,24.2439,6.46
Ti6Al4V,1147.3561,334.1383,0.0963842497741675,3.326642210209003,1.4268573357294885,16.0,3,1,16.3159,198.209,17.1105,7.76
SS316L,2085.3283,1133.7345,0.1794712647965193,14.94527324719726,12.095968930165457,20.0,3,1,4.8274,430.8422,30.7069,18.85
C45,1809.9138,1739.9159,0.1592910832695367,0.0,0.0,25.0,6,2,88.2185,48.3602,19.4836,7.62
Al6061,6532.5785,3132.0695,0.2388126247123058,23.09856797394564,8.12885307043143,20.0,2,1,23.2533,36.9437,24.9575,19.98
Al6061,5857.332,5403.3472,0.3105102518910139,15.766124265500636,4.870184428995832,25.0,3,0,10.2394,291.3949,27.1549,16.58
Al6061,7959.5906,3480.1342,0.1450822990786486,0.0,0.0,16.0,3,0,46.1614,257.9748,26.9819,5.63
Al6061,5633.1206,3640.9016,0.3249190906034939,23.603047443779644,4.359444387709198,25.0,2,0,6.1456,22.1238,24.7879,12.85
Ti6Al4V,3975.4899,24133.9783,0.0,0.0,0.0,6.0,6,1,19.6014,571.4741,22.5888,6.48
Al6061,7973.9249,24006.0231,0.0,0.0,0.0,12.0,3,0,194.8121,264.264,25.2102,6.46
Ti6Al4V,813.0396,314.9469,0.0961937029667662,6.362727526155052,2.228417309416462,20.0,4,2,83.4269,434.1961,28.0371,7.82
Ti6Al4V,1491.8372,466.8843,0.0783230055451808,9.468554952522965,4.265926320453945,10.0,4,2,59.1473,265.3066,28.1551,8.85
C45,5393.2718,3499.3859,0.1048454566987382,9.54756790909111,5.817335889070893,10.0,6,2,28.7229,191.0227,27.2002,24.94
C45,7782.0519,1510.3585,0.0393573962232813,8.833694408769944,0.8485611526193833,6.0,5,2,11.6639,392.9575,17.7756,10.65
C45,5498.3294,3282.4963,0.121246541810838,4.073805727583608,2.273980226727017,10.0,5,1,17.6982,380.538,26.2449,8.83
Al6061,8013.9808,23626.8732,0.0,0.0,0.0,10.0,3,0,99.5543,170.5223,24.3155,6.28
SS316L,2183.9257,23900.3113,0.0,0.0,0.0,16.0,5,2,23.0236,504.6755,21.577,8.47
Al6061,7960.4769,608.1401,0.025456511487134,7.014196299489855,3.491384162043234,6.0,3,1,534.5537,14.9186,18.8576,8.11
SS316L,0.0,0.0,0.0,0.0,0.0,16.0,4,0,14.9921,576.3548,24.2343,2.79
Ti6Al4V,0.0,0.0,0.0,0.0,0.0,10.0,3,0,103.8931,42.8903,24.7551,2.81
Al6061,7982.4818,2067.6198,0.0856319027083887,6.377925211611379,3.115886306584991,10.0,3,1,347.558,223.5662,21.9493,9.32
Al6061,7953.2667,3385.5829,0.137978522174547,0.0,0.0,12.0,3,1,115.1584,256.2807,21.0531,6.8
SS316L,2589.1909,891.8936,0.0862995079144865,3.924224874310928,9.54696309143744,16.0,4,1,13.2338,22.5945,14.0,7.86
Al6061,7943.0533,890.2411,0.0557139610000085,5.237229504565793,5.076209234966569,16.0,2,1,53.6512,243.853,18.8675,8.34
C45,0.0,0.0,0.0,0.0,0.0,10.0,4,0,43.6697,395.0858,22.9491,2.64
C45,2948.3678,24181.9061,0.0,0.0,0.0,16.0,3,1,78.6122,276.5038,25.2399,6.07
Al6061,8005.3458,2424.7894,0.0982650745680354,0.0,0.0,12.0,3,1,32.2324,213.2078,26.5918,7.04
SS316L,3428.9775,1476.151,0.0862825432130884,8.463084653885229,2.1211424894395603,10.0,5,1,41.1571,600.2043,19.2114,8.5
Al6061,7314.8876,1904.5039,0.0869900590581439,14.045994654084804,2.4328813932379263,20.0,3,1,12.1088,330.4605,21.0428,8.82
Ti6Al4V,3681.6966,614.472,0.0549846734078706,2.093140054745604,0.8166362612850183,6.0,3,2,28.9904,224.7928,24.8554,8.53
Ti6Al4V,2214.1694,24542.3966,0.0,0.0,0.0,10.0,5,2,22.9674,16.3198,32.9762,8.86
SS316L,3288.6604,927.9438,0.0579670046622334,9.143434807242269,0.8804263779928021,10.0,5,1,3.2743,334.1795,17.5409,6.19
Al6061,8030.5282,1977.4903,0.0837822969137692,10.842310168468376,3.627474615581881,8.0,3,0,587.059,371.7487,24.3944,9.02
C45,2960.3565,1639.4589,0.1887065739284734,20.32332334924987,5.083769245131831,16.0,3,1,78.9456,276.8371,25.2399,18.23
Al6061,8015.2253,1400.7093,0.0581648187043928,4.941375635103962,2.7337516610463446,6.0,3,1,227.4235,169.1013,26.3633,7.66
C45,3033.8231,2820.5703,0.2325184884341827,13.56009738501985,2.946206226362542,20.0,4,1,31.0156,507.7799,23.6105,18.73
Ti6Al4V,1687.6837,24108.3826,0.0,0.0,0.0,12.0,6,1,40.2119,104.0499,28.5278,5.79
SS316L,2621.142,2045.1359,0.1588555478921119,12.063009362720136,7.907539261892778,16.0,5,1,21.9047,343.3956,19.4824,24.1
Al6061,7941.2622,2928.4116,0.1244182443938498,18.052232086393985,2.3384868687730527,16.0,3,0,55.762,394.4269,21.0355,9.86
Al6061,7987.1849,2262.5907,0.1423461275406258,13.414366637757276,10.815158944526576,20.0,2,0,7.4549,99.4103,18.9653,14.99
Ti6Al4V,1856.594,526.9609,0.0924655762418123,3.5341234369009014,2.003748421099363,12.0,3,2,14.0717,255.8101,28.9207,8.19
Al6061,5735.0731,5064.6021,0.2962989301434477,0.0,0.0,25.0,3,0,6.6432,23.9665,20.1721,4.98
Ti6Al4V,2488.4824,507.002,0.0679026102458785,10.15684400519292,5.394213085054995,10.0,3,2,23.0883,40.7211,27.619,9.92
SS316L,2220.6469,24134.4496,0.0,0.0,0.0,20.0,5,2,11.7421,34.5493,23.7039,8.59
Al6061,6382.4545,23553.2312,0.0,0.0,0.0,20.0,3,0,50.0448,349.2133,25.4851,5.56
Al6061,0.0,0.0,0.0,0.0,0.0,12.0,3,0,169.1091,30.6774,28.3699,2.87
C45,4912.3698,1771.9548,0.0904622689430179,2.720859946806113,3.241787651833748,10.0,4,2,44.6697,395.9192,22.9491,10.08
Ti6Al4V,963.5999,276.9732,0.0709455883920394,8.779417938873333,4.299538780994229,25.0,4,2,7.0259,44.801,17.7227,8.14
SS316L,4020.7076,23716.8723,0.0,0.0,0.0,10.0,3,1,49.0052,161.7847,27.4181,6.43
Al6061,7984.2842,1784.2723,0.0744416660749212,0.0,0.0,10.0,3,1,0.4423,437.5668,24.2874,6.94
C45,3651.6751,1402.6171,0.1264536783792626,16.53584768298658,6.6148188555672505,16.0,3,1,21.0956,13.8075,25.1465,15.81
C45,3256.407,2364.6216,0.1842391351710602,0.0,0.0,20.0,4,1,31.9996,481.2106,23.2502,5.46
Ti6Al4V,2383.4969,899.3062,0.0926182739829319,3.884970178732632,3.9437420099184632,10.0,4,1,20.2878,156.8976,23.5013,6.23
Al6061,7981.03,23942.4567,0.0,0.0,0.0,12.0,3,1,154.5247,194.4405,23.7269,7.79
Al6061,8012.7205,843.3353,0.0352353667523924,0.0,0.0,10.0,3,1,48.6119,447.0441,26.8313,7.29
C45,3234.0361,23753.3137,0.0,0.0,0.0,20.0,6,1,3.605,537.3534,19.8726,6.06
Al6061,6162.3566,23562.7048,0.0,0.0,0.0,16.0,3,1,33.071,319.7843,27.8177,7.17
C45,6520.5027,782.9265,0.0240446281546389,0.0,0.0,8.0,5,2,70.3423,516.7098,23.9907,8.87
C45,3708.9607,1411.8748,0.1264536783792626,16.53584768298658,6.6148188555672505,16.0,3,1,20.7623,13.4742,25.1465,16.35
Al6061,8013.4479,2295.0233,0.0939168239880159,0.0,0.0,8.0,3,1,38.1564,383.951,24.5514,7.0
C45,7698.2305,1447.512,0.0475395322475192,0.0,0.0,8.0,4,1,28.4594,417.6888,22.9453,6.87
SS316L,3754.6338,23611.9914,0.0,0.0,0.0,10.0,3,1,18.9665,527.9899,28.1811,6.37
SS316L,1696.7394,1210.6153,0.1770675622774167,14.573708471515992,9.866160448533993,25.0,4,2,5.7762,341.522,30.7076,19.71
Al6061,7975.5733,3125.4232,0.1308062721121053,8.773495227782886,6.142717281023154,12.0,3,0,97.3948,61.3828,25.7398,10.38
C45,7724.176,3293.6485,0.0851304775777362,8.379356161889506,1.430929241600274,8.0,5,2,4.6461,423.9842,21.9943,12.9
C45,4398.545,23863.3276,0.0,0.0,0.0,12.0,3,2,85.6257,524.603,16.1092,8.95
Al6061,8007.8522,1575.0953,0.0975612302858105,10.359359714865793,4.75059013099378,8.0,2,1,32.7974,308.5549,31.6569,8.73
C45,3783.966,990.1693,0.0655250016116713,22.161297609923693,8.95005433978497,16.0,4,1,8.0578,283.3797,22.6493,21.15
Al6061,6996.5568,2012.8471,0.0942689278527374,22.608105847026582,11.6630375760467,20.0,3,1,9.8273,4.0985,21.3691,20.44
SS316L,2123.4512,589.2,0.0928498898067771,0.0,0.0,20.0,3,1,21.0883,236.8491,19.0908,4.66
Ti6Al4V,1978.288,385.1564,0.0320336933551013,6.575698213437955,0.9593252946139432,10.0,6,1,72.9605,38.907,21.301,5.64
Al6061,8022.4898,1792.4095,0.074400163495997,11.520154068301837,2.516764077583693,8.0,3,0,394.9022,536.7588,17.1059,7.64
C45,6171.5573,2842.0696,0.093167174559952,10.487464938356222,6.421416723897458,12.0,5,2,9.6769,58.7354,26.8045,21.51
Al6061,7994.4397,2998.1101,0.1230342361442113,3.270814001746603,2.2979911053716373,12.0,3,1,156.1914,195.6072,23.7269,8.15
Al6061,8027.6965,2305.339,0.1424865430640919,0.0,0.0,12.0,2,1,139.2628,91.3158,30.7922,9.84
C45,4374.511,1525.4405,0.0686302402276374,12.37526558137419,3.833048557294117,10.0,5,1,130.4327,203.8219,29.794,12.61
C45,7626.044,1402.1911,0.0365782802096043,8.217440612349193,1.0071678016814969,8.0,5,1,11.4632,10.0212,25.8479,9.15
Ti6Al4V,0.0,0.0,0.0,0.0,0.0,8.0,5,0,51.6602,180.5925,18.264,2.58
SS316L,2300.9928,1984.6958,0.1442709311102644,0.0,0.0,20.0,6,1,15.4491,48.6053,25.6361,5.04
C45,2391.4832,2964.3459,0.2048115342536561,0.0,0.0,20.0,6,1,106.7511,486.5818,27.9943,5.15
C45,3167.8748,24099.8526,0.0,0.0,0.0,25.0,4,1,10.8658,42.5298,25.7103,6.21
Al6061,6657.5657,2919.0631,0.1467388410994518,0.0,0.0,12.0,3,0,39.8425,163.5029,31.6666,5.08
C45,5950.5544,3506.3014,0.1495376645279692,17.606512409783154,3.0524612054440308,12.0,4,1,14.6329,2.7964,16.3681,21.13
Ti6Al4V,0.0,0.0,0.0,0.0,0.0,16.0,4,0,4.8893,548.2939,23.0854,2.76
Ti6Al4V,2758.4528,861.8024,0.0778287532204043,0.0,0.0,8.0,4,1,21.7813,19.6625,25.259,5.36
C45,4535.6038,2240.8856,0.0974133825983896,15.328959224843976,3.392592928112318,12.0,5,1,48.7973,42.2331,26.1993,16.95
C45,7992.5078,2618.0818,0.0813451957270973,10.608971768086151,1.6258952220150409,8.0,4,1,14.8849,439.9189,29.2559,11.45
Al6061,4805.6937,889.3802,0.0624872311756458,27.618048643250347,5.1318421637246034,20.0,3,1,244.9995,146.9944,29.3436,11.65
Al6061,7999.6084,23737.0994,0.0,0.0,0.0,12.0,3,0,137.2522,530.4967,20.7914,6.05
SS316L,3210.8784,1293.5123,0.1010694784515093,4.056411018468986,1.638056475249804,10.0,4,2,30.8698,84.6063,27.4358,9.37
SS316L,2537.9805,1652.3779,0.1075437338746171,2.968105280188973,1.0510687673200068,12.0,6,2,22.0673,504.4509,20.9403,8.47
Al6061,8002.4742,1901.5234,0.118789094597551,0.0,0.0,10.0,2,1,302.2163,11.9975,21.131,7.74
Ti6Al4V,1977.5003,432.7757,0.0437107767862628,9.80554162841211,1.6498094632687392,10.0,5,2,27.0212,237.8955,19.7875,9.21
Ti6Al4V,861.0384,425.8462,0.0996120205578887,20.620576382977244,13.591031703891025,25.0,5,1,9.5386,565.432,16.0394,12.52
Ti6Al4V,1806.4135,335.9965,0.0465620510301393,10.758549250237865,6.043321768101025,12.0,4,2,28.6366,587.645,29.5173,9.64
SS316L,3409.5446,1139.1293,0.0816794204685588,0.0,0.0,10.0,4,1,44.9299,263.4499,18.9183,5.17
Al6061,7980.7672,2111.5934,0.0884026527544038,0.0,0.0,16.0,3,1,12.4729,488.9785,22.9388,7.26
C45,6878.0237,3371.5074,0.0982149944702961,12.73364101870237,4.318598988675803,10.0,5,1,7.9758,530.5662,17.4534,18.64
Ti6Al4V,1445.5483,341.6088,0.047495014742618,3.7750248153422494,3.0872079740711103,12.0,5,1,95.0839,44.9177,20.6054,5.44
Ti6Al4V,1793.4168,367.2893,0.0405936306273285,8.50221889939162,6.408356355356023,10.0,5,2,78.9643,533.5454,28.9281,8.94
SS316L,4215.3095,2000.9668,0.0801792944332993,6.092918773528165,2.097000649443104,8.0,6,1,13.4461,98.7628,24.8378,8.31
Ti6Al4V,0.0,0.0,0.0,0.0,0.0,8.0,6,0,6.4284,48.1156,30.0636,2.89
SS316L,0.0,0.0,0.0,0.0,0.0,10.0,6,0,22.0917,20.6913,22.8617,2.78
Ti6Al4V,1153.7211,809.8997,0.1160849796071667,0.0,0.0,20.0,6,2,13.3108,19.9705,21.9098,7.44
C45,4617.7549,3332.7076,0.1211501736066245,6.164626824788187,5.04895124661169,10.0,6,1,71.2206,362.0555,18.0906,12.36
C45,6894.1132,1255.4311,0.059148199180504,7.27496078444183,4.925883214868957,10.0,3,1,22.6098,531.3259,24.5819,12.78
Al6061,8037.7076,3081.1248,0.1269228093675605,8.187243942874503,1.4454242178039172,12.0,3,0,107.5229,43.6253,18.6214,7.1
C45,7510.7575,2944.7709,0.1298933625204295,0.0,0.0,10.0,3,1,1.745,226.7537,24.8499,6.77
SS316L,3235.3336,1129.4659,0.0575351259550556,5.187457417817055,7.326427597397477,12.0,6,1,27.5203,326.9828,23.9376,9.36
C45,6801.3617,1120.2644,0.0411741822311571,6.467544971327891,3.2394202220159705,8.0,4,1,70.1757,374.3757,29.1217,12.29
C45,2315.8432,24293.9796,0.0,0.0,0.0,20.0,5,1,28.9758,565.7966,25.2455,5.78
C45,3613.9864,2869.1877,0.1568571444541237,7.102976798018881,7.151943906363553,16.0,5,2,43.0368,202.5184,16.7204,19.84
Al6061,8004.1206,661.8528,0.027642737097095,8.719721311708316,5.176888536408312,8.0,3,0,740.9485,194.1249,25.5183,7.03
Ti6Al4V,2553.2876,980.4858,0.0972220848492087,2.1268989235374423,4.189449028096394,10.0,4,2,11.867,372.7307,22.8478,8.94
Ti6Al4V,1455.9677,106.0492,0.0238037175822981,7.137679890603933,3.318329281276582,10.0,3,2,208.486,206.418,26.5641,8.06
C45,5577.9322,24052.4016,0.0,0.0,0.0,12.0,5,2,12.6104,521.4268,29.6703,9.45
Ti6Al4V,816.0077,796.8107,0.1642609457732233,23.04967575162544,3.6065189945874314,25.0,6,1,40.6444,410.4156,25.9466,9.92
C45,3996.6919,1059.1831,0.0881914171331655,4.298942213055353,3.4033175910701754,12.0,3,1,34.4918,449.209,15.1655,6.79
Al6061,5460.4481,1760.723,0.108529204233009,7.79772236299181,5.427464134700084,12.0,3,0,483.8508,59.9066,26.9857,7.2
Ti6Al4V,1297.6731,826.2898,0.1056514494475303,4.537403264720665,2.498557490893308,20.0,6,2,10.5322,31.8019,24.4438,8.4
C45,4026.3103,997.1832,0.0835271240310219,0.0,0.0,16.0,3,1,39.2654,3.1175,19.8302,5.69
SS316L,3621.0682,23941.5657,0.0,0.0,0.0,8.0,4,2,52.2255,536.0217,28.0438,8.97
Al6061,8016.9365,1646.4675,0.0689989098621327,8.859153891522446,1.8839687908302003,12.0,3,0,39.1017,44.0238,24.8097,6.94
Ti6Al4V,1941.8112,23875.9174,0.0,0.0,0.0,10.0,4,2,16.7488,269.3513,17.2741,8.57
Al6061,4960.7333,1274.5637,0.1274101831753389,4.103910539473697,7.211078513362946,16.0,2,1,137.8275,525.4819,31.5543,7.29
C45,3030.9821,751.4042,0.0830263607287608,24.63395688495474,8.683803094530369,20.0,3,1,4.4706,25.7722,23.8888,14.91
Ti6Al4V,1895.9804,1290.9151,0.1152695703335648,0.0,0.0,12.0,6,1,19.1346,380.4318,26.0213,4.79
Al6061,7996.8853,1570.4328,0.0975612302858105,10.359359714865793,4.75059013099378,8.0,2,1,33.1308,308.8883,31.6569,9.1
C45,5405.9438,24118.6811,0.0,0.0,0.0,12.0,5,1,57.2643,410.6854,28.0254,6.91
C45,1893.3136,1575.8466,0.2053765206745689,25.07995658689283,5.55543445776626,25.0,4,1,121.2075,334.5103,18.3008,22.0
C45,7977.3367,2390.5486,0.0734161601857607,6.276953930651478,1.135759943569286,6.0,4,1,64.6861,455.8186,29.548,10.9
C45,3771.1951,4671.4827,0.2063458786931015,6.724052389860884,4.068934475884963,20.0,6,1,3.2972,48.966,19.9823,13.67
Ti6Al4V,0.0,0.0,0.0,0.0,0.0,10.0,3,0,16.856,109.7992,22.1053,2.74
Al6061,8068.3441,1360.2958,0.0852768537418952,12.661259685779102,3.8440297286695024,10.0,2,1,107.7394,326.0563,20.6242,8.81
SS316L,2557.3891,23996.7651,0.0,0.0,0.0,10.0,6,2,109.7228,403.4999,19.5867,8.42
Al6061,8003.5742,2696.8722,0.1679069461977755,8.113786657146782,5.85997170567203,16.0,2,1,35.5313,154.8966,23.1394,11.44
C45,5917.1184,2940.4681,0.1002950951968679,3.4589353967803422,6.9619402474512615,12.0,5,1,7.9822,63.0734,25.4423,11.2
C45,5465.9385,3344.3842,0.121246541810838,4.073805727583608,2.273980226727017,10.0,5,1,17.8649,380.7047,26.2449,8.85
Al6061,8002.1313,24466.258,0.0,0.0,0.0,8.0,2,0,667.8329,365.7635,23.4884,6.32
Ti6Al4V,2578.9756,1131.0389,0.072676164201605,0.0,0.0,8.0,6,2,7.8798,27.4246,25.9809,8.07
Al6061,7998.1796,1351.1587,0.0559898693336797,4.783543430077568,2.559727863269028,12.0,3,1,141.3354,392.5068,25.5304,7.97
C45,7997.8733,2999.8742,0.0944470421358581,0.0,0.0,8.0,4,1,28.034,30.0269,19.8262,7.52
Al6061,8034.0323,2018.3388,0.1267970940700605,15.983065530147773,1.5009400477473265,12.0,2,1,117.6128,89.5524,27.2468,9.4
SS316L,3676.6134,1332.5801,0.0907036140765829,12.19350934431653,4.486573517331145,10.0,4,1,39.2361,501.731,22.8605,11.38
Al6061,8004.1384,4519.3332,0.1877553179938896,11.153592017063415,5.530480812791731,16.0,3,1,15.1325,336.2842,24.5295,14.31
Al6061,8020.889,1456.2179,0.0911976909791908,15.222283276104656,2.45119634838632,12.0,2,0,41.0864,335.2694,21.8175,7.21
Al6061,8007.8417,1058.3936,0.0434819017520054,12.399774739927324,6.238003415565364,10.0,3,1,156.0033,107.4028,21.4523,9.92
Ti6Al4V,0.0,0.0,0.0,0.0,0.0,12.0,5,0,2.7142,18.2426,18.4011,2.52
C45,5432.5588,24086.2428,0.0,0.0,0.0,12.0,4,1,5.78,289.7042,17.3194,6.79
Al6061,8001.669,371.0477,0.0231555433533063,0.0,0.0,6.0,2,1,4259.2541,26.9321,23.4224,7.35
C45,2556.1293,4155.7684,0.2688606675516278,15.225814682832851,3.744737979132412,25.0,6,1,9.6516,567.058,21.7362,17.99
C45,6216.0616,3749.3769,0.1218795616681563,10.058601691417,2.220810292671312,10.0,5,1,29.5869,42.0185,25.2828,15.74
Al6061,7990.9663,729.1749,0.0301943839120354,2.6209141571185333,3.7550748358723336,6.0,3,1,69.2599,53.9129,19.3242,7.44
C45,4985.4547,1461.8424,0.0729253663887623,15.314684475635271,8.14546796446445,16.0,4,1,7.6108,27.1231,21.06,21.0
Al6061,8012.381,1176.2573,0.0489074993775338,16.764342481216758,5.80347743511486,12.0,3,0,26.7992,584.3665,21.6836,8.57
C45,8008.3087,1104.8218,0.0274800953182206,4.340989147391327,3.6153997647567673,6.0,5,1,142.2409,576.7141,22.5982,9.85
SS316L,2523.1111,320.5987,0.0315507491215874,5.910319776841888,7.796560911998807,12.0,4,2,118.6745,504.6176,23.4994,9.84
C45,5598.2604,1674.52,0.0765941792468656,8.697688214801492,6.225352869525211,12.0,4,1,11.1835,13.5688,20.9912,13.18
C45,7983.8746,1474.2122,0.0373380762533502,2.019112046880882,3.364930407451963,6.0,5,1,122.6633,112.8979,26.8337,8.37
Ti6Al4V,1852.1761,24147.3659,0.0,0.0,0.0,12.0,3,2,20.9779,527.8454,23.2774,8.14
C45,3463.5081,1691.5915,0.1225549049109984,14.51673867940805,7.975188692508832,20.0,4,1,19.5629,45.4203,19.8064,21.11
SS316L,0.0,0.0,0.0,0.0,0.0,10.0,4,0,8.7221,92.3544,15.2284,2.52
Al6061,8003.0073,2114.0235,0.0879394727706083,12.278018012383903,5.232916928706505,10.0,3,1,213.8222,27.5028,25.2509,11.64
C45,7369.7923,3943.4555,0.1047526154308325,3.819309500236252,5.8601986363895175,10.0,5,1,10.6497,107.5841,23.3523,12.97
Ti6Al4V,2430.1819,807.398,0.0551238134549509,5.166515283241255,5.059340935870094,8.0,6,2,54.7493,586.1577,25.1728,9.91
Al6061,7994.3038,3249.5232,0.2050895023348529,9.708383224702882,7.133502240441991,16.0,2,0,8.93,561.4867,21.5016,10.7
Ti6Al4V,1509.7309,23931.677,0.0,0.0,0.0,12.0,5,2,59.3551,58.9541,21.2823,8.44
SS316L,3138.7799,1603.7546,0.1303285734024449,6.78601524912702,3.1075084974248544,12.0,4,2,30.903,486.5632,18.5884,12.74
SS316L,3310.6552,651.008,0.0673135440166627,5.244499422797962,4.792467975434125,12.0,3,2,3.5466,190.6311,25.8018,9.98
SS316L,4187.6261,1403.5628,0.0563286799510395,7.578317014634817,3.2902624409017283,8.0,6,2,49.3087,376.9265,33.2935,12.34
SS316L,3185.9683,1934.5115,0.1001655276221097,13.056812414790125,4.681209116825702,12.0,6,2,33.8039,500.7399,19.567,22.96
C45,0.0,0.0,0.0,0.0,0.0,12.0,4,0,6.9218,430.0874,23.2782,2.71
SS316L,6173.2291,2707.5114,0.0869574322210039,3.741472451852185,4.093643052598951,8.0,5,1,13.1616,556.9552,25.2335,10.94
Ti6Al4V,2489.6097,568.4726,0.0751172673386823,2.2449309851335904,0.7535564961662911,8.0,3,1,22.3471,180.8046,30.9877,5.52
Al6061,5250.4942,1976.9562,0.1262597315542609,9.519717260306049,7.635672615756404,20.0,3,1,57.7001,76.9109,32.8932,11.09
C45,4719.8829,1518.9819,0.0650737353519284,12.980487919543757,5.18373442969491,12.0,5,1,51.366,31.8987,24.69,15.0
C45,4385.3031,1106.9177,0.0504064858807046,0.0,0.0,16.0,5,2,20.9336,416.5917,22.676,8.29
Al6061,7991.9841,24265.3897,0.0,0.0,0.0,12.0,3,1,93.197,58.4698,27.0485,8.04
Ti6Al4V,1873.2669,484.8283,0.0519276025524445,4.6155725401866565,1.6295363562754006,12.0,5,2,10.6462,48.5013,27.8595,8.23
Al6061,5693.1856,1707.4704,0.1500898247875768,32.41968217825723,6.643973239089475,25.0,2,1,29.3769,329.6077,29.6109,18.32
SS316L,2361.0513,912.246,0.095986676094773,3.622595892559669,9.102536234919487,16.0,4,1,21.5099,510.5265,30.6155,8.24
Al6061,6731.7354,2312.1944,0.1760744960154429,18.47505964456561,8.900102013268844,16.0,2,1,62.8835,315.5271,23.8236,16.36
Al6061,7221.3055,23924.127,0.0,0.0,0.0,16.0,3,1,69.1052,138.3139,26.3165,7.64
SS316L,4987.2527,1521.261,0.0596657808612666,0.0,0.0,6.0,5,2,65.4209,64.2089,24.4485,8.61
C45,4727.0256,3491.4259,0.1235802998610056,14.012264177786882,4.400166289180632,10.0,6,1,79.6435,341.9926,20.2562,23.98
C45,2892.2013,1904.6916,0.111204699433945,13.316177148883956,8.377869254607683,20.0,6,1,42.8176,571.8201,22.0589,24.05
Al6061,0.0,0.0,0.0,0.0,0.0,16.0,2,0,34.0313,153.3966,23.1394,2.66
SS316L,3623.7458,770.228,0.053670134437583,8.441496359224745,1.005862824760799,8.0,4,2,53.3922,537.0217,28.0438,9.4
SS316L,2241.3922,23850.7834,0.0,0.0,0.0,16.0,4,1,4.0426,34.0502,19.841,5.7
SS316L,5751.3229,1296.5867,0.0563246428794643,2.416594799814184,4.289752521601527,8.0,4,1,5.5087,404.0151,32.3359,8.01
C45,0.0,0.0,0.0,0.0,0.0,6.0,4,0,29.7841,326.3773,24.9077,2.78
Al6061,8040.0865,1203.5578,0.0503721381026413,7.928038845934675,1.525464570273749,6.0,3,0,1081.2392,377.5082,25.138,6.67
C45,7997.4696,1481.0673,0.037158258323273,10.298681647517768,4.603652935261886,8.0,5,1,14.5494,4.6262,25.5879,14.29
SS316L,3088.303,1330.5247,0.0719566024825549,13.550382377449845,8.578586636226069,16.0,6,1,4.2306,15.6667,25.444,17.14
SS316L,4572.5852,900.4332,0.0490790794755167,3.0448298432433485,4.365324278514538,8.0,4,2,30.6826,39.9587,19.664,9.98
SS316L,3122.9832,520.6295,0.0554602341689519,0.0,0.0,8.0,3,2,78.9318,441.6452,31.0816,8.25
C45,7996.0847,1971.7737,0.0408852519340591,6.0050588484803535,1.782935652503833,6.0,6,1,55.0723,49.9637,19.2241,9.2
Ti6Al4V,1722.5276,520.5445,0.0606238191324867,6.8904553802920585,2.377256985017038,12.0,5,2,45.3053,431.6646,21.6064,8.54
Ti6Al4V,1015.6016,337.4786,0.1109938588969112,15.762998357966552,10.3772852547064,16.0,3,2,108.7446,445.5346,22.3291,10.66
Al6061,6656.0451,3241.7292,0.163276868174555,20.64650001709424,9.443831079237697,16.0,3,1,15.2326,64.1522,24.9192,21.57
Al6061,7979.6374,883.2926,0.0373204452434059,7.702327634485485,1.844365724929903,6.0,3,0,1187.9091,401.1421,27.2835,6.49
SS316L,2030.1878,814.1358,0.0981549743637112,19.495810278960064,11.14623496432568,20.0,4,1,33.5658,295.6112,26.2148,24.77
Al6061,0.0,0.0,0.0,0.0,0.0,20.0,3,0,16.4505,100.9413,25.5776,2.83
C45,5163.2507,2347.2492,0.07408720116266,4.040701468757646,4.5701589294729095,10.0,6,1,55.8447,40.0126,23.2797,9.82
Ti6Al4V,1319.1777,394.4615,0.0986885185120881,9.001287501935874,6.453991845453632,16.0,3,2,43.7127,28.9558,14.0,8.98
C45,7026.7843,1897.6469,0.0547087459473259,0.0,0.0,8.0,5,1,17.219,33.816,31.0067,7.07
C45,5102.6523,2262.8457,0.1124417989931589,4.215516430961118,2.4443167018367458,10.0,4,1,12.2047,334.3857,20.2699,7.97
SS316L,1488.3049,23911.2923,0.0,0.0,0.0,25.0,4,2,7.7901,15.9488,26.1222,8.63
C45,3372.49,2428.1439,0.1179864004679807,11.357161753701629,4.817905917053196,16.0,6,1,27.2483,111.8291,14.808,14.87
C45,3569.5959,1569.5845,0.0883026983544175,13.696610770260085,7.108266118194491,20.0,5,1,8.8692,171.4894,28.0423,17.01
Al6061,7851.7313,1513.9119,0.0651073185741416,11.775233541108411,2.040142739729444,12.0,3,0,54.3297,366.4412,28.5072,7.21
C45,5540.1422,1837.5026,0.0835600025831454,11.396468952317448,3.9473579696564345,10.0,4,1,44.0833,16.39,20.5918,13.67
SS316L,3311.7221,678.3855,0.0673135440166627,5.244499422797962,4.792467975434125,12.0,3,2,3.7132,190.7978,25.8018,9.8
Ti6Al4V,947.3555,175.726,0.0618297680688686,10.531496816537116,5.463492042176995,20.0,3,1,1.1242,592.8315,23.0671,5.35
Ti6Al4V,1421.6698,511.6998,0.0912409031964353,12.689010758137131,6.095362329813257,16.0,4,1,17.4646,296.7224,24.4942,7.33
C45,5444.2518,2834.6545,0.0861351633853709,11.23566053479802,0.9379999042471284,10.0,6,1,42.4084,554.0224,29.9282,9.47
C45,4155.7081,1346.5279,0.0538511309726072,0.0,0.0,16.0,6,1,40.2356,533.3587,23.3487,5.6
Al6061,8007.6438,4492.8814,0.1877553179938896,11.153592017063415,5.530480812791731,16.0,3,1,16.2992,337.4509,24.5295,13.88
C45,5360.713,1261.4465,0.038758437089568,9.52720082216821,3.662469084015884,12.0,6,1,13.5137,33.1682,24.5438,10.72
Al6061,7980.3436,1542.5133,0.064487741742468,3.5028661711862163,2.295252935964146,10.0,3,0,180.8,516.5913,22.8995,6.23
Al6061,7993.544,1864.1325,0.1185862569609105,5.705496357481992,4.503153754536787,10.0,2,1,190.3785,372.0732,27.6164,8.83
Ti6Al4V,1304.291,207.9928,0.0401044551409995,6.620187255947215,4.55467746972399,12.0,4,2,178.1849,93.9361,36.0,8.21
SS316L,3067.6483,969.7264,0.063122319960216,9.811092074425702,3.5436899275415445,10.0,5,2,31.3845,32.066,25.6966,11.21
SS316L,1718.1802,404.1942,0.0576954976610719,11.99346646320481,1.6862675544144212,20.0,4,1,22.3905,114.725,26.4186,5.91
Al6061,7955.7353,2150.115,0.0885799779885967,9.381457803655938,1.8353092680384056,8.0,3,1,199.8469,523.4936,20.6446,8.39
SS316L,2761.021,483.083,0.0589558928182763,6.755966447387843,5.404137201367198,12.0,3,1,34.0683,49.3001,29.276,7.21
Al6061,7992.0237,1895.6944,0.0781634646231816,4.74021355225234,4.135333269900743,8.0,3,0,734.5641,97.4593,26.4724,7.08
Ti6Al4V,1437.8159,455.6766,0.0792771873014654,0.0,0.0,12.0,4,2,4.5524,418.8452,20.806,7.38
C45,2676.067,1556.6391,0.0969890217083493,0.0,0.0,20.0,6,1,85.9246,162.6073,22.1025,5.04
SS316L,3313.2183,1296.0995,0.0987586564689701,11.821937919079785,6.408714231081289,10.0,4,1,59.1397,383.0501,21.713,20.64
SS316L,3484.8816,598.4906,0.0288686958147853,8.846088292104639,3.660531167909789,10.0,6,2,47.2664,78.4896,24.6904,10.74
SS316L,4796.6947,1585.902,0.0545756022030004,6.004656033390533,3.51472638462627,6.0,6,1,83.0133,290.2257,31.1443,9.08
C45,2908.2042,1993.87,0.2306438358955838,12.895452452663951,9.807653334645716,20.0,3,2,12.6738,147.7753,27.7189,22.64
Ti6Al4V,0.0,0.0,0.0,0.0,0.0,10.0,4,0,24.3277,178.5434,24.7184,2.76
Ti6Al4V,1839.8253,226.3477,0.0407821124119159,5.289026112392572,6.63320065727076,12.0,3,2,51.8519,353.8011,22.8709,8.77
SS316L,2245.1742,24019.1843,0.0,0.0,0.0,12.0,5,1,135.5228,374.7168,28.7651,5.87
Ti6Al4V,1661.1516,694.7229,0.0840787015680995,10.337219099745782,3.760962741836418,16.0,5,2,5.2325,233.0654,19.8532,9.07
SS316L,2363.5867,1611.429,0.1687428964545302,0.0,0.0,16.0,4,1,14.9921,576.8548,24.2343,4.86
Al6061,7963.7612,24165.4814,0.0,0.0,0.0,16.0,3,1,59.7751,38.6463,21.62,7.96
SS316L,2475.3055,807.7661,0.0813930127652324,0.0,0.0,12.0,4,1,34.5121,459.3905,22.9654,5.06
Al6061,0.0,0.0,0.0,0.0,0.0,8.0,3,0,499.0376,66.798,22.712,2.73
SS316L,2902.7548,1499.8688,0.1304178970914272,5.631734126818353,4.481279814198823,12.0,4,1,3.4881,433.1664,22.0118,8.04
Al6061,8040.9929,1486.5396,0.0921665695222042,14.989893129931923,3.4886037020406024,10.0,2,1,148.16,415.2975,22.704,9.73
Ti6Al4V,1489.6935,280.6035,0.0472505830175952,0.0,0.0,16.0,4,2,17.2365,576.5553,20.7015,7.44
C45,4249.2306,23709.2454,0.0,0.0,0.0,16.0,5,1,4.6037,284.9784,21.2045,6.29
C45,6964.0846,1314.8391,0.0627417471294092,11.413366441604657,1.179462221259098,8.0,3,1,51.7504,5.0818,28.0862,11.7
SS316L,2746.761,831.7765,0.0997490193159167,0.0,0.0,12.0,3,1,17.9039,439.0533,25.0478,4.98
Ti6Al4V,4280.9803,463.6217,0.0268466246543227,4.788969988535785,0.5302688642156768,6.0,4,2,7.0731,540.0559,23.3444,8.83
C45,5680.5092,3348.8498,0.1167996717241003,6.789986142580959,4.839661210484331,10.0,5,2,8.3958,441.3776,30.8275,16.08
Ti6Al4V,2125.4032,23785.037,0.0,0.0,0.0,10.0,6,2,40.0092,348.053,26.2462,8.46
Al6061,6131.2486,1374.9178,0.1105496718492242,14.64399564640422,5.999731532547747,25.0,2,0,17.541,12.0933,18.2047,8.95
SS316L,0.0,0.0,0.0,0.0,0.0,12.0,6,0,30.9469,577.4112,29.5537,2.85
Al6061,7986.6212,2914.8292,0.1214737893503436,12.573772024524043,3.2148523248026946,16.0,3,1,6.382,476.5267,23.5144,11.95
C45,0.0,0.0,0.0,0.0,0.0,25.0,6,0,65.7982,85.7869,24.1625,2.77
Al6061,7960.4389,834.4827,0.0341329715175074,2.6805790163551864,1.7082899068214747,6.0,3,0,869.9849,447.2941,22.9685,5.89
Al6061,7995.9851,2381.4364,0.0991093645895476,10.41397766854526,3.902368849379677,12.0,3,1,39.1488,125.0406,22.4374,9.6
SS316L,2833.2075,23637.6185,0.0,0.0,0.0,12.0,5,2,79.8684,250.7944,35.6006,10.88
Ti6Al4V,1429.2374,136.4306,0.0319874229671211,0.0,0.0,12.0,3,2,79.433,265.9725,23.8268,7.4
C45,4663.3605,23223.5341,0.0,0.0,0.0,16.0,3,1,8.1045,490.599,32.3188,6.76
SS316L,1885.2357,1006.6361,0.0875270144147118,7.437477768267576,3.989690848588605,16.0,6,1,110.0653,3.7706,21.3496,8.57
SS316L,3053.8162,1129.4807,0.0733413198161093,0.0,0.0,10.0,5,2,100.0945,116.6412,26.5524,8.05
SS316L,7000.662,584.1871,0.0275754325720663,0.0,0.0,6.0,3,2,2.6862,21.7482,14.0,9.62
Ti6Al4V,2534.2704,399.4945,0.0256655351851968,0.0,0.0,6.0,6,1,99.6468,40.9087,23.8085,4.98
Al6061,8042.4469,2981.4507,0.1255660941244906,0.0,0.0,10.0,3,0,143.8541,18.9078,22.9973,5.99
Al6061,8007.2252,24121.1696,0.0,0.0,0.0,10.0,3,1,221.2814,297.9144,14.6902,7.66
SS316L,2610.0643,920.5105,0.0579996153226302,11.578104594418043,1.883413190069372,16.0,6,2,8.2694,115.8456,22.6105,10.33
C45,5528.6069,2626.1093,0.0941869522375269,12.38856557023117,4.357565709957643,12.0,5,1,13.6029,121.4513,18.3474,15.89
Al6061,4860.2868,1728.5404,0.1182430501125047,12.74824482488042,8.338308896888108,20.0,3,0,51.1642,154.7017,19.7771,9.26
Ti6Al4V,836.8407,653.7181,0.1593047036637544,0.0,0.0,20.0,5,2,47.8743,500.9883,14.0,7.28
Ti6Al4V,652.2994,230.8953,0.0593726274433584,3.8026889441479375,10.005835669141405,20.0,6,1,344.0459,571.2206,20.7033,5.6
C45,6090.6861,2635.1744,0.1079113405435726,14.597439811050478,2.468342512158512,10.0,4,1,11.1073,107.0663,27.7992,13.36
SS316L,3511.9539,1114.4175,0.0527085683978489,3.699850867199243,3.015667999929162,12.0,6,1,27.2878,38.8356,30.6948,7.15
C45,0.0,0.0,0.0,0.0,0.0,20.0,5,0,33.8231,177.0055,26.4491,2.78
Al6061,7930.4849,1430.8161,0.0890972522316796,3.5000516234447003,2.241890398905402,12.0,2,1,78.9739,453.1954,28.7138,7.7
C45,4368.9699,1970.7656,0.1140862906894268,5.0102367587981504,9.963206273523085,16.0,4,1,22.4722,408.2174,27.072,15.11
Ti6Al4V,1612.708,404.4491,0.0623870210760734,0.0,0.0,10.0,4,2,20.3525,143.7779,22.3892,7.67
C45,4580.058,2853.8519,0.1539202943001141,17.46601575000673,2.600971575917974,12.0,4,1,46.1001,54.8183,25.3331,16.4
C45,4022.4489,2474.7346,0.1530715721446969,9.523490559243434,5.572713397797383,16.0,4,1,10.7493,302.5132,24.3945,13.56
Al6061,8009.8229,1143.1299,0.0482032487915869,5.849990996917258,1.8245588627199785,6.0,3,1,2196.7035,19.9642,26.1536,8.36
C45,0.0,0.0,0.0,0.0,0.0,6.0,3,0,74.3607,26.6488,23.3861,2.74
Al6061,8039.1041,1600.763,0.1015657305197395,10.548940988307129,4.339420382032859,8.0,2,1,601.4849,292.6332,23.8775,10.11
C45,8017.4357,1219.5278,0.0383367896486315,0.0,0.0,6.0,4,1,96.8279,56.6664,15.3885,7.05
C45,4504.4537,24210.2275,0.0,0.0,0.0,12.0,5,1,46.6306,40.5665,26.1993,6.57
Ti6Al4V,1072.5082,343.6946,0.0788535363855271,8.290624999943752,10.20073473387447,20.0,4,2,15.2874,21.7897,26.5561,9.25
Ti6Al4V,1234.4787,23772.1266,0.0,0.0,0.0,20.0,4,2,8.2089,60.5481,23.4468,8.32
SS316L,3314.329,1290.9078,0.1307704377643337,15.155316506313602,3.087494018107675,12.0,3,1,5.3368,182.793,22.7362,9.89
C45,5649.6647,2988.5029,0.1067177954178042,0.0,0.0,12.0,5,2,23.4227,290.2994,28.1522,8.83
Al6061,7956.8724,24349.5979,0.0,0.0,0.0,12.0,2,1,61.6488,59.6681,24.3523,8.22
C45,4161.997,2504.8745,0.1491505251427652,0.0,0.0,16.0,4,1,15.8108,111.4909,24.3997,5.49
C45,4695.3299,2994.9546,0.1050742814328557,6.856343983130856,2.958184638003285,10.0,6,1,62.8061,145.072,25.8756,10.39
SS316L,0.0,0.0,0.0,0.0,0.0,20.0,6,0,43.5919,56.2348,19.2724,2.67
Al6061,7978.6148,3177.8154,0.1330012953521009,0.0,0.0,12.0,3,1,46.3814,22.4252,20.8817,7.47
Ti6Al4V,1941.5513,744.7023,0.0754031069004175,0.0,0.0,8.0,5,2,82.0088,230.8068,23.8412,7.65
C45,3048.1118,1674.3549,0.1361198642042368,0.0,0.0,16.0,4,1,68.265,265.3793,24.217,5.36
SS316L,2051.9554,821.3869,0.1004312260918749,16.947759493370636,3.847317292186635,20.0,4,1,31.1952,277.634,22.5051,11.15
C45,3036.7544,2863.2437,0.2325184884341827,13.56009738501985,2.946206226362542,20.0,4,1,31.1823,507.9466,23.6105,18.76
C45,5422.4519,23604.4509,0.0,0.0,0.0,10.0,4,1,29.2503,216.793,18.439,6.86
Al6061,7995.9024,23952.2265,0.0,0.0,0.0,12.0,3,1,51.6258,335.6579,23.5421,8.02
SS316L,3514.7104,600.8321,0.0427420692140705,7.873174439539232,3.0491445458241544,10.0,4,1,52.9008,169.9022,23.2735,7.46
Ti6Al4V,2094.7108,445.7789,0.0718747351529872,0.0,0.0,12.0,3,2,15.7116,379.991,24.6039,7.77
Al6061,7315.5295,3050.4672,0.1366117761075561,17.70036708069914,9.564839359009154,20.0,3,1,31.7102,569.038,24.7769,24.36
SS316L,4917.4049,644.2031,0.0257878941678591,7.508026761489583,2.4455267678041994,8.0,5,2,18.5313,17.1673,23.5857,10.54
Al6061,8016.5522,2123.8641,0.1313244385027836,3.404392715671519,2.706087991038908,12.0,2,1,76.3779,38.2958,28.196,8.22
Al6061,7986.1543,1712.6948,0.0719565197691764,3.829178481447242,1.3067691351000097,6.0,3,1,2051.4754,9.2142,20.6244,7.82
Ti6Al4V,1541.4735,23821.5476,0.0,0.0,0.0,10.0,6,2,85.3786,236.3174,21.5162,8.33
SS316L,5756.3729,519.5433,0.0225949415452477,6.692696101501906,3.71834850126576,8.0,4,1,2.9896,518.9443,17.5704,7.36
SS316L,3926.6454,1712.5928,0.0868147804976541,4.594026428921474,5.997968575823959,10.0,5,1,8.6582,462.865,27.4422,8.99
SS316L,3926.884,24055.3186,0.0,0.0,0.0,10.0,3,1,27.4197,82.7737,20.5168,6.35
Ti6Al4V,2547.1941,324.3193,0.021396336483975,1.409886709960063,1.8244208667286888,8.0,6,2,7.7618,49.2823,30.0636,8.37
SS316L,2559.0262,1853.8563,0.1245687078272603,4.379353325578657,4.517672806379673,12.0,6,1,48.9095,456.9285,26.0722,9.46
SS316L,1841.9382,24188.4262,0.0,0.0,0.0,20.0,5,1,27.0503,504.8506,22.1248,5.75
SS316L,1847.895,1826.7721,0.1980723977230868,0.0,0.0,20.0,5,1,27.0503,505.0173,22.1248,4.87
C45,7754.8098,3307.702,0.0851304775777362,8.379356161889506,1.430929241600274,8.0,5,2,4.9795,424.3175,21.9943,12.45
Al6061,7950.1847,2107.2226,0.0885799779885967,9.381457803655938,1.8353092680384056,8.0,3,1,200.0136,523.6603,20.6446,8.63
C45,6871.0337,2524.4506,0.0918657467384549,13.979154602490826,4.861932687273836,10.0,4,1,7.7793,422.2733,14.0,22.61
SS316L,1618.0212,947.6974,0.117689017221861,12.376967086177318,12.413903723082608,20.0,5,1,59.2178,304.3067,29.6556,18.55
C45,6229.0566,24080.9664,0.0,0.0,0.0,12.0,5,1,3.7921,374.545,24.8081,7.07
C45,3451.3169,24247.8299,0.0,0.0,0.0,16.0,4,2,32.0473,262.5808,22.6651,10.31
Ti6Al4V,3991.5537,925.8864,0.0384560389484807,1.171307454546386,0.921812266625985,6.0,6,1,20.1014,571.8075,22.5888,5.88
Al6061,7039.3643,1627.5015,0.1139955233330083,8.483904557451257,2.7077972175453557,12.0,2,0,210.4669,19.1341,23.7317,7.05
SS316L,3043.3291,23750.3031,0.0,0.0,0.0,10.0,5,2,100.0945,116.3079,26.5524,8.98
Al6061,8030.0391,3703.8982,0.1554880854523276,11.56215729040951,2.766308529735852,16.0,3,1,28.6129,218.0485,30.3174,11.09
Al6061,7968.1419,1576.3056,0.0652427225165601,11.860384433898894,1.706264730136645,8.0,3,1,441.413,327.8777,28.4667,8.45
Ti6Al4V,1273.6658,1231.087,0.1938451981023374,14.694250116668984,2.594266936294582,20.0,5,1,12.1618,67.885,26.8775,8.34
Al6061,8007.0375,2879.974,0.1199514768032988,6.723014586798307,6.000869784076814,10.0,3,1,64.5608,480.9658,24.7613,10.19
Ti6Al4V,1538.3572,729.3268,0.0784787888295158,10.02435955325798,1.4496178534983497,10.0,6,2,86.5453,237.3174,21.5162,8.71
C45,4309.2533,1265.7988,0.0744601234864644,6.229704387771049,6.357066285467333,12.0,4,2,56.3542,189.3982,25.8218,12.49
SS316L,3430.2652,1169.798,0.1152460919502225,4.354523104939423,2.6049191522634145,12.0,3,2,14.3294,52.0248,21.8551,9.58
Al6061,8029.3162,24180.8438,0.0,0.0,0.0,8.0,3,0,447.7198,15.2866,27.2319,6.83
C45,2500.3998,967.3131,0.0949578259212321,0.0,0.0,16.0,4,1,261.3817,502.2432,25.8927,5.13
SS316L,6072.6659,2523.8711,0.0842482820122895,5.629417180032905,4.593365556257702,8.0,5,1,6.3353,158.4879,18.8249,12.46
SS316L,3496.9726,1955.5647,0.1117552356070088,3.065119848629313,1.6399366776443276,12.0,5,1,13.881,425.9795,25.8893,6.58
C45,4037.3856,2902.5999,0.1440113525045651,15.180305103963466,2.0863669079551075,16.0,5,1,13.3622,180.4142,22.561,12.38
SS316L,6488.8652,1629.3622,0.0626975945749664,2.88895339295868,3.4868465793277297,6.0,4,2,21.2239,40.3532,22.5725,11.0
Ti6Al4V,728.893,660.3418,0.1796008630833966,0.0,0.0,25.0,5,2,40.8295,446.1922,24.5159,7.57
Al6061,7041.1527,3572.4655,0.2542235730939484,16.16851740202396,10.450034374152308,20.0,2,0,26.0856,79.9984,19.0779,20.48
SS316L,4712.0249,811.5095,0.035067208846336,7.666109534009623,4.233619884615284,8.0,5,2,49.7864,92.0483,18.5059,12.28
Ti6Al4V,2093.5431,427.4889,0.0342624519795814,0.0,0.0,12.0,6,2,22.3008,356.3414,18.0034,7.75
Al6061,8014.2519,1747.1462,0.073733776364541,6.047699410452463,3.5400417162046383,10.0,3,1,116.8823,25.2102,25.808,8.75
SS316L,3592.3249,24096.8009,0.0,0.0,0.0,12.0,4,2,4.709,588.5794,31.5469,9.19
Ti6Al4V,3829.154,1312.4572,0.0564273703721387,1.146279474099743,1.204511949942324,6.0,6,2,23.7282,218.9473,27.5095,8.92
Ti6Al4V,2008.3496,24133.7542,0.0,0.0,0.0,12.0,4,1,10.469,456.0518,28.5531,7.48
C45,5756.1498,2794.2119,0.0816717550416942,14.20391935840096,4.503976243927555,12.0,6,1,26.4869,484.2067,25.7421,20.67
Al6061,8005.2153,2208.5644,0.0932510413297514,19.471634660381238,7.743416496265882,16.0,3,1,45.5868,357.0034,23.5438,17.16
SS316L,2301.2378,1986.3961,0.1442709311102644,9.27722992528708,10.09441842669977,20.0,6,1,16.1158,48.9387,25.6361,22.42
C45,3697.7292,2161.4398,0.1965585589366604,12.218032363362116,9.29814009845924,16.0,3,1,24.3613,312.1877,25.7954,22.87
Al6061,8015.5616,23751.4964,0.0,0.0,0.0,10.0,3,1,121.3037,246.7591,22.4725,7.67
Ti6Al4V,1092.6252,605.0693,0.093490652319608,13.423252237320842,2.8538721351884964,16.0,6,2,30.9292,6.4498,23.8072,9.65
SS316L,3481.5484,598.7178,0.0288686958147853,8.846088292104639,3.660531167909789,10.0,6,2,47.5997,78.8229,24.6904,10.64
Ti6Al4V,1242.6882,23884.905,0.0,0.0,0.0,20.0,5,1,6.6158,22.162,17.3051,5.66
C45,2955.4046,2772.2535,0.1872857165784304,9.07774998878833,8.608898422720246,16.0,5,1,77.8778,473.1153,27.947,61.23
C45,3573.0563,1844.9448,0.1028373319960169,12.948271881762397,6.36424848523068,12.0,5,1,104.1751,369.4426,27.1727,15.26
SS316L,2246.5469,1835.7688,0.1352909756154094,0.0,0.0,16.0,6,1,21.1518,411.7514,29.4391,5.0
SS316L,2149.7936,1730.9687,0.201581858058872,11.895801161264009,6.984286588105051,20.0,4,1,11.2456,26.9568,19.7976,15.15
Al6061,5743.5973,1493.8372,0.0868211463359814,21.90887225158912,11.503750923971568,20.0,3,0,86.6367,473.9526,18.7534,16.77
Al6061,8021.182,854.9928,0.0355659573925867,0.0,0.0,10.0,3,1,76.0826,422.2999,25.6821,7.12
Ti6Al4V,700.1488,196.7564,0.0695227454810237,12.168775103416648,2.006178588896581,25.0,4,2,5.6148,48.0825,23.564,7.84
Al6061,7995.304,23854.1325,0.0,0.0,0.0,10.0,2,1,385.6969,58.3999,21.4646,8.15
Ti6Al4V,917.4272,1289.4831,0.2323068410407259,15.145135235162725,9.402176715109247,25.0,6,2,8.5237,499.6021,25.7601,16.84
C45,8067.3898,903.7987,0.0380598811552361,2.572498820143177,1.93380701014138,6.0,3,2,10.792,56.2698,29.4574,10.58
SS316L,2805.6051,1614.3239,0.114075590267369,5.831086945145765,9.410506793968583,16.0,5,1,2.4221,39.9499,22.7389,11.34
C45,8044.7862,3321.6965,0.0836819139674259,11.871751556143195,1.8755408588450988,8.0,5,1,19.9521,82.9444,27.604,14.56
Al6061,7104.5642,1593.0456,0.0747872191372953,3.66338090607762,2.583684346081463,12.0,3,1,88.236,395.3125,14.2987,7.29
C45,0.0,0.0,0.0,0.0,0.0,12.0,6,0,12.1804,31.8349,24.5438,2.76
Al6061,0.0,0.0,0.0,0.0,0.0,6.0,3,0,476.4053,433.7388,27.045,2.82
SS316L,2445.6789,1899.5239,0.127352974403715,5.7940386327714535,1.338501354020026,12.0,6,1,16.5916,365.1824,22.3157,6.48
Al6061,8029.8135,2513.2996,0.1052309969606646,0.0,0.0,16.0,3,0,54.0583,392.4195,23.6362,5.59
Ti6Al4V,2043.7712,23639.6925,0.0,0.0,0.0,10.0,4,2,20.1915,7.8596,21.4976,8.44
SS316L,1971.6118,1828.1483,0.1531690105777173,0.0,0.0,16.0,6,1,25.853,374.5229,19.0148,4.79
Al6061,8006.4668,1071.256,0.0670646558507767,0.0,0.0,6.0,2,0,1227.6647,125.2026,24.6469,5.43
Al6061,6173.4531,975.2656,0.0796118807520149,16.04966194038607,3.421884469837729,12.0,2,1,129.7174,413.6369,29.1004,8.29
Al6061,6225.7922,3772.4778,0.2011159590689574,18.624399007376063,4.959924054615271,20.0,3,1,28.8951,326.5226,19.898,15.24
Al6061,7994.9635,753.4695,0.0470720279624927,0.0,0.0,12.0,2,1,26.7733,37.2463,29.5332,7.4
C45,0.0,0.0,0.0,0.0,0.0,12.0,5,0,2.692,47.0009,15.2789,2.59
C45,5087.6816,3052.8988,0.0992346465486261,17.6975389562557,1.482714724181149,12.0,6,1,32.4334,74.473,16.9402,13.63
C45,0.0,0.0,0.0,0.0,0.0,12.0,3,0,51.8731,476.064,15.9206,2.6
Al6061,7955.9262,1059.9334,0.0655441871438743,11.992154076980103,5.151962801676401,10.0,2,0,211.3543,202.1531,25.0863,7.59
Al6061,7958.0909,983.6787,0.0619081679262742,14.41747055174836,5.525054312665601,12.0,2,1,121.6487,45.8857,27.2674,10.0
C45,6141.4529,1409.5145,0.0462739287374913,16.929432821778214,2.743118821910922,12.0,5,1,27.442,512.9628,23.1669,14.01
Al6061,8016.7456,961.8344,0.0407117095386263,11.782342219279126,2.308504928898762,12.0,3,0,99.3671,157.7567,27.2408,7.05
Al6061,6427.2946,2131.307,0.1106993996888084,11.993636680973156,10.33814944550462,16.0,3,1,49.7093,525.9227,25.5125,14.8
C45,3855.368,1757.3105,0.0904300074818758,4.158070812770628,3.982819052187544,12.0,5,1,30.661,327.8999,22.0936,8.24
C45,3222.1302,3156.8313,0.2449471271868211,7.707877528142495,10.635635639575304,20.0,4,1,25.7295,522.6217,24.8486,26.76
Ti6Al4V,1635.3589,473.8623,0.0729916786920743,10.33238928742741,5.022018696014486,10.0,4,2,46.9405,8.5053,27.9009,9.49
Ti6Al4V,2737.1227,878.6486,0.0644525855714547,5.188181411066579,3.8204005138615313,8.0,5,2,17.9306,8.4377,29.0198,9.61
C45,0.0,0.0,0.0,0.0,0.0,16.0,5,0,160.014,63.1492,14.346,2.64
SS316L,2647.0552,730.0843,0.0547393051353107,4.741712399873162,10.164125757343758,16.0,5,1,5.1292,36.9784,20.852,8.51
Ti6Al4V,2338.2657,358.761,0.0378530015735847,3.5341327636084428,1.435375345893266,10.0,4,2,19.2125,311.2596,18.3681,7.88
SS316L,2554.1851,23643.7512,0.0,0.0,0.0,12.0,6,1,47.5761,455.7618,26.0722,5.93
Al6061,8003.8893,23900.6039,0.0,0.0,0.0,10.0,2,1,147.5658,114.337,14.0,7.44
C45,2282.3637,846.7007,0.0922104818844194,27.965540978391637,2.3071026898992657,20.0,4,1,10.4393,9.4656,27.7805,9.73
SS316L,2606.472,904.4024,0.0579996153226302,0.0,0.0,16.0,6,2,6.9361,114.8456,22.6105,7.71
Ti6Al4V,3009.4992,703.1269,0.0386511797093654,7.229748500663399,4.617623669151957,8.0,6,2,29.9833,587.6962,26.3783,10.17
Ti6Al4V,3968.0048,606.3858,0.0377957441656304,4.511589264858127,1.3875468105083268,6.0,4,1,19.6472,129.8702,23.8818,6.17
C45,2514.9294,2312.9003,0.1858395855945301,10.626595555629558,9.715862153997358,20.0,5,2,70.3961,43.9074,25.4979,24.2
C45,7739.0615,2210.1416,0.0718061326162628,4.351839485529755,3.1798029558118635,8.0,4,1,14.0993,526.1372,22.3346,10.14
C45,3085.7195,24659.6437,0.0,0.0,0.0,20.0,6,1,14.7546,8.6418,26.7029,6.47
Al6061,4317.1028,4118.9439,0.3221315483973675,26.778997845659784,5.514063320047408,25.0,3,0,59.7428,288.6311,25.1251,19.63
Ti6Al4V,3292.8601,221.7448,0.0226912009648718,3.9096061017148016,4.712246615891944,8.0,3,2,13.5281,93.3077,25.6509,8.61
SS316L,2337.0837,883.5361,0.095986676094773,3.622595892559669,9.102536234919487,16.0,4,1,20.5099,509.5265,30.6155,8.01
Al6061,8024.8129,2487.4753,0.103930595654445,16.655374610035153,2.68528161528384,12.0,3,1,94.8636,59.6364,27.0485,11.32
SS316L,2903.1915,24042.9319,0.0,0.0,0.0,10.0,6,2,83.0463,520.6545,25.9626,8.91
SS316L,3677.6428,1256.7807,0.0856267551738999,11.23201992893432,6.486982854934272,12.0,4,2,3.7771,232.3798,24.3483,15.36
Ti6Al4V,1894.2115,199.5431,0.0357802678630713,0.0,0.0,10.0,3,2,62.0066,182.5258,25.3696,7.71
C45,3361.5463,24079.125,0.0,0.0,0.0,16.0,4,1,25.8901,278.0224,25.0278,6.25
SS316L,2130.4443,958.4181,0.1142483814912918,0.0,0.0,12.0,4,2,22.5459,231.9904,24.0432,7.5
Al6061,7991.015,1847.2395,0.0767216168282456,11.080008024834274,6.387472472135762,12.0,3,1,112.1271,101.697,21.7311,11.04
Ti6Al4V,1004.8208,771.4994,0.1545452820808413,4.737857456598908,2.2575212844504184,16.0,5,2,24.7683,22.7883,28.8214,8.24
Ti6Al4V,1436.266,693.0276,0.0807114891903648,4.240725958163762,5.991178715097835,16.0,6,2,17.2703,532.3009,21.5899,9.15
C45,3819.0916,2328.5082,0.1008317781928556,12.590771719391554,6.466806817902313,20.0,6,1,4.2897,50.2943,26.4565,19.61
Al6061,7998.0557,23860.6526,0.0,0.0,0.0,6.0,3,1,501.823,538.2612,27.8735,7.94
SS316L,0.0,0.0,0.0,0.0,0.0,8.0,5,0,65.6428,263.8106,30.6129,2.93
C45,2362.844,967.31,0.1023525396217335,15.588780834866292,4.803603269471922,20.0,4,1,25.7657,17.8385,14.0,10.87
Ti6Al4V,2022.7059,24110.6496,0.0,0.0,0.0,12.0,5,2,27.3885,531.7727,16.4271,8.21
C45,5590.5531,1016.3056,0.0302453004231742,0.0,0.0,8.0,6,1,69.8465,44.5384,22.1293,6.07
C45,2493.2181,1896.8253,0.1266505016946799,11.53169109037004,5.989211414495627,16.0,6,2,198.2531,412.0857,24.7765,17.7
C45,7373.2759,3727.8358,0.1032870664778449,5.606082026524993,3.829316415947324,8.0,5,1,13.9458,393.4854,22.6356,15.61
C45,6060.2705,1978.096,0.0546369809283439,4.235365673559573,3.050789266332247,10.0,6,1,54.5671,99.0544,32.0303,12.04
C45,2116.1597,1471.6025,0.13870716732906,24.15533411411892,5.164156948657649,25.0,5,1,78.2946,554.2561,22.0744,22.36
Al6061,8030.9873,1097.6802,0.0456873956794514,9.483853476983414,5.130887240757929,8.0,3,0,976.5612,12.8491,29.1703,8.59
Al6061,7989.0398,2677.7871,0.109470976017485,4.471761403769015,2.4810770150326693,12.0,3,0,51.0369,236.7625,21.3794,6.73
Al6061,7951.8758,2943.4835,0.1244182443938498,18.052232086393985,2.3384868687730527,16.0,3,0,54.762,393.4269,21.0355,9.67
Ti6Al4V,3609.0753,784.9354,0.0370935529104603,2.54841595569028,3.594489107313085,6.0,6,2,17.0551,53.4757,25.1971,8.88
Al6061,7974.8216,1280.3984,0.0536915178566382,6.904507360035067,4.248144109438045,8.0,3,1,733.202,105.0224,18.2175,8.43
Al6061,7992.1157,3161.4583,0.1333183745785447,8.925164589684487,3.0136387879185875,12.0,3,0,49.4723,153.5229,21.7773,8.3
SS316L,2753.9912,1113.3151,0.101649577565075,19.76794444248033,1.8394357687982847,16.0,4,1,18.3006,373.0011,19.749,8.83
SS316L,4293.6952,24288.1963,0.0,0.0,0.0,8.0,3,2,20.4933,49.318,31.0187,9.25
Ti6Al4V,1163.7129,23777.0414,0.0,0.0,0.0,16.0,6,2,62.3731,23.8087,25.4466,8.54
Ti6Al4V,735.3415,699.7315,0.2418142522674025,17.145837387677478,4.331997787016613,25.0,4,1,58.6492,235.028,24.6332,8.64
Al6061,8012.0164,1468.9478,0.059895950051273,2.291358210406649,2.872016786496,6.0,3,1,1390.2926,294.9735,17.2007,7.52
SS316L,3197.9849,24468.6273,0.0,0.0,0.0,10.0,4,2,29.0365,82.773,27.4358,8.89
Ti6Al4V,1120.8177,362.9813,0.0646716639996451,7.530325327455982,3.910118312365544,12.0,5,2,113.0695,288.1295,25.5954,8.66
Ti6Al4V,3189.884,23999.9403,0.0,0.0,0.0,8.0,3,2,13.5116,30.0961,29.3199,9.09
Ti6Al4V,3168.2713,395.0993,0.0424589792515272,0.0,0.0,8.0,3,2,11.066,379.7106,33.1419,8.08
SS316L,4037.5998,767.4587,0.0632387762727497,9.233692238012075,4.985441513996119,8.0,3,2,38.876,357.8716,21.7504,34.62
Al6061,7980.711,1619.1125,0.1015657305197395,0.0,0.0,8.0,2,1,600.1515,291.7999,23.8775,6.97
C45,3825.278,2416.561,0.1572490610712746,12.458548460083115,2.853864103495542,16.0,4,1,37.4885,338.4881,25.0052,14.44
Ti6Al4V,1697.5893,23755.9861,0.0,0.0,0.0,12.0,5,2,6.0433,325.9161,22.6672,8.17
Al6061,7962.7795,1585.6595,0.0654459160015536,5.6472856804619385,2.36335285471806,16.0,3,1,31.9608,411.7119,20.5175,8.22
Ti6Al4V,1267.6312,1227.0026,0.1932010849273618,5.431668456643957,2.898646621546912,20.0,5,2,5.793,279.6529,22.4122,9.02
Ti6Al4V,1128.234,495.5833,0.108483137036579,10.478263022860704,3.9002180829998463,12.0,4,2,43.2768,49.9573,21.3356,8.69
C45,8014.1087,1132.7998,0.0465557155038713,4.290689368566572,1.030589649291314,6.0,3,2,67.115,35.0658,20.1393,10.98
Al6061,6127.2136,1336.3319,0.1105496718492242,14.64399564640422,5.999731532547747,25.0,2,0,17.2077,11.76,18.2047,9.12
Ti6Al4V,1168.7264,471.4955,0.067133817131327,11.161507430480064,3.0980570998250667,16.0,6,2,63.3731,24.3087,25.4466,9.16
C45,5133.5312,2586.6121,0.0849570079768046,5.388417337625961,6.35311268450177,12.0,6,1,38.5016,538.5268,23.6796,13.48
Al6061,8037.7647,1903.6908,0.1187879921492918,0.0,0.0,10.0,2,1,217.4944,253.784,22.3136,7.0
Al6061,8047.2904,1286.294,0.0544274939175542,12.067255422566127,5.026792928168266,12.0,3,0,133.134,310.867,22.6133,8.19
C45,2466.6223,23980.2921,0.0,0.0,0.0,20.0,4,1,118.8108,303.0628,25.538,6.18
C45,7156.2016,2096.9274,0.0490385055207268,3.7790348578574746,1.5685256809524804,6.0,6,1,157.273,56.6884,29.0822,8.58
C45,5365.2192,1232.6033,0.038758437089568,9.52720082216821,3.662469084015884,12.0,6,1,14.1804,33.8349,24.5438,21.18
C45,5067.334,3276.2614,0.1297233100304108,3.3873456747341355,4.213367345313538,12.0,5,1,22.3958,462.5896,24.3327,9.43
Al6061,5515.827,1413.0804,0.1275363327225164,6.0242198801025895,5.169408476255756,12.0,2,1,622.108,152.956,23.8279,7.79
Al6061,7707.7116,1597.1611,0.1044261876030707,18.999704992155436,11.781688411622804,20.0,2,0,28.4947,126.9875,25.6269,16.06
SS316L,5096.5449,1198.6848,0.0595971850874919,7.415982793366676,4.816513117539783,8.0,4,1,21.443,283.3061,18.2551,10.11
Al6061,0.0,0.0,0.0,0.0,0.0,12.0,3,0,30.3576,529.9249,28.6066,2.93
Al6061,0.0,0.0,0.0,0.0,0.0,10.0,2,0,2.8562,390.0274,26.4532,2.79
Al6061,8032.9903,889.7826,0.0372746872371845,6.8904987999586655,3.3501576414949312,6.0,3,1,689.9677,318.7965,26.9812,8.14
SS316L,2585.769,1398.0552,0.1091584283203908,8.18958116302337,6.341452184687997,16.0,5,1,25.376,489.4021,30.6691,29.17
SS316L,3950.2958,478.5365,0.0242473501314994,6.993787442998629,2.9510727290391627,8.0,5,2,9.1105,45.7575,25.0716,9.38
C45,4433.8439,1109.7019,0.0839679910449307,5.165739020961287,6.184747986574446,10.0,3,1,140.2197,176.269,17.9558,9.27
Ti6Al4V,867.4803,255.9839,0.0739734007097143,10.05011496163585,6.385165017391372,25.0,4,2,52.2164,284.2826,24.717,8.71
Al6061,7987.8549,1725.5472,0.0723348318974714,2.102519125471302,4.21057183278307,8.0,3,1,386.9275,23.1784,24.3721,8.33
Al6061,8037.0253,1187.4788,0.0761337608381856,5.905298292290632,3.1573616176998143,10.0,2,0,61.3447,388.2286,24.2461,6.64
Ti6Al4V,1557.7143,500.615,0.079935959835773,0.0,0.0,12.0,4,2,49.2928,172.0613,20.4116,7.69
C45,0.0,0.0,0.0,0.0,0.0,8.0,3,0,43.3216,154.6183,16.5154,2.59
Al6061,8013.6575,24358.5325,0.0,0.0,0.0,10.0,2,0,32.0587,317.7774,20.8492,6.13
C45,3594.1418,2003.7846,0.091982655318719,11.368342587986598,8.20733473073902,20.0,6,1,17.4891,290.7244,27.9925,23.95
Al6061,5930.4074,24102.2038,0.0,0.0,0.0,16.0,2,1,187.8202,353.7466,29.5474,7.1
SS316L,3352.481,922.4143,0.0675648554510873,3.15463967266846,1.401953693672038,10.0,4,1,63.4062,37.6368,23.8069,6.19
C45,4714.0025,1546.7304,0.0650737353519284,12.980487919543757,5.18373442969491,12.0,5,1,50.866,31.3987,24.69,14.62
Al6061,8019.4931,1794.6623,0.0747598430030434,9.30059763591504,2.3034138423547605,10.0,3,1,260.4664,48.0384,26.5645,9.37
Al6061,7758.7776,3603.3243,0.1560020055356388,6.53902582564228,2.270627051671532,16.0,3,1,37.2191,552.0672,24.1331,8.88
Al6061,6203.2445,3949.876,0.2160168975473472,0.0,0.0,20.0,3,0,13.2089,188.3553,19.0258,4.83
Al6061,7966.6794,23654.6566,0.0,0.0,0.0,10.0,3,0,23.9288,488.3327,25.8678,6.47
Al6061,6142.8721,2331.2885,0.127317472204744,0.0,0.0,20.0,3,1,24.7169,46.5802,24.0811,6.56
Al6061,7995.1003,2982.5917,0.1230342361442113,3.270814001746603,2.2979911053716373,12.0,3,1,155.6914,195.1072,23.7269,8.2
Al6061,7996.9983,1668.8734,0.0700931129617091,0.0,0.0,8.0,3,0,238.7945,241.4963,25.3198,6.92
Ti6Al4V,1773.3017,190.3192,0.0262177981524982,3.55549771458262,3.395932772769994,8.0,4,2,31.2283,402.2852,26.2874,8.04
Al6061,8020.2864,2109.7648,0.088734769490036,15.060856378872083,7.241912238764665,20.0,3,1,11.5831,454.2838,14.381,14.17
C45,5272.7088,2532.4292,0.118185889014323,0.0,0.0,10.0,4,1,18.7538,327.7637,24.5975,5.96
SS316L,4759.3373,1018.3938,0.0722048082791014,2.735985825176764,3.803267767633645,10.0,3,2,5.3796,99.3858,25.6199,9.73
SS316L,4426.536,491.6699,0.0222087355274902,8.871876503520761,0.9636898225677198,8.0,5,1,57.383,131.0407,21.8515,6.52
C45,6915.1456,23879.4159,0.0,0.0,0.0,10.0,4,1,14.9991,141.1997,29.5637,7.61
Ti6Al4V,3077.42,761.0477,0.0490717076769978,4.336573027690735,1.036319942318341,8.0,5,2,17.7621,158.5674,27.6545,8.49
Al6061,5901.3947,1505.7442,0.0839489252693586,21.70199888627064,5.327191383811972,16.0,3,1,152.2336,58.9839,25.6952,13.73
SS316L,3477.2516,2021.6485,0.0977389473180621,7.598793308151529,3.4360293624486857,10.0,6,2,21.947,139.5401,22.2189,12.23
Ti6Al4V,2125.9515,24315.9593,0.0,0.0,0.0,10.0,6,2,40.0092,347.8863,26.2462,8.58
Ti6Al4V,956.3459,547.9276,0.1434547393606599,0.0,0.0,20.0,4,2,14.5554,37.2415,15.8347,7.11
Al6061,4560.8723,1135.4002,0.1228845628475014,17.927438978870164,9.613074470113068,16.0,2,0,364.3315,467.7038,21.5136,10.12
Al6061,5190.5166,2379.7532,0.1529716218737659,0.0,0.0,25.0,3,1,26.906,309.613,30.386,6.14
C45,0.0,0.0,0.0,0.0,0.0,12.0,4,0,88.8615,162.6663,26.2497,2.85
C45,5174.613,23922.6095,0.0,0.0,0.0,10.0,6,1,25.3859,328.5786,19.5378,6.57
C45,6517.6393,23695.6887,0.0,0.0,0.0,8.0,5,2,70.3423,516.5432,23.9907,9.96
C45,5990.3826,1626.8469,0.0656343240287025,16.309140813627685,1.6944051281190036,12.0,4,1,10.7467,416.364,26.6534,10.01
Ti6Al4V,1160.619,801.8035,0.1160849796071667,17.911708580067536,2.077822139483418,20.0,6,2,15.1441,21.4705,21.9098,10.2
Ti6Al4V,4564.8066,645.5965,0.0236128886225762,4.004225216310163,2.226656186958405,6.0,6,1,18.5762,521.8295,30.8663,6.67
Al6061,8036.7432,23989.8124,0.0,0.0,0.0,10.0,3,1,95.2031,56.2191,25.4631,8.13
SS316L,7883.0205,1567.7088,0.0334446457967303,0.0,0.0,6.0,6,1,14.5518,44.8027,25.6926,7.02
C45,5787.2129,931.496,0.0533745153313063,7.838458490190065,1.5268205038431977,12.0,3,1,30.9369,526.9965,23.0063,10.08
SS316L,3152.8293,784.569,0.0834594951145042,11.757059199847356,4.050335282735332,10.0,3,2,48.8846,229.0601,26.1947,11.79
Al6061,6055.1369,24138.9324,0.0,0.0,0.0,16.0,2,1,228.9151,475.8024,20.4252,6.88
Ti6Al4V,1501.5269,346.6295,0.0585281116188214,13.087842094207328,9.505906962402085,16.0,4,2,9.7092,419.9975,26.2947,10.0
Ti6Al4V,2780.156,884.9207,0.0778287532204043,4.941957851737537,4.258551216342702,8.0,4,1,22.7813,20.1625,25.259,7.01
C45,7438.5903,1440.9433,0.0382245625031527,12.245576268511549,1.6276107972267984,10.0,5,1,13.5844,33.3474,26.9825,10.37
SS316L,3486.1256,365.0249,0.0266908787094939,1.9480024340808813,5.0113313763362415,8.0,4,1,83.255,324.8511,23.325,5.92
SS316L,4115.2466,1637.8984,0.0802298325380409,0.0,0.0,8.0,5,1,15.5433,457.6115,25.9542,5.82
SS316L,1195.1793,628.367,0.1327885243502381,23.247076347340688,2.6579002247462475,25.0,4,1,66.6601,28.1991,28.8158,8.98
Al6061,7651.0307,24178.9315,0.0,0.0,0.0,20.0,3,1,15.8763,8.7144,25.0771,8.24
C45,7963.6,23997.6888,0.0,0.0,0.0,6.0,3,1,58.3261,257.9313,27.1783,7.83
Ti6Al4V,946.6976,803.596,0.1693167574006767,0.0,0.0,20.0,5,2,46.477,267.2108,21.9377,7.4
SS316L,1387.0951,857.0778,0.1568322224263293,0.0,0.0,20.0,4,1,49.2392,221.2259,34.9656,4.86
SS316L,2924.5513,729.3001,0.0621105968537795,9.7494266926547,6.263935906795362,10.0,4,1,20.7631,87.8956,26.7121,9.39
C45,3646.8612,2539.0402,0.1383169635073062,6.554498960958037,1.5131824077667066,12.0,5,1,91.422,226.4289,23.3135,8.08
SS316L,3915.6483,948.6818,0.0809429612396957,7.415378453388806,4.788143478105596,10.0,3,1,28.4197,83.4404,20.5168,9.09
SS316L,2704.0536,542.4655,0.0504510108198173,18.98501366117869,3.382140920882053,16.0,4,1,10.7735,240.714,26.2587,8.48
Ti6Al4V,3029.9453,970.5766,0.0528332429924381,0.0,0.0,8.0,6,2,14.4477,36.6883,30.7472,9.26
SS316L,2706.1385,734.782,0.0905072980096193,8.356081663156031,1.994881776122819,10.0,3,1,88.4892,47.6917,29.4675,6.51
Ti6Al4V,0.0,0.0,0.0,0.0,0.0,12.0,5,0,14.9849,187.5978,26.3738,2.84
Ti6Al4V,757.86,23478.1232,0.0,0.0,0.0,20.0,6,1,82.4074,326.204,14.8308,5.22
C45,6209.4326,1530.3004,0.0490182843084476,16.847621862522043,6.551428828589485,12.0,5,1,5.2921,375.7116,24.8081,18.47
Al6061,7975.0267,3166.9786,0.1980821748958958,16.926003313153174,4.582903424673924,16.0,2,0,14.4412,215.5376,19.7887,11.23
Al6061,7987.9225,3461.2869,0.147547216407858,11.187713246196433,3.892571196125363,12.0,3,1,11.7643,252.6012,20.7638,11.36
SS316L,4043.4574,1290.9247,0.0624487888763661,2.7375222917053184,5.098716378337977,8.0,5,1,67.1428,265.1439,30.6129,8.04
SS316L,0.0,0.0,0.0,0.0,0.0,25.0,5,0,42.7708,477.0829,28.1104,2.83
C45,2886.9126,1923.1917,0.111204699433945,13.316177148883956,8.377869254607683,20.0,6,1,44.1509,573.1535,22.0589,23.51
C45,5013.4619,23910.4945,0.0,0.0,0.0,10.0,4,1,71.5943,117.9162,20.332,6.73
Ti6Al4V,2710.4499,24104.7471,0.0,0.0,0.0,8.0,6,2,28.7364,15.2308,22.9974,9.0
Al6061,7998.6587,3076.5314,0.1271867352313854,20.04077178931769,8.237852162021046,16.0,3,0,33.8199,432.3815,20.9288,20.39
SS316L,2176.7611,23972.0403,0.0,0.0,0.0,20.0,6,1,19.2352,45.1564,23.0414,5.68
Al6061,0.0,0.0,0.0,0.0,0.0,25.0,2,0,28.3769,328.7743,29.6109,2.88
Ti6Al4V,1821.646,24106.9904,0.0,0.0,0.0,12.0,5,1,32.8172,33.6381,26.3494,5.68
Ti6Al4V,2189.8163,531.9625,0.0489899352514148,7.851018692799856,6.205921279325967,12.0,5,2,2.9514,173.0771,21.7547,9.14
Al6061,8016.8833,3641.5022,0.1544897188975915,8.248339425951512,6.359467670664184,12.0,3,1,28.3485,12.8703,28.2849,14.09
C45,7109.6194,2109.7944,0.0490385055207268,3.7790348578574746,1.5685256809524804,6.0,6,1,157.1063,56.5217,29.0822,8.75
C45,7593.556,1494.349,0.0498050997307034,3.625634133619498,3.92313319429513,8.0,4,1,39.6526,37.3641,30.8967,9.6
C45,3788.2046,24129.4494,0.0,0.0,0.0,16.0,5,2,22.969,20.3989,30.9288,9.31
C45,2622.8796,1914.1006,0.1804214386527247,9.841303585442054,11.46110575712982,25.0,4,2,15.6249,233.0736,18.5799,20.89
Al6061,5754.5406,1513.1877,0.0868211463359814,0.0,0.0,20.0,3,0,85.47,473.1193,18.7534,4.39
C45,2677.4037,1533.9293,0.0969890217083493,11.624360805042253,10.330822717043102,20.0,6,1,87.5913,163.9407,22.1025,28.07
C45,7932.3487,4647.4546,0.0971339242518914,6.4365113138951,1.3449879029794314,8.0,6,1,6.5578,149.9775,15.545,10.18
Ti6Al4V,0.0,0.0,0.0,0.0,0.0,12.0,4,0,18.4825,85.3593,25.0247,2.85
C45,4163.414,2242.7448,0.0897838512165348,0.0,0.0,16.0,6,1,6.6467,8.7149,23.2831,5.83
Ti6Al4V,3492.4569,1650.2146,0.077805898342273,5.22490570007195,1.1140270394965432,8.0,6,2,1.2494,171.8346,24.3086,9.13
Ti6Al4V,2478.0525,512.3292,0.0679026102458785,10.15684400519292,5.394213085054995,10.0,3,2,23.5883,41.2211,27.619,9.73
Ti6Al4V,1149.8645,752.8864,0.1274437543368789,6.741435150709124,9.727503698195772,16.0,5,2,45.2682,21.1393,20.7315,10.24
SS316L,4476.2946,2515.0205,0.0947514824487407,0.0,0.0,10.0,6,1,6.4897,417.6157,20.4641,5.57
SS316L,5523.6899,580.6678,0.0211481503321098,0.0,0.0,6.0,5,1,34.6336,108.7511,21.4107,5.78
C45,4567.4246,2946.7042,0.1287252116622118,12.56980103554091,5.295417865480726,12.0,5,1,28.5819,367.5159,17.5516,18.18
C45,3692.2769,24049.5728,0.0,0.0,0.0,12.0,4,2,96.3781,445.2168,20.6128,9.96
Al6061,7967.2794,650.5309,0.0271007293855125,7.774330047048204,2.6125994912428285,6.0,3,1,2557.4109,15.813,24.7667,8.36
Al6061,7983.4371,894.0599,0.0557139610000085,5.237229504565793,5.076209234966569,16.0,2,1,53.8179,244.0197,18.8675,8.17
Ti6Al4V,2307.6816,23770.6977,0.0,0.0,0.0,8.0,5,1,51.6602,181.0925,18.264,5.78
Al6061,6042.929,1772.8534,0.146204837951186,6.325896882714189,3.5557576782095435,16.0,2,1,72.7949,132.3304,26.2324,7.99
SS316L,1739.624,453.4002,0.0659311292370782,0.0,0.0,20.0,4,2,13.4597,523.7097,20.9207,7.36
Al6061,7891.869,2165.2267,0.1355005228706828,0.0,0.0,12.0,2,0,51.7633,150.329,23.3992,5.48
Al6061,8044.6259,1894.5233,0.0781634646231816,0.0,0.0,8.0,3,0,733.5641,96.7926,26.4724,5.72
C45,3719.1853,2345.8099,0.2088873468386443,11.294734261878604,9.431625900937409,20.0,3,1,5.7582,443.1408,21.0763,21.63
C45,4775.4821,1685.2575,0.0711032245168049,7.49250568334295,2.7283624139795832,10.0,5,2,91.8774,284.565,19.6144,11.71
SS316L,4196.1984,1394.6965,0.0563286799510395,7.578317014634817,3.2902624409017283,8.0,6,2,48.4753,376.0932,33.2935,12.73
SS316L,5721.5636,1284.7479,0.0562931008215407,2.525711566636265,2.133095215872067,6.0,4,1,3.7202,42.2303,22.2431,7.17
C45,4511.8932,616.102,0.0454683189647045,17.636116930544027,6.269624953928571,12.0,3,1,68.0641,168.4184,20.958,12.32
C45,7992.6055,3404.7912,0.0732220385312857,4.202642083847447,3.9044583294115816,8.0,6,1,8.0375,127.3645,18.1219,11.79
C45,4546.0463,2220.3958,0.0974133825983896,0.0,0.0,12.0,5,1,46.6306,40.7331,26.1993,5.94
SS316L,3477.1862,24116.2511,0.0,0.0,0.0,10.0,6,1,27.1923,557.0009,28.5387,6.18
Ti6Al4V,3015.5151,869.8807,0.0723349081262933,0.0,0.0,8.0,4,2,14.1876,35.9134,24.6109,8.04
Al6061,8037.891,913.7887,0.0579223925450342,14.610427704520164,4.484912696968788,16.0,2,1,27.011,518.2007,20.4007,10.62
C45,3451.1987,1048.0297,0.0610369850522779,7.744718411065062,3.947242717188111,16.0,5,1,65.4119,594.3996,30.4427,9.12
Ti6Al4V,1562.6756,270.7661,0.0431841536772152,11.395722436696026,4.714287134990497,16.0,4,2,13.045,437.0303,22.9549,8.68
Ti6Al4V,1335.8167,887.6536,0.1102005065351892,14.51222830223487,9.252135195897882,16.0,6,2,12.9793,468.915,25.0983,14.1
C45,6119.458,2980.3684,0.0978449188463089,12.949398525003836,5.259276575920233,10.0,5,2,15.9321,351.5447,24.524,22.52
Ti6Al4V,2014.6875,643.3934,0.0809742411461022,6.713568829986119,5.2082286815389365,10.0,4,2,35.6304,85.4908,23.1111,9.88
Ti6Al4V,4405.964,479.9604,0.0364958121300594,5.88124464733006,3.696723363020377,6.0,3,1,11.2513,24.9526,28.3332,6.96
C45,0.0,0.0,0.0,0.0,0.0,12.0,4,0,13.3092,298.2017,23.445,0.0
C45,5034.2212,843.6674,0.0550718859039957,7.753959087143979,2.245574413379292,12.0,3,1,53.2064,477.3974,15.9206,7.5
C45,7999.7963,1874.5023,0.0591011004865432,5.823531570886765,3.0621573208991206,8.0,4,1,15.0586,511.6223,22.4205,10.49
SS316L,2945.1885,805.1286,0.0671434547999138,5.664620335180599,4.07379214447945,10.0,4,1,52.7366,363.5491,22.2751,7.11
SS316L,2454.8909,1909.4837,0.1553473974433929,3.58663592925943,9.552623881496771,16.0,5,2,27.6498,362.7142,28.7642,13.57
SS316L,3476.2205,2036.8224,0.0977389473180621,7.598793308151529,3.4360293624486857,10.0,6,2,20.947,138.5401,22.2189,12.26
Ti6Al4V,872.6952,479.058,0.1371461754275824,20.44283524243428,14.196086818919126,25.0,4,2,33.9368,588.2662,30.1769,15.28
SS316L,4220.7788,420.3989,0.0251213698453371,6.709935622636944,3.077379300629945,8.0,4,2,76.9644,274.7869,27.704,9.89
Al6061,7965.2627,3077.1505,0.1285225105942851,11.259424593295067,5.054099270124713,12.0,3,1,64.4711,23.1317,23.6173,12.24
C45,4280.8721,1602.4935,0.0942262596813727,0.0,0.0,10.0,4,1,170.9038,223.8035,20.6595,5.43
Al6061,8017.6934,23433.9099,0.0,0.0,0.0,10.0,2,1,114.6989,57.2798,22.6319,7.95
SS316L,1893.6946,582.7651,0.0778028362452728,18.021722614153884,7.008103070581417,16.0,4,2,100.3931,48.6423,16.137,15.72
Ti6Al4V,712.1477,313.232,0.1081538837244565,7.210542504157196,9.561554730356535,25.0,4,2,39.7415,235.5934,25.8976,8.95
Ti6Al4V,3241.028,721.9188,0.0443280945487253,7.198751168496402,5.098918528590077,8.0,5,2,14.9502,484.2253,26.0654,10.65
SS316L,3304.0643,24006.3695,0.0,0.0,0.0,12.0,3,2,2.2132,189.4644,25.8018,8.9
C45,7984.2597,23938.0256,0.0,0.0,0.0,8.0,6,1,5.4062,65.725,22.8972,7.98
C45,7039.1439,2733.2571,0.0658358143182779,2.8947433739344226,2.7828816055005587,10.0,6,1,7.7521,318.1793,25.2395,9.18
Al6061,7952.1039,1881.3841,0.1185862569609105,5.705496357481992,4.503153754536787,10.0,2,1,190.7118,372.4065,27.6164,8.69
C45,3594.8193,1032.3969,0.0959378742204909,10.934666779172083,7.289218273194677,12.0,3,1,116.3823,97.6644,25.331,11.94
Al6061,7959.9822,3448.7609,0.1450822990786486,14.251570369902764,5.017822971260515,16.0,3,0,46.9947,258.6415,26.9819,13.71
SS316L,6571.1075,891.0545,0.0268347798920522,6.913748146087023,1.3752533432706997,6.0,5,1,12.938,599.8818,27.3855,7.54
C45,3917.6651,3083.0854,0.1961063167122365,13.109487398267758,5.327540977991227,20.0,4,1,14.985,491.4025,18.411,21.66
Ti6Al4V,1322.7635,426.8075,0.0809981798714362,1.8980674495884284,0.8619333019956472,10.0,4,2,151.7802,16.8857,21.9481,9.46
SS316L,1711.8082,741.6238,0.0716365866968523,0.0,0.0,20.0,6,2,23.4571,314.8572,28.1528,7.55
C45,4322.2995,659.6268,0.0306789223380095,9.53489468126929,5.99889372462267,10.0,5,2,270.1344,150.7887,25.02,13.36
Ti6Al4V,1903.4274,660.7703,0.0694965304851098,2.1430118800428093,2.7416218366657747,12.0,5,1,28.5048,65.5611,23.3717,5.41
SS316L,4939.8223,638.8233,0.031805142187195,4.318370353372456,1.9418310566350128,6.0,4,1,117.0566,477.2335,14.0,6.57
C45,4101.6812,1200.81,0.0729170191727862,4.553986977633485,8.276918965032309,16.0,4,1,30.7242,94.5954,23.5604,9.69
C45,8043.718,3519.3894,0.0737031421557762,7.356278451878463,0.7231029332641495,6.0,6,1,56.807,32.1055,22.8172,9.7
SS316L,0.0,0.0,0.0,0.0,0.0,6.0,5,0,45.1145,292.4351,28.0677,2.9
SS316L,2079.9884,1477.3039,0.1767660424875621,14.133239416081487,9.812642966625384,20.0,4,2,1.7826,119.0738,30.983,20.35
Ti6Al4V,1491.8732,23937.9535,0.0,0.0,0.0,16.0,4,2,17.2365,576.2219,20.7015,8.31
Al6061,7987.7263,574.7431,0.0241373873078328,4.722990619846694,0.6402152768212499,8.0,3,1,674.6674,496.3183,18.6004,7.36
C45,5697.5768,3575.0969,0.1264438977596954,3.872252090677546,4.170772087689356,10.0,5,1,29.1665,270.2868,27.681,10.8
C45,3561.6235,3634.9565,0.2019388109845062,8.181178297603886,8.7420969456119,16.0,5,1,5.0539,25.6081,25.0962,21.92
Ti6Al4V,1242.0262,796.6352,0.1285866663068225,14.802570856467632,5.550764700987412,16.0,5,2,30.6022,69.4199,32.0805,12.39
C45,6296.0781,2258.3617,0.0720690759838766,9.74575601507853,5.157948558963158,12.0,5,2,12.8317,497.6375,30.4085,19.12
C45,7976.8848,1914.5528,0.0393260929533516,0.0,0.0,6.0,6,1,36.5021,115.5159,24.1011,7.08
Al6061,7096.4813,24340.0481,0.0,0.0,0.0,10.0,3,1,205.5123,238.0735,25.8706,7.74
Ti6Al4V,1520.0355,24030.6383,0.0,0.0,0.0,12.0,4,2,39.094,330.9403,19.0725,8.37
Ti6Al4V,885.7905,387.7798,0.1476312702140171,19.61378784534282,12.052301606156062,25.0,3,2,8.2158,40.6903,20.0994,11.82
C45,2287.8809,2737.3283,0.1989804259872214,19.64848325259165,3.81549913858255,25.0,6,2,6.6746,519.1598,21.0352,19.98
Al6061,5578.5172,3636.3345,0.2132993147945126,0.0,0.0,25.0,3,1,34.3327,25.6714,25.1953,6.33
C45,4917.7897,1885.4234,0.1307023961877063,11.627181456658953,5.29429242296009,12.0,3,1,10.2252,56.6954,18.4065,13.37
C45,7734.6458,2743.873,0.0584837043719497,11.17344830374067,2.439789826492043,8.0,6,2,28.2985,278.3026,27.5554,15.93
Al6061,8020.2405,2687.9229,0.1138104692832816,8.37771866606125,7.976532440957512,16.0,3,1,52.2864,560.9527,27.8444,13.3
SS316L,5625.02,24208.7673,0.0,0.0,0.0,8.0,4,1,32.7447,330.3606,20.5595,7.1
C45,3028.2436,4886.1912,0.2695166856872105,7.256097709614061,6.903219337860604,25.0,6,1,15.7699,21.3943,25.6172,27.16
Al6061,8005.9968,1393.5134,0.0580371024666784,4.667104210794783,3.1250691393216856,12.0,3,0,2.859,242.7714,24.7407,7.58
Ti6Al4V,2216.6163,1036.8418,0.0926354955230288,0.0,0.0,10.0,5,2,10.9538,473.6834,25.6589,7.76
SS316L,3364.2967,512.79,0.0380288488430556,7.374841358876405,3.589932996666847,10.0,4,2,31.4912,113.7502,25.8672,9.59
Al6061,6334.778,3828.9742,0.1978401074948629,15.910420882818215,10.114756187384511,20.0,3,0,21.6316,51.5199,23.3871,19.03
C45,4449.4579,784.4893,0.0443281610534368,10.061793434680506,2.672664472914117,10.0,4,1,105.0361,346.0058,30.0001,7.99
Ti6Al4V,714.5942,311.6515,0.1081538837244565,7.210542504157196,9.561554730356535,25.0,4,2,39.5748,235.4267,25.8976,9.21
C45,4253.0117,1618.2549,0.0761157931679419,14.01129941097684,6.327673286053334,12.0,5,1,93.5942,48.2544,28.2085,17.58
SS316L,6916.803,752.6105,0.0179409084091257,0.0,0.0,6.0,6,1,4.3712,598.8708,25.0276,6.59
Al6061,8005.6453,2229.0335,0.0929901844344688,6.818801371926721,4.628252090488877,8.0,3,1,449.4061,498.9601,29.6122,9.54
C45,4011.4022,2828.6495,0.1197079964374873,15.08199820525929,1.8674705362661663,12.0,6,1,90.3086,4.8952,25.155,14.25
Ti6Al4V,2039.3524,684.9548,0.0839635196814397,7.619439215475511,3.997890987642996,10.0,4,2,21.1915,8.5263,21.4976,9.56
C45,5338.3555,1980.258,0.0756828145525192,11.892350844231782,3.813219647760129,12.0,5,1,22.7722,530.0665,20.479,21.41
Al6061,8002.8325,2211.4775,0.0939929556766254,9.41402871208266,2.0303056994332267,8.0,3,1,102.8296,445.2189,26.9773,8.64
Ti6Al4V,1600.8298,737.4848,0.115071276094022,3.34836169790442,6.951029018965149,12.0,4,1,14.6075,601.865,21.5929,6.04
Al6061,5567.5821,2269.1476,0.2041143589201358,21.909329822116668,9.642706076144025,25.0,2,1,15.7864,345.0561,29.2822,17.41
Al6061,7991.4821,885.0652,0.0547024654299053,6.013470019217203,4.301096457827749,12.0,2,1,191.0782,59.3729,17.7598,8.06
Al6061,4706.3278,726.601,0.0775617024560721,29.90412219394813,3.3508003494199707,20.0,2,0,239.9071,16.3744,22.2384,7.72
Ti6Al4V,0.0,0.0,0.0,0.0,0.0,8.0,4,0,3.5945,425.4163,20.0758,2.73
C45,0.0,0.0,0.0,0.0,0.0,12.0,4,0,1.3161,340.7779,32.5053,2.91
Ti6Al4V,2748.1752,883.8607,0.0535333027700204,0.0,0.0,8.0,6,2,25.2464,418.4204,19.6323,7.97
SS316L,3638.3314,1086.3557,0.0606946519465163,8.17334546242211,3.5063353300297813,12.0,5,1,29.9438,488.1282,20.9443,8.73
Al6061,8013.9587,2588.1441,0.107742522672293,21.075955630218463,5.626342234486701,20.0,3,1,13.3337,303.4443,27.2242,16.08
Al6061,8023.3288,24181.7466,0.0,0.0,0.0,12.0,3,1,70.6563,497.5306,24.4762,7.96
C45,6921.3448,24249.1724,0.0,0.0,0.0,10.0,3,1,21.4431,530.3259,24.5819,10.08
C45,7721.9556,2183.7448,0.093099706896922,12.970283973816649,4.654057450530934,10.0,3,1,3.9575,210.7554,23.0869,16.45
C45,4853.761,4883.8258,0.1997190702189602,0.0,0.0,16.0,5,1,8.3574,526.3408,23.5036,6.0
C45,4489.8417,1076.6365,0.0612683488309003,11.65178832547202,3.6472665138083897,12.0,4,1,41.1162,369.2655,22.8789,9.45
Al6061,8017.0409,3643.2505,0.1511894825604398,0.0,0.0,16.0,3,1,1.2567,170.8957,29.1815,7.0
SS316L,4463.7827,23865.7477,0.0,0.0,0.0,10.0,5,2,18.1684,231.9274,23.8007,9.14
SS316L,3627.1355,1097.4297,0.0606946519465163,8.17334546242211,3.5063353300297813,12.0,5,1,29.2771,487.4615,20.9443,8.48
SS316L,2865.8755,1219.4224,0.0707441261098934,18.76872189633205,2.343268094951265,16.0,6,1,19.1975,20.8014,23.8477,11.97
Al6061,0.0,0.0,0.0,0.0,0.0,10.0,2,0,69.9461,42.2136,15.6966,2.57
Al6061,7105.0642,1587.108,0.0747872191372953,3.66338090607762,2.583684346081463,12.0,3,1,88.5693,395.6459,14.2987,7.14
C45,5437.1881,1857.3604,0.0851489969334464,9.189766522215578,6.83496063957718,12.0,4,1,24.4024,67.8703,20.6588,17.25
SS316L,3850.6644,923.6222,0.0601241408497137,5.31759833046219,2.676473858438422,10.0,4,2,2.2086,491.8496,29.4331,9.8
SS316L,3087.1423,1423.475,0.1163577854534253,11.312986295747836,6.326241969465143,12.0,4,2,19.9405,588.8826,20.3817,18.04
Ti6Al4V,0.0,0.0,0.0,0.0,0.0,12.0,5,0,14.503,168.2808,27.0091,2.77
SS316L,3947.812,983.0549,0.0495990373745609,7.327487108279212,2.586781301584058,10.0,5,1,18.2102,391.951,26.3302,7.55
Al6061,8021.6819,1348.9255,0.0559834041012694,13.079412919263136,2.9333042253797523,12.0,3,1,170.1091,31.5108,28.3699,17.84
Ti6Al4V,1562.7278,555.683,0.0594857087676743,0.0,0.0,10.0,6,2,116.7306,81.9977,22.9217,7.7
Al6061,7970.6474,2391.7161,0.1016578681047141,7.06602479010783,5.458425426249036,12.0,3,1,53.6258,337.4912,23.5421,10.79
C45,1996.7373,1277.1317,0.1060660047978793,0.0,0.0,25.0,6,1,94.8074,291.031,25.5029,5.01
Al6061,8014.0209,23763.754,0.0,0.0,0.0,8.0,2,0,365.3549,232.4339,26.3513,6.31
Ti6Al4V,2981.591,637.2219,0.0349265694793705,3.7346965780724495,1.8734266093753176,6.0,6,2,8.2482,424.0748,27.7312,8.28
SS316L,1340.4571,208.8271,0.0517079470255089,20.101310689077746,8.174731398888142,20.0,3,1,226.2387,37.9925,20.7397,8.34
Ti6Al4V,1534.7272,1247.9469,0.1333374538566913,12.68079357935543,10.347229478742054,16.0,6,2,8.2892,331.1429,24.7041,17.04
Ti6Al4V,1287.8023,735.7049,0.0956959586588767,11.86617103582271,12.930919854231645,20.0,6,2,17.0501,274.5143,28.1627,13.96
C45,1899.922,1559.2433,0.2053765206745689,25.07995658689283,5.55543445776626,25.0,4,1,121.3741,334.6769,18.3008,22.75
C45,4298.8291,1508.0213,0.1159542958965634,13.73739220543296,5.139341900256328,10.0,3,1,33.8328,246.8571,25.6664,12.27
Ti6Al4V,3230.0183,930.902,0.0578050342990235,5.542205277563895,2.104904854160548,8.0,5,1,16.2207,578.4676,20.2309,6.42
C45,8035.7837,1928.8648,0.0494211432133425,5.347165131651844,3.009544534625459,8.0,5,1,19.1949,461.4937,24.8205,9.99
Al6061,8029.6522,1043.2869,0.0434819017520054,12.399774739927324,6.238003415565364,10.0,3,1,156.17,107.5695,21.4523,9.51
C45,6130.9047,2777.9366,0.093167174559952,0.0,0.0,12.0,5,2,8.0102,57.5688,26.8045,9.11
C45,3907.1721,2370.2597,0.2006858346794002,20.55641370714149,4.471279787230654,16.0,3,1,6.3816,560.9738,25.6367,26.16
C45,2841.0882,2532.3938,0.2234136305297689,9.067525817526308,9.940180700763056,25.0,4,1,8.4095,190.1691,21.5884,17.55
C45,3581.5415,1593.7911,0.07502451286777,0.0,0.0,16.0,6,1,67.3474,98.0477,27.3157,5.35
SS316L,2654.1527,23969.9647,0.0,0.0,0.0,12.0,5,1,112.7589,536.3268,21.6599,5.91
C45,7955.1706,1578.9276,0.0667954635070245,3.082975878274985,1.5019487023159035,6.0,3,1,3.233,353.7965,20.9371,7.83
C45,7988.7633,1687.7799,0.0528705783235839,0.0,0.0,6.0,4,1,54.1695,299.9293,22.0087,6.81
Al6061,7975.9004,2720.6153,0.1136760331706786,8.575664065520176,2.732319899172164,10.0,3,1,74.4734,78.5626,21.1844,9.3
Ti6Al4V,1530.3174,23692.8033,0.0,0.0,0.0,10.0,6,2,122.4584,193.8485,24.1014,8.66
Ti6Al4V,643.3183,731.0136,0.190427930785847,5.579535320677156,13.586403252779048,25.0,6,1,5.1036,349.7611,24.6414,7.51
Al6061,7989.4222,1097.8585,0.0456712276557507,8.479184959844263,2.4367355315467067,6.0,3,0,2134.8795,420.3487,23.6759,6.88
Al6061,8001.5479,1682.2806,0.1051180137993685,2.83670976019327,1.0023074827349645,10.0,2,1,149.0658,115.6703,14.0,7.22
Al6061,8001.725,1226.908,0.0763171417301861,16.75411951003334,5.291258947380312,12.0,2,0,199.3024,53.0606,21.1652,9.95
Ti6Al4V,1570.645,385.2782,0.0802680212152286,0.0,0.0,12.0,3,2,40.6922,74.4871,21.2368,7.35
SS316L,2204.4115,816.112,0.0613666864835029,7.480042355711201,10.815565813065035,20.0,6,1,5.4211,1.7007,23.3881,10.59
Ti6Al4V,913.9149,506.7922,0.1831462681893089,0.0,0.0,20.0,3,2,12.332,512.9641,24.3081,7.23
Al6061,6577.3378,2388.1179,0.1222842721604621,22.51853563233146,4.428377442217903,16.0,3,1,79.8173,565.0973,32.6911,13.7
SS316L,3705.0192,23413.8828,0.0,0.0,0.0,8.0,4,2,50.6086,499.549,24.8875,8.9
Ti6Al4V,0.0,0.0,0.0,0.0,0.0,12.0,3,0,40.6922,74.1538,21.2368,2.77
C45,0.0,0.0,0.0,0.0,0.0,10.0,5,0,90.544,283.2317,19.6144,2.76
Al6061,8035.1149,1717.7429,0.10779309970918,3.595585976793333,3.3934521205373045,10.0,2,0,165.9918,12.0817,21.7016,6.7
Al6061,8009.0773,24044.0478,0.0,0.0,0.0,10.0,3,0,69.0876,306.1544,27.9121,6.2
SS316L,2684.9596,2160.491,0.1628367774927226,14.979326911711016,1.6748961758999823,16.0,5,1,3.2806,54.5033,25.1108,9.8
SS316L,3299.1132,535.7754,0.0327229597324784,3.691212498263379,5.347941075145316,12.0,5,2,46.7409,384.7904,26.2658,9.58
SS316L,2733.9616,1299.4654,0.0946212432777971,0.0,0.0,12.0,5,2,29.2541,39.6183,16.4156,7.83
Ti6Al4V,1786.0033,569.3612,0.052732376645141,4.599519002987492,7.336423753548826,12.0,6,2,23.8545,285.1277,24.8939,9.51
SS316L,2772.3561,1628.9811,0.1169117473796169,12.532258080181592,5.128680239367401,16.0,5,1,24.6744,532.5802,26.9883,14.56
C45,7336.1926,2108.8292,0.0939816440832503,10.008673683174647,1.514181400444356,10.0,3,1,5.5008,204.8556,27.4685,9.02
SS316L,3462.5262,24043.8622,0.0,0.0,0.0,10.0,6,2,20.1137,138.0401,22.2189,8.78
C45,2196.7102,2726.3092,0.2460954823695115,8.26079860576042,10.805229670278436,25.0,5,1,10.6787,32.3388,27.3182,18.53
Ti6Al4V,1596.3694,731.3415,0.115071276094022,3.34836169790442,6.951029018965149,12.0,4,1,14.2742,601.5317,21.5929,6.1
Ti6Al4V,0.0,0.0,0.0,0.0,0.0,25.0,3,0,23.3672,590.6246,27.8461,2.86
Al6061,8014.65,958.8956,0.0397727919006538,4.514292046791248,3.033664163666365,10.0,3,1,19.4779,585.3769,17.083,7.55
Al6061,8023.9504,2391.1354,0.1004146688098191,7.450664159824774,3.297625908850734,10.0,3,1,3.2456,203.9484,29.5902,8.89
Ti6Al4V,1389.3051,24099.5907,0.0,0.0,0.0,16.0,4,2,23.2643,43.9005,32.8856,8.54
SS316L,3728.9504,1728.122,0.0924422192248374,6.782816152959705,1.753053565075395,10.0,5,1,18.7347,386.5668,19.4407,7.9
SS316L,2577.8877,1409.0748,0.1091584283203908,8.18958116302337,6.341452184687997,16.0,5,1,25.5427,489.5688,30.6691,15.59
C45,7754.2351,3282.8212,0.0851304775777362,0.0,0.0,8.0,5,2,3.3128,423.1509,21.9943,9.59
Al6061,7986.7372,1257.7467,0.0780544817441652,2.220632876655291,3.020434267170668,8.0,2,1,241.5309,309.8661,24.7668,7.59
SS316L,3217.9335,1127.0706,0.070829042549907,0.0,0.0,8.0,5,1,116.8715,10.1704,25.7457,5.58
Al6061,7999.3715,1954.9111,0.0817328771272114,7.0513640175677565,5.09253228401042,8.0,3,1,615.2605,495.516,14.0,9.1
SS316L,4602.5096,24043.1619,0.0,0.0,0.0,8.0,4,2,29.1826,38.6254,19.664,9.46
Ti6Al4V,2529.8418,799.1509,0.0529050756137642,5.4984923174608085,5.1010440015510365,10.0,6,2,3.2544,384.7234,21.414,9.33
Ti6Al4V,1103.2239,540.3744,0.1216584180752138,10.874027592903772,10.394072140998528,20.0,4,1,32.1588,595.5493,25.6686,8.73
SS316L,2609.2881,839.8728,0.0798787438532873,6.221970845397077,6.376242199077124,10.0,4,1,129.9314,276.0032,25.2209,7.95
Al6061,0.0,0.0,0.0,0.0,0.0,16.0,3,0,19.8731,18.9714,25.059,2.7
Al6061,7950.9384,23952.1926,0.0,0.0,0.0,10.0,3,0,59.7982,523.6717,29.9092,6.36
SS316L,5494.7703,1173.2121,0.0541892507171931,3.695888829986712,1.7863569813599185,8.0,4,2,7.9804,498.249,19.8896,9.7
SS316L,2575.0404,1439.4162,0.1091584283203908,0.0,0.0,16.0,5,1,24.0427,488.4021,30.6691,6.79
Al6061,7999.8966,1453.7233,0.0619557480521623,4.760238097901316,2.898319979857466,6.0,3,0,1972.0857,445.475,21.6987,6.36
Ti6Al4V,1576.2788,375.8275,0.0802680212152286,4.3244823155136976,2.392241008191832,12.0,3,2,42.5255,75.9871,21.2368,8.22
Ti6Al4V,2607.2974,24098.0121,0.0,0.0,0.0,10.0,5,1,17.5461,163.3186,22.6329,5.85
C45,1657.8536,774.2046,0.1561431736354289,21.64215609256893,6.457526185402432,25.0,3,2,214.388,137.767,19.3385,16.83
C45,6779.4326,24221.5436,0.0,0.0,0.0,12.0,4,1,2.9443,94.007,20.6397,7.36
C45,5714.8337,24304.3559,0.0,0.0,0.0,10.0,3,1,43.4858,511.3464,28.0914,7.04
C45,0.0,0.0,0.0,0.0,0.0,8.0,4,0,17.4781,74.5621,24.8065,4.17
C45,8008.3808,1773.1308,0.0554499625688081,5.043885631344372,3.4107634922291235,6.0,4,1,26.8657,284.7457,22.535,9.64
C45,2202.9802,24051.9373,0.0,0.0,0.0,20.0,4,1,48.8849,13.1089,22.7884,6.04
Al6061,7947.9703,1959.2148,0.082355922986489,0.0,0.0,10.0,3,0,122.8243,33.5968,24.8297,6.02
Al6061,5777.1602,1489.4125,0.0868211463359814,21.90887225158912,11.503750923971568,20.0,3,0,87.47,474.7859,18.7534,17.38
SS316L,6302.6196,457.7021,0.0181168744060359,3.3947276932781945,1.6730116938081323,6.0,4,2,31.5968,475.3589,17.9861,9.62
Al6061,8018.5124,24146.5737,0.0,0.0,0.0,10.0,3,1,81.3862,576.1124,28.7254,7.9
Al6061,0.0,0.0,0.0,0.0,0.0,10.0,3,0,269.1522,72.8057,19.4957,2.71
Al6061,8016.6128,3223.6359,0.1340456760542717,8.063080981967605,1.5692304601802434,12.0,3,1,92.6245,424.7386,23.5372,8.67
Al6061,8024.1327,1981.9616,0.1252624733698899,0.0,0.0,12.0,2,1,144.2232,324.5243,25.3905,6.92
C45,4150.1744,24177.8351,0.0,0.0,0.0,12.0,3,2,35.8456,508.9069,22.6407,9.09
Ti6Al4V,2386.2789,493.8268,0.0513096520691822,6.539832058137916,4.171450177665111,10.0,4,1,19.6646,358.1572,20.2844,5.98
Al6061,0.0,0.0,0.0,0.0,0.0,10.0,3,0,367.6071,34.6076,27.6213,2.82
Ti6Al4V,1431.7555,695.2256,0.0807114891903648,4.240725958163762,5.991178715097835,16.0,6,2,17.1036,532.1342,21.5899,9.34
Ti6Al4V,2960.1477,23947.4163,0.0,0.0,0.0,8.0,6,1,11.2787,478.6884,22.7806,6.0
C45,4953.8166,1439.333,0.0729253663887623,15.314684475635271,8.14546796446445,16.0,4,1,7.4441,26.9564,21.06,20.61
Al6061,7952.8076,653.7101,0.0417818423398021,5.332707694306191,3.7695213519579966,10.0,2,1,191.0598,198.0085,27.4038,7.79
C45,7996.7896,1100.4135,0.0272876375809471,3.757186021377573,3.215535030886028,6.0,5,1,50.0887,343.6027,29.3105,8.48
Al6061,8039.3158,2174.1183,0.0915850166028215,12.18646527951629,6.020614638727736,12.0,3,1,14.8641,3.9938,24.1039,11.63
Al6061,7964.8346,1383.8242,0.0571031913780222,6.4157840544948765,5.288583420993339,10.0,3,0,155.6157,308.3987,22.1623,7.19
SS316L,0.0,0.0,0.0,0.0,0.0,10.0,4,0,17.2009,242.304,25.9197,2.87
C45,5151.0253,2311.7121,0.07408720116266,4.040701468757646,4.5701589294729095,10.0,6,1,56.0113,40.1793,23.2797,10.1
Al6061,7984.9606,5079.9832,0.2099717499415632,18.305899961922947,6.457926157996362,20.0,3,1,8.2531,582.6436,25.3524,21.96
C45,3063.0972,1855.5359,0.2041051952331595,15.193892833917912,8.160275818583367,20.0,3,1,29.6135,439.0755,23.5288,26.42
Ti6Al4V,937.5087,171.1661,0.0459863708505408,10.82622868397223,8.020520879942673,16.0,4,2,83.6626,462.5986,32.8087,8.72
SS316L,3903.6772,938.8813,0.0809429612396957,7.415378453388806,4.788143478105596,10.0,3,1,28.9197,83.9404,20.5168,8.91
Al6061,8003.4293,2944.2344,0.1230342361442113,3.270814001746603,2.2979911053716373,12.0,3,1,155.858,195.2739,23.7269,8.16
C45,5697.1896,1552.09,0.0537536004209473,7.717672214459064,5.077341094463858,12.0,5,1,9.4198,354.5383,24.3401,11.59
C45,1782.6304,626.3459,0.1155183551008123,0.0,0.0,25.0,3,1,101.3466,193.7522,25.4592,4.87
Al6061,7988.0191,1706.7703,0.10779309970918,3.595585976793333,3.3934521205373045,10.0,2,0,166.3251,12.415,21.7016,6.98
Al6061,7975.9974,1471.8501,0.0936872802636586,18.84953963772365,3.628990379604927,16.0,2,1,60.3735,79.3787,24.6581,11.88
SS316L,3747.9831,2206.1092,0.0982445028592432,10.194093354084856,3.219762293612288,10.0,6,1,16.4164,27.868,24.6556,11.91
Ti6Al4V,0.0,0.0,0.0,0.0,0.0,10.0,4,0,4.581,58.4001,24.019,2.69
Al6061,7981.1758,24121.6723,0.0,0.0,0.0,16.0,3,1,12.539,72.926,22.0244,7.9
Ti6Al4V,1564.6721,554.0367,0.0594857087676743,6.99478365405813,5.858734368029969,10.0,6,2,117.8973,82.4977,22.9217,9.28
Al6061,7996.3716,24069.9513,0.0,0.0,0.0,6.0,3,1,1705.4735,136.7446,26.5903,7.89
C45,4939.0813,2673.1661,0.1096681452254895,14.218098967702051,2.5505805448155963,12.0,5,1,19.2572,535.0755,26.1443,12.63
Al6061,8050.4102,5007.6654,0.2051484636199647,13.472819974552795,8.978065035925136,16.0,3,0,24.0399,32.1888,26.4969,19.2
C45,2605.4631,2296.9089,0.2213895663101213,17.62781806509889,5.921090792000317,25.0,4,1,11.5913,20.6149,22.8849,19.97
Ti6Al4V,1267.2494,494.8675,0.0650337829117308,0.0,0.0,16.0,6,2,41.5501,431.4678,28.5775,7.67
C45,4454.971,1605.1593,0.1201305028282091,5.782630844890372,7.35558333267659,12.0,3,2,30.7095,531.782,17.6883,13.29
C45,4389.0853,524.3627,0.0300427885027275,10.587706997895898,2.239915173708548,10.0,4,1,107.7744,566.4642,22.225,7.22
C45,2619.5249,1859.6181,0.1804214386527247,9.841303585442054,11.46110575712982,25.0,4,2,15.7916,233.2403,18.5799,20.34
C45,3497.5371,1240.1309,0.0889176541716793,8.387996542544007,3.453276290398457,12.0,4,1,148.5503,388.8769,26.0596,8.64
Al6061,8019.0259,3560.8469,0.1470795580112882,0.0,0.0,16.0,3,1,10.5417,237.0901,24.2207,7.08
SS316L,4756.0354,1757.0,0.0738155309706756,9.082263527875693,1.992842378215952,8.0,5,1,35.6248,467.3278,23.8235,9.58
Ti6Al4V,1895.9236,904.6163,0.0948629641413824,3.5387177111018127,1.3182318961905044,12.0,5,1,15.3045,24.2821,30.1051,8.21
Al6061,6782.1518,24020.5584,0.0,0.0,0.0,25.0,3,1,2.9949,290.8566,22.6383,7.32
Ti6Al4V,1951.9654,24093.7348,0.0,0.0,0.0,12.0,4,2,3.933,351.8414,20.4782,8.42
C45,5517.6133,1895.7214,0.0868767347569995,9.995181179905217,2.8448693127422144,10.0,4,2,26.0232,570.2869,30.7585,13.68
C45,4048.4583,2908.106,0.1440113525045651,0.0,0.0,16.0,5,1,12.0288,179.7475,22.561,5.56
SS316L,3297.6806,24164.1677,0.0,0.0,0.0,10.0,4,1,8.7616,316.8745,18.872,6.12
Al6061,7993.3594,3348.3011,0.137978522174547,7.613422413167877,5.0473176666142425,12.0,3,1,116.4918,257.2807,21.0531,10.92
Al6061,3539.3281,1578.1022,0.2178579404939883,18.618434194121704,6.338803304257263,25.0,2,1,118.0503,337.7017,34.5267,10.69
C45,0.0,0.0,0.0,0.0,0.0,6.0,4,0,96.8279,55.9998,15.3885,2.53
C45,7457.2557,23786.148,0.0,0.0,0.0,8.0,5,1,19.5957,216.9094,26.3268,7.6
SS316L,3427.3948,1474.9877,0.0862825432130884,8.463084653885229,2.1211424894395603,10.0,5,1,41.6571,600.7043,19.2114,8.53
SS316L,2230.9539,24046.9328,0.0,0.0,0.0,16.0,5,2,5.0893,390.4117,25.8637,8.7
C45,0.0,0.0,0.0,0.0,0.0,20.0,5,0,16.2702,74.0226,14.4849,2.57
Al6061,7973.7712,23918.3111,0.0,0.0,0.0,12.0,3,1,93.5633,526.3454,27.0567,7.78
Al6061,8011.0753,2278.6508,0.0949604813842362,4.306832008985696,3.933204748039234,8.0,3,0,407.5551,60.8048,14.0,6.98
Ti6Al4V,1816.7374,598.826,0.0823358361031046,0.0,0.0,10.0,4,2,12.3686,46.955,26.8118,7.68
C45,5885.684,4757.2481,0.1334226671961889,11.256431500987931,3.747276035884317,12.0,6,1,19.199,273.0204,26.2754,22.87
C45,4649.147,2310.8119,0.0984646167167541,6.490004193854945,1.8824884546339349,12.0,5,1,51.6711,393.5928,16.2651,8.95
Ti6Al4V,982.8627,23812.289,0.0,0.0,0.0,20.0,4,1,42.5349,483.6514,25.7399,5.67
Al6061,6136.5519,1684.9332,0.0896818143321532,4.872137518775464,9.500421513964572,16.0,3,1,33.7376,320.1177,27.8177,8.61
Al6061,7994.6924,1051.8665,0.0655441871438743,0.0,0.0,10.0,2,0,209.8543,201.4864,25.0863,5.51
C45,3456.3739,23706.7236,0.0,0.0,0.0,16.0,5,1,46.3466,35.515,24.494,6.27
Al6061,7981.9613,988.4627,0.0619081679262742,14.41747055174836,5.525054312665601,12.0,2,1,121.8154,46.0523,27.2674,9.94
SS316L,2364.8696,584.1735,0.0498987589578472,11.664247997795924,5.184507290410934,12.0,5,1,46.9757,40.7206,29.7491,8.92
C45,8016.8156,726.7642,0.0183067507870224,0.0,0.0,6.0,5,1,3.148,43.7751,23.3036,7.19
C45,5532.1887,2387.0095,0.0849403950668353,12.04861044210986,2.6091262432188285,10.0,5,1,39.2234,302.2663,21.3243,12.32
C45,3781.6757,1000.2136,0.0655250016116713,22.161297609923693,8.95005433978497,16.0,4,1,7.7245,283.0464,22.6493,20.79
C45,5900.3078,2254.5046,0.0955854952141705,2.887948656319881,5.947944525816036,10.0,4,1,39.46,21.5775,24.2044,10.71
Al6061,8009.6363,842.6933,0.0350607587157691,2.3117058390862315,2.0109990566712197,6.0,3,0,1388.1027,38.9875,14.0,5.99
Al6061,5295.1862,3284.4505,0.2024541838680557,15.749584289786316,11.555955194904636,25.0,3,1,33.5599,224.0985,24.7425,22.05
C45,5082.087,2225.3048,0.0874681628175712,10.376269317752104,4.770007712886321,8.0,5,1,73.2203,84.563,20.368,14.16
C45,3593.5212,1536.0376,0.0883026983544175,0.0,0.0,20.0,5,1,7.0359,170.1561,28.0423,5.58
SS316L,2164.2058,23979.7232,0.0,0.0,0.0,16.0,3,1,62.2432,233.8243,24.0075,5.78
SS316L,3758.0935,2206.2867,0.0982445028592432,10.194093354084856,3.219762293612288,10.0,6,1,17.0831,28.5347,24.6556,11.91
Ti6Al4V,1533.0136,416.2026,0.0901180156740703,4.046130813437597,4.968242472895851,10.0,3,1,105.7265,44.7236,24.7551,5.62
Al6061,2713.4967,1603.9528,0.2018043939183494,26.598435595161156,14.564848717754389,25.0,3,1,160.7432,97.7296,18.8905,20.0
Al6061,7975.6395,2488.9057,0.1545817658917806,5.4959955143660135,4.9785435951433765,12.0,2,0,60.1443,600.2178,20.3342,7.62
Al6061,8038.8022,2179.8502,0.0910643805345307,10.14916832282748,5.783295690462554,10.0,3,0,208.2714,202.7391,21.6588,9.7
SS316L,2201.0851,1643.0841,0.1505179833376617,0.0,0.0,20.0,5,1,18.4267,36.855,24.6883,5.14
C45,7720.2227,2153.4216,0.093099706896922,12.970283973816649,4.654057450530934,10.0,3,1,4.1241,210.922,23.0869,15.8
C45,5551.7158,1897.4258,0.0681242545731627,14.596929842276587,2.6466306274596976,12.0,5,2,13.6104,522.0934,29.6703,16.2
Al6061,8029.1661,1777.3885,0.0741727916177719,7.275392158937834,5.861367639683545,12.0,3,1,201.7412,570.4935,22.1365,10.14
Al6061,6592.24,23624.349,0.0,0.0,0.0,20.0,3,0,1.1794,23.3673,18.6844,5.81
C45,7994.8115,2623.7435,0.0669521516045962,5.214819925209108,2.1995578582104947,6.0,5,1,58.7618,150.1488,20.3095,9.9
Al6061,8017.2051,2764.3293,0.1139278330847597,0.0,0.0,12.0,3,1,149.1148,408.1445,14.0,6.67
C45,3868.8749,2131.806,0.0928296523956284,0.0,0.0,16.0,6,1,15.99,527.7375,24.1037,5.39
Al6061,0.0,0.0,0.0,0.0,0.0,6.0,3,0,1112.9853,561.8358,24.0807,2.74
Al6061,7971.417,1003.6442,0.062341600309682,11.255511117723431,7.267152641335351,16.0,2,1,64.5478,475.5462,24.3964,9.87
Ti6Al4V,954.3411,548.0103,0.1434547393606599,18.32577165367548,3.109420011978134,20.0,4,2,15.7221,37.9081,15.8347,9.34
C45,2948.1694,23693.5816,0.0,0.0,0.0,20.0,4,1,21.5054,50.1819,24.8043,6.0
C45,7665.9706,3895.835,0.0851675816917967,4.214934100627949,3.1489991545708382,8.0,6,1,34.0745,530.2508,23.298,12.43
Al6061,7989.119,23959.8006,0.0,0.0,0.0,10.0,3,0,170.9933,475.3099,23.2994,6.3
SS316L,1614.683,1417.8074,0.1482819537800054,14.722272673174514,8.949761792174995,20.0,6,2,50.5003,85.8786,26.8294,24.32
Ti6Al4V,2237.1772,458.3668,0.0404000022655666,0.0,0.0,12.0,5,2,6.1455,75.2229,21.1174,7.64
Al6061,7990.7749,24265.3533,0.0,0.0,0.0,10.0,3,1,210.0599,54.4195,20.4409,7.96
Al6061,7993.5901,1109.5538,0.0470186706532874,7.218819306638736,3.9406204039259953,8.0,3,1,593.3532,394.9359,30.1969,8.77
SS316L,2753.9201,708.959,0.0857902901714268,6.751197834997822,4.323378518666704,10.0,3,1,82.6371,253.5402,21.8614,7.41
Al6061,7521.37,1766.4369,0.116651302440161,5.035378708231448,7.535079630488896,20.0,2,1,19.4808,359.0158,25.2172,9.01
SS316L,4213.5831,420.9245,0.0251213698453371,6.709935622636944,3.077379300629945,8.0,4,2,77.2977,275.1203,27.704,9.79
Al6061,8012.8894,4727.9029,0.1984504192362882,12.183528641368822,8.908447896796273,16.0,3,1,41.4489,579.2783,20.4348,25.72
SS316L,3373.3063,23995.188,0.0,0.0,0.0,12.0,4,2,40.4217,311.4557,23.8899,9.94
SS316L,0.0,0.0,0.0,0.0,0.0,25.0,5,0,34.8475,15.1028,24.5795,2.81
SS316L,3076.7331,984.9506,0.063122319960216,9.811092074425702,3.5436899275415445,10.0,5,2,31.5511,32.2327,25.6966,11.37
Al6061,8001.4398,2188.5024,0.0929901844344688,6.818801371926721,4.628252090488877,8.0,3,1,449.5728,499.1268,29.6122,9.87
C45,2816.3207,2073.2375,0.1464252232794402,5.572404757761396,12.327517849994614,20.0,5,2,27.0797,253.4059,25.3627,16.95
SS316L,2033.7895,381.5565,0.0469411916368614,12.821009585636272,4.7092184406736,12.0,4,2,169.1017,173.9407,18.2012,9.95
C45,0.0,0.0,0.0,0.0,0.0,6.0,5,0,48.0887,341.7694,29.3105,2.87
Al6061,0.0,0.0,0.0,0.0,0.0,8.0,2,0,260.4896,23.7471,29.4363,2.88
Ti6Al4V,1897.9109,308.1024,0.0416401650169287,8.675739471698611,0.8007907496147894,10.0,4,1,14.4894,389.064,28.6142,5.61
C45,6996.3735,2585.7686,0.0739258092835533,10.459514851892145,4.081932998505476,8.0,5,1,18.9013,69.5316,27.5033,18.5
Ti6Al4V,0.0,0.0,0.0,0.0,0.0,10.0,3,0,22.0883,39.7211,27.619,2.85
Ti6Al4V,2440.6983,23450.2997,0.0,0.0,0.0,10.0,4,2,22.8897,374.7815,27.3685,8.85
SS316L,0.0,0.0,0.0,0.0,0.0,12.0,4,0,13.8896,98.5023,26.1301,2.79
Ti6Al4V,3255.6026,833.5037,0.0515043468229138,4.896769771689198,2.265159176772702,6.0,5,1,4.6238,486.8667,31.1361,6.43
Al6061,0.0,0.0,0.0,0.0,0.0,20.0,3,0,89.6672,25.3091,21.5625,2.75
SS316L,3193.4355,1935.7449,0.1001655276221097,0.0,0.0,12.0,6,2,32.1373,499.5732,19.567,7.93
Al6061,6030.136,1586.6389,0.0886067241193108,0.0,0.0,25.0,3,1,28.783,501.2671,17.4909,8.76
Al6061,8012.2248,540.5192,0.0334751059031518,0.0,0.0,8.0,2,0,1062.2096,391.4975,22.6862,5.4
Al6061,5791.1719,2506.5395,0.1455915565549667,15.87968598559965,2.470747232205711,25.0,3,0,29.6144,321.0262,18.2471,8.44
C45,5552.2018,2612.844,0.1177056702168988,12.598223453554798,5.221262351253104,10.0,4,2,14.1649,594.5322,22.4743,22.77
Ti6Al4V,955.436,553.655,0.1434547393606599,0.0,0.0,20.0,4,2,14.5554,37.0748,15.8347,7.12
Al6061,7987.0871,24734.7323,0.0,0.0,0.0,8.0,3,1,360.646,190.0666,21.1428,7.69
Ti6Al4V,1141.1896,390.8878,0.0687164281789876,10.492137562737446,7.632960328221847,12.0,5,2,200.7467,10.7373,29.168,9.81
Ti6Al4V,914.7065,438.9108,0.0946004420640768,4.97933415615929,7.814601888388654,16.0,5,2,113.4446,532.712,24.0515,8.55
Al6061,0.0,0.0,0.0,0.0,0.0,20.0,3,0,13.9155,583.7375,24.1255,2.7
Al6061,7999.4748,1176.8701,0.0479667715603733,0.0,0.0,8.0,3,0,503.2494,249.6764,27.4783,5.44
Ti6Al4V,1676.7877,420.0091,0.0628797135745852,8.422616311856565,6.445996972513475,12.0,4,1,17.7931,591.0726,22.3581,6.59
Ti6Al4V,1204.6147,357.5144,0.0598544414322289,12.49407718034002,9.075990322244328,16.0,5,2,74.6666,426.2137,22.0657,10.41
C45,8028.1699,1721.7664,0.0531348501948078,0.0,0.0,8.0,4,1,15.6921,456.6769,23.739,6.99
Ti6Al4V,2387.0871,296.0819,0.0306149113981782,0.0,0.0,10.0,4,2,11.4684,454.9687,23.0048,7.57
C45,2574.2106,1082.341,0.1047445180858011,17.261725754367486,9.245868713218568,20.0,4,1,95.5228,5.6635,25.8504,20.09
C45,4969.3805,2816.6673,0.0926516599163616,0.0,0.0,12.0,6,1,26.4881,436.1446,22.2163,5.94
SS316L,0.0,0.0,0.0,0.0,0.0,6.0,3,0,55.6388,282.0666,20.8912,2.86
C45,3120.0308,1551.0507,0.0991698482472078,22.819891082422355,5.359323306288267,20.0,5,2,10.0778,138.9328,26.8827,21.84
Ti6Al4V,1548.6005,724.8303,0.0784787888295158,10.02435955325798,1.4496178534983497,10.0,6,2,86.2119,236.9841,21.5162,8.55
C45,4942.5169,1454.0353,0.0729253663887623,0.0,0.0,16.0,4,1,6.2775,26.2897,21.06,6.03
SS316L,1547.0579,904.6451,0.1475336828639607,6.212863518932401,9.084689318925452,20.0,4,1,32.1743,269.1947,19.8083,8.79
Al6061,5363.3249,24144.3775,0.0,0.0,0.0,25.0,3,0,33.0977,318.4553,22.5834,5.28
SS316L,0.0,0.0,0.0,0.0,0.0,10.0,3,0,23.3949,54.0648,29.863,2.88
C45,6274.2281,1301.9483,0.0416896838535288,11.36109920795624,4.165558531041103,10.0,5,1,4.7684,366.7407,27.2557,12.09
Ti6Al4V,1047.2341,914.9762,0.1477514091224466,0.0,0.0,20.0,6,2,12.1843,51.727,25.0592,7.29
SS316L,2917.2582,823.7848,0.0467813256752302,0.0,0.0,10.0,6,2,76.0285,316.5853,24.5149,7.53
C45,3532.9773,23644.6273,0.0,0.0,0.0,16.0,4,1,65.3127,34.3838,28.4245,6.4
C45,3560.7418,1631.3782,0.07502451286777,13.650185058750203,8.331487222485412,16.0,6,1,68.8474,99.0477,27.3157,22.4
SS316L,4827.4879,1588.3094,0.0545756022030004,6.004656033390533,3.51472638462627,6.0,6,1,82.5133,289.7257,31.1443,9.1
Ti6Al4V,1903.0517,287.242,0.0303323932530357,3.830585560462086,3.514163255986745,12.0,5,2,3.7142,19.2426,18.4011,8.4
C45,7957.4868,1805.5779,0.0566380624404599,5.7751058186332775,3.7673631539807033,8.0,4,1,3.9895,170.4471,34.8188,10.04
Ti6Al4V,669.9121,241.521,0.091896756472518,7.78305557035657,8.197163175028253,25.0,4,2,7.2593,57.2353,24.6763,8.39
C45,3448.1716,2036.6374,0.1515125417037819,12.32328357786779,8.13525838128593,16.0,4,2,33.5473,264.0808,22.6651,24.42
C45,5125.5967,3010.0969,0.0992346465486261,17.6975389562557,1.482714724181149,12.0,6,1,33.6001,75.6396,16.9402,13.99
C45,4671.0511,2511.8701,0.1780128370465542,14.364461567319092,2.6227186140321144,16.0,3,1,8.7712,490.9323,32.3188,12.36
C45,6677.1026,1833.8406,0.046512331364972,9.56465731231788,3.5347396726329943,8.0,6,1,33.5748,515.886,21.1823,12.9
C45,1970.8498,1597.3208,0.2037937812524378,6.506967925329713,4.771363066643513,25.0,4,1,56.4316,212.7835,34.3395,8.78
Al6061,8044.3684,2379.7899,0.0977695211383539,0.0,0.0,8.0,3,1,63.0919,440.5353,21.0072,6.82
SS316L,0.0,0.0,0.0,0.0,0.0,6.0,6,0,25.1677,49.5701,34.0874,2.97
SS316L,3544.5864,1139.324,0.1083878959937085,0.0,0.0,10.0,3,2,23.3949,54.5648,29.863,8.35
Al6061,7973.1913,1052.0546,0.0436795997272452,8.627365872519373,5.452922744493058,12.0,3,1,40.6493,176.9746,20.6314,8.87
Al6061,6178.7059,980.5177,0.0796118807520149,16.04966194038607,3.421884469837729,12.0,2,1,130.0508,413.9702,29.1004,8.18
C45,4190.51,3259.0697,0.1971114814062416,10.084352446318531,7.159234164007711,16.0,4,1,25.6029,597.6541,14.0,22.57
Al6061,7935.8693,912.6073,0.0372746872371845,0.0,0.0,6.0,3,1,688.801,318.1299,26.9812,6.82
Al6061,7957.6017,1042.9493,0.0648762465826024,14.488892842912096,0.8177381145430164,10.0,2,1,386.8635,59.5666,21.4646,7.85
Al6061,6105.145,1090.525,0.0586879675885755,12.818014984131556,7.782420365724831,16.0,3,1,211.5523,340.9748,24.9988,11.2
Al6061,5848.1378,3623.4217,0.3092903562891361,17.189445133634553,11.698732514480296,25.0,2,1,6.3067,489.5456,22.753,19.02
C45,5237.5868,4298.1765,0.137879227270221,0.0,0.0,12.0,6,1,20.986,544.5515,30.6112,5.96
Al6061,6113.4662,756.9291,0.0419962367998686,5.158695414573074,4.473867650116658,12.0,3,0,372.5992,33.309,27.3293,6.18
SS316L,3876.6185,421.1281,0.0363395788169121,3.5807849140550583,5.265651429206156,10.0,3,1,2.6345,55.3632,27.0532,6.62
C45,4878.5606,2712.1249,0.0929775400761435,5.905722247078556,6.009907342095541,12.0,6,1,51.1053,341.5576,23.6644,16.63
Ti6Al4V,1353.6373,24209.3213,0.0,0.0,0.0,12.0,6,2,50.3935,439.0411,18.721,8.1
Al6061,8019.3223,1581.4618,0.0984470768899869,3.978867874055208,3.385746631951457,12.0,2,1,126.531,285.6942,28.071,7.95
Ti6Al4V,0.0,0.0,0.0,0.0,0.0,16.0,6,0,6.9559,329.8095,24.7041,2.7
SS316L,7613.9722,1234.8624,0.0400163632562742,0.0,0.0,6.0,4,1,3.7804,293.318,27.6071,7.13
Al6061,8033.537,3181.4945,0.1308062721121053,0.0,0.0,12.0,3,0,96.3948,61.0494,25.7398,5.74
C45,7485.2663,1295.0189,0.0342928370716479,6.77708968930785,2.118638085836993,10.0,5,1,21.4435,500.5059,19.0944,8.87
C45,6410.2317,1387.3409,0.0537209474785094,6.944771654784045,6.260468189994327,10.0,4,1,9.0127,59.0819,18.7783,13.68
Al6061,0.0,0.0,0.0,0.0,0.0,16.0,3,0,5.2153,475.36,23.5144,2.81
SS316L,4184.3979,559.7069,0.0222307095019204,8.257442375957506,3.5830902151517505,8.0,6,1,79.9012,514.7316,19.9849,8.16
SS316L,2372.7754,1956.4351,0.1671573805524585,11.200816707321923,7.508115149453388,16.0,5,1,22.1541,52.1926,27.4033,19.31
Ti6Al4V,1516.3261,864.6986,0.1410789662747962,6.61948677810782,6.930379926805082,16.0,4,2,14.371,130.2736,30.0941,9.67
Al6061,7994.445,2484.379,0.1544653524986875,23.57507036238509,8.974522741714175,20.0,2,1,3.0118,27.1321,33.114,20.18
SS316L,3289.1033,547.9025,0.0327229597324784,3.691212498263379,5.347941075145316,12.0,5,2,47.0743,385.1237,26.2658,9.73
Al6061,7994.4204,1133.0401,0.0705254581478043,13.412830962931864,5.984005291216743,10.0,2,1,69.6016,16.5298,24.0435,10.23
C45,4500.6587,942.4791,0.0347161805260791,0.0,0.0,10.0,6,1,210.3385,320.3649,14.4678,5.38
SS316L,2591.5232,1636.826,0.1539783275585568,16.982102702550673,6.510527044984879,16.0,4,1,16.793,3.9498,33.6386,19.43
Al6061,8018.1285,786.2962,0.0331898754174401,10.881878684931092,1.4845169321928553,8.0,3,0,281.2308,362.106,27.0752,6.29
Ti6Al4V,1598.6346,729.6962,0.115071276094022,3.34836169790442,6.951029018965149,12.0,4,1,13.7742,601.0317,21.5929,5.77
SS316L,1423.6546,401.4921,0.0696160573006354,17.811285860608717,6.071948025114336,20.0,4,1,32.9483,1.5586,20.8851,8.94
C45,7974.5061,2077.5554,0.0656047292148564,7.302687333589996,3.3929197834592166,6.0,4,2,11.228,179.1792,24.8661,13.37
C45,4617.2613,2738.6358,0.0991449557398819,0.0,0.0,12.0,6,1,40.2722,9.0558,21.7355,6.01
Ti6Al4V,1897.8775,368.7723,0.039600194861162,0.0,0.0,10.0,5,2,65.9029,424.3199,30.283,7.51
SS316L,2818.4744,949.9871,0.0844252049890335,17.552786259620785,3.735887467537582,16.0,4,1,14.2532,34.1822,23.8896,10.71
Al6061,8007.1167,1834.5587,0.0766812274364803,6.4242945483061495,3.403901898222601,6.0,3,1,1223.9187,586.6162,24.6665,8.48
Al6061,0.0,0.0,0.0,0.0,0.0,16.0,3,0,48.5427,524.9227,25.5125,2.74
Ti6Al4V,870.6041,480.5464,0.1371461754275824,20.44283524243428,14.196086818919126,25.0,4,2,32.9368,587.2662,30.1769,15.0
Ti6Al4V,1688.1122,538.4859,0.1054378273603194,6.969809065113268,2.651814782706752,12.0,3,1,14.9392,378.1379,23.1699,5.67
Ti6Al4V,2050.8818,572.5199,0.0560056062388868,3.7922435369453966,2.608213284913944,8.0,5,2,80.2179,84.811,23.9062,8.71
Al6061,7997.0731,23958.9759,0.0,0.0,0.0,10.0,3,1,303.4707,500.2521,25.594,8.07
Al6061,7992.8269,24080.2409,0.0,0.0,0.0,16.0,3,1,41.5786,244.6686,21.222,7.76
C45,2878.2061,1906.5203,0.111204699433945,13.316177148883956,8.377869254607683,20.0,6,1,43.1509,572.1535,22.0589,24.4
C45,4777.5092,1695.4689,0.0711032245168049,7.49250568334295,2.7283624139795832,10.0,5,2,92.2107,284.8984,19.6144,11.75
C45,0.0,0.0,0.0,0.0,0.0,12.0,6,0,31.7668,73.8063,16.9402,2.61
C45,0.0,0.0,0.0,0.0,0.0,6.0,3,0,5.6368,48.9673,23.6819,2.83
Al6061,7987.5824,23789.662,0.0,0.0,0.0,16.0,2,1,63.7144,474.8796,24.3964,7.79
Ti6Al4V,2441.987,24362.7627,0.0,0.0,0.0,10.0,5,2,12.2216,30.3158,15.6614,8.54
Ti6Al4V,0.0,0.0,0.0,0.0,0.0,6.0,6,0,61.2503,593.5923,22.0529,2.69
SS316L,0.0,0.0,0.0,0.0,0.0,8.0,5,0,24.3669,15.2291,19.6464,2.65
Ti6Al4V,918.0097,290.3988,0.0518388277767183,0.0,0.0,20.0,6,2,84.2577,595.6119,27.5792,7.35
C45,2926.2575,1937.8038,0.1654122610932326,12.874411515743354,2.1551551382246017,20.0,4,1,22.5054,51.0152,24.8043,10.02
Al6061,7957.8507,2269.4014,0.0932510413297514,19.471634660381238,7.743416496265882,16.0,3,1,44.7535,356.17,23.5438,18.01
SS316L,3616.2578,2251.1036,0.1047627074235595,9.024952683716585,0.982631270624096,10.0,6,2,30.2177,205.3294,23.7836,10.27
SS316L,2243.5491,1318.3338,0.1485852947728183,16.418095583867093,8.295883934192668,16.0,4,1,5.2093,35.2169,19.841,16.44
C45,6290.5511,2268.1921,0.0720690759838766,0.0,0.0,12.0,5,2,12.165,497.4709,30.4085,9.05
C45,2692.0477,834.1732,0.1021622982674331,22.54885300473417,11.195287179213231,20.0,3,1,33.2268,386.7526,26.8072,20.73
Al6061,8019.7622,3190.4619,0.1333183745785447,8.925164589684487,3.0136387879185875,12.0,3,0,49.139,153.1896,21.7773,8.84
C45,2576.9251,2263.5712,0.2213895663101213,17.62781806509889,5.921090792000317,25.0,4,1,10.9246,19.9482,22.8849,19.28
C45,3261.2144,901.0858,0.054377773335673,0.0,0.0,16.0,5,1,37.6199,534.0669,22.3787,5.2
C45,4325.1276,1345.8044,0.0765881074644798,18.650628894414996,2.38960405300311,16.0,4,1,27.0908,325.8746,25.4283,12.41
C45,6550.6148,4274.4059,0.1294798607020956,8.119876135902885,4.70421120478877,12.0,5,1,8.6958,408.7984,18.0045,17.45
Al6061,7985.5344,2889.2206,0.1184709471955888,3.9919163569018834,3.5019129993817453,10.0,3,1,200.7576,49.3723,22.9302,8.86
Al6061,7985.4981,763.6022,0.031804507839428,4.89751773568786,4.3572441317978745,10.0,3,0,402.7451,320.4358,25.9487,6.6
Ti6Al4V,2654.3335,648.6679,0.0497909423082865,0.0,0.0,6.0,5,1,59.706,564.8339,21.5683,4.87
Ti6Al4V,668.8546,246.3909,0.091896756472518,7.78305557035657,8.197163175028253,25.0,4,2,7.0926,57.0687,24.6763,8.78
Ti6Al4V,875.1775,341.6528,0.0648532653110164,17.152119895182803,6.548707143395745,20.0,6,2,17.5961,12.0252,23.4859,9.81
Ti6Al4V,1734.3086,23955.991,0.0,0.0,0.0,10.0,5,1,31.8722,7.4221,17.5026,5.68
C45,7989.1005,24473.0926,0.0,0.0,0.0,6.0,6,1,56.307,31.7722,22.8172,8.11
C45,5860.2442,1858.4278,0.0638233696463466,12.771243236486756,4.238439240220552,10.0,5,1,32.6532,411.8056,23.5253,13.82
Ti6Al4V,2211.4777,1024.8153,0.0926354955230288,6.140414232887071,1.2168899197809857,10.0,5,2,12.1205,474.6834,25.6589,8.56
Ti6Al4V,2759.0846,320.7217,0.0287708640472807,6.299766548001843,2.7444013448049924,8.0,4,1,35.5545,56.968,23.5529,5.95
C45,6856.0322,24083.9749,0.0,0.0,0.0,8.0,5,1,37.3983,77.6891,26.3566,7.49
Al6061,8017.865,3494.4924,0.147547216407858,11.187713246196433,3.892571196125363,12.0,3,1,11.5976,252.4345,20.7638,10.71
Ti6Al4V,3389.8876,472.1388,0.028187050768182,0.0,0.0,6.0,5,1,53.2538,90.8818,23.4955,5.31
SS316L,1084.8967,23817.3465,0.0,0.0,0.0,25.0,4,1,67.0328,503.1883,22.7991,5.62
Al6061,7993.3964,3164.9499,0.1333183745785447,8.925164589684487,3.0136387879185875,12.0,3,0,49.639,153.6896,21.7773,8.4
Al6061,7092.0823,2426.2065,0.1706446784460027,0.0,0.0,20.0,2,0,2.4166,350.7206,22.1235,5.02
SS316L,0.0,0.0,0.0,0.0,0.0,20.0,4,0,29.2905,306.8905,24.3864,2.67
SS316L,4052.8967,23892.1995,0.0,0.0,0.0,8.0,5,1,65.6428,263.9773,30.6129,6.49
SS316L,0.0,0.0,0.0,0.0,0.0,16.0,5,0,9.5516,125.883,29.4193,2.89
Al6061,8018.0977,2405.2337,0.0994904097757121,22.98725081326934,5.399786904908326,16.0,3,1,16.1626,26.8609,29.0256,16.24
SS316L,1611.3193,1434.5059,0.1482819537800054,0.0,0.0,20.0,6,2,49.667,85.3786,26.8294,7.43
C45,0.0,0.0,0.0,0.0,0.0,12.0,4,0,14.9696,20.6563,25.3535,2.86
SS316L,1605.512,24067.2897,0.0,0.0,0.0,20.0,5,1,34.4755,264.7165,25.1371,5.62
Al6061,5776.5329,3573.4586,0.3092903562891361,17.189445133634553,11.698732514480296,25.0,2,1,6.6401,489.8789,22.753,19.32
Ti6Al4V,1999.6449,24067.1585,0.0,0.0,0.0,8.0,5,2,84.5221,237.5012,24.6914,8.58
SS316L,2329.3296,1325.1535,0.0951841147735312,0.0,0.0,16.0,6,1,17.801,437.1448,19.1013,4.99
Al6061,0.0,0.0,0.0,0.0,0.0,6.0,3,0,226.5901,168.2679,26.3633,2.8
C45,3147.0845,23829.8925,0.0,0.0,0.0,25.0,4,1,2.2949,77.835,28.7391,6.35
Al6061,7992.5827,1201.5958,0.049596789826376,3.356595476903881,1.2823277198418088,10.0,3,0,70.421,306.9877,27.9121,6.11
C45,5738.4816,2001.9483,0.1158934419934767,3.88608821129784,6.487945793269189,10.0,3,1,8.9968,122.3636,28.655,9.96
Ti6Al4V,1191.8886,23697.4926,0.0,0.0,0.0,16.0,5,2,22.7873,189.3526,25.7673,8.17
SS316L,3733.8993,407.8925,0.0271454406171893,0.0,0.0,10.0,4,1,17.2009,242.6373,25.9197,5.43
Al6061,7980.9367,4520.926,0.1877553179938896,11.153592017063415,5.530480812791731,16.0,3,1,16.1325,337.2842,24.5295,13.86
SS316L,4270.3549,871.9169,0.0514736383309341,9.811996307515829,1.1562682212145206,10.0,4,1,19.8801,161.54,23.3608,7.1
Al6061,8015.8925,1701.9295,0.0702139784486135,8.41007198856727,3.606705203344177,6.0,3,0,1324.0769,175.405,26.0194,7.78
SS316L,2811.3033,1430.6628,0.1277865323488978,13.763418161828234,6.667117306431363,12.0,4,2,33.0543,314.2755,24.8694,19.86
C45,8003.8069,2094.4492,0.0652676632149085,4.4941286365162165,3.393244940988575,6.0,4,1,12.074,512.0765,27.3789,11.94
Al6061,7933.111,1956.5004,0.1235343989809551,0.0,0.0,10.0,2,1,60.4311,295.7221,16.727,6.86
Al6061,7979.2894,958.4604,0.0611432116823701,16.97721729065337,6.3032874003864965,12.0,2,1,50.7524,574.8124,23.9827,10.68
Ti6Al4V,1273.0194,756.3177,0.0991124828340093,10.508625193847308,2.4405823979934187,12.0,6,2,103.9736,562.2321,26.9852,9.5
C45,3127.7163,1165.9016,0.1248038150678014,15.875544768169725,6.954760870344451,20.0,3,1,35.8536,516.8493,23.1048,18.2
SS316L,1787.7524,1884.1321,0.2675507937975983,11.499237042420914,9.373863648652286,25.0,4,1,10.3829,566.2308,21.051,18.21
Al6061,3534.2287,23813.2645,0.0,0.0,0.0,25.0,2,1,116.8836,336.8683,34.5267,6.45
C45,6717.9743,24138.8424,0.0,0.0,0.0,12.0,3,1,9.0897,360.219,14.9861,7.44
Al6061,6131.8538,3119.8157,0.2535068844721556,0.0,0.0,25.0,2,1,14.1696,264.7847,19.7531,6.05
C45,2778.6144,2168.7756,0.1292907758203643,10.907556193723542,9.000935240552991,20.0,6,1,63.1355,197.2342,23.9194,23.11
C45,6805.2271,5216.8741,0.1290446097223,5.649194128198007,3.566515854854775,10.0,6,2,10.2,22.2146,20.8879,19.41
Al6061,7757.036,3623.3101,0.1560020055356388,6.53902582564228,2.270627051671532,16.0,3,1,36.8858,551.7339,24.1331,8.91
SS316L,3216.1152,1113.0264,0.0575351259550556,5.187457417817055,7.326427597397477,12.0,6,1,28.1869,327.6495,23.9376,9.43
C45,3577.5619,2074.7207,0.1172206910509442,8.420628033682846,4.567834526440421,16.0,5,1,24.2648,483.7507,21.4989,12.12
C45,6716.8643,2059.3443,0.0610986741860991,10.58881285512708,3.6794451597361055,8.0,5,2,19.9179,48.5733,18.0204,15.82
Al6061,8032.4941,1025.7762,0.0423370688456758,0.0,0.0,8.0,3,1,1088.1245,71.9809,28.6181,8.59
Ti6Al4V,0.0,0.0,0.0,0.0,0.0,12.0,6,0,28.8701,25.9358,20.039,2.66
C45,0.0,0.0,0.0,0.0,0.0,12.0,5,0,6.3155,61.4068,25.4423,2.82
C45,6889.0306,2318.0714,0.1116483982144522,0.0,0.0,10.0,3,1,13.2766,389.6887,20.4133,8.19
C45,5159.5966,1623.5373,0.079033052975226,5.445084456373417,3.579319835598202,12.0,4,1,41.602,19.758,18.2864,12.21
Al6061,0.0,0.0,0.0,0.0,0.0,8.0,3,0,693.6146,26.6677,21.9115,2.79
SS316L,2085.0718,1148.1758,0.1794712647965193,14.94527324719726,12.095968930165457,20.0,3,1,4.6607,430.6755,30.7069,18.09
Ti6Al4V,1588.4191,23633.2483,0.0,0.0,0.0,12.0,3,1,45.9455,149.0167,28.1326,5.63
Al6061,8036.0149,2208.9348,0.0909934971798853,0.0,0.0,8.0,3,0,342.5708,9.574,19.4671,5.89
Al6061,8020.667,1797.2939,0.0751702191151897,2.3845660263677924,2.9032597620136507,6.0,3,0,942.0588,55.9989,24.6516,6.56
Al6061,7989.7495,3470.7378,0.1442359875839833,0.0,0.0,16.0,3,1,36.2365,360.1036,24.4367,7.05
SS316L,4637.2336,24157.4127,0.0,0.0,0.0,10.0,3,2,18.1122,277.6376,25.7556,9.42
Ti6Al4V,1348.7962,665.5418,0.0820194704345233,0.0,0.0,20.0,6,2,16.5521,303.4941,25.8315,7.4
SS316L,7329.2437,891.5849,0.0202642920612325,4.993548501686141,2.10510162508195,6.0,6,1,26.5011,50.9035,34.0874,8.84
SS316L,4185.7437,611.8079,0.047535374032067,10.220552940908252,2.5406863351826203,10.0,3,2,33.9515,529.3525,29.1032,10.26
Ti6Al4V,3466.8857,919.1074,0.0523376595946219,2.278415012682542,2.922928468131042,6.0,5,2,13.1278,245.4286,33.4911,8.8
Al6061,3675.1647,1988.1736,0.1777594794030856,0.0,0.0,25.0,3,1,70.9334,25.9389,20.4993,5.41
SS316L,3276.7279,530.4243,0.0327229597324784,3.691212498263379,5.347941075145316,12.0,5,2,47.2409,385.2904,26.2658,9.75
SS316L,3525.1029,1118.1853,0.0527085683978489,3.699850867199243,3.015667999929162,12.0,6,1,26.9544,38.5022,30.6948,7.0
SS316L,3487.6973,724.6848,0.0527654567220446,0.0,0.0,12.0,4,2,17.5815,347.9255,25.1213,7.94
Ti6Al4V,3160.2293,751.2361,0.0479064276149736,1.101175911585555,1.7618515386736893,6.0,5,2,21.9046,153.0083,14.0,8.15
Al6061,6671.2504,1690.9727,0.0837489149179759,25.70555329484832,2.8656614009158266,20.0,3,0,41.203,590.0339,17.9829,8.94
SS316L,1507.004,1396.1848,0.1535309680573527,9.822429396425983,2.270130813752289,16.0,6,1,177.6641,250.6423,27.7912,8.76
SS316L,3316.8694,674.9126,0.0673135440166627,0.0,0.0,12.0,3,2,2.2132,189.7978,25.8018,7.64
Al6061,5633.065,1693.8637,0.1006193121934756,0.0,0.0,16.0,3,1,151.9224,25.1631,25.2124,6.63
Al6061,8035.0016,1122.8246,0.0472299345765523,11.826626928390676,4.479570717882678,8.0,3,1,93.0068,131.5162,27.2859,9.33
Al6061,6085.2605,3132.7016,0.2535068844721556,0.0,0.0,25.0,2,1,14.1696,264.618,19.7531,6.37
Al6061,5647.3053,1707.1666,0.1500898247875768,32.41968217825723,6.643973239089475,25.0,2,1,30.7103,330.941,29.6109,18.72
C45,7986.5088,24246.6542,0.0,0.0,0.0,6.0,3,2,9.4587,55.1031,29.4574,10.62
C45,5069.549,2309.0623,0.1124417989931589,4.215516430961118,2.4443167018367458,10.0,4,1,12.038,334.2191,20.2699,7.83
SS316L,1884.3303,24316.6331,0.0,0.0,0.0,16.0,5,1,29.6887,41.7359,28.7887,5.9
C45,3280.9561,888.5033,0.054377773335673,8.824935933093144,3.4444645850974966,16.0,5,1,38.6199,534.4002,22.3787,7.77
Al6061,0.0,0.0,0.0,0.0,0.0,16.0,2,0,362.6649,466.0372,21.5136,2.67
SS316L,1751.8286,23723.7591,0.0,0.0,0.0,16.0,6,2,111.9169,596.4507,21.7508,8.4
Ti6Al4V,1629.4702,928.6233,0.1436226753975265,0.0,0.0,16.0,4,2,5.0629,31.1356,22.6705,7.45
SS316L,4017.4243,470.1948,0.0391166287756234,7.353927086651621,1.1774684817392709,10.0,3,1,49.3385,162.1181,27.4181,6.42
Al6061,7994.0472,23754.6745,0.0,0.0,0.0,12.0,2,0,4.8102,378.4347,20.5072,6.34
Al6061,7997.938,2975.2045,0.1231647239799745,19.052153870719398,10.379364666797535,16.0,3,0,25.3428,154.9184,27.1677,24.28
C45,5993.2226,1586.1784,0.0656343240287025,0.0,0.0,12.0,4,1,9.4133,415.364,26.6534,6.34
Ti6Al4V,4376.4119,466.6265,0.0364958121300594,5.88124464733006,3.696723363020377,6.0,3,1,10.4179,24.1192,28.3332,7.01
Al6061,7997.8649,1349.4852,0.0559834041012694,0.0,0.0,12.0,3,1,169.1091,31.0108,28.3699,7.63
SS316L,0.0,0.0,0.0,0.0,0.0,8.0,4,0,86.0399,84.7572,26.041,2.72
Al6061,8018.7002,2570.759,0.1065934218269642,20.49565630771786,5.309938330356161,16.0,3,1,60.7751,39.4796,21.62,16.5
Al6061,7986.2643,2204.2393,0.0922482689694922,10.39800140661476,3.5521173933871486,10.0,3,1,224.374,174.8582,24.7162,9.94
Ti6Al4V,0.0,0.0,0.0,0.0,0.0,16.0,6,0,2.9467,291.2746,24.5364,2.75
Al6061,5168.8322,2104.8183,0.1348773411846582,14.935098538988717,6.890619532223084,16.0,3,1,63.7428,54.2694,30.3821,12.19
SS316L,0.0,0.0,0.0,0.0,0.0,25.0,5,0,38.5577,409.7735,24.6039,2.74
Ti6Al4V,1201.8958,328.3874,0.0548234799929982,8.893499064465269,2.027201787940296,12.0,5,2,20.6759,333.1934,26.2641,8.04
Ti6Al4V,1400.572,381.9814,0.0692314693696558,16.629114393461,10.262608595366231,16.0,4,1,16.3729,549.1744,21.7935,9.41
C45,4913.4012,1492.4804,0.050414149055879,6.154573972038312,6.422234857701344,12.0,6,1,21.3953,225.1811,30.4035,10.7
C45,4636.1598,2289.9121,0.100246473908563,15.463462715070564,5.666316598684871,16.0,5,1,24.1721,55.1837,20.8108,23.59
SS316L,5228.7785,773.0348,0.0292278866632094,3.5868505754131976,2.5640134320616648,6.0,5,1,46.4479,293.7685,28.0677,7.27
C45,5262.8824,24359.3755,0.0,0.0,0.0,10.0,4,1,18.7538,327.4304,24.5975,6.76
Al6061,7986.2691,24074.6973,0.0,0.0,0.0,8.0,3,1,281.045,309.0293,20.5359,7.84
SS316L,5230.7622,762.8159,0.0292278866632094,3.5868505754131976,2.5640134320616648,6.0,5,1,46.2812,293.6018,28.0677,7.02
Al6061,0.0,0.0,0.0,0.0,0.0,12.0,3,0,32.59,459.0669,23.6491,2.7
SS316L,2925.292,1589.0615,0.1080970103890953,16.554409150643647,7.143921980032604,16.0,5,2,9.003,228.6469,26.4432,23.15
C45,3829.8852,3928.0953,0.2539180988465236,6.726307369792739,8.664030903191037,20.0,4,2,11.7769,374.1586,22.5347,21.64
C45,6357.9842,3210.2203,0.099222575161366,0.0,0.0,12.0,5,1,11.3468,87.8437,22.1374,6.39
Ti6Al4V,1339.1913,450.0651,0.0560183277796672,0.0,0.0,16.0,6,2,39.9312,364.2702,15.2061,7.13
Al6061,5490.0571,1565.2071,0.0964222613239994,22.506230293734514,13.243137118078565,25.0,3,1,56.2763,470.7206,23.0025,20.37
Al6061,5651.7312,3638.4093,0.3249190906034939,23.603047443779644,4.359444387709198,25.0,2,0,6.4789,22.4572,24.7879,13.65
Al6061,4597.2245,3133.4428,0.2252872506460938,19.02623382917027,10.589868116007365,20.0,3,1,90.6672,26.3091,21.5625,21.89
C45,4522.9469,23582.9656,0.0,0.0,0.0,12.0,5,1,46.6306,40.3998,26.1993,6.94
SS316L,2371.5698,1598.6164,0.1687428964545302,14.106452236385229,3.434354056930597,16.0,4,1,16.3254,577.5214,24.2343,12.04
Al6061,6684.3519,3696.7565,0.1854937451087335,12.029515761894691,4.122004092947605,20.0,3,0,35.3457,240.6377,16.7547,12.3
Al6061,5747.0469,1490.8078,0.0868211463359814,21.90887225158912,11.503750923971568,20.0,3,0,86.8033,474.1193,18.7534,15.45
C45,8017.8096,3296.9532,0.1020879403755432,11.530196666923183,5.1947662490501685,10.0,4,2,4.7887,599.5767,16.3753,24.95
SS316L,5954.7241,1785.4843,0.0750172639770266,9.407506984671633,0.7521301703493994,8.0,4,1,5.1334,572.5618,21.5904,7.6
Ti6Al4V,2762.2661,24584.0905,0.0,0.0,0.0,8.0,4,2,35.6319,304.0012,25.021,8.59
Al6061,6939.3885,3153.7158,0.1514340359741998,0.0,0.0,16.0,3,1,39.3477,157.5602,24.1449,9.77
C45,0.0,0.0,0.0,0.0,0.0,16.0,4,0,3.9325,216.4446,17.4001,2.67
SS316L,1518.1872,692.3286,0.1524409673737026,7.909035940907264,4.355623845224786,25.0,3,1,11.298,42.2458,18.8918,8.79
Ti6Al4V,0.0,0.0,0.0,0.0,0.0,20.0,5,0,7.1599,33.6994,22.4103,2.71
Ti6Al4V,1092.1864,620.8843,0.093490652319608,13.423252237320842,2.8538721351884964,16.0,6,2,30.2625,5.7832,23.8072,9.72
Ti6Al4V,2549.6173,329.2456,0.021396336483975,1.409886709960063,1.8244208667286888,8.0,6,2,7.4284,48.949,30.0636,8.31
SS316L,978.516,24193.88,0.0,0.0,0.0,25.0,5,2,72.7637,376.2063,25.5149,8.26
C45,6640.9376,1819.5366,0.0557108363016349,4.156998852022598,2.864493501263788,10.0,5,1,35.0638,19.4778,20.6056,9.56
C45,6348.3894,24257.6146,0.0,0.0,0.0,12.0,5,1,11.3468,87.677,22.1374,7.35
Ti6Al4V,1489.1858,23983.6797,0.0,0.0,0.0,12.0,5,1,19.5035,215.5802,32.662,5.68
C45,2093.4686,983.8765,0.1189455531982025,12.745355127176344,10.783476644420844,25.0,4,1,57.5692,140.2273,27.2345,16.5
C45,4489.8928,1075.4418,0.0612683488309003,11.65178832547202,3.6472665138083897,12.0,4,1,40.7829,368.9322,22.8789,9.36
Al6061,8010.8988,1797.0816,0.073733776364541,6.047699410452463,3.5400417162046383,10.0,3,1,116.3823,24.7102,25.808,8.62
SS316L,1341.0429,24268.3017,0.0,0.0,0.0,25.0,5,1,26.5612,36.8545,21.2871,5.75
C45,6305.3516,1931.4582,0.0776554691449298,13.026244180904328,2.6564235060057846,12.0,4,1,18.5255,48.5175,14.0,14.22
Al6061,7996.2364,1787.928,0.0741577977438858,5.813476927138096,1.0887204050966863,8.0,3,1,78.5813,563.1641,16.6494,7.5
C45,5937.5484,1564.1199,0.0656343240287025,0.0,0.0,12.0,4,1,9.4133,415.1973,26.6534,6.2
C45,0.0,0.0,0.0,0.0,0.0,12.0,4,0,32.4638,50.0547,21.3103,2.7
Ti6Al4V,1202.0312,356.2507,0.0598544414322289,0.0,0.0,16.0,5,2,73.4999,425.7137,22.0657,7.33
C45,2653.1541,1968.411,0.1459714349283431,20.98744460642914,1.9721627591353053,16.0,5,1,161.1806,64.3159,14.346,12.44
Ti6Al4V,1903.388,284.4366,0.0303323932530357,3.830585560462086,3.514163255986745,12.0,5,2,5.0475,20.576,18.4011,8.21
Ti6Al4V,3038.8649,676.8989,0.0743988350061195,3.4484282042222083,4.233023131346148,8.0,3,2,9.0375,546.3276,28.2565,8.98
Al6061,0.0,0.0,0.0,0.0,0.0,6.0,3,0,286.533,553.7887,28.0587,2.91
Al6061,7980.3135,3690.4261,0.1557731126201486,16.80869308642708,6.334359053303644,12.0,3,1,59.7398,144.3197,18.067,19.25
Al6061,8034.0102,2228.8769,0.0928671090851797,7.28615393925249,4.84138544991381,8.0,3,1,361.8126,191.0666,21.1428,9.78
SS316L,4051.2582,1058.7837,0.051561508686884,1.8325785148898708,1.5053366374964163,6.0,5,2,82.1728,227.8079,25.365,8.74
C45,3681.6586,2073.965,0.1408470380291081,8.515769780703407,7.550781213425401,16.0,4,2,19.381,212.6267,26.6912,16.97
C45,2992.536,2360.274,0.158364684590782,13.413257316736937,6.332004425136066,25.0,5,2,11.4313,442.6902,34.8632,23.67
C45,1843.3019,1867.7133,0.2073638166540384,0.0,0.0,25.0,5,2,29.4997,47.4596,18.5061,7.51
SS316L,0.0,0.0,0.0,0.0,0.0,16.0,4,0,111.1519,386.7905,24.6264,2.72
Ti6Al4V,2601.1778,302.8199,0.0235069679133313,0.0,0.0,6.0,5,2,146.3239,164.8145,36.0,7.96
Ti6Al4V,1537.9228,927.6532,0.1011391011037327,14.898990503905036,4.182649933441397,16.0,6,2,12.6004,311.7912,21.9022,11.17
Al6061,8002.914,1942.9389,0.0823051320532735,12.10923311936062,2.2768974977736485,10.0,3,1,117.3272,226.0041,26.2022,9.28
Al6061,8013.3987,2193.181,0.0917407208630787,12.570351076731406,3.1492384059003804,12.0,3,1,154.4473,408.4906,18.0238,10.31
Ti6Al4V,1538.9108,342.0919,0.0549193477728135,0.0,0.0,10.0,4,2,27.9972,44.5885,24.944,7.58
Al6061,8022.2118,3182.9007,0.1311806359890648,4.622276760281446,4.6888481924116725,12.0,3,1,80.9767,453.882,25.6871,9.33
C45,4299.8645,2153.9016,0.0828379217290633,4.339209485357994,10.139666928395831,16.0,6,2,10.3406,141.4039,22.3177,15.21
SS316L,1954.1339,1442.8858,0.1833575250141053,15.075336476342896,3.371783919832792,20.0,4,2,4.481,335.9916,20.4387,13.17
Al6061,8017.3441,1491.9806,0.0625179472947566,11.32427627787651,2.0456161172387763,10.0,3,1,254.7113,194.7538,22.8775,8.3
C45,0.0,0.0,0.0,0.0,0.0,10.0,4,0,52.7647,40.5509,21.0473,2.7
SS316L,1760.8918,1621.8324,0.2312876412290121,0.0,0.0,25.0,4,2,1.0414,598.2571,25.8528,7.51
C45,3070.2837,601.52,0.0651233221225921,0.0,0.0,16.0,3,1,105.4963,43.6201,21.592,5.18
Al6061,4361.588,1988.2377,0.1546169479337602,25.898207679800123,9.20107105370661,20.0,3,1,208.1349,590.3292,27.3244,23.34
C45,4564.3379,23857.3865,0.0,0.0,0.0,12.0,5,1,32.1031,233.9362,14.0,6.39
Al6061,8025.3711,1560.6806,0.065644427572153,5.219113418796537,6.55730294693802,12.0,3,0,202.1646,86.4417,26.4989,7.68
SS316L,2727.4579,2558.7756,0.1557101871920086,6.873174865544812,9.621361665549294,16.0,6,1,20.2245,148.8636,20.9167,20.7
Al6061,6468.7762,1316.1877,0.0683786029507729,15.435133817820264,7.2163181771685085,12.0,3,0,316.4152,133.6815,24.0796,13.8
C45,6042.6556,2255.3548,0.1229906714609166,8.400484522488997,6.332911095114951,12.0,3,2,11.1964,266.4196,17.997,17.01
Al6061,5290.222,1978.6383,0.1262597315542609,9.519717260306049,7.635672615756404,20.0,3,1,57.0334,76.2442,32.8932,11.22
Al6061,8007.2217,2384.2874,0.0994904097757121,22.98725081326934,5.399786904908326,16.0,3,1,15.6626,26.3609,29.0256,15.91
Ti6Al4V,2038.623,362.7655,0.0453880815420649,9.252171609781414,4.68353361218061,12.0,4,1,24.2804,401.3866,25.4506,6.45
C45,8055.7873,3499.6597,0.0732220385312857,4.202642083847447,3.9044583294115816,8.0,6,1,8.2041,127.5312,18.1219,11.62
Al6061,8007.2054,3087.8355,0.1249665010541173,14.98507810788695,7.596604990939159,12.0,3,1,91.0361,44.9845,21.6755,16.1
C45,8021.3881,23738.3936,0.0,0.0,0.0,8.0,4,1,29.9091,482.6003,26.7578,10.36
C45,7662.272,3866.6416,0.0851675816917967,4.214934100627949,3.1489991545708382,8.0,6,1,33.4079,529.5842,23.298,12.2
Al6061,7966.6728,2289.4109,0.1424865430640919,17.561789118653305,6.185821817079523,12.0,2,1,140.9295,92.3158,30.7922,19.26
C45,4146.9632,1347.7941,0.0538511309726072,7.354644648923597,5.267936649560774,16.0,6,1,41.4023,533.8587,23.3487,11.83
C45,8005.2572,1546.0444,0.0653280089534429,7.584466516034956,3.1799230819594984,6.0,3,1,75.5274,27.8154,23.3861,13.52
Al6061,8035.1866,2481.3543,0.1031582057310437,12.71179961536028,7.170098557091267,12.0,3,0,106.0403,246.4907,24.2098,12.31
SS316L,2955.235,798.3931,0.0671434547999138,5.664620335180599,4.07379214447945,10.0,4,1,52.0699,362.8824,22.2751,7.34
SS316L,0.0,0.0,0.0,0.0,0.0,6.0,3,0,2.6862,21.2482,14.0,2.59
Al6061,7947.4065,1418.4644,0.087483006365906,7.69949048693825,0.8433020438195185,10.0,2,0,114.4324,521.0439,24.8916,6.12
C45,8001.001,1807.3453,0.0462397764103337,6.5342928931738005,2.2014243087969505,6.0,5,2,102.0118,9.781,19.8322,13.45
SS316L,2362.2132,1591.1494,0.1343061903052486,12.785587904349242,8.540848481996111,16.0,5,1,17.1668,344.2396,18.5582,18.11
Ti6Al4V,1018.8132,613.4967,0.1548612491922727,13.628681542235196,4.403459997635432,16.0,4,2,103.6886,316.9251,22.0026,10.52
Ti6Al4V,1596.2454,23982.6192,0.0,0.0,0.0,12.0,3,1,45.9455,149.1834,28.1326,5.56
SS316L,2519.9289,952.003,0.0957258600673848,13.742396299770688,2.7352942175694506,12.0,4,2,87.7046,142.7231,21.5399,11.81
SS316L,2424.7273,959.3006,0.1325265319676364,10.092146275637326,5.107740312660332,12.0,3,1,33.0067,90.384,20.8229,12.01
SS316L,4541.063,1755.809,0.0962201335432157,6.51776902321002,4.793732361829806,10.0,4,1,4.1162,35.1005,24.0571,9.78
C45,4134.1967,24235.0721,0.0,0.0,0.0,12.0,3,1,63.0921,22.5773,23.8951,6.49
Al6061,7974.7537,1158.0925,0.0472299345765523,11.826626928390676,4.479570717882678,8.0,3,1,93.8401,132.3495,27.2859,9.48
Al6061,7996.6136,24031.0596,0.0,0.0,0.0,8.0,3,1,520.8123,20.4713,14.0,8.04
Al6061,5262.8428,24039.8662,0.0,0.0,0.0,20.0,3,1,56.0334,75.2442,32.8932,6.92
C45,3911.6307,1544.3528,0.0993682514316089,12.774108389905363,4.420313349224548,12.0,4,1,85.3413,500.2932,20.9617,14.07
C45,6245.007,2931.1013,0.1199440470077847,0.0,0.0,10.0,4,1,6.2215,516.5204,21.7137,6.3
Al6061,8020.6833,2505.3431,0.1052309969606646,19.737630028272005,6.977684367315467,16.0,3,0,55.0583,392.5862,23.6362,15.35
SS316L,2096.7067,583.7636,0.0561475306299876,13.319313820800469,6.3132245850293245,16.0,5,1,59.0257,370.4741,19.5691,10.56
C45,4363.5942,1494.1648,0.0686302402276374,0.0,0.0,10.0,5,1,127.9327,202.1552,29.794,5.82
Al6061,7983.896,24040.7303,0.0,0.0,0.0,10.0,3,1,63.2274,479.7992,24.7613,7.9
C45,8039.6483,2207.0472,0.0683363381338945,8.955423283495048,1.6644683815915893,6.0,4,1,94.8147,371.2248,23.599,10.82
SS316L,3455.6156,435.8203,0.0211373295804959,6.0420989248828745,5.02842775133041,8.0,6,1,37.9566,56.236,22.8785,7.01
Al6061,8021.1505,3278.1762,0.2066561679931159,14.060537030896173,7.013999873864384,16.0,2,1,31.6072,23.254,27.0696,14.82
C45,4332.2631,477.1372,0.036497849824564,16.088960656962183,5.120384323161064,12.0,3,1,96.6977,435.4213,21.0921,10.45
Ti6Al4V,1199.1648,335.7306,0.0556166663858657,18.27302396045406,6.755504479112844,20.0,5,2,23.7792,29.3551,25.7276,11.18
Al6061,4702.6204,1372.2485,0.097312166907722,19.74665733704114,14.727667645650694,25.0,3,0,39.8581,508.7962,27.1767,15.1
Al6061,7981.5086,1780.1312,0.0739526828231804,13.495064869632344,8.68284170584346,16.0,3,0,62.1199,586.4646,20.1913,13.18
Al6061,7996.7747,2837.2088,0.1196774152685375,10.295377490578495,1.1780278757932954,10.0,3,1,220.6856,100.7802,28.5806,8.69
SS316L,2104.8751,1423.1801,0.1659454930585463,16.040675870733057,9.203680523331698,20.0,4,1,22.1636,271.8336,22.7781,27.03
Ti6Al4V,2547.6583,359.6733,0.0474002955327869,0.0,0.0,10.0,3,2,16.856,110.2992,22.1053,7.73
SS316L,2184.1046,23808.5149,0.0,0.0,0.0,20.0,6,1,6.2909,511.7473,22.4305,5.79
Al6061,6799.8727,4407.0582,0.217557390399862,15.800403647887896,6.908025762085836,25.0,3,1,4.1616,291.69,22.6383,17.03
C45,3052.5389,2859.2081,0.3106492469613156,12.178756003627456,6.655795546346079,25.0,3,2,2.5983,53.135,22.8346,19.25
Ti6Al4V,2261.5418,634.6693,0.0466492864570613,6.589315899825462,3.60848670564772,10.0,6,2,25.7279,416.7387,24.8858,9.11
Ti6Al4V,2371.1286,488.561,0.0513096520691822,0.0,0.0,10.0,4,1,18.9979,357.8238,20.2844,4.9
Ti6Al4V,1780.3283,644.3407,0.0905685009261243,8.389083449722664,1.2318077464268948,10.0,4,2,18.9224,9.6383,22.5276,8.65
Al6061,7990.3649,1511.517,0.0936872802636586,0.0,0.0,16.0,2,1,59.0402,78.2121,24.6581,7.26
SS316L,4383.5255,1868.3515,0.0700558261244991,5.669122567422991,1.8193641022624427,10.0,6,1,3.4808,324.0374,22.5503,10.38
C45,6390.1192,1209.1791,0.0463307321056609,5.192806243511037,5.304883807741764,12.0,4,1,22.3834,402.0503,24.1811,9.83
Ti6Al4V,757.6589,475.8461,0.1033491390062644,5.719039566051955,2.1673010685429035,20.0,6,1,83.7408,327.3706,14.8308,5.13
C45,3861.7364,2134.7315,0.0928296523956284,23.200272500353485,1.9996627099217703,16.0,6,1,16.6566,528.2375,24.1037,15.25
Ti6Al4V,1252.2262,622.7132,0.0989879153254007,9.989945148059723,6.272194165689998,16.0,5,2,22.5329,493.0953,20.6069,10.16
C45,5195.3106,1667.4572,0.052753393320403,11.644704736709354,5.97416402415211,10.0,6,1,26.8859,329.912,19.5378,14.59
Al6061,7999.8538,2736.2844,0.1146486274494242,0.0,0.0,16.0,3,1,13.9454,119.6737,21.8115,7.06
C45,4733.2775,950.531,0.0665965986555223,14.800810741510205,4.128553571980383,16.0,3,1,2.0364,179.9091,22.3328,10.49
Al6061,0.0,0.0,0.0,0.0,0.0,8.0,3,0,550.9055,59.0602,24.8589,5.08
SS316L,3024.7959,1533.8083,0.0865650662411339,5.944405747007973,4.652126559890986,10.0,6,1,61.015,55.267,19.3252,9.38
SS316L,4359.4693,1160.0623,0.0526523679713969,2.871891738047993,2.658954431760037,8.0,5,2,5.5979,263.571,29.6577,9.33
Ti6Al4V,1546.7983,722.7799,0.0784787888295158,10.02435955325798,1.4496178534983497,10.0,6,2,87.0453,237.8174,21.5162,8.62
C45,5099.8086,3006.5523,0.0992346465486261,17.6975389562557,1.482714724181149,12.0,6,1,32.7668,74.8063,16.9402,14.03
Ti6Al4V,2639.6424,722.3144,0.06912537658832,4.894042950088546,4.55730314701161,8.0,4,2,18.7903,38.0111,27.7903,9.54
Al6061,4729.8365,737.6519,0.0775617024560721,29.90412219394813,3.3508003494199707,20.0,2,0,239.4071,15.8744,22.2384,7.74
Ti6Al4V,1391.9249,549.3341,0.1001111149074763,4.589255501168156,6.065331463790125,12.0,4,2,54.9704,206.5251,27.7473,8.74
C45,5297.8936,2893.7838,0.1360018885034771,10.760390529038457,6.611293592019155,12.0,4,1,6.9867,343.677,22.8597,19.17
C45,2939.6152,2334.1965,0.1971364264069582,10.080592410249324,9.457731690469084,25.0,4,1,12.6781,340.2779,23.8286,18.97
C45,6284.8049,1955.8328,0.0776554691449298,0.0,0.0,12.0,4,1,17.0255,47.5175,14.0,6.34
Al6061,7074.6986,2805.7645,0.1326527911189415,9.306713811669209,4.384893214875973,20.0,3,1,12.5554,194.6571,22.7003,9.65
SS316L,1560.322,402.5354,0.0661360074760392,6.363645100472703,1.6648112386380065,16.0,4,1,112.3185,387.9572,24.6264,5.56
Ti6Al4V,1230.2208,579.7353,0.1162565755509029,4.315791531531218,5.571208584707609,20.0,4,2,9.7089,61.7148,23.4468,8.7
SS316L,2845.8664,23956.4942,0.0,0.0,0.0,16.0,6,2,12.7793,366.9913,24.0918,8.65
SS316L,4267.0499,1367.0221,0.0802650652217947,6.341119343478626,4.339928357146192,8.0,4,1,40.9688,135.6341,21.9418,9.24
Al6061,7993.1846,24020.9432,0.0,0.0,0.0,12.0,3,0,91.978,593.1408,21.4236,8.82
Ti6Al4V,2034.3283,577.42,0.0560056062388868,3.7922435369453966,2.608213284913944,8.0,5,2,80.7179,85.311,23.9062,8.36
Al6061,5998.839,3405.1073,0.282547063267958,36.00990959374366,5.138906069449622,25.0,2,1,18.4229,275.9993,22.0583,21.78
SS316L,2311.3467,1981.4137,0.1442709311102644,9.27722992528708,10.09441842669977,20.0,6,1,16.9491,49.772,25.6361,21.93
C45,3263.2913,23654.5602,0.0,0.0,0.0,20.0,4,1,31.9996,480.8773,23.2502,6.34
Al6061,8025.5708,4499.3416,0.1877553179938896,11.153592017063415,5.530480812791731,16.0,3,1,15.4659,336.6176,24.5295,13.86
Al6061,6095.5132,685.693,0.0567240556406375,11.297655113806146,6.58272975248762,16.0,2,1,230.2484,476.6357,20.4252,8.18
Al6061,0.0,0.0,0.0,0.0,0.0,12.0,2,0,113.2157,330.436,22.3922,2.7
Al6061,7977.9059,1595.9142,0.0979184153057095,0.0,0.0,8.0,2,1,229.3363,94.589,27.7996,6.88
SS316L,3940.7865,24251.8348,0.0,0.0,0.0,10.0,5,1,8.1582,462.365,27.4422,6.52
Ti6Al4V,1585.0924,626.28,0.0995071452144463,11.6183695261746,5.67487916819093,12.0,4,1,57.0889,305.1452,24.8652,7.64
C45,2241.917,1246.9629,0.1903385206394425,15.559115845982344,11.098905379806734,20.0,3,1,106.0405,83.952,19.2403,21.04
Ti6Al4V,2583.4497,23577.5703,0.0,0.0,0.0,6.0,5,2,146.3239,164.6478,36.0,8.85
C45,7749.3275,2225.3163,0.0718061326162628,4.351839485529755,3.1798029558118635,8.0,4,1,14.5993,526.6372,22.3346,10.2
SS316L,0.0,0.0,0.0,0.0,0.0,25.0,5,0,20.0939,306.2725,21.4206,2.62
C45,3836.2775,2439.3615,0.1572490610712746,12.458548460083115,2.853864103495542,16.0,4,1,37.8218,338.8214,25.0052,14.92
Al6061,8013.3144,2452.3865,0.1014276289460002,0.0,0.0,10.0,3,1,338.7512,597.027,20.5095,6.9
SS316L,2837.3787,955.476,0.0844252049890335,17.552786259620785,3.735887467537582,16.0,4,1,14.4199,34.3488,23.8896,11.0
C45,5315.8641,3281.2043,0.1540442695285628,13.474348281227789,4.011179107912058,12.0,4,1,6.0182,269.111,21.7732,15.98
SS316L,2961.8924,1540.1886,0.0859951410933975,0.0,0.0,12.0,6,1,30.9469,578.0779,29.5537,5.38
C45,3996.4591,2140.9801,0.1341878764538001,13.345837098619583,7.257172697865405,12.0,4,1,89.3317,22.5842,32.5264,22.34
Al6061,8001.051,1739.1305,0.0719565197691764,3.829178481447242,1.3067691351000097,6.0,3,1,2051.6421,9.3808,20.6244,8.3
SS316L,3412.0774,925.222,0.0687961040361356,6.7456968242875135,5.40980203100991,12.0,4,1,7.3095,476.2826,31.0512,8.91
C45,4356.7429,24042.3306,0.0,0.0,0.0,10.0,5,1,127.9327,201.6552,29.794,6.53
SS316L,2894.7307,23858.153,0.0,0.0,0.0,16.0,5,1,9.5516,126.0496,29.4193,6.2
Al6061,7992.5157,809.1814,0.0497710882783957,5.631446000537998,2.8306672275401104,8.0,2,1,852.4087,12.9749,23.9565,8.33
SS316L,2659.0352,359.5688,0.0338799455991099,2.6285825359295454,3.1030127699017624,12.0,4,1,57.005,551.4337,25.3995,5.74
Ti6Al4V,1495.7137,488.3005,0.0665426609161815,10.095535544877484,1.1161207360483676,12.0,5,1,21.0035,217.0802,32.662,5.55
Al6061,8040.3105,24030.5882,0.0,0.0,0.0,8.0,3,0,602.223,142.9603,23.2161,6.39
SS316L,3437.3495,498.2563,0.0369980687072488,2.927157988878523,2.0453661511362884,8.0,4,1,100.4187,25.5218,36.0,6.4
SS316L,0.0,0.0,0.0,0.0,0.0,6.0,6,0,9.5044,410.151,23.0623,2.66
Ti6Al4V,1128.0362,484.3586,0.108483137036579,10.478263022860704,3.9002180829998463,12.0,4,2,42.4435,49.124,21.3356,8.74
C45,2807.4754,1402.8098,0.1249902788536143,11.707844746990322,8.306293454944914,16.0,4,1,5.196,221.0356,21.5434,11.99
C45,3637.1617,1076.3467,0.0744625308973992,22.830837311412584,4.283301842403122,16.0,4,2,69.0903,352.8913,28.8378,17.75
SS316L,2450.3156,1873.8337,0.1553473974433929,3.58663592925943,9.552623881496771,16.0,5,2,28.1498,363.2142,28.7642,14.11
Ti6Al4V,814.8553,24209.6825,0.0,0.0,0.0,25.0,5,2,31.5351,285.6527,25.7334,8.29
Al6061,7995.1876,1113.0193,0.0692110458014706,3.4064822387432088,4.531662148540013,10.0,2,1,125.6456,8.7941,23.5114,8.44
Ti6Al4V,2378.007,23440.4993,0.0,0.0,0.0,10.0,4,1,19.1212,156.0642,23.5013,5.75
C45,4026.5805,2250.6956,0.1138918068123899,17.282462606005513,4.420434834786398,16.0,5,1,14.1756,61.9625,15.22,18.98
Al6061,8022.8693,723.1051,0.0301324282828574,8.731315664017064,2.371843663729708,6.0,3,1,1450.0088,355.8605,24.8529,7.98
C45,3326.4487,738.352,0.0557148164176306,11.462260735318209,2.5678755708780194,12.0,4,2,85.5778,235.6405,20.3573,9.93
Ti6Al4V,1318.5484,421.1379,0.0809981798714362,1.8980674495884284,0.8619333019956472,10.0,4,2,152.1135,17.2191,21.9481,9.38
C45,6869.0704,1381.5318,0.0504380979482101,14.880630774783263,1.0888200083271953,10.0,4,1,31.5445,177.9969,33.0361,25.49
SS316L,3462.4218,604.5973,0.0288686958147853,8.846088292104639,3.660531167909789,10.0,6,2,47.7664,78.9896,24.6904,10.61
C45,3941.4257,2922.744,0.1223661466499007,3.909929014989869,7.1391717777363,12.0,6,2,55.7038,58.9392,26.7712,15.08
C45,4798.8044,23684.8134,0.0,0.0,0.0,16.0,3,1,9.2915,178.5217,19.7344,6.69
Al6061,8013.8841,1742.2614,0.1091301333302482,9.899143276312248,3.356394997960983,10.0,2,1,95.8119,568.4877,21.2527,9.06
Al6061,6244.0254,2032.5854,0.1657395608852584,20.94128537881532,10.174167719886116,16.0,2,0,83.0969,583.2026,25.872,15.35
C45,6107.4503,3069.3753,0.1011821609803607,8.475699453218741,1.8434607468355468,8.0,5,1,27.7375,16.1292,25.5625,10.43
Ti6Al4V,930.0562,284.996,0.1011318440297451,0.0,0.0,20.0,3,2,11.5504,128.3042,23.9118,7.37
Al6061,7967.9145,1883.9994,0.0765671554153271,8.415030138798876,4.834250349626386,8.0,3,0,287.9725,22.3994,25.8303,8.34
C45,0.0,0.0,0.0,0.0,0.0,10.0,5,0,5.6618,19.9417,24.2152,2.76
Ti6Al4V,3140.8768,24346.4423,0.0,0.0,0.0,6.0,5,2,19.9046,151.3417,14.0,8.55
C45,6645.6774,23994.0521,0.0,0.0,0.0,10.0,5,1,17.7631,92.6549,27.2046,7.35
SS316L,4173.5616,590.2088,0.047535374032067,10.220552940908252,2.5406863351826203,10.0,3,2,33.2848,528.6858,29.1032,10.24
Al6061,8003.1954,1521.5137,0.0979184153057095,0.0,0.0,8.0,2,1,229.3363,94.4224,27.7996,7.19
SS316L,6479.1213,23701.5458,0.0,0.0,0.0,6.0,4,2,20.3906,39.5199,22.5725,10.03
C45,5767.9851,23955.6751,0.0,0.0,0.0,10.0,3,1,7.9968,121.5303,28.655,7.28
SS316L,1824.5025,468.5559,0.0859498412213189,22.21200856292369,4.231916282576287,20.0,3,1,32.3482,430.8002,23.2906,9.77
C45,0.0,0.0,0.0,0.0,0.0,20.0,5,0,13.6119,41.1729,20.1408,2.57
Al6061,8011.6225,2196.7191,0.0906010184238763,14.53183868604394,6.996078668903961,12.0,3,0,103.5431,594.7458,20.1942,14.91
Al6061,5729.7501,1508.5904,0.0868211463359814,21.90887225158912,11.503750923971568,20.0,3,0,87.6367,474.9526,18.7534,16.45
Al6061,5611.0495,1511.1353,0.1351533509586202,28.134699924164565,7.670904250981292,20.0,2,1,28.7862,126.5399,27.173,14.39
SS316L,4106.8836,1221.6988,0.0998130128821741,0.0,0.0,10.0,3,1,7.433,253.205,21.9063,5.51
C45,7471.588,1285.8543,0.0342928370716479,0.0,0.0,10.0,5,1,19.6101,499.1726,19.0944,6.55
C45,8004.8644,1598.8535,0.0664907988560688,4.763324871141123,3.697921941593831,6.0,3,1,7.1368,50.4673,23.6819,9.81
C45,2000.2463,1761.9705,0.2899118520459804,13.25813164701871,11.15407868716176,25.0,3,1,41.9652,65.4557,27.5834,20.09
C45,6040.1243,1599.4791,0.0440320517955854,6.173038910747549,3.397398524531491,10.0,6,1,25.1268,473.2941,30.6655,10.26
C45,3521.4754,1255.5745,0.0889176541716793,8.387996542544007,3.453276290398457,12.0,4,1,149.0503,389.3769,26.0596,8.81
C45,5968.1664,1088.5624,0.0364754229793502,7.157997958099408,6.355651483627106,10.0,5,1,75.6189,103.7765,23.6869,11.48
SS316L,3885.7533,779.5835,0.03975679824633,0.0,0.0,12.0,5,2,24.3412,242.4151,28.4361,8.12
C45,2392.5746,23914.3685,0.0,0.0,0.0,20.0,6,1,106.7511,486.4151,27.9943,6.1
SS316L,2211.3006,751.0649,0.0844754010627115,9.95711475553963,6.251454063265055,20.0,4,1,8.732,472.2217,17.3084,8.68
C45,7941.1758,1700.145,0.0425766323702251,1.674728724056767,0.615870935096986,6.0,5,1,63.4943,257.1335,20.5361,7.69
C45,4231.9459,2146.7135,0.1272160726339183,7.361693019699432,3.451346146088777,16.0,4,1,15.64,6.3959,24.4552,10.47
Al6061,7981.8482,2018.6573,0.1259086958870677,0.0,0.0,10.0,2,1,146.3403,42.7085,18.2408,7.07
SS316L,2907.9321,1561.2097,0.0904479997614997,5.814245756533712,5.421246494560292,10.0,6,2,84.713,521.9878,25.9626,13.01
C45,4309.5932,24054.8152,0.0,0.0,0.0,16.0,5,1,17.0399,429.0939,22.3972,6.41
C45,4115.6003,1017.7647,0.0605423167040747,12.873087300291653,3.3184995096743144,10.0,4,1,70.593,231.054,24.6213,9.71
Al6061,8044.602,1968.9922,0.082355922986489,5.286009420702613,2.5912766648774244,10.0,3,0,124.3243,34.9301,24.8297,6.99
C45,2789.1052,945.6215,0.0837044006423213,7.520422134897776,9.141762754126727,20.0,4,1,28.2966,103.2264,26.2415,10.47
C45,0.0,0.0,0.0,0.0,0.0,16.0,3,0,8.1045,490.2657,32.3188,2.85
C45,2529.8863,24124.4127,0.0,0.0,0.0,20.0,4,1,30.3365,50.1437,25.6982,6.05
SS316L,2468.5909,1346.2448,0.1345630083274119,17.21230389237925,7.41886409141926,16.0,4,1,22.046,27.499,25.6508,22.59
Al6061,7991.9966,1149.745,0.0725112829915226,4.234508419702105,4.75205913115277,8.0,2,0,659.2225,561.5563,26.7402,6.67
SS316L,3201.741,1295.1422,0.1010694784515093,4.056411018468986,1.638056475249804,10.0,4,2,30.2031,83.9397,27.4358,9.37
C45,6278.3827,2308.8762,0.0918153517393645,9.591070330165376,3.714872973637044,10.0,4,1,19.507,385.7312,34.4385,14.32
Ti6Al4V,2055.9882,999.4572,0.0802392285220379,0.0,0.0,10.0,6,1,23.6394,422.4597,29.5819,5.08
C45,6641.0055,24402.3645,0.0,0.0,0.0,8.0,3,1,45.4112,482.1817,20.4259,7.12
C45,4913.5321,1335.5812,0.0448114233956841,14.519103421746763,1.91840879111866,12.0,6,1,30.0796,244.3678,25.91,9.65
Al6061,7951.2511,24159.757,0.0,0.0,0.0,16.0,2,1,29.4405,21.4207,27.0696,8.5
SS316L,0.0,0.0,0.0,0.0,0.0,10.0,4,0,10.2266,14.4339,27.3924,2.84
SS316L,3354.7847,691.7499,0.0344463218522506,4.89198196235013,2.1634146925217994,10.0,6,2,88.672,548.8578,19.8619,9.23
C45,4162.2935,24317.7527,0.0,0.0,0.0,16.0,3,1,0.9434,142.7858,30.401,6.78
C45,2727.0876,1933.5817,0.179466919942211,12.135012323802798,2.8531672703325657,16.0,4,2,66.3602,63.8229,22.0423,14.15
Al6061,7955.646,317.7316,0.0198848817753468,8.49145687664127,1.9283095168938995,6.0,2,0,1552.3625,152.8363,23.2766,5.91
Al6061,7984.2416,655.6474,0.0271007293855125,7.774330047048204,2.6125994912428285,6.0,3,1,2558.2442,16.6464,24.7667,8.48
C45,0.0,0.0,0.0,0.0,0.0,16.0,3,0,19.7623,12.4742,25.1465,2.7
SS316L,4826.5985,1033.7341,0.0423636580476564,4.435571930179112,2.9774210298847583,8.0,5,1,25.2003,16.0625,19.6464,7.87
SS316L,1378.5851,649.3161,0.1567154013086495,16.49477444406171,6.506643209194623,20.0,3,1,111.3465,95.5918,22.5128,11.71
C45,3799.7584,1605.9714,0.1049485133045969,3.1894443149207268,5.784300754064713,12.0,4,1,63.096,204.8301,16.4809,7.49
Al6061,7825.2512,3073.5618,0.1295562357944549,0.0,0.0,12.0,3,1,21.6547,26.414,27.5134,7.5
Al6061,8001.2043,23953.0503,0.0,0.0,0.0,16.0,3,1,8.3531,23.7387,28.1603,8.56
Al6061,6124.0242,3650.7758,0.1994122517147033,18.955803626168876,7.966735305356588,16.0,3,0,112.9305,41.2732,26.8228,19.31
Al6061,0.0,0.0,0.0,0.0,0.0,12.0,3,0,86.697,596.4162,22.2591,2.64
C45,2197.5521,3095.777,0.2333114964298666,10.611657435943815,7.361108375919769,25.0,6,1,47.2624,70.6845,26.463,23.96
SS316L,1085.5257,1039.6308,0.2429816697752557,14.627655946328252,4.944374176706907,25.0,4,1,68.1994,504.355,22.7991,10.1
SS316L,0.0,0.0,0.0,0.0,0.0,12.0,3,0,27.2392,170.5758,32.2803,2.98
C45,5191.4,23809.6588,0.0,0.0,0.0,10.0,5,1,18.2898,289.3739,26.3442,6.82
C45,6277.9446,925.5968,0.0302149375808162,2.9961836479768857,1.2292928574832886,8.0,5,1,91.7531,49.708,32.2734,7.22
Ti6Al4V,1274.8609,606.8482,0.1169923923118795,5.530915311202644,5.214537395567885,16.0,4,1,14.9975,249.9582,20.3572,6.1
C45,7826.3406,3524.3215,0.0908432186061509,6.026996637156234,3.349106615241907,10.0,5,1,6.8285,21.1083,24.2152,12.28
SS316L,3440.6503,1473.3244,0.0862825432130884,8.463084653885229,2.1211424894395603,10.0,5,1,42.3238,601.371,19.2114,8.43
C45,6630.8639,2620.8978,0.0993944087643333,11.472519273788723,2.0532011479359005,8.0,4,1,57.6808,381.4108,26.622,13.4
Ti6Al4V,869.8973,196.6749,0.0764553549354854,0.0,0.0,20.0,3,1,25.4159,219.5111,22.523,4.5
Al6061,7987.0616,3309.8841,0.1363950894387613,13.107323917226816,6.055195297704623,12.0,3,1,35.7567,106.1192,19.001,13.87
C45,3064.8615,1785.0796,0.1930856454692416,7.409303800368786,6.318062658414495,16.0,3,1,5.5921,505.3566,20.7631,9.51
SS316L,0.0,0.0,0.0,0.0,0.0,20.0,5,0,15.0482,342.9716,23.3244,2.86
Al6061,4258.995,3852.5364,0.2962606061975925,18.36447561753017,10.198357459641004,25.0,3,1,35.2286,575.681,26.3625,21.49
Ti6Al4V,2757.323,318.0321,0.0287708640472807,6.299766548001843,2.7444013448049924,8.0,4,1,34.7212,56.1347,23.5529,6.09
Ti6Al4V,0.0,0.0,0.0,0.0,0.0,12.0,5,0,93.4172,43.251,20.6054,2.65
Al6061,8030.9043,1436.8973,0.0921665695222042,14.989893129931923,3.4886037020406024,10.0,2,1,147.8266,414.9642,22.704,9.79
Al6061,0.0,0.0,0.0,0.0,0.0,8.0,3,0,461.0545,300.8131,16.8868,2.52
Al6061,4303.5058,4140.1283,0.3221315483973675,26.778997845659784,5.514063320047408,25.0,3,0,60.7428,289.6311,25.1251,18.61
Al6061,8004.3219,883.0174,0.0557139610000085,5.237229504565793,5.076209234966569,16.0,2,1,54.3179,244.5197,18.8675,8.11
Al6061,7963.8942,997.1936,0.062341600309682,11.255511117723431,7.267152641335351,16.0,2,1,64.8811,475.8796,24.3964,10.2
SS316L,4535.3059,1746.3017,0.0962201335432157,6.51776902321002,4.793732361829806,10.0,4,1,3.7828,34.7672,24.0571,9.76
C45,3554.752,2198.5005,0.1009748808740608,6.362603245867425,4.843516949541066,16.0,6,1,26.0234,3.3896,25.0892,10.86
C45,0.0,0.0,0.0,0.0,0.0,12.0,5,0,8.0864,353.2049,24.3401,2.76
C45,4294.5632,3353.6307,0.1555419751537556,12.311506771833551,4.788409544921859,16.0,5,1,19.0399,431.0939,22.3972,21.9
C45,8032.6478,4080.5796,0.1015700880155249,8.807749151119673,1.5038483582949898,8.0,5,1,24.4754,566.8355,26.0923,11.55
SS316L,7341.4604,1121.423,0.0256120460067578,2.705175211397706,3.0979755724104154,6.0,6,1,5.1949,393.514,22.8581,7.95
C45,2010.4021,1751.9338,0.2899118520459804,13.25813164701871,11.15407868716176,25.0,3,1,41.6319,65.1224,27.5834,20.17
Ti6Al4V,1492.3974,581.3954,0.0787632925200637,9.19488517228952,6.04145533641443,12.0,5,1,16.0527,124.0268,24.5331,7.12
SS316L,2840.6768,995.9973,0.0581365076199814,16.354844792799717,9.668612686455916,16.0,6,2,13.446,367.4913,24.0918,24.84
C45,4734.8606,3531.2363,0.1235802998610056,0.0,0.0,10.0,6,1,78.3102,340.9926,20.2562,5.87
C45,8033.1623,3220.1781,0.0666623757465798,3.455790402867998,2.624785346750931,6.0,6,2,32.9127,217.6509,22.071,11.97
SS316L,1883.2953,2124.146,0.186671807051087,7.939827986882943,5.955981663983833,20.0,6,1,29.6152,489.7663,28.6859,14.33
Al6061,6437.1876,2147.896,0.1106993996888084,11.993636680973156,10.33814944550462,16.0,3,1,49.2093,525.4227,25.5125,14.4
Al6061,5231.7806,1998.6725,0.1908114149616803,14.852191694508647,3.259129490680877,20.0,2,1,60.9513,422.7566,30.7094,9.83
Al6061,7982.6757,1824.788,0.073733776364541,6.047699410452463,3.5400417162046383,10.0,3,1,116.7156,25.0435,25.808,8.88
Al6061,8034.0625,950.1319,0.0390027194538291,0.0,0.0,6.0,3,0,2302.8514,512.6354,25.0623,5.42
Ti6Al4V,1885.3955,23579.4102,0.0,0.0,0.0,12.0,5,2,8.6462,46.8346,27.8595,8.39
Al6061,8007.393,2938.9561,0.1245125709483269,3.2148849193812645,3.50090431005143,10.0,3,1,159.8573,445.9976,22.8292,8.24
C45,0.0,0.0,0.0,0.0,0.0,12.0,5,0,11.3468,87.3437,22.1374,2.68
C45,4895.2477,1390.1856,0.0941754091286613,11.931994781078084,2.7547307568082053,10.0,3,2,25.1098,379.0499,19.9394,12.49
Ti6Al4V,1660.4547,238.9796,0.0473457942605917,7.421324894264194,7.085556517208632,12.0,3,2,55.54,533.2228,25.6999,8.93
SS316L,980.9701,778.2908,0.1594624181801549,21.41504191639326,5.615732158521702,25.0,5,2,73.9304,377.0397,25.5149,14.24
C45,6986.9394,1315.1932,0.0627417471294092,11.413366441604657,1.179462221259098,8.0,3,1,50.9171,4.2484,28.0862,10.88
Al6061,7953.6453,24083.5379,0.0,0.0,0.0,10.0,3,1,148.6301,175.3072,22.8389,7.93
Al6061,0.0,0.0,0.0,0.0,0.0,10.0,2,0,142.4415,77.439,19.5489,2.57
Ti6Al4V,3572.3847,401.0834,0.0224725142535421,4.897321760415363,1.469645342837755,6.0,5,2,34.7818,285.4056,24.295,8.66
Al6061,4258.9873,3779.8562,0.2962606061975925,18.36447561753017,10.198357459641004,25.0,3,1,35.5619,576.0144,26.3625,19.34
Al6061,7986.2434,1451.1151,0.0909173192987004,0.0,0.0,12.0,2,1,113.2157,330.936,22.3922,6.94
C45,6827.6178,23986.7959,0.0,0.0,0.0,8.0,4,1,68.6757,373.2091,29.1217,10.78
C45,5539.8522,2811.8516,0.084212986531527,9.864708048429389,6.852731587165942,12.0,6,1,6.638,304.6614,21.4202,19.63
Ti6Al4V,2706.3358,1042.3777,0.0652857100135649,5.321787242759445,1.5372119084814502,8.0,6,2,29.5698,15.7308,22.9974,9.1
C45,4807.7424,2159.5298,0.0747786549867205,12.543726252064202,3.4935140924954986,10.0,6,1,104.1925,477.3753,21.8642,16.15
Ti6Al4V,0.0,0.0,0.0,0.0,0.0,10.0,6,0,7.6432,0.6823,14.0,2.51
C45,7989.4732,24322.4744,0.0,0.0,0.0,8.0,5,1,8.4407,422.0069,27.3417,7.93
Ti6Al4V,3807.0642,1286.8802,0.0564273703721387,1.146279474099743,1.204511949942324,6.0,6,2,23.0615,218.2807,27.5095,8.74
SS316L,7339.0373,1111.0808,0.0256120460067578,2.705175211397706,3.0979755724104154,6.0,6,1,5.8615,394.1806,22.8581,7.87
Al6061,7972.9675,2281.5862,0.0939168239880159,10.766042564917257,2.6315694592105707,8.0,3,1,39.8231,385.2843,24.5514,8.73
Ti6Al4V,1067.2989,613.586,0.114369254694321,15.752529151668714,14.623935598496445,25.0,5,1,9.7744,37.4162,17.3978,11.97
C45,4304.6399,2764.573,0.1283434364183859,6.129478936660565,3.9288388902783313,12.0,5,1,60.1416,513.711,19.6043,11.11
Al6061,7972.9123,3466.0587,0.1446472458596827,5.250035736490432,7.123604915224126,12.0,3,1,38.2507,358.4708,24.6944,10.55
Ti6Al4V,3165.5218,754.2814,0.0479064276149736,1.101175911585555,1.7618515386736893,6.0,5,2,21.7379,152.8417,14.0,8.31
C45,6429.0838,3312.4555,0.1271499031762559,5.904070077473014,1.6991025817542535,10.0,4,1,14.4647,155.9276,27.9977,12.27
C45,3819.7224,23719.1479,0.0,0.0,0.0,16.0,6,1,9.1238,418.5917,22.6019,7.48
C45,0.0,0.0,0.0,0.0,0.0,10.0,5,0,18.2898,289.0406,26.3442,2.9
C45,4810.0998,23830.8107,0.0,0.0,0.0,10.0,6,1,102.8592,476.3753,21.8642,6.4
Al6061,8044.8344,5389.8596,0.2253191686202713,16.57707824127129,6.060184266863026,20.0,3,1,15.7489,585.4042,24.1255,25.48
Al6061,7992.3403,835.3488,0.0523206772293777,0.0,0.0,12.0,2,1,110.6375,127.0348,21.1346,6.96
Ti6Al4V,1215.5582,707.711,0.1170183860914533,7.530939476374619,2.041552677022617,16.0,5,2,31.4396,301.9853,31.8572,8.6
SS316L,0.0,0.0,0.0,0.0,0.0,16.0,5,0,22.006,145.8436,22.4791,2.71
Ti6Al4V,1246.3957,807.2273,0.1285866663068225,14.802570856467632,5.550764700987412,16.0,5,2,30.1022,68.9199,32.0805,11.93
SS316L,3111.7237,1019.6958,0.0823004122134156,8.668945938180775,1.9530769046060743,10.0,4,1,46.5865,156.6023,19.7262,7.45
Al6061,6658.2594,3783.6088,0.1854937451087335,12.029515761894691,4.122004092947605,20.0,3,0,34.3457,239.6377,16.7547,11.84
Al6061,0.0,0.0,0.0,0.0,0.0,25.0,2,0,13.3534,317.9667,30.0698,2.88
C45,8006.9126,1473.7444,0.037158258323273,10.298681647517768,4.603652935261886,8.0,5,1,14.2161,4.2929,25.5879,14.95
C45,7988.6304,1069.0716,0.0272876375809471,0.0,0.0,6.0,5,1,48.0887,342.2694,29.3105,7.01
C45,8012.6498,24387.5628,0.0,0.0,0.0,6.0,6,1,36.5021,115.1826,24.1011,7.84
Al6061,7941.3432,2851.6529,0.1185809958319716,9.939866795421873,5.205763758906889,10.0,3,1,253.2993,23.2556,28.0644,12.25
SS316L,5695.1946,2398.9936,0.0694300365551113,0.0,0.0,8.0,6,1,13.2455,1.8672,22.3808,6.69
Al6061,7970.8037,1819.311,0.0770817100435039,2.596966846383704,0.6983275421647873,8.0,3,1,522.3123,21.8046,14.0,7.85
Al6061,7981.1958,944.333,0.0390027194538291,5.033912470850806,1.447252241760912,6.0,3,0,2304.0181,513.302,25.0623,5.82
Al6061,7957.9679,24446.586,0.0,0.0,0.0,8.0,3,1,666.5858,18.5145,20.2773,8.21
Al6061,8059.5516,2761.1478,0.1146486274494242,9.197354381218204,3.5845789572068325,16.0,3,1,14.9454,120.5071,21.8115,9.9
Ti6Al4V,1671.6485,339.2481,0.0342913169077752,0.0,0.0,10.0,6,2,88.5333,199.2914,27.6827,7.63
C45,4621.8288,2747.8302,0.0991449557398819,13.037894955789776,5.363076814824908,12.0,6,1,42.1055,10.5558,21.7355,20.43
Al6061,6281.8658,1670.272,0.0897469806963717,5.803389952569954,10.27737923673856,16.0,3,0,77.6687,214.9737,30.1742,8.55
C45,5704.0027,24162.7137,0.0,0.0,0.0,12.0,3,2,15.0804,587.8425,22.3065,9.61
SS316L,2742.7528,1264.0624,0.0764921843465006,6.176456308755609,2.1851722801650206,12.0,6,1,67.4567,264.2577,21.3176,7.23
Ti6Al4V,1599.502,23626.181,0.0,0.0,0.0,16.0,6,2,8.08,385.2291,27.4488,8.31
Al6061,8044.8647,1778.6612,0.0749345681333793,12.738493522671778,2.8540061289900054,10.0,3,1,29.9735,119.0268,22.3277,9.15
SS316L,1494.2087,543.6177,0.0912318684020789,18.30883344306916,10.667349479759928,20.0,4,1,44.57,42.4995,23.1765,13.73
SS316L,3444.128,23982.5995,0.0,0.0,0.0,12.0,3,2,13.496,51.3582,21.8551,8.72
SS316L,2112.2353,819.4265,0.0778111658855368,8.619036855829286,12.5995914498498,20.0,5,1,9.8793,125.2791,16.4446,12.5
Ti6Al4V,2141.0944,875.0563,0.0835797046351893,0.0,0.0,12.0,5,2,12.6336,398.4745,29.1924,7.72
C45,2129.894,624.1385,0.098614386216839,28.225899287146945,12.32638002781898,20.0,3,1,175.4274,286.3267,27.0213,22.18
C45,5756.5434,1046.6019,0.0612575434323292,0.0,0.0,10.0,3,1,43.4858,511.513,28.0914,6.24
SS316L,2246.9121,1331.8284,0.1485852947728183,16.418095583867093,8.295883934192668,16.0,4,1,5.8759,35.8835,19.841,16.15
SS316L,3230.1956,682.8699,0.042029701893014,11.13466108773503,3.711666745086799,10.0,5,1,17.4416,130.0214,28.7317,8.57
Al6061,8000.6879,840.0036,0.0530491663150503,4.635975738655888,3.211622076546405,10.0,2,1,4.1895,391.1941,26.4532,7.73
Ti6Al4V,1804.1616,237.8186,0.0330137021410863,4.610200796479301,6.2031910989821135,12.0,4,2,26.4109,526.5208,22.9042,8.26
Ti6Al4V,837.6069,672.4102,0.1593047036637544,4.698153576307711,5.153665049804079,20.0,5,2,48.7076,501.4883,14.0,8.32
Ti6Al4V,2300.6741,273.0013,0.0237884477962302,4.053618681850259,0.699220923946241,8.0,5,1,52.6602,181.5925,18.264,5.26
SS316L,0.0,0.0,0.0,0.0,0.0,10.0,5,0,2.5031,331.1201,22.1458,2.68
Al6061,6039.5583,1758.9377,0.146204837951186,6.325896882714189,3.5557576782095435,16.0,2,1,72.2949,131.8304,26.2324,7.73
Al6061,8018.8188,24268.803,0.0,0.0,0.0,8.0,3,1,38.0481,309.1379,26.6048,7.77
Ti6Al4V,3161.6244,754.5005,0.0479064276149736,1.101175911585555,1.7618515386736893,6.0,5,2,20.7379,151.8417,14.0,8.2
SS316L,7023.12,583.3135,0.0275754325720663,5.206110740895324,1.0979407397318286,6.0,3,2,5.0195,23.4149,14.0,10.15
Al6061,8037.9911,919.9901,0.0570345635551602,11.961766026972418,3.298326204736928,12.0,2,1,12.8875,593.5115,35.4857,8.89
C45,8044.8529,23893.6806,0.0,0.0,0.0,6.0,5,2,100.8452,8.6143,19.8322,11.31
Al6061,8001.766,3712.7875,0.1554880854523276,0.0,0.0,16.0,3,1,27.4462,217.0485,30.3174,7.18
C45,6901.2856,1960.5346,0.0704724255512249,7.13450296304625,4.677378392934616,10.0,4,1,26.645,6.9541,24.1468,12.95
SS316L,3344.9087,590.7578,0.0439753353075889,0.0,0.0,12.0,4,2,40.4217,311.6224,23.8899,9.07
C45,6241.7571,3106.1765,0.1232587175670897,13.846816904832744,2.6040731963224566,10.0,4,1,27.0989,126.5974,35.7851,17.49
SS316L,3928.2044,940.5018,0.0809429612396957,7.415378453388806,4.788143478105596,10.0,3,1,29.5864,84.6071,20.5168,8.73
Al6061,8022.6642,1424.1971,0.087483006365906,7.69949048693825,0.8433020438195185,10.0,2,0,114.599,521.2106,24.8916,6.03
SS316L,3118.5103,606.7087,0.0487625789401865,0.0,0.0,12.0,4,1,16.2432,150.9588,21.5573,5.13
Al6061,7445.9078,3428.3186,0.2267090447548189,14.259363428963262,9.35187898861048,20.0,2,1,5.9186,36.8424,25.8011,17.17
Ti6Al4V,658.4202,520.3391,0.2013738106218816,9.94924874304962,11.617875410515657,25.0,4,2,16.711,566.2447,21.5793,10.2
C45,7936.3537,1944.7499,0.0494211432133425,5.347165131651844,3.009544534625459,8.0,5,1,19.8615,462.1604,24.8205,9.94
C45,3211.7378,1776.7963,0.1090457807899004,14.560176009978672,8.379476924412506,16.0,5,1,29.2806,112.9631,26.9256,17.08
Al6061,5667.8539,2300.0759,0.2017158262993658,0.0,0.0,25.0,2,1,36.6582,80.8439,23.3162,6.14
C45,7430.7957,4189.7084,0.1127516689583401,14.301441881667229,2.0362457414210904,10.0,5,1,12.3954,327.5503,14.0,18.57
Ti6Al4V,0.0,0.0,0.0,0.0,0.0,12.0,4,0,17.5444,47.8742,21.7217,2.62
Ti6Al4V,1797.8585,491.2656,0.0702500147651008,8.791436653999506,3.1442485185649947,12.0,4,2,34.9511,166.8464,19.0519,8.61
C45,7781.2734,715.4781,0.0234588203078033,1.511197206212589,0.8244914523153973,6.0,4,1,79.6954,43.4249,21.217,10.05
C45,3205.9862,23891.7997,0.0,0.0,0.0,20.0,5,1,54.9271,420.041,22.6954,6.12
C45,2302.0806,2731.8052,0.1989804259872214,0.0,0.0,25.0,6,2,5.3413,518.4931,21.0352,7.82
Al6061,7993.1075,938.6441,0.0388515508522552,0.0,0.0,12.0,3,1,92.4521,556.7257,26.5316,7.19
Ti6Al4V,2055.9862,513.8229,0.0498821612418419,5.305292355920789,3.860309181463133,10.0,5,2,24.7806,274.6125,22.5619,8.57
C45,7999.4398,24545.3403,0.0,0.0,0.0,8.0,6,1,15.4544,55.6026,25.4125,7.69
C45,3218.1619,2076.3188,0.1076665361345587,13.226074839222814,7.685680208342308,20.0,6,1,4.605,538.0201,19.8726,18.49
Al6061,8036.5684,1564.7049,0.0652427225165601,0.0,0.0,8.0,3,1,440.5797,327.2111,28.4667,6.94
C45,5513.8048,2387.7131,0.0849403950668353,12.04861044210986,2.6091262432188285,10.0,5,1,39.0567,302.0997,21.3243,12.94
Ti6Al4V,2996.5548,948.6095,0.0528332429924381,5.043041774897986,4.411210909136713,8.0,6,2,15.6144,37.355,30.7472,11.4
Ti6Al4V,1277.4977,1249.4478,0.1938451981023374,14.694250116668984,2.594266936294582,20.0,5,1,12.8285,68.5517,26.8775,7.89
Al6061,7969.6135,1205.3306,0.0499542797297515,14.682155159595762,2.2302278094009766,10.0,3,1,54.345,544.2886,33.3059,8.65
C45,7234.2129,3258.9847,0.0902585210957477,11.863618293543697,4.690072322386213,10.0,5,2,6.518,28.3632,21.4939,24.06
Ti6Al4V,1970.3398,714.3284,0.0721897172013659,11.416339923795295,1.8000246207280202,12.0,5,2,6.9542,17.4817,18.3552,8.74
SS316L,1913.4207,985.2237,0.1038104428195753,5.755902941512454,2.910964332201386,16.0,5,1,43.1375,411.1625,23.5831,6.92
C45,4979.3381,1627.481,0.1086882590465172,12.84449158963934,3.387984137018363,10.0,3,2,50.6475,444.8462,32.6495,14.68
Al6061,4796.4255,24067.4484,0.0,0.0,0.0,20.0,3,1,243.8328,145.9944,29.3436,6.85
Ti6Al4V,1268.5404,1239.4836,0.1938451981023374,14.694250116668984,2.594266936294582,20.0,5,1,11.9951,67.7183,26.8775,7.89
C45,0.0,0.0,0.0,0.0,0.0,10.0,5,0,26.8672,226.5829,16.6988,2.61
Al6061,0.0,0.0,0.0,0.0,0.0,6.0,3,0,533.387,13.7519,18.8576,2.77
Al6061,0.0,0.0,0.0,0.0,0.0,10.0,3,0,56.8105,47.0726,29.224,2.91
Ti6Al4V,2672.4714,299.7816,0.0285502466591563,5.860465993497561,4.316777218971016,10.0,4,2,24.9944,179.2101,24.7184,8.83
Al6061,8006.0492,870.7227,0.0363280233912782,5.437706174451076,1.165149772460276,6.0,3,0,556.17,489.3454,29.7979,6.05
C45,0.0,0.0,0.0,0.0,0.0,25.0,6,0,5.3413,517.9931,21.0352,2.75
SS316L,6083.871,1194.3452,0.0395543801642097,3.189650195359511,2.1139689892978497,6.0,5,2,10.3249,74.4316,23.6932,9.81
Ti6Al4V,2546.5715,369.8864,0.0474002955327869,3.679306441729832,1.5227115239833413,10.0,3,2,18.6893,111.4659,22.1053,8.12
Al6061,7992.4324,1949.5065,0.0817328771272114,0.0,0.0,8.0,3,1,613.5938,494.3494,14.0,7.0
C45,6836.5178,2155.8566,0.0631151065221135,0.0,0.0,8.0,5,2,62.2645,264.9565,19.2722,9.09
Al6061,3783.0624,2960.7181,0.2593989138341263,17.7534387348829,12.387648523839498,25.0,3,1,47.1528,26.3616,23.5323,19.86
Ti6Al4V,2402.3827,293.4355,0.0306149113981782,2.337922082831759,2.5042848707212952,10.0,4,2,12.3018,455.4687,23.0048,8.35
C45,8017.7998,1578.0849,0.0653280089534429,7.584466516034956,3.1799230819594984,6.0,3,1,75.0274,27.3154,23.3861,13.52
C45,4729.2768,3463.5331,0.1235802998610056,14.012264177786882,4.400166289180632,10.0,6,1,78.9769,341.3259,20.2562,22.24
SS316L,2309.2593,1343.2466,0.0962047395195461,0.0,0.0,12.0,6,1,87.1886,113.1196,30.6528,5.12
SS316L,2438.7349,23892.8965,0.0,0.0,0.0,12.0,5,1,54.7446,64.7201,25.9659,5.99
SS316L,2111.9329,819.829,0.0778111658855368,8.619036855829286,12.5995914498498,20.0,5,1,9.7126,125.1124,16.4446,12.56
C45,8005.4434,2072.27,0.0427072224661069,6.532043472317735,0.794862636230228,8.0,6,1,47.4177,23.3027,17.2674,9.18
Ti6Al4V,2408.7732,299.3224,0.0412772390804356,5.837982766748016,0.5985333780535004,6.0,3,1,48.5924,157.5059,32.3536,5.6
SS316L,2924.157,500.7462,0.0425871959965344,3.795024781900419,3.8577555147431024,10.0,4,1,112.07,140.0185,24.8905,6.49
C45,6103.3531,1132.6844,0.0473544847079229,0.0,0.0,10.0,4,1,20.4404,453.3066,20.8422,5.96
Ti6Al4V,1776.6055,786.3032,0.0743934016706832,10.170760140773917,5.4406437941855845,12.0,6,1,37.8376,172.8361,27.5623,8.61
C45,4469.6112,1108.762,0.0612683488309003,0.0,0.0,12.0,4,1,39.2829,367.9322,22.8789,5.59
Ti6Al4V,1942.387,388.8683,0.0337187381606543,4.130434938877352,2.6488693867036384,10.0,6,2,32.6932,38.1238,19.0999,8.31
C45,2563.2325,1087.9388,0.1047445180858011,0.0,0.0,20.0,4,1,94.6895,5.3302,25.8504,5.3
SS316L,5914.475,23783.0223,0.0,0.0,0.0,6.0,5,2,15.508,18.4297,22.3736,10.13
Ti6Al4V,0.0,0.0,0.0,0.0,0.0,16.0,5,0,31.1213,481.3733,21.0718,2.59
Ti6Al4V,1268.1855,747.722,0.0991124828340093,10.508625193847308,2.4405823979934187,12.0,6,2,103.6403,561.8988,26.9852,9.23
Al6061,7995.7863,6017.8026,0.2449003730493635,20.03194664440485,4.982437696544704,20.0,3,1,17.4505,101.7747,25.5776,23.63
SS316L,2749.6249,706.1036,0.0857902901714268,6.751197834997822,4.323378518666704,10.0,3,1,82.8037,253.7069,21.8614,7.19
C45,4579.4563,878.0088,0.0387156343249746,0.0,0.0,12.0,5,2,76.9185,3.1457,25.541,8.41
Ti6Al4V,1441.398,837.3635,0.0961863435176119,0.0,0.0,12.0,6,2,28.8701,26.2691,20.039,7.4
Al6061,7970.6971,1795.3034,0.1128462378138066,9.139563924718416,3.4611804450491004,12.0,2,1,83.6409,330.3314,26.9784,8.97
Ti6Al4V,0.0,0.0,0.0,0.0,0.0,12.0,3,0,79.433,265.4725,23.8268,2.67
SS316L,2442.2342,935.9753,0.1282380980704243,14.227128673780266,6.535718950772662,16.0,3,1,7.4243,231.8953,27.2738,12.54
Al6061,5733.7285,1502.2374,0.0868211463359814,21.90887225158912,11.503750923971568,20.0,3,0,86.1367,473.4526,18.7534,16.63
Ti6Al4V,3875.4021,382.2965,0.0164489671872247,4.736172045474243,3.14382750648208,6.0,6,2,23.515,26.9139,23.0874,9.12
Al6061,0.0,0.0,0.0,0.0,0.0,12.0,2,0,190.0782,58.3729,17.7598,2.61
Al6061,8010.2741,2132.8088,0.1312157939424716,4.829418093195471,9.077789793890396,16.0,2,1,12.2907,23.7324,26.7952,9.93
Al6061,7992.7046,1145.8969,0.0471082310704499,4.414270744952011,6.214459978495077,10.0,3,1,68.4218,434.384,21.2259,8.13
Al6061,7997.5119,1199.1152,0.0491342980522507,11.971917302271429,2.313470324904188,10.0,3,1,152.1266,151.0269,27.0684,8.42
C45,4953.9841,1622.9306,0.1086882590465172,12.84449158963934,3.387984137018363,10.0,3,2,50.8142,445.0129,32.6495,15.07
C45,0.0,0.0,0.0,0.0,0.0,8.0,6,0,5.3911,148.9775,15.545,2.56
Ti6Al4V,1322.6957,385.64,0.0986885185120881,9.001287501935874,6.453991845453632,16.0,3,2,43.2127,28.4558,14.0,8.95
C45,3937.456,1562.3949,0.0993682514316089,12.774108389905363,4.420313349224548,12.0,4,1,86.0079,500.9599,20.9617,13.55
Al6061,5785.322,1158.841,0.0666855440681013,14.545270934250356,5.660206848985893,12.0,3,0,172.8291,12.5663,25.7397,8.14
C45,3457.347,2078.1766,0.1515125417037819,12.32328357786779,8.13525838128593,16.0,4,2,33.3807,263.9141,22.6651,23.53
SS316L,2869.7521,1241.3225,0.0707441261098934,18.76872189633205,2.343268094951265,16.0,6,1,19.3642,20.968,23.8477,12.86
Al6061,8012.878,2080.9387,0.08640160667566,6.629809507543111,7.241477702194178,12.0,3,1,124.0416,474.7034,21.8667,10.16
Al6061,7992.2307,706.2651,0.0301324282828574,8.731315664017064,2.371843663729708,6.0,3,1,1449.8421,355.6939,24.8529,7.95
SS316L,4393.661,1523.9021,0.0867977464624958,7.600770949597515,3.816422759378293,10.0,4,1,2.7338,138.6894,25.3126,9.35
SS316L,1905.8215,947.1262,0.1237743419122663,13.81974533978766,1.6032777597661103,20.0,4,2,30.1239,307.7238,24.3864,9.7
Ti6Al4V,2181.6556,416.4248,0.0383056565643093,1.8329573463571296,1.53191210541214,8.0,5,2,73.7946,35.8659,16.2298,8.04
SS316L,2224.4416,950.2458,0.1073385069780063,7.909242618689237,8.841588858288683,16.0,4,2,53.0203,23.7771,24.4763,14.95
SS316L,2780.5805,24210.4968,0.0,0.0,0.0,10.0,5,1,178.1682,305.0862,28.0325,6.1
C45,5050.8879,837.5993,0.0550718859039957,7.753959087143979,2.245574413379292,12.0,3,1,53.0397,477.2307,15.9206,7.72
Ti6Al4V,3325.804,925.6742,0.0550905646225695,3.0313114598132613,1.3163162499642562,6.0,5,1,5.0122,485.7089,28.4428,5.81
Ti6Al4V,2296.4393,267.4875,0.0237884477962302,4.053618681850259,0.699220923946241,8.0,5,1,53.4935,182.4259,18.264,5.2
Al6061,7982.0121,1843.4892,0.0766812274364803,0.0,0.0,6.0,3,1,1223.0854,586.2828,24.6665,7.0
SS316L,3668.8398,1170.1236,0.1079840785590022,10.949618198756657,3.4969310160339475,10.0,3,1,4.9244,157.0635,25.5876,9.02
C45,3607.7105,2869.4214,0.1568571444541237,7.102976798018881,7.151943906363553,16.0,5,2,42.7035,202.185,16.7204,20.38
C45,2402.2654,2910.2311,0.2048115342536561,15.25798617871284,1.787940855502904,20.0,6,1,107.9178,487.5818,27.9943,12.34
C45,6312.9567,1468.4987,0.0585624976779067,9.588086706686326,3.044642201883644,8.0,4,1,40.9669,24.7676,18.5794,9.83
Ti6Al4V,4034.4677,680.9245,0.0335018985116236,1.5874926400351272,1.7948702838188,6.0,5,2,9.1564,431.9353,28.5784,9.2
SS316L,2758.6051,24224.5682,0.0,0.0,0.0,12.0,3,1,32.4016,47.8001,29.276,6.1
SS316L,7510.2468,23844.815,0.0,0.0,0.0,6.0,5,1,5.6009,447.4583,24.1512,7.51
SS316L,1872.4291,1031.7125,0.1369086759745888,17.80757473977665,10.932145173289708,20.0,4,2,29.0768,277.3469,25.4632,24.61
Al6061,8002.5388,1342.1066,0.0553949028326409,6.9650614886397015,2.771678886116336,8.0,3,1,800.2899,364.3324,21.0311,8.44
Al6061,6141.2329,23925.641,0.0,0.0,0.0,16.0,3,1,33.071,319.6177,27.8177,7.0
C45,4041.1931,1654.6116,0.0679472517461454,13.059518410118963,5.3682557900506565,12.0,6,1,131.3327,364.3749,29.7957,17.25
C45,0.0,0.0,0.0,0.0,0.0,12.0,6,0,23.0455,132.2724,26.9864,2.65
C45,2571.0423,1080.3761,0.1047445180858011,0.0,0.0,20.0,4,1,94.6895,5.4969,25.8504,5.33
Al6061,8017.8562,1268.2433,0.0807645935385196,2.392581215223294,3.3817552658415777,8.0,2,1,123.8566,455.1021,14.0,7.33
